user_id;venue_id;timestamp;temp;precip;windspeed;preciptype;conditions;number_of_visits
83;4db739d841592dd82ee2b3dd;2018-02-27 23:48:00-05:00;7.4;0.0;10.0;-1;Clear;1
83;4eb90d85722e09311d356915;2018-02-27 22:48:00-05:00;8.4;0.0;12.1;-1;Clear;1
109;3fd66200f964a520daf11ee3;2017-10-28 21:08:00-04:00;17.9;0.0;11.8;-1;Partially cloudy;1
109;49f75667f964a5208b6c1fe3;2017-11-25 21:45:00-05:00;11.8;0.0;12.1;-1;Partially cloudy;1
109;4a411ea5f964a520cba41fe3;2017-12-02 22:58:00-05:00;6.8;0.0;3.4;-1;Partially cloudy;1
109;4b44a049f964a5201cf825e3;2017-11-17 02:59:00-05:00;6.0;0.0;20.9;-1;Partially cloudy;1
109;4bc24023461576b056237d32;2017-10-28 21:03:00-04:00;17.9;0.0;11.8;-1;Partially cloudy;1
109;4bc72ae7af07a593909c7e2d;2017-12-18 17:49:00-05:00;8.0;0.0;12.6;-1;Overcast;1
109;555ba8d9498eae864d326936;2017-11-13 17:52:00-05:00;6.7;0.0;9.3;-1;Clear;1
109;57218ba5498eb662eaa1e121;2017-12-28 20:04:00-05:00;-9.2;0.0;25.2;-1;Clear;2
109;57ab90ca498e7d61e13a6985;2017-11-02 16:26:00-04:00;21.9;0.0;7.1;-1;Clear;1
109;59287ec99cadd905284e4052;2017-10-18 22:14:00-04:00;17.7;0.0;11.6;-1;Clear;1
109;59822ae4e97dfb6a1519825b;2017-10-18 22:32:00-04:00;17.5;0.0;12.6;-1;Clear;1
240;4eb90d85722e09311d356915;2017-12-23 18:17:00-05:00;9.1;0.3;4.2;rain;Rain, Overcast;1
240;58f9ec44eb645b5ea0ecdb64;2017-12-23 19:59:00-05:00;8.2;0.592;12.2;rain;Rain, Overcast;1
432;3fd66200f964a52005e71ee3;2017-10-25 17:12:00-04:00;17.7;0.0;3.3;-1;Partially cloudy;1
432;42893400f964a52054231fe3;2017-11-28 21:00:00-05:00;11.2;0.0;17.2;-1;Clear;1
432;4bab56aff964a5209ea13ae3;2017-11-28 20:29:00-05:00;11.5;0.0;12.5;-1;Clear;1
432;4bc24023461576b056237d32;2018-05-06 23:05:00-04:00;14.3;0.0;3.8;-1;Overcast;3
432;4bc72ae7af07a593909c7e2d;2017-11-04 17:12:00-04:00;12.5;0.0;10.1;-1;Partially cloudy;2
432;4c374bf80a71c9b6f2893ec9;2017-10-25 14:44:00-04:00;18.1;0.0;2.1;-1;Partially cloudy;1
432;50708c91e4b0d7b67f10bcaf;2018-05-06 22:39:00-04:00;14.3;0.0;3.8;-1;Overcast;1
432;57a240f1cd10ed172db51626;2017-11-01 16:37:00-04:00;13.7;0.0;8.8;-1;Partially cloudy;1
463;4165d880f964a5207e1d1fe3;2017-10-12 20:21:00-04:00;16.1;0.0;12.0;-1;Clear;1
463;4a6fa0abf964a520a4d61fe3;2017-10-12 18:45:00-04:00;16.7;0.0;12.9;-1;Clear;1
463;4abe7f9ef964a520068e20e3;2017-10-12 16:19:00-04:00;17.5;0.0;21.0;-1;Partially cloudy;1
463;4eb90d85722e09311d356915;2017-10-12 18:05:00-04:00;16.8;0.0;12.8;-1;Clear;1
463;538a25cb498e3f763f518ab2;2017-10-12 19:04:00-04:00;16.7;0.0;12.9;-1;Clear;1
512;4aad466df964a5206f5f20e3;2017-10-03 20:36:00-04:00;15.9;0.0;8.4;-1;Partially cloudy;1
512;4abe7f9ef964a520068e20e3;2017-10-04 20:45:00-04:00;21.5;0.0;23.1;-1;Clear;1
512;4ae8906ef964a52071b021e3;2017-10-04 19:39:00-04:00;22.0;0.0;13.2;-1;Clear;1
512;4b831a73f964a520d7f730e3;2017-10-04 22:31:00-04:00;20.0;0.0;14.8;-1;Clear;1
741;4b6b5abff964a520fb022ce3;2018-03-03 21:19:00-05:00;5.1;0.0;21.0;-1;Overcast;1
741;4b9146f5f964a52058af33e3;2018-03-03 19:41:00-05:00;5.1;0.0;25.5;-1;Overcast;1
820;4a675deef964a52045c91fe3;2018-10-14 01:06:00-04:00;9.8;0.0;10.7;-1;Clear;1
820;4b0c402af964a520c33923e3;2018-10-13 13:13:00-04:00;11.3;0.0;19.6;-1;Overcast;1
820;4b44c958f964a52026fc25e3;2018-10-14 15:06:00-04:00;14.3;0.0;15.8;-1;Partially cloudy;1
820;4bc24023461576b056237d32;2018-10-13 12:44:00-04:00;11.3;0.0;19.6;-1;Overcast;1
820;50bcb93ae4b0efcb4c84d434;2018-10-14 02:14:00-04:00;9.7;0.0;11.5;-1;Clear;1
820;53eba911498e9b26cc64bdff;2018-10-14 03:12:00-04:00;9.5;0.0;14.0;-1;Clear;1
820;59b8c291a795bd49fe94b6b3;2018-10-14 01:28:00-04:00;9.8;0.0;10.7;-1;Clear;1
829;3fd66200f964a520daf11ee3;2017-12-20 20:00:00-05:00;3.2;0.0;9.1;-1;Partially cloudy;1
829;597fd9ab1fa7630c4194e9d3;2017-12-21 00:19:00-05:00;1.4;0.0;12.6;-1;Clear;1
944;4b6b5abff964a520fb022ce3;2017-10-07 00:58:00-04:00;22.5;0.0;0.0;-1;Partially cloudy;1
971;4ae5afa0f964a52076a121e3;2017-10-13 17:54:00-04:00;18.2;0.0;11.8;-1;Overcast;1
971;4db3374590a0843f295fb69b;2017-10-14 02:08:00-04:00;16.8;0.0;9.8;-1;Partially cloudy;2
971;509dc336e4b05e06b48870c0;2017-10-10 17:00:00-04:00;26.6;0.0;9.6;-1;Clear;1
971;52b0a990498eb3a992b89573;2017-10-10 14:50:00-04:00;26.5;0.0;18.9;-1;Partially cloudy;1
971;576eab51cd10ae8e59db0250;2017-10-11 14:13:00-04:00;23.8;0.0;13.6;-1;Partially cloudy;1
971;578692f4498e1054905dbde7;2017-10-10 15:57:00-04:00;26.5;0.0;5.5;-1;Partially cloudy;1
971;57fe5fb9498e0dfb586bfe58;2017-10-14 22:20:00-04:00;20.4;0.0;0.0;-1;Overcast;1
971;59777632a0215b656ce48629;2017-10-14 19:59:00-04:00;21.3;0.0;7.4;-1;Overcast;1
1167;42893400f964a52054231fe3;2017-10-05 14:04:00-04:00;27.2;0.0;14.8;-1;Partially cloudy;1
1167;4a44cd95f964a5208fa71fe3;2017-10-05 14:59:00-04:00;27.5;0.0;10.4;-1;Partially cloudy;1
1167;4a675deef964a52045c91fe3;2017-10-05 16:59:00-04:00;27.6;0.0;20.5;-1;Partially cloudy;1
1167;4ae8fd76f964a520e1b321e3;2017-10-06 02:55:00-04:00;21.3;0.0;3.4;-1;Partially cloudy;1
1167;4b78360df964a520a7bc2ee3;2017-10-05 05:31:00-04:00;18.4;0.0;11.0;-1;Partially cloudy;1
1167;4c35de72452620a1ba5d270f;2017-10-05 13:05:00-04:00;26.8;0.0;12.9;-1;Partially cloudy;1
1167;52c5e4dd498e975917e6221f;2017-10-04 13:03:00-04:00;22.0;0.0;11.4;-1;Clear;1
1167;54f9d808498eaa73550d399c;2017-10-06 03:05:00-04:00;21.3;0.0;3.4;-1;Partially cloudy;1
1257;3fd66200f964a520a0e61ee3;2017-10-09 23:13:00-04:00;24.9;0.0;14.2;-1;Partially cloudy;1
1257;55b7dd92498e88a1ea18d3f8;2017-10-03 14:59:00-04:00;20.4;0.0;9.8;-1;Clear;1
1340;3fd66200f964a5202ce71ee3;2018-09-07 01:31:00-04:00;23.9;0.0;4.7;-1;Partially cloudy;1
1340;501d3c31e4b0c3028609cc2b;2018-08-26 17:36:00-04:00;27.4;0.0;15.3;-1;Overcast;1
1485;3fd66200f964a520e6e81ee3;2018-04-29 00:02:00-04:00;12.1;0.3;6.1;rain;Rain, Overcast;1
1485;4ad35d08f964a520fae320e3;2018-04-29 00:55:00-04:00;11.9;0.268;2.1;rain;Rain, Overcast;1
1485;5a02358350a6f00537bba695;2017-12-21 02:01:00-05:00;1.2;0.0;18.4;-1;Clear;1
1571;4bc7ab4c14d79521c6e367e9;2017-12-27 03:20:00-05:00;-6.1;0.0;11.1;-1;Overcast;2
1903;4bc743d68b7c9c74df1536cf;2017-11-25 19:08:00-05:00;13.4;0.0;20.7;-1;Partially cloudy;1
2743;3fd66200f964a52070e91ee3;2018-01-15 03:28:00-05:00;-8.8;0.0;13.5;-1;Partially cloudy;1
2743;4bac00a1f964a52025dd3ae3;2017-12-23 20:57:00-05:00;7.5;0.0;13.5;-1;Partially cloudy;1
3015;4a871eb2f964a520b20220e3;2018-06-26 17:41:00-04:00;23.0;0.0;19.5;-1;Partially cloudy;1
3015;4b40cf3df964a5206bbb25e3;2018-06-26 16:09:00-04:00;24.0;0.0;12.2;-1;Partially cloudy;1
3015;4c35de72452620a1ba5d270f;2018-06-23 19:38:00-04:00;18.9;0.0;3.0;-1;Overcast;1
3015;593ff60bdd12f81d39923b41;2018-06-23 21:38:00-04:00;18.8;0.0;3.0;-1;Overcast;1
3054;4a0c627df964a52028751fe3;2018-01-31 22:43:00-05:00;-0.1;0.0;21.6;-1;Partially cloudy;1
3054;4a5bbb14f964a520b3bb1fe3;2018-02-10 04:40:00-05:00;4.8;0.0;4.5;-1;Overcast;1
3054;52eddc12498e40bb655e0d7a;2018-02-01 01:34:00-05:00;0.8;0.0;5.9;-1;Partially cloudy;1
3284;3fd66200f964a52095e61ee3;2017-10-28 22:27:00-04:00;17.7;0.0;7.0;-1;Partially cloudy;1
3284;50ca875ce4b03ff32d7dc696;2017-10-28 23:39:00-04:00;18.2;0.0;8.8;-1;Partially cloudy;1
3545;4f0cddf6e4b0dd892fd87c03;2018-07-17 22:35:00-04:00;22.7;0.0;16.9;-1;Overcast;1
3545;54655d1c498e343fe4e77239;2018-07-28 23:30:00-04:00;26.3;0.0;14.0;-1;Clear;1
3589;4eb90d85722e09311d356915;2017-12-11 17:38:00-05:00;3.6;0.0;7.9;-1;Partially cloudy;1
3589;59987406603d2a70195e62e1;2018-04-01 21:12:00-04:00;9.0;0.0;15.7;rain;Partially cloudy;1
3662;4bc24023461576b056237d32;2017-11-03 15:18:00-04:00;23.2;0.0;12.5;-1;Partially cloudy;1
3662;4bcf4cfe9854d13a18caf54d;2018-08-17 19:01:00-04:00;28.9;0.0;14.3;-1;Partially cloudy;1
3662;522664d311d2cee66613afbc;2018-07-29 18:08:00-04:00;27.3;0.0;10.9;-1;Partially cloudy;1
3662;5227e38d11d20c833c575320;2018-05-25 02:02:00-04:00;20.6;0.0;13.4;-1;Clear;1
3662;5400dc65498e3831aab00327;2018-08-17 01:38:00-04:00;27.8;0.0;10.7;-1;Clear;7
3880;509fd01de4b070da0a9d3c24;2017-10-14 22:18:00-04:00;20.4;0.0;0.0;-1;Overcast;3
4092;4af5fb3af964a520c4ff21e3;2018-04-22 19:04:00-04:00;13.8;0.0;15.2;-1;Clear;1
4092;521cad4011d2a9c6e2c198ae;2018-04-26 19:42:00-04:00;18.6;0.0;12.2;-1;Clear;1
4326;4b6b5abff964a520fb022ce3;2017-12-27 16:01:00-05:00;-4.2;0.0;16.0;-1;Clear;1
4326;4eb90d85722e09311d356915;2017-12-27 15:11:00-05:00;-4.3;0.0;13.7;-1;Clear;1
4326;5362a2ae498e3b18c22334be;2017-12-27 19:20:00-05:00;-6.0;0.0;17.5;-1;Clear;1
4338;54cad0b2498ea68d80401cbd;2018-06-09 21:49:00-04:00;22.6;0.0;2.1;-1;Partially cloudy;1
4352;4bc21f2bb492d13af4ffa660;2018-03-09 23:21:00-05:00;2.0;0.0;16.0;-1;Clear;1
4388;4a4a9f62f964a52003ac1fe3;2017-11-15 23:54:00-05:00;10.7;0.0;10.7;-1;Overcast;1
4388;4b59e21df964a520209e28e3;2017-11-15 18:18:00-05:00;9.2;0.0;13.3;-1;Partially cloudy;1
4388;4c9d89017ada199cf0a493bc;2017-11-15 22:31:00-05:00;9.8;0.0;9.1;-1;Partially cloudy;1
4388;4cf9b6072d80a1439bf13fd8;2017-11-02 16:30:00-04:00;21.9;0.0;7.1;-1;Clear;1
4388;5355a5ca498e506aae75edb7;2017-10-20 16:36:00-04:00;22.7;0.0;16.0;-1;Clear;1
4446;4b9a6aaaf964a5207fb335e3;2017-10-18 16:52:00-04:00;21.4;0.0;11.2;-1;Clear;1
4446;4bdb4c1563c5c9b694402768;2017-10-10 19:11:00-04:00;24.7;0.0;4.6;-1;Clear;1
4446;4c07e45e6071a5936660db32;2017-10-06 17:39:00-04:00;23.8;0.0;9.4;-1;Clear;1
4446;4c3665a93849c928b900bcb1;2017-10-27 18:41:00-04:00;14.8;0.0;4.2;-1;Clear;10
4588;4b3a50c6f964a520796425e3;2017-10-16 17:28:00-04:00;13.5;0.0;13.6;-1;Partially cloudy;1
4588;56c4fa3bcd10a5d646e306a9;2017-10-16 21:01:00-04:00;11.5;0.0;13.8;-1;Clear;1
4593;4165d880f964a5207e1d1fe3;2017-12-29 22:46:00-05:00;-7.9;0.0;13.1;-1;Clear;1
4610;4eb90d85722e09311d356915;2017-11-25 22:39:00-05:00;11.4;0.0;13.2;-1;Partially cloudy;1
4639;4eef9dfe6c25c7f9d47c80b4;2018-06-09 23:29:00-04:00;23.0;0.0;1.2;-1;Partially cloudy;1
4639;5377d929498e0cd133758783;2018-06-09 23:31:00-04:00;22.6;0.0;0.0;-1;Partially cloudy;1
4652;42daf100f964a52035261fe3;2017-10-06 14:20:00-04:00;27.4;0.0;10.9;-1;Partially cloudy;1
4652;4c36228418e72d7f004f14f5;2017-10-06 15:55:00-04:00;26.6;0.0;11.9;-1;Clear;1
4706;4165d880f964a5207e1d1fe3;2017-12-30 19:45:00-05:00;-5.6;0.0;19.2;snow;Clear;1
4706;5984eeb39be522744003dee5;2017-12-30 22:44:00-05:00;-6.1;0.902;17.0;snow;Snow, Partially cloudy;1
4800;49e74532f964a52081641fe3;2017-11-06 01:24:00-05:00;15.6;0.0;8.0;-1;Partially cloudy;1
4933;51b3c734498e2c9c744309e6;2018-03-04 20:52:00-05:00;2.0;0.0;34.8;-1;Clear;1
4933;57c640ad498e74977f98372f;2018-03-04 20:54:00-05:00;2.0;0.0;34.8;-1;Clear;1
4970;5547ffe8498ec8a2c668a412;2018-04-20 01:54:00-04:00;3.1;0.0;16.9;-1;Clear;1
4970;5ad935682f97ec3e4b21e927;2018-04-20 00:39:00-04:00;3.6;0.0;18.7;-1;Clear;1
5235;3fd66200f964a52023e61ee3;2018-03-21 20:54:00-04:00;0.1;1.003;18.1;rain,snow;Snow, Rain, Overcast;3
5235;3fd66200f964a52037e31ee3;2018-01-15 07:51:00-05:00;-7.9;0.0;17.4;-1;Partially cloudy;1
5235;3fd66200f964a5206ce91ee3;2018-08-19 18:23:00-04:00;22.1;0.0;5.0;-1;Overcast;2
5235;3fd66200f964a5206fe61ee3;2018-03-20 02:50:00-04:00;1.1;0.0;12.8;-1;Partially cloudy;1
5235;3fd66200f964a520b1ea1ee3;2018-09-20 20:10:00-04:00;19.7;0.0;6.7;-1;Overcast;5
5235;3fd66200f964a520e7e51ee3;2018-04-03 20:50:00-04:00;4.9;0.0;14.5;-1;Overcast;2
5235;3fd66200f964a520ede41ee3;2018-02-23 20:37:00-05:00;4.9;0.0;7.8;-1;Overcast;2
5235;44acde31f964a52013351fe3;2018-04-17 20:41:00-04:00;5.2;0.0;15.9;-1;Overcast;2
5235;4555bea7f964a520253d1fe3;2017-11-13 20:38:00-05:00;5.7;0.0;11.8;-1;Clear;1
5235;49b87b8cf964a52044531fe3;2017-10-29 02:24:00-04:00;18.3;0.0;14.0;-1;Overcast;1
5235;49bc3b0af964a52020541fe3;2018-05-15 01:32:00-04:00;16.2;0.0;2.1;-1;Overcast;3
5235;49e7ce15f964a5201d651fe3;2018-06-10 20:13:00-04:00;17.7;0.0;2.6;-1;Overcast;16
5235;49ee25b6f964a5202b681fe3;2018-01-06 20:10:00-05:00;-12.6;0.0;22.5;-1;Clear;4
5235;49f50c47f964a520896b1fe3;2017-12-20 23:57:00-05:00;1.4;0.0;12.6;-1;Clear;3
5235;4a01ee7bf964a52010711fe3;2018-01-07 21:22:00-05:00;-7.8;0.0;13.0;-1;Overcast;1
5235;4a1dd407f964a5209c7b1fe3;2018-01-11 21:51:00-05:00;8.2;0.0;7.0;-1;Partially cloudy;1
5235;4a4115a8f964a520c0a41fe3;2018-01-18 21:23:00-05:00;-2.0;0.0;18.0;-1;Clear;2
5235;4a5a1de7f964a520bcb91fe3;2018-09-08 19:51:00-04:00;17.4;0.252;11.1;rain;Rain, Overcast;3
5235;4a667506f964a52093c81fe3;2017-10-11 20:45:00-04:00;19.2;0.0;10.5;-1;Overcast;1
5235;4a6fa0abf964a520a4d61fe3;2018-06-10 22:39:00-04:00;16.6;0.048;2.9;rain;Rain, Overcast;2
5235;4a73515ef964a5201edc1fe3;2018-02-15 23:05:00-05:00;14.0;1.116;12.3;rain;Rain, Overcast;2
5235;4a9eb0e7f964a520e43a20e3;2017-10-03 16:45:00-04:00;18.7;0.0;8.6;-1;Clear;1
5235;4aac0035f964a520825b20e3;2017-10-10 17:16:00-04:00;26.6;0.0;9.6;-1;Clear;1
5235;4b0d784cf964a520fb4823e3;2018-06-26 18:09:00-04:00;23.0;0.0;19.5;-1;Partially cloudy;1
5235;4b538edff964a52032a227e3;2018-02-17 00:26:00-05:00;2.4;0.0;17.5;-1;Clear;1
5235;4ba0e4e3f964a520498537e3;2018-06-10 18:59:00-04:00;18.3;0.0;2.1;-1;Overcast;1
5235;4ba25f2ef964a52051f237e3;2018-02-20 23:19:00-05:00;16.2;0.0;10.1;-1;Partially cloudy;1
5235;4bfdcd3ae529c928a589bb8c;2017-12-20 01:01:00-05:00;10.1;0.0;22.6;-1;Clear;2
5235;4c68988cfff7c9b6148647ef;2018-03-18 16:56:00-04:00;6.0;0.0;20.7;-1;Clear;1
5235;4dda977ad22d38ef4332c419;2018-04-10 20:01:00-04:00;8.0;0.0;16.8;-1;Partially cloudy;4
5235;4e6b7aabb61cc3728e0b96af;2017-11-14 21:06:00-05:00;5.5;0.0;12.7;-1;Partially cloudy;2
5235;4f22ca77e4b0ed3396a83a05;2018-02-18 23:01:00-05:00;3.2;0.0;6.4;-1;Clear;1
5235;4ff8eb10e4b01ead02ed30c2;2017-11-02 17:56:00-04:00;20.6;0.0;12.1;-1;Clear;1
5235;50ba9119e4b071a4bae6dc10;2018-03-10 20:53:00-05:00;3.4;0.0;15.2;-1;Partially cloudy;1
5235;5159c4d3e4b03f6bce970619;2018-04-06 19:52:00-04:00;14.8;0.0;11.7;-1;Overcast;2
5235;51b1bfad498e29a54a7fb5ef;2017-10-26 20:44:00-04:00;12.0;0.0;16.1;-1;Clear;1
5235;5237264111d27e8e90c10357;2018-03-20 00:40:00-04:00;2.4;0.0;10.0;-1;Partially cloudy;1
5235;53a5f4f0498e1d1f0be9ad8e;2017-11-11 22:04:00-05:00;1.4;0.0;6.3;-1;Partially cloudy;3
5235;53ab0af5498e13bffddb8d96;2018-04-05 21:47:00-04:00;4.6;0.0;15.2;-1;Clear;8
5235;549481f3498e855d5f51cb66;2017-11-01 19:22:00-04:00;13.5;0.0;12.1;-1;Overcast;5
5235;549dabec498eb47afce47921;2018-02-08 23:06:00-05:00;-1.8;0.0;15.4;-1;Clear;3
5235;54ad49af498e3a16f0ec29f8;2017-10-22 21:17:00-04:00;18.0;0.0;8.7;-1;Partially cloudy;1
5235;54f9d808498eaa73550d399c;2018-01-19 01:51:00-05:00;-3.9;0.0;8.8;-1;Clear;1
5235;561a8cd8498ed81f4384d0aa;2017-10-14 19:31:00-04:00;21.3;0.0;7.4;-1;Overcast;1
5235;564a86c8498ea245a802f0d1;2018-01-17 01:20:00-05:00;1.9;0.0;7.1;-1;Overcast;2
5235;56fd4c5e498e389de05f8b85;2018-01-18 01:23:00-05:00;-6.0;0.0;15.9;snow;Clear;8
5235;5755aeda498e848fd0ae617b;2018-04-13 04:42:00-04:00;16.5;0.0;21.4;-1;Partially cloudy;1
5235;57928c69498e1dae12e71019;2018-02-23 21:41:00-05:00;5.0;0.0;4.3;-1;Overcast;4
5235;57b49df2498e4991755e961f;2017-10-25 21:24:00-04:00;16.5;0.0;6.6;-1;Partially cloudy;1
5235;57b77dd8498e2dc8c17f94c2;2018-01-06 19:21:00-05:00;-12.0;0.0;21.3;-1;Clear;1
5235;57c43c98498e2696b402a527;2017-11-28 20:10:00-05:00;11.5;0.0;12.5;-1;Clear;2
5235;57c871ca498ecc3fd7379718;2017-10-24 21:20:00-04:00;19.8;0.18;8.3;rain;Rain, Overcast;1
5235;57f4fb59498efaaab7345b34;2018-01-18 03:25:00-05:00;-6.5;0.0;18.0;snow;Clear;1
5235;5904e291286fda74dee6d5f9;2017-10-14 00:02:00-04:00;16.9;0.0;8.5;-1;Partially cloudy;1
5235;59346c72603d2a55fc344b20;2017-11-28 20:43:00-05:00;11.2;0.0;17.2;-1;Clear;2
5235;5945575cf62e090a3b220883;2017-10-22 19:04:00-04:00;18.7;0.0;7.3;-1;Partially cloudy;1
5235;59d7799486f4cc7f7d35d325;2017-10-22 20:37:00-04:00;18.0;0.0;8.7;-1;Partially cloudy;1
5235;5a35edc9c0f16360b91621fe;2018-01-15 05:32:00-05:00;-7.7;0.0;17.4;-1;Overcast;1
5287;515abd65e4b08eda86b30e6e;2017-10-21 18:25:00-04:00;21.5;0.0;4.5;-1;Partially cloudy;1
5287;52ad100d498eb6c1fda53c28;2017-10-21 16:29:00-04:00;24.5;0.0;9.8;-1;Partially cloudy;1
5313;57479cca38fad4925dcb8298;2017-11-24 23:00:00-05:00;7.0;0.0;8.1;-1;Clear;1
5313;5772e0d5cd10a42d05ed11a5;2017-11-24 22:57:00-05:00;7.0;0.0;8.1;-1;Clear;1
5313;598c7e633b83073f81f4a4e6;2017-10-14 20:19:00-04:00;21.3;0.0;7.4;-1;Overcast;1
5367;3fd66200f964a52070e91ee3;2018-01-19 22:01:00-05:00;3.7;0.0;12.7;-1;Clear;1
5367;4b6b5abff964a520fb022ce3;2018-01-20 22:23:00-05:00;7.0;0.0;4.4;-1;Clear;1
5367;515abd65e4b08eda86b30e6e;2018-01-20 21:37:00-05:00;7.0;0.0;4.4;-1;Clear;1
5421;4b2ac07af964a520ecae24e3;2017-10-08 21:43:00-04:00;24.9;0.0;1.2;-1;Partially cloudy;1
5421;4c2a2a6ab1ddc9b674a452fb;2017-10-08 21:52:00-04:00;24.9;0.0;1.2;-1;Partially cloudy;1
5478;3fd66200f964a52094e61ee3;2018-06-09 21:13:00-04:00;22.5;0.0;2.1;-1;Partially cloudy;1
5478;3fd66200f964a520bbe61ee3;2018-02-17 01:23:00-05:00;1.3;0.0;18.2;-1;Clear;1
5478;4ad68c35f964a520c20721e3;2018-02-16 22:07:00-05:00;4.0;0.0;23.2;-1;Clear;1
5478;4c374bf80a71c9b6f2893ec9;2018-05-28 22:15:00-04:00;16.7;0.0;4.2;-1;Overcast;3
5478;5787b68e498efcabbebba4f8;2018-03-27 01:02:00-04:00;3.4;0.0;5.9;-1;Clear;1
5704;4bddccbe6198c9b67bb911ff;2018-04-14 15:36:00-04:00;21.1;0.0;21.5;-1;Clear;1
5704;4d9f36cb47ad3704baec4be5;2018-04-14 15:14:00-04:00;23.1;0.0;18.5;-1;Clear;1
5884;4a954328f964a520cf2220e3;2017-11-15 14:38:00-05:00;9.0;0.0;6.9;-1;Overcast;1
5884;4bb3596714cfd13a98e415ab;2017-10-12 15:11:00-04:00;17.3;0.0;25.9;-1;Partially cloudy;1
5884;4c28c07b9fb5d13a79059a57;2017-11-08 22:35:00-05:00;6.3;0.0;7.9;-1;Clear;1
5975;587ffcc3ea29b80cdce3468d;2017-10-23 13:44:00-04:00;23.2;0.0;18.8;-1;Partially cloudy;1
5975;58801864cc5b6a14dedce689;2017-10-23 13:41:00-04:00;23.2;0.0;18.8;-1;Partially cloudy;1
6098;4a8ec238f964a520961220e3;2017-10-03 16:04:00-04:00;19.6;0.0;8.6;-1;Clear;1
6098;4b6b51b7f964a520a1002ce3;2017-10-03 16:10:00-04:00;19.6;0.0;8.6;-1;Clear;1
6098;554a4688498eca79568879dd;2017-10-06 17:04:00-04:00;25.7;0.0;10.8;-1;Clear;1
6101;4cc60b7a82388cfad0727935;2017-10-05 03:06:00-04:00;18.9;0.0;13.9;-1;Overcast;1
6101;4edec6e40e01ed773a8ddf4e;2017-10-04 23:05:00-04:00;20.0;0.0;14.8;-1;Clear;1
6101;56253720498eafa9acbe4f14;2017-10-04 17:34:00-04:00;22.8;0.0;19.3;-1;Clear;1
6168;4b6b5abff964a520fb022ce3;2017-10-17 21:37:00-04:00;12.7;0.0;17.3;-1;Clear;1
6168;4c98d854d799a1cd97b6b552;2017-10-17 22:27:00-04:00;12.7;0.0;17.3;-1;Clear;1
6168;4eb90d85722e09311d356915;2017-10-17 21:26:00-04:00;12.4;0.0;8.5;-1;Clear;1
6252;4165d880f964a5207e1d1fe3;2018-01-05 16:15:00-05:00;-8.6;0.0;23.8;-1;Clear;1
6252;42893400f964a52054231fe3;2018-01-05 20:11:00-05:00;-10.4;0.0;31.1;-1;Partially cloudy;1
6252;49ff62f9f964a52013701fe3;2018-01-03 22:11:00-05:00;-2.3;0.0;8.7;snow;Partially cloudy;1
6252;4b6b5abff964a520fb022ce3;2018-01-03 21:55:00-05:00;-2.3;0.0;8.7;snow;Partially cloudy;1
6252;4bc72ae7af07a593909c7e2d;2018-01-03 17:21:00-05:00;-2.1;0.0;10.7;snow;Partially cloudy;1
6252;4c35de72452620a1ba5d270f;2018-01-05 19:27:00-05:00;-9.8;0.0;26.5;-1;Clear;1
6300;4165d880f964a5207e1d1fe3;2018-04-14 22:54:00-04:00;9.3;0.0;21.6;-1;Overcast;1
6300;42893400f964a52054231fe3;2018-04-15 00:06:00-04:00;7.8;0.0;25.2;-1;Overcast;1
6300;4d03ae3437036dcbfba10bfb;2018-04-13 14:28:00-04:00;26.5;0.0;9.8;-1;Partially cloudy;1
6300;515abd65e4b08eda86b30e6e;2018-04-13 16:43:00-04:00;27.4;0.0;15.2;-1;Partially cloudy;1
6739;42893400f964a52054231fe3;2017-10-04 19:03:00-04:00;22.3;0.0;16.6;-1;Clear;1
6739;4a5d19b7f964a52032bd1fe3;2017-10-04 19:17:00-04:00;22.3;0.0;16.6;-1;Clear;1
6739;4f0f47650cd695a0e54cb438;2017-10-04 15:43:00-04:00;23.6;0.0;21.3;-1;Clear;1
6968;52698f5911d23c1c66d64564;2017-10-07 22:36:00-04:00;22.3;0.0;11.9;-1;Partially cloudy;1
6995;52ce0173498e800c8e2dcc50;2017-11-14 23:31:00-05:00;4.9;0.0;12.5;-1;Overcast;1
7003;3fd66200f964a520c5e91ee3;2017-12-18 00:35:00-05:00;1.9;0.0;9.5;-1;Overcast;1
7003;4e57cc89b0fb4c4d61f5cd69;2017-12-16 18:59:00-05:00;3.7;0.0;14.5;-1;Overcast;1
7003;509fd01de4b070da0a9d3c24;2017-12-16 18:41:00-05:00;3.7;0.0;14.5;-1;Overcast;1
7039;431e2d80f964a52079271fe3;2018-03-22 18:24:00-04:00;10.1;0.0;17.2;-1;Partially cloudy;1
7039;49cf9efbf964a520b05a1fe3;2018-01-11 17:38:00-05:00;8.2;0.0;10.6;-1;Partially cloudy;1
7049;57c98c00498ede2ae6ad9755;2018-10-17 19:39:00-04:00;12.7;0.0;30.3;-1;Clear;1
7670;4a6fa0abf964a520a4d61fe3;2018-05-31 18:02:00-04:00;19.7;0.0;6.9;-1;Overcast;1
7670;4e8afe84b63423c020f0e7f7;2018-06-02 13:49:00-04:00;27.6;0.128;12.4;rain;Rain, Partially cloudy;1
7670;579c12cd498e6e815b3acf50;2018-06-02 19:23:00-04:00;27.5;0.0;23.0;-1;Partially cloudy;2
7670;5a705f36c62b49492c99942f;2018-06-02 13:57:00-04:00;27.6;0.128;12.4;rain;Rain, Partially cloudy;1
7712;3fd66200f964a520daf11ee3;2017-12-20 21:23:00-05:00;2.6;0.0;14.3;-1;Clear;1
7712;49d55b3bf964a5208d5c1fe3;2018-06-30 19:48:00-04:00;32.0;0.0;11.3;-1;Clear;2
7712;4a5d19b7f964a52032bd1fe3;2018-06-20 21:53:00-04:00;24.3;0.0;9.2;-1;Overcast;2
7712;4a6fa0abf964a520a4d61fe3;2017-11-28 22:19:00-05:00;11.1;0.0;14.0;-1;Clear;1
7712;4afc3ba3f964a520bb2022e3;2018-05-16 02:15:00-04:00;17.3;0.0;5.2;-1;Overcast;1
7712;4bb617b2f562ef3b379a2f97;2017-11-28 18:54:00-05:00;11.5;0.0;13.2;-1;Clear;1
7712;4bc24023461576b056237d32;2018-05-21 18:10:00-04:00;23.0;0.0;13.6;-1;Partially cloudy;1
7712;4bcdb0448920b7137312a0dc;2018-07-24 22:35:00-04:00;25.1;0.0;12.2;-1;Overcast;1
7712;4c13afaaa9c220a19222569d;2018-05-24 14:52:00-04:00;27.5;0.0;1.2;-1;Clear;1
7712;4e345b98d22d86185a608ab8;2018-06-20 14:46:00-04:00;27.7;0.0;4.2;-1;Partially cloudy;2
7712;4eb13d68e5e8c0f5bd2fd983;2018-01-31 22:19:00-05:00;-0.1;0.0;10.7;-1;Partially cloudy;1
7712;4f3573ab754abbd0219cb7b5;2018-07-13 01:30:00-04:00;22.4;0.0;6.5;-1;Clear;1
7712;509fd01de4b070da0a9d3c24;2017-12-31 18:58:00-05:00;-11.0;0.0;18.7;-1;Clear;1
7712;553fe924498e6d51a2613e09;2018-06-12 14:41:00-04:00;23.2;0.0;13.9;-1;Partially cloudy;2
7712;55a19208498ee495c38658a5;2017-11-28 22:39:00-05:00;10.8;0.0;13.9;-1;Clear;1
7712;56165c9c498ea2274c5e519c;2018-01-31 17:41:00-05:00;-0.2;0.0;10.3;-1;Partially cloudy;1
7712;564cb0ca498ead34d3419c48;2018-06-27 13:49:00-04:00;22.8;0.0;21.7;-1;Overcast;1
7712;56e87081498e9d491a35cba6;2017-12-20 14:57:00-05:00;6.4;0.0;13.2;-1;Partially cloudy;2
7712;57b4d7d7498e0b675b71f653;2018-07-25 00:51:00-04:00;25.1;0.0;12.5;-1;Overcast;1
7712;59d2c4ec1f8ed658b1f4fb03;2018-05-15 22:39:00-04:00;19.6;0.0;7.0;-1;Overcast;2
7712;59f38be7175562651c451266;2017-12-31 16:15:00-05:00;-9.9;0.0;19.9;-1;Partially cloudy;2
7712;5ab9171f6bd36b0874dc4061;2018-05-24 18:36:00-04:00;25.2;0.0;12.0;-1;Clear;1
7975;4ad78220f964a520960b21e3;2017-10-07 20:41:00-04:00;22.4;0.0;18.9;-1;Clear;1
8002;42893400f964a52054231fe3;2017-12-28 12:44:00-05:00;-7.7;0.0;30.8;-1;Clear;1
8002;4abe7f9ef964a520068e20e3;2017-12-29 12:41:00-05:00;-6.1;0.0;12.2;-1;Partially cloudy;1
8002;4b40cf3df964a5206bbb25e3;2017-12-28 00:13:00-05:00;-8.2;0.0;15.3;-1;Clear;1
8019;4abe7f9ef964a520068e20e3;2018-02-21 19:49:00-05:00;20.1;0.0;18.5;-1;Overcast;1
8019;4d7e17308700370485256a99;2018-02-22 19:19:00-05:00;3.5;0.0;17.7;-1;Overcast;1
8019;4eb90d85722e09311d356915;2018-02-21 20:23:00-05:00;20.1;0.0;18.5;-1;Overcast;1
8266;3fd66200f964a52073e31ee3;2018-03-09 02:12:00-05:00;0.3;0.0;12.3;-1;Overcast;1
8266;4a149749f964a52055781fe3;2018-01-06 22:27:00-05:00;-13.2;0.0;23.8;-1;Clear;1
8266;4a6e331af964a52031d41fe3;2018-05-22 23:12:00-04:00;14.7;0.0;1.2;-1;Overcast;3
8266;4a6eff92f964a5202cd51fe3;2017-11-07 17:36:00-05:00;5.1;3.456;11.7;rain;Rain, Overcast;1
8266;53ecff6c498e4189764e35ec;2018-01-06 18:14:00-05:00;-11.5;0.0;20.5;-1;Clear;1
8266;541a2341498e51ce1037963a;2017-12-11 22:06:00-05:00;3.9;0.0;7.0;-1;Overcast;1
8266;5568b788498e7fe0873d2bf0;2017-12-08 00:48:00-05:00;3.9;0.0;12.5;-1;Partially cloudy;1
8266;58167e4c38fa462c38c36daf;2018-01-12 22:53:00-05:00;13.2;1.273;15.6;rain;Rain, Overcast;1
8277;59d55307d48ec12ba0df430e;2017-10-05 14:26:00-04:00;27.2;0.0;14.8;-1;Partially cloudy;1
8296;50fb43f5e4b020b55da8a766;2018-07-15 00:19:00-04:00;27.9;0.0;7.7;-1;Partially cloudy;1
8296;55907c16498e6019fd1c14c1;2018-07-15 00:39:00-04:00;21.7;7.618;3.5;rain;Rain, Overcast;1
8498;4dd1251b1f6eb12270badf68;2017-10-15 18:51:00-04:00;21.3;0.0;14.8;-1;Overcast;1
8547;54aed577498ee5fc196739f7;2017-10-07 04:44:00-04:00;20.0;0.0;5.4;-1;Partially cloudy;2
8547;579607a3498e62c81b38aa75;2018-04-28 03:20:00-04:00;11.2;0.0;2.1;-1;Partially cloudy;1
8613;4a01ee7bf964a52010711fe3;2017-10-18 00:24:00-04:00;11.4;0.0;8.4;-1;Clear;1
8613;4b6b5abff964a520fb022ce3;2017-10-17 23:00:00-04:00;12.1;0.0;11.0;-1;Clear;1
8613;570f9d9f498e2930e33ef486;2017-12-05 22:46:00-05:00;14.5;2.106;21.3;rain;Rain, Partially cloudy;1
8809;3fd66200f964a52023e61ee3;2018-02-10 17:27:00-05:00;8.0;0.108;5.4;rain;Rain, Overcast;1
9056;4b6b5abff964a520fb022ce3;2018-06-12 15:00:00-04:00;23.2;0.0;13.9;-1;Partially cloudy;1
9056;57c43c98498e2696b402a527;2017-11-25 17:05:00-05:00;13.4;0.0;9.6;-1;Partially cloudy;1
9173;5a0f6c9fb04056129d570bce;2017-12-03 05:41:00-05:00;6.5;0.0;2.9;-1;Overcast;1
9286;4165d880f964a5207e1d1fe3;2018-06-03 18:50:00-04:00;15.7;0.0;14.7;-1;Partially cloudy;1
9309;3fd66200f964a52033eb1ee3;2017-11-01 20:24:00-04:00;13.2;0.0;8.5;-1;Partially cloudy;1
9464;515abd65e4b08eda86b30e6e;2017-11-03 15:34:00-04:00;23.2;0.0;15.2;-1;Partially cloudy;1
9648;3fd66200f964a5203eea1ee3;2017-11-25 20:25:00-05:00;12.5;0.0;6.4;-1;Partially cloudy;1
9648;4165d880f964a5207e1d1fe3;2018-05-05 22:07:00-04:00;20.2;0.0;9.5;-1;Overcast;1
9648;47f39422f964a5209b4e1fe3;2018-06-28 02:36:00-04:00;21.9;0.504;7.4;rain;Rain, Overcast;1
9648;4af8f40cf964a520ab1022e3;2018-06-28 01:51:00-04:00;21.9;0.0;9.7;-1;Overcast;2
9648;4b930784f964a520fd2f34e3;2017-11-19 21:41:00-05:00;6.3;0.0;20.6;-1;Partially cloudy;1
9648;4cb0889739458cfa1d8103a0;2017-11-19 20:06:00-05:00;7.5;0.0;11.6;-1;Overcast;1
9648;4db3374590a0843f295fb69b;2017-10-09 17:19:00-04:00;23.6;0.185;10.0;rain;Rain, Overcast;1
9648;506fee82582f92ce91c67a12;2018-06-20 16:55:00-04:00;26.4;0.0;9.3;-1;Partially cloudy;3
9648;50bcb93ae4b0efcb4c84d434;2018-06-07 19:46:00-04:00;17.5;0.0;11.3;-1;Clear;2
9648;51700d54e4b0acce0b30e37c;2018-06-07 19:12:00-04:00;18.4;0.0;19.2;-1;Clear;1
9648;528bf16711d2b7722da6b51c;2018-03-28 17:12:00-04:00;10.8;0.0;8.5;-1;Overcast;1
9648;542074d8498e537b40b198ac;2017-12-30 02:35:00-05:00;-7.8;0.0;5.7;-1;Partially cloudy;1
9648;57218ba5498eb662eaa1e121;2017-10-14 23:40:00-04:00;20.1;0.0;2.6;-1;Partially cloudy;1
9648;57583641498e90001a32e13e;2018-06-07 18:23:00-04:00;19.0;0.0;22.0;-1;Clear;1
9648;5761c709498e111b3b231d10;2017-11-22 23:13:00-05:00;2.5;0.0;21.5;-1;Clear;1
9648;57a240f1cd10ed172db51626;2017-11-22 23:15:00-05:00;2.5;0.0;21.5;-1;Clear;1
9648;58c2e736bf1a6d6b31fa57fa;2017-10-27 01:15:00-04:00;10.1;0.0;10.0;-1;Clear;1
9648;58fdf5ec6cf01a4f54c7792b;2018-02-06 16:03:00-05:00;3.0;0.0;9.5;-1;Overcast;1
9648;5a0f6c9fb04056129d570bce;2017-12-29 23:17:00-05:00;-7.9;0.0;13.1;-1;Clear;1
9688;42893400f964a52054231fe3;2017-10-04 14:26:00-04:00;23.5;0.0;12.2;-1;Clear;1
9764;4b3b7483f964a5201c7425e3;2018-03-16 19:07:00-04:00;1.6;0.0;24.4;-1;Partially cloudy;1
9837;45697387f964a520e53d1fe3;2017-10-12 22:12:00-04:00;14.1;0.0;18.4;-1;Partially cloudy;1
9837;4ade00b1f964a5203f6721e3;2017-11-01 16:25:00-04:00;13.1;0.0;9.4;-1;Partially cloudy;1
9837;4ba3a8dbf964a5202c5138e3;2017-11-15 14:33:00-05:00;9.0;0.0;6.9;-1;Overcast;6
9837;50129be3e4b0f164329daa1a;2017-11-15 14:39:00-05:00;9.0;0.0;6.9;-1;Overcast;4
9837;50cfb5cfe4b0d08f2142fbbf;2017-11-08 00:08:00-05:00;4.5;0.592;15.7;rain;Rain, Partially cloudy;1
9837;57583641498e90001a32e13e;2017-10-04 00:20:00-04:00;15.1;0.0;2.4;-1;Clear;1
9837;59775b88b2958f58e4c74a17;2017-10-26 14:03:00-04:00;13.5;0.0;14.2;-1;Partially cloudy;1
9907;4b6b5abff964a520fb022ce3;2017-11-04 22:43:00-04:00;11.8;0.0;10.6;-1;Overcast;1
9907;509fd01de4b070da0a9d3c24;2017-11-11 21:30:00-05:00;1.2;0.0;6.8;-1;Partially cloudy;1
9907;515abd65e4b08eda86b30e6e;2017-11-04 23:10:00-04:00;11.8;0.0;10.6;-1;Overcast;1
9907;579c12cd498e6e815b3acf50;2017-11-11 21:46:00-05:00;1.4;0.0;6.3;-1;Partially cloudy;1
9947;4ad35d08f964a520fae320e3;2018-06-12 17:17:00-04:00;21.7;0.0;19.3;-1;Partially cloudy;1
9947;4ba0e817f964a520248637e3;2018-06-12 16:23:00-04:00;22.2;0.0;19.8;-1;Partially cloudy;1
10024;41e46880f964a520d41e1fe3;2017-10-04 00:02:00-04:00;15.1;0.0;2.4;-1;Clear;1
10024;4bc10965abf49521296bc093;2017-10-04 00:34:00-04:00;14.5;0.0;7.1;-1;Clear;1
10039;515abd65e4b08eda86b30e6e;2018-04-13 17:25:00-04:00;27.4;0.0;15.2;-1;Partially cloudy;1
10115;4b16bee8f964a520dcbc23e3;2018-02-02 17:54:00-05:00;-4.9;0.0;43.5;-1;Partially cloudy;1
10115;4ba047e3f964a520006637e3;2018-01-30 13:54:00-05:00;2.0;0.075;15.3;rain,snow;Snow, Rain, Overcast;1
10115;50524857e4b0bdd5e90ea0ee;2017-10-13 09:46:00-04:00;14.0;0.0;13.0;-1;Partially cloudy;1
10115;5138e26de4b0288547418d4d;2018-08-10 13:48:00-04:00;30.1;0.0;6.8;-1;Partially cloudy;1
10115;521cad4011d2a9c6e2c198ae;2018-06-11 12:57:00-04:00;21.0;0.0;14.2;-1;Partially cloudy;1
10115;5431872b498eec43384fd39d;2017-10-12 20:45:00-04:00;15.3;0.0;13.8;-1;Partially cloudy;1
10115;5484890c498e985cf4e3c076;2017-10-03 17:06:00-04:00;18.7;0.0;8.6;-1;Clear;1
10115;55cb3cc3498e6c04b99f3539;2017-11-03 15:02:00-04:00;23.2;0.0;12.5;-1;Partially cloudy;1
10115;566c9c87498ef09a2940e605;2018-06-11 17:46:00-04:00;20.5;0.0;10.5;-1;Clear;2
10115;58ed1f759435a97c1d8010e7;2018-06-22 16:30:00-04:00;23.1;0.0;12.1;-1;Partially cloudy;1
10115;59bbdbda26659b702aa26472;2018-01-31 22:47:00-05:00;-0.1;0.0;21.6;-1;Partially cloudy;1
10115;5a5e03e9b3d8e2301f68ff83;2018-01-31 20:30:00-05:00;0.0;0.0;15.6;-1;Partially cloudy;1
10115;5a7865572f97ec520747ea43;2018-08-21 15:51:00-04:00;24.5;0.0;11.9;-1;Partially cloudy;1
10115;5ae90bde9de23b002c8af3fc;2018-08-10 11:47:00-04:00;29.4;0.0;14.2;-1;Clear;1
10161;3fd66200f964a52071e61ee3;2017-11-17 06:29:00-05:00;4.9;0.0;26.5;-1;Partially cloudy;1
10161;4b5d9155f964a520d06129e3;2017-10-26 14:13:00-04:00;13.5;0.0;14.2;-1;Partially cloudy;1
10161;4b6b5abff964a520fb022ce3;2018-02-13 21:23:00-05:00;1.1;0.0;7.6;-1;Overcast;1
10161;4b829e60f964a52007db30e3;2017-11-16 21:19:00-05:00;8.1;0.0;15.9;-1;Clear;1
10161;4b996536f964a520467835e3;2018-02-13 16:48:00-05:00;1.1;0.0;12.0;-1;Partially cloudy;1
10161;4c70029f9c6d6dcbd424d17a;2017-10-14 18:50:00-04:00;21.4;0.0;6.3;-1;Partially cloudy;1
10161;4c97adba58d4b60c55484529;2017-10-26 13:56:00-04:00;13.5;0.0;14.2;-1;Partially cloudy;2
10161;4fe6fbe8e4b0ed119ccc032d;2018-02-13 17:31:00-05:00;0.1;0.0;12.8;-1;Partially cloudy;1
10161;53611b4b498e99f52a28cb32;2017-11-17 00:35:00-05:00;6.6;0.0;19.7;-1;Partially cloudy;1
10161;569b21af498e3013c904d8b5;2017-10-18 22:40:00-04:00;17.5;0.0;12.6;-1;Clear;1
10161;5787b68e498efcabbebba4f8;2018-08-14 19:22:00-04:00;22.6;0.0;11.5;-1;Partially cloudy;1
10161;58c15cad4287c9455ad33fc8;2018-04-24 22:02:00-04:00;13.4;0.0;12.8;-1;Overcast;1
10161;5a2864cd772fbc56e9d467fd;2018-04-03 19:24:00-04:00;4.6;0.208;14.5;rain;Rain, Overcast;1
10200;4af180a2f964a52027e121e3;2018-03-30 23:13:00-04:00;8.0;0.0;20.1;-1;Clear;1
10227;3fd66200f964a52010e61ee3;2017-11-22 18:32:00-05:00;5.4;0.0;25.5;-1;Overcast;1
10258;3fd66200f964a5209fe61ee3;2017-10-05 00:20:00-04:00;19.3;0.0;16.5;-1;Clear;1
10258;4b40cf3df964a5206bbb25e3;2017-10-08 04:50:00-04:00;22.8;0.0;11.6;-1;Overcast;1
10258;549481f3498e855d5f51cb66;2017-10-07 21:52:00-04:00;22.4;0.0;11.3;-1;Partially cloudy;1
10258;56e46150498ec3afc0d567a8;2017-10-07 18:36:00-04:00;23.1;0.0;13.0;-1;Partially cloudy;1
10258;57fe5fb9498e0dfb586bfe58;2017-10-07 22:28:00-04:00;22.4;0.0;11.3;-1;Partially cloudy;1
10258;59287ec99cadd905284e4052;2017-10-08 03:03:00-04:00;22.7;0.0;6.2;-1;Overcast;1
10258;59822ae4e97dfb6a1519825b;2017-10-08 00:56:00-04:00;22.7;0.0;11.1;-1;Partially cloudy;1
10376;4b6b5abff964a520fb022ce3;2017-10-07 21:06:00-04:00;22.4;0.0;18.9;-1;Clear;1
10379;4b40cf3df964a5206bbb25e3;2018-05-30 01:25:00-04:00;22.2;0.0;7.0;-1;Clear;1
10379;509fd01de4b070da0a9d3c24;2018-06-11 21:07:00-04:00;17.0;0.0;10.9;-1;Clear;1
10379;5a0e16d5e4c4590cfe273e38;2018-06-10 22:26:00-04:00;17.0;0.0;5.9;-1;Partially cloudy;1
10533;4c23c9aca852c9283c11e26c;2018-05-12 01:40:00-04:00;16.9;0.0;9.8;-1;Overcast;1
10535;4bc24023461576b056237d32;2018-02-02 17:31:00-05:00;-4.9;0.0;43.5;-1;Partially cloudy;1
10535;522bbabb11d23cc6c6a5d12c;2018-02-04 17:21:00-05:00;3.9;0.367;6.7;rain;Rain, Overcast;1
10535;57acc558498e036ce8f2b0b4;2018-02-02 23:31:00-05:00;-8.2;0.0;21.4;-1;Clear;1
10535;57b61f2a498ed8856425737c;2018-02-03 04:20:00-05:00;-8.3;0.0;19.3;-1;Clear;1
10535;582472d6ef085e607efc254e;2018-02-02 22:59:00-05:00;-8.2;0.0;19.4;-1;Clear;1
10730;590a00e74febd55af43a8267;2017-10-11 20:45:00-04:00;19.2;0.0;10.5;-1;Overcast;1
10755;49ff62f9f964a52013701fe3;2017-10-06 13:25:00-04:00;26.4;0.0;11.2;-1;Clear;1
10755;4bc24023461576b056237d32;2017-10-06 02:09:00-04:00;21.5;0.0;7.8;-1;Partially cloudy;1
10755;4e57cc89b0fb4c4d61f5cd69;2017-10-04 12:43:00-04:00;22.0;0.0;11.4;-1;Clear;1
10755;51cde558011c221bf79219a0;2017-10-05 00:34:00-04:00;19.0;0.0;16.3;-1;Partially cloudy;1
10755;570ba761498e3b4e81fcfcd3;2017-10-05 15:27:00-04:00;27.5;0.0;10.4;-1;Partially cloudy;2
10765;464451e5f964a52076461fe3;2017-11-18 23:02:00-05:00;12.2;0.0;10.2;-1;Partially cloudy;1
10765;4a8ec960f964a520a51220e3;2018-04-29 19:56:00-04:00;9.7;0.0;33.8;-1;Partially cloudy;1
10765;4e0cb1c918509581f763fea2;2018-04-28 21:51:00-04:00;12.5;0.42;12.1;rain;Rain, Overcast;1
10765;519391a5498e6060a4d82ced;2018-04-28 23:20:00-04:00;12.3;0.587;11.1;rain;Rain, Overcast;1
10765;5984eeb39be522744003dee5;2018-04-29 19:21:00-04:00;10.8;0.0;19.2;-1;Overcast;1
11476;4a04ba93f964a52023721fe3;2018-04-13 16:45:00-04:00;27.4;0.0;15.2;-1;Partially cloudy;1
11476;4b6ad328f964a5201ee22be3;2018-04-13 16:05:00-04:00;27.5;0.0;16.4;-1;Partially cloudy;1
11623;4b3a50c6f964a520796425e3;2018-01-03 22:40:00-05:00;-1.9;0.0;10.7;rain,snow;Overcast;1
11668;4b7bfd18f964a52045772fe3;2017-10-03 19:52:00-04:00;16.1;0.0;8.7;-1;Partially cloudy;1
11668;4cb9953bbac93704db37e57c;2017-10-04 12:49:00-04:00;22.0;0.0;11.4;-1;Clear;1
11668;537d3c23498e08214a884752;2017-10-03 17:32:00-04:00;17.6;0.0;11.1;-1;Clear;1
11668;596e8fbd6f706a4c51646b72;2017-10-04 20:59:00-04:00;21.5;0.0;23.1;-1;Clear;1
12182;4bbb9dbded7776b0e1ad3e51;2017-10-26 23:04:00-04:00;10.8;0.0;13.0;-1;Clear;1
12358;4eb13d68e5e8c0f5bd2fd983;2017-10-16 17:49:00-04:00;13.5;0.0;13.8;-1;Partially cloudy;1
12358;59b3113a06fb6043c3fa17d4;2017-10-16 16:15:00-04:00;13.7;0.0;22.7;-1;Partially cloudy;1
12361;4abe7f9ef964a520068e20e3;2017-11-24 15:58:00-05:00;9.7;0.0;7.5;-1;Clear;1
12406;4165d880f964a5207e1d1fe3;2017-10-15 16:03:00-04:00;22.5;0.0;13.9;-1;Overcast;1
12600;526ac1b611d206c487db6d17;2018-05-18 22:34:00-04:00;13.9;0.0;6.1;-1;Overcast;1
12600;54e21d97498e7cf9d3f29b3c;2018-05-22 11:43:00-04:00;18.2;0.0;9.2;-1;Overcast;2
12600;55387c1b498e4eca6482f4f5;2018-05-21 22:50:00-04:00;18.0;0.0;11.5;-1;Partially cloudy;1
12600;58801864cc5b6a14dedce689;2018-05-20 15:22:00-04:00;27.2;0.0;11.2;-1;Partially cloudy;1
12756;4eb90d85722e09311d356915;2018-09-10 18:11:00-04:00;16.4;0.855;16.4;rain;Rain, Overcast;1
13012;4a4fd823f964a520c5af1fe3;2017-10-26 14:06:00-04:00;13.5;0.0;14.2;-1;Partially cloudy;4
13012;53399f0f498e0f3923a03a4a;2017-11-12 16:13:00-05:00;7.6;0.0;8.3;-1;Clear;1
13012;54e4c205498e81ce0129b6d1;2018-09-12 15:11:00-04:00;24.7;0.0;12.2;-1;Overcast;12
13012;57218ba5498eb662eaa1e121;2017-11-10 17:28:00-05:00;-0.1;0.0;25.6;-1;Clear;1
13028;4abe7f9ef964a520068e20e3;2018-02-08 23:06:00-05:00;-1.8;0.0;15.4;-1;Clear;1
13028;4b6b5abff964a520fb022ce3;2018-02-06 15:07:00-05:00;2.9;0.0;9.9;-1;Overcast;1
13028;4b6ece0bf964a52051cb2ce3;2018-02-11 12:44:00-05:00;7.7;3.359;8.1;rain;Rain, Overcast;5
13063;4a510034f964a52066b01fe3;2017-12-23 18:13:00-05:00;9.1;0.3;4.2;rain;Rain, Overcast;1
13063;4abfd214f964a520739220e3;2018-05-12 17:10:00-04:00;14.4;0.0;10.5;-1;Overcast;1
13063;4bd9259267b49c7480832214;2018-06-24 16:48:00-04:00;26.9;0.0;10.9;-1;Overcast;1
13063;4d0a945ef2c1236a74ccfc56;2018-06-16 15:25:00-04:00;28.4;0.0;12.9;-1;Clear;2
13079;3fd66200f964a52050e61ee3;2018-10-07 21:49:00-04:00;23.7;0.0;1.7;-1;Partially cloudy;1
13079;426d8480f964a52064211fe3;2018-10-08 20:26:00-04:00;18.0;0.0;9.8;-1;Overcast;1
13079;49ccd495f964a52091591fe3;2018-10-07 21:44:00-04:00;23.7;0.0;1.7;-1;Partially cloudy;1
13079;4a675deef964a52045c91fe3;2018-10-07 15:22:00-04:00;26.1;0.0;6.3;-1;Partially cloudy;1
13079;4ae9c4eaf964a52039b621e3;2018-10-08 15:54:00-04:00;18.5;0.0;12.0;-1;Overcast;1
13079;5467ceec498e1b95c0575e73;2018-10-07 15:21:00-04:00;26.1;0.0;6.3;-1;Partially cloudy;1
13110;4eb13d68e5e8c0f5bd2fd983;2018-03-12 16:06:00-04:00;5.2;0.0;20.6;-1;Overcast;1
13110;515abd65e4b08eda86b30e6e;2018-03-10 15:41:00-05:00;4.0;0.0;20.4;-1;Overcast;1
13183;56636f30498e1a6142bb79f2;2017-10-03 21:49:00-04:00;15.4;0.0;5.9;-1;Clear;1
13397;521cad4011d2a9c6e2c198ae;2017-10-07 17:41:00-04:00;24.3;0.0;13.4;-1;Clear;1
13535;3fd66200f964a52094e61ee3;2017-10-04 00:31:00-04:00;14.5;0.0;7.1;-1;Clear;1
13535;3fd66200f964a520dde41ee3;2017-11-05 21:39:00-05:00;16.1;0.0;3.2;-1;Overcast;1
13535;4612961ff964a52037451fe3;2017-10-03 23:40:00-04:00;15.1;0.0;2.4;-1;Clear;1
13535;4dadcb124df0522cc5622202;2017-11-05 20:43:00-05:00;16.3;0.0;6.5;-1;Partially cloudy;1
13535;522664d311d2cee66613afbc;2017-10-04 02:37:00-04:00;14.3;0.0;7.6;-1;Clear;1
13535;55e1c16f498e3be4f7108cab;2017-11-05 19:19:00-05:00;15.8;0.0;3.6;-1;Overcast;1
13535;59b4898de1f0aa6d9ec6d507;2017-10-04 01:22:00-04:00;14.5;0.0;7.1;-1;Clear;1
13666;42daf100f964a52035261fe3;2017-11-09 17:55:00-05:00;11.4;0.0;5.1;-1;Partially cloudy;1
13666;4b6b5abff964a520fb022ce3;2017-11-09 19:48:00-05:00;11.7;0.0;10.4;-1;Partially cloudy;1
13734;49bc236af964a5201b541fe3;2017-12-10 16:42:00-05:00;3.1;0.0;17.3;-1;Partially cloudy;2
13734;49cf9efbf964a520b05a1fe3;2017-12-10 17:15:00-05:00;3.1;0.0;17.3;-1;Partially cloudy;1
13734;49dad010f964a520b15e1fe3;2017-10-13 17:16:00-04:00;18.5;0.0;12.5;-1;Overcast;1
13734;49e7ce15f964a5201d651fe3;2018-01-15 20:28:00-05:00;-3.5;0.0;12.8;-1;Clear;1
13734;4a8b0693f964a520350b20e3;2017-12-03 23:54:00-05:00;6.5;0.0;3.3;-1;Clear;1
13734;4a942a25f964a520972020e3;2017-10-13 16:43:00-04:00;18.5;0.0;12.5;-1;Overcast;1
13734;4b03020cf964a520d74b22e3;2017-10-13 14:51:00-04:00;18.4;0.0;14.8;-1;Partially cloudy;1
13734;4b8177d3f964a52026a830e3;2017-10-20 17:33:00-04:00;22.0;0.0;12.7;-1;Clear;1
13734;4efd1635f790570bcf88cbfd;2017-12-17 02:39:00-05:00;0.9;0.0;3.3;-1;Overcast;1
13734;515f81d0e4b05d6decaaed19;2017-10-07 18:04:00-04:00;24.3;0.0;13.4;-1;Clear;1
13734;53399f0f498e0f3923a03a4a;2018-01-20 16:59:00-05:00;9.2;0.0;12.6;-1;Partially cloudy;1
13734;55148c66498e987ed9d8e394;2018-01-15 23:02:00-05:00;-4.1;0.0;9.1;-1;Overcast;1
13734;5591c747498e45ec0b8171f1;2017-10-16 18:08:00-04:00;13.5;0.0;13.8;-1;Partially cloudy;1
13734;564a86c8498ea245a802f0d1;2017-12-01 01:53:00-05:00;9.6;0.0;7.3;-1;Overcast;1
13734;56d8c0f8498edb854f926e6a;2017-10-31 19:16:00-04:00;11.6;0.0;9.7;-1;Clear;1
13734;57583641498e90001a32e13e;2017-12-09 19:03:00-05:00;-0.3;0.515;10.3;rain,snow;Snow, Rain, Overcast;1
13734;57fe5fb9498e0dfb586bfe58;2017-12-09 18:04:00-05:00;-0.4;0.574;13.5;rain,snow;Snow, Rain, Overcast;2
13734;59287ec99cadd905284e4052;2018-02-06 00:23:00-05:00;-3.2;0.0;0.9;-1;Clear;1
13734;5953e0555c683860ffa4e0cd;2018-01-20 23:02:00-05:00;7.1;0.0;9.2;-1;Clear;4
13734;59d2c4ec1f8ed658b1f4fb03;2017-10-16 23:27:00-04:00;9.7;0.0;19.8;-1;Clear;2
13734;59f38be7175562651c451266;2017-10-31 18:50:00-04:00;11.6;0.0;9.7;-1;Clear;1
13986;48636f02f964a520e3501fe3;2017-11-02 00:55:00-04:00;14.5;0.0;8.1;-1;Overcast;1
13986;49c02175f964a5204b551fe3;2017-10-24 23:09:00-04:00;20.0;0.0;7.0;-1;Partially cloudy;1
13986;49c7e0b7f964a520cc571fe3;2018-05-10 20:23:00-04:00;17.3;0.0;10.7;-1;Partially cloudy;1
13986;4a528be8f964a520b0b11fe3;2017-11-01 20:09:00-04:00;13.2;0.0;8.5;-1;Partially cloudy;1
13986;4bac00a1f964a52025dd3ae3;2017-11-01 21:01:00-04:00;12.9;0.0;8.4;-1;Partially cloudy;1
13986;4f917cdde4b02081d14944d5;2018-06-12 22:58:00-04:00;18.0;0.0;9.8;-1;Partially cloudy;1
13986;4fda7413e4b040870382d8fe;2017-10-06 00:08:00-04:00;22.4;0.0;15.1;-1;Partially cloudy;1
13986;52681085498e16a8ac061157;2018-06-15 18:59:00-04:00;23.3;0.0;11.4;-1;Clear;5
13986;52d36856498e9256064e3fe3;2018-01-17 01:30:00-05:00;1.9;0.0;7.1;-1;Overcast;1
13986;5467ceec498e1b95c0575e73;2018-06-18 17:01:00-04:00;32.8;0.0;15.4;-1;Partially cloudy;3
13986;56b8e1c2498ecd75c8e1dbda;2018-04-04 23:34:00-04:00;5.4;0.0;25.5;-1;Clear;1
14055;4a995dbdf964a520fb2d20e3;2017-12-09 19:57:00-05:00;-0.3;0.972;10.3;rain,snow;Snow, Rain, Partially cloudy;1
14058;59f38be7175562651c451266;2017-12-22 22:42:00-05:00;4.9;0.0;9.6;-1;Overcast;1
14636;42893400f964a52054231fe3;2018-03-15 14:58:00-04:00;8.2;0.0;20.5;-1;Clear;1
14636;4abe7f9ef964a520068e20e3;2018-03-16 13:33:00-04:00;3.8;0.0;30.0;-1;Overcast;1
14636;559ecd00498e965ccd39ea9f;2018-03-16 14:38:00-04:00;3.5;0.0;25.7;-1;Partially cloudy;1
14675;4b22833df964a520174824e3;2017-10-06 17:27:00-04:00;25.7;0.0;10.8;-1;Clear;1
14675;4c154c9a77cea593c401d260;2017-10-06 17:11:00-04:00;25.7;0.0;10.8;-1;Clear;1
14913;5355a5ca498e506aae75edb7;2017-12-17 00:17:00-05:00;1.3;0.0;10.5;-1;Partially cloudy;1
15013;4e2b03a07d8b7deda6cbdc62;2017-10-07 02:15:00-04:00;21.9;0.0;2.5;-1;Partially cloudy;1
15018;3fd66200f964a520aae61ee3;2018-01-24 18:10:00-05:00;1.3;0.0;19.7;-1;Clear;1
15018;3fd66200f964a520e7e51ee3;2018-01-10 17:51:00-05:00;3.2;0.0;9.1;-1;Partially cloudy;1
15018;49bc236af964a5201b541fe3;2018-07-09 23:23:00-04:00;24.3;0.0;9.7;-1;Clear;1
15018;49e644c6f964a5202f641fe3;2018-07-10 16:09:00-04:00;34.1;0.0;13.2;-1;Clear;2
15018;4a57b809f964a520a9b61fe3;2018-01-19 18:38:00-05:00;3.1;0.0;11.7;-1;Partially cloudy;1
15018;4aabc152f964a520f15920e3;2018-07-14 00:58:00-04:00;22.7;0.0;10.7;-1;Clear;1
15018;4ad76597f964a5200e0a21e3;2018-01-24 23:34:00-05:00;-2.6;0.0;20.6;-1;Clear;1
15018;4ad78220f964a520960b21e3;2018-07-10 21:06:00-04:00;30.8;0.0;9.1;-1;Partially cloudy;1
15018;4b3abe48f964a520b96d25e3;2018-07-10 23:27:00-04:00;28.7;0.0;6.9;-1;Partially cloudy;2
15018;4b40cf3df964a5206bbb25e3;2018-01-16 18:45:00-05:00;0.6;0.0;9.8;-1;Overcast;1
15018;4b57b0dff964a520293c28e3;2018-07-07 16:22:00-04:00;24.5;0.0;12.2;-1;Clear;1
15018;4b78360df964a520a7bc2ee3;2018-01-24 16:34:00-05:00;2.0;0.0;16.7;-1;Partially cloudy;1
15018;4c000585daf9c9b64220fbef;2018-01-08 19:42:00-05:00;-1.2;0.0;15.8;-1;Overcast;1
15018;4c374bf80a71c9b6f2893ec9;2018-07-10 15:06:00-04:00;33.6;0.0;18.7;-1;Clear;8
15018;4c93d860f7cfa1cd5331ae15;2018-01-18 21:36:00-05:00;-2.6;0.0;14.6;-1;Clear;1
15018;4cc1bf0001fb236a32789aba;2018-07-09 17:09:00-04:00;29.5;0.0;14.9;-1;Clear;1
15018;4edd43af7bebc29455367992;2018-01-24 19:19:00-05:00;0.8;0.0;17.8;-1;Clear;1
15018;5198dfb02fc6fc86d451ef2e;2018-01-18 22:34:00-05:00;-3.2;0.0;12.0;-1;Clear;2
15018;55f0b6b0498e1b4c64e412aa;2018-07-11 16:23:00-04:00;30.6;0.0;16.9;-1;Partially cloudy;1
15018;566ccc9e498e30e477702118;2018-01-03 19:10:00-05:00;-2.7;0.0;8.0;snow;Partially cloudy;1
15018;56e7f585498ed6598b4030cd;2018-01-02 20:55:00-05:00;-6.6;0.0;17.2;-1;Clear;1
15018;574456e5498e39c73d234da1;2018-01-18 19:26:00-05:00;-1.2;0.0;13.0;-1;Clear;1
15018;576eab51cd10ae8e59db0250;2018-01-16 20:58:00-05:00;1.0;0.0;10.0;-1;Overcast;1
15018;57a240f1cd10ed172db51626;2018-07-09 19:13:00-04:00;27.4;0.0;12.5;-1;Clear;1
15018;582ce83e7ff1e423c65a482b;2018-01-08 16:39:00-05:00;-1.5;1.544;10.6;rain,snow;Snow, Rain, Overcast;1
15018;593332f9123a1963f539daa0;2018-01-18 23:30:00-05:00;-3.2;0.0;12.0;-1;Clear;1
15070;4d6ab0f79f4b6dcbf9d16628;2017-10-27 17:53:00-04:00;14.9;0.0;5.8;-1;Clear;1
15208;5a53ecb9d69ed05523198af9;2018-01-08 22:14:00-05:00;-0.6;0.0;11.9;-1;Overcast;1
15355;3fd66200f964a52094e61ee3;2018-06-15 21:06:00-04:00;22.1;0.0;2.1;-1;Partially cloudy;1
15355;42474900f964a52080201fe3;2017-12-19 20:11:00-05:00;11.7;0.0;17.7;-1;Clear;1
15355;47f39422f964a5209b4e1fe3;2018-05-17 02:14:00-04:00;13.2;0.3;8.4;rain;Rain, Overcast;1
15355;4ba0e528f964a5205c8537e3;2018-05-01 22:08:00-04:00;23.0;0.0;15.2;-1;Clear;1
15355;56377427498ef690cfe35b1a;2018-03-22 18:07:00-04:00;10.1;0.0;17.2;-1;Partially cloudy;1
15355;57f0689d498e7d49d9189369;2018-03-15 02:40:00-04:00;0.4;0.0;22.2;-1;Overcast;1
15355;58191674ded8f8626ed70af0;2018-03-14 23:02:00-04:00;0.8;0.185;21.0;rain,snow;Snow, Rain, Overcast;1
15355;5822759cc0633a2cd29b6d32;2018-05-02 01:21:00-04:00;20.7;0.0;11.2;-1;Clear;1
15458;582ce83e7ff1e423c65a482b;2018-10-10 19:24:00-04:00;23.1;0.0;8.9;-1;Partially cloudy;1
15595;49c65aa8f964a52038571fe3;2018-02-09 00:59:00-05:00;-2.9;0.0;14.3;-1;Clear;1
15595;4b8c5081f964a52015ca32e3;2018-02-08 23:38:00-05:00;-2.3;0.0;14.6;-1;Clear;1
15662;42daf100f964a52035261fe3;2017-10-04 17:03:00-04:00;23.8;0.0;11.9;-1;Clear;1
15974;3fd66200f964a520c1e81ee3;2018-01-25 02:21:00-05:00;-4.2;0.0;15.6;-1;Partially cloudy;1
15974;49b15042f964a520d4521fe3;2017-11-06 23:30:00-05:00;9.0;0.0;13.9;-1;Clear;1
15974;4b342e93f964a520dd2525e3;2018-02-02 18:44:00-05:00;-6.0;0.0;26.1;-1;Partially cloudy;1
15974;4bc24023461576b056237d32;2018-01-25 03:01:00-05:00;-4.2;0.0;16.7;-1;Clear;1
15974;4fd244dce4b03e7cee3dd4b1;2017-12-06 22:37:00-05:00;4.4;0.0;11.6;-1;Partially cloudy;1
15974;53d6e988498e6bfb2355d2ac;2018-01-25 00:56:00-05:00;-3.5;0.0;14.9;-1;Partially cloudy;1
15974;557c335b498ec492c5d567dd;2018-02-02 18:27:00-05:00;-4.9;0.0;43.5;-1;Partially cloudy;1
15974;57c640ad498e74977f98372f;2017-10-27 18:49:00-04:00;14.8;0.0;4.2;-1;Clear;1
15974;58389efb8f0be46bca889667;2017-11-15 18:05:00-05:00;9.2;0.0;13.3;-1;Partially cloudy;1
16008;4fb7ef4b7b0cd3a686313d43;2017-12-07 20:25:00-05:00;5.6;0.0;11.9;-1;Partially cloudy;1
16008;5998e49dc666662a7e02525e;2017-10-26 02:11:00-04:00;13.9;0.0;15.5;-1;Overcast;1
16065;3fd66200f964a52071e61ee3;2018-08-10 01:08:00-04:00;25.3;0.0;8.7;-1;Clear;3
16065;40b52f80f964a5205a001fe3;2018-04-07 01:05:00-04:00;9.3;0.0;18.2;-1;Partially cloudy;1
16065;4116be80f964a520fc0b1fe3;2018-04-27 03:03:00-04:00;14.2;0.0;8.1;-1;Partially cloudy;1
16065;49dad010f964a520b15e1fe3;2017-12-28 20:51:00-05:00;-10.4;0.0;19.1;-1;Clear;1
16065;4a411ea5f964a520cba41fe3;2018-03-23 22:46:00-04:00;5.8;0.0;17.2;-1;Overcast;1
16065;4a9ae597f964a520763320e3;2018-10-10 19:25:00-04:00;23.1;0.0;8.9;-1;Partially cloudy;9
16065;4aca45d0f964a52028c120e3;2018-06-02 21:22:00-04:00;25.3;0.0;9.9;-1;Overcast;1
16065;4b9fc725f964a520cd3d37e3;2018-03-04 17:52:00-05:00;4.5;0.0;17.9;-1;Partially cloudy;1
16065;4ddef29818388714bb5ce52d;2018-03-23 23:38:00-04:00;5.1;0.0;14.7;-1;Overcast;1
16065;5640d0efcd10fc89308b5869;2018-04-27 01:37:00-04:00;14.6;0.0;1.2;-1;Partially cloudy;1
16065;57b49df2498e4991755e961f;2018-02-21 21:59:00-05:00;15.3;1.005;13.7;rain;Rain, Overcast;1
16065;59cede02b23dfa246fee7545;2018-03-24 01:37:00-04:00;3.6;0.0;17.6;-1;Partially cloudy;1
16065;5b2d49ad6f706a002c52d50b;2018-09-08 22:05:00-04:00;17.1;0.0;10.7;-1;Overcast;1
16103;5547ffe8498ec8a2c668a412;2018-03-05 03:15:00-05:00;1.3;0.0;20.2;-1;Overcast;1
16134;5787b68e498efcabbebba4f8;2018-04-12 18:49:00-04:00;13.5;0.0;12.7;-1;Partially cloudy;1
16241;4c374bf80a71c9b6f2893ec9;2017-10-17 16:24:00-04:00;15.0;0.0;7.2;-1;Clear;1
16241;50002274e4b0deb8db4eea3b;2017-10-17 16:31:00-04:00;14.8;0.0;4.2;-1;Clear;1
16300;4e7a6b82e4cdb52fab16711f;2017-11-17 23:11:00-05:00;4.0;0.0;4.3;-1;Clear;1
16314;4165d880f964a5207e1d1fe3;2017-10-18 14:52:00-04:00;22.0;0.0;4.8;-1;Clear;1
16314;42893400f964a52054231fe3;2017-10-18 17:37:00-04:00;19.6;0.0;16.6;-1;Clear;1
16314;42daf100f964a52035261fe3;2017-10-18 15:32:00-04:00;22.3;0.0;8.2;-1;Clear;1
16314;431f7f00f964a52085271fe3;2017-10-18 13:15:00-04:00;20.7;0.0;1.2;-1;Clear;1
16314;4b829e60f964a52007db30e3;2017-10-21 15:54:00-04:00;24.5;0.0;9.8;-1;Partially cloudy;1
16314;4bddccbe6198c9b67bb911ff;2017-10-18 17:44:00-04:00;19.6;0.0;16.6;-1;Clear;1
16314;50bcb93ae4b0efcb4c84d434;2017-10-18 19:37:00-04:00;18.1;0.0;8.0;-1;Clear;1
16435;4b11a5e0f964a5205c8123e3;2018-03-18 00:57:00-04:00;3.2;0.0;4.7;-1;Clear;1
16435;4b6d9298f964a520607d2ce3;2018-03-18 03:08:00-04:00;2.0;0.0;10.7;-1;Clear;1
16435;4d7e74cde7e1721ef8cfe00b;2018-03-18 03:09:00-04:00;2.0;0.0;10.7;-1;Clear;1
16435;5aa85a8f3af9886c61cf2e8f;2018-03-17 22:18:00-04:00;5.4;0.0;14.9;-1;Clear;1
16446;3fd66200f964a520ece31ee3;2017-10-15 17:33:00-04:00;21.4;0.0;21.3;-1;Overcast;1
16446;47111950f964a5209e4b1fe3;2017-10-15 02:08:00-04:00;20.0;0.0;3.7;-1;Overcast;1
16446;4abe7f9ef964a520068e20e3;2017-10-13 17:12:00-04:00;18.5;0.0;12.5;-1;Overcast;1
16578;49dad010f964a520b15e1fe3;2017-12-22 18:46:00-05:00;8.8;0.0;5.3;-1;Overcast;1
16578;4b520135f964a520aa6027e3;2018-03-10 14:26:00-05:00;3.7;0.0;20.6;-1;Overcast;2
16578;4b60c708f964a520d0f829e3;2018-03-29 20:18:00-04:00;10.0;0.0;4.3;-1;Overcast;1
16578;4b9ea289f964a520a1f536e3;2018-05-04 16:22:00-04:00;27.7;0.0;22.8;-1;Partially cloudy;2
16578;50129be3e4b0f164329daa1a;2017-12-22 17:48:00-05:00;9.3;0.0;2.4;-1;Partially cloudy;1
16578;51bb9282498e56a7521f9983;2018-02-28 23:24:00-05:00;13.2;0.0;8.6;-1;Overcast;1
16578;56f58275498eefdb60642bc9;2018-02-28 18:31:00-05:00;13.4;0.0;11.7;-1;Clear;1
16578;570ba761498e3b4e81fcfcd3;2018-05-09 14:57:00-04:00;21.4;0.0;11.8;-1;Partially cloudy;2
16578;5882565d89151d6db39f50d7;2018-09-18 16:40:00-04:00;21.7;3.301;13.1;rain;Rain, Overcast;1
16615;5939da3ff427de5f7ffab579;2018-05-11 00:40:00-04:00;16.1;0.0;1.2;-1;Clear;1
16859;4abe7f9ef964a520068e20e3;2018-02-09 21:10:00-05:00;2.3;0.0;11.4;-1;Overcast;1
16859;4b44a1cbf964a52033f825e3;2018-02-09 20:26:00-05:00;2.1;0.0;12.5;-1;Partially cloudy;1
16859;540d97b5498e05abd30fd5ca;2018-02-09 23:24:00-05:00;3.6;0.0;9.8;-1;Partially cloudy;1
16944;3fd66200f964a52005e71ee3;2018-06-15 02:56:00-04:00;20.3;0.0;10.0;-1;Clear;1
16947;57583641498e90001a32e13e;2017-10-04 00:37:00-04:00;14.5;0.0;7.1;-1;Clear;1
16962;4ae2eb64f964a520b28f21e3;2017-11-15 02:28:00-05:00;4.4;0.0;12.4;-1;Overcast;1
17038;3fd66200f964a520daf11ee3;2017-10-28 13:48:00-04:00;20.0;0.0;14.8;-1;Partially cloudy;1
17290;4a455daff964a52014a81fe3;2018-06-16 23:45:00-04:00;22.8;0.0;7.9;-1;Clear;1
17324;4f0f47650cd695a0e54cb438;2017-10-28 23:57:00-04:00;18.2;0.0;8.8;-1;Partially cloudy;1
17324;568dd8f0498e49b9d660021b;2018-05-26 14:23:00-04:00;32.0;0.0;6.7;-1;Partially cloudy;1
17344;42893400f964a52054231fe3;2018-03-20 15:50:00-04:00;3.2;0.0;20.1;-1;Overcast;1
17344;4a44cd95f964a5208fa71fe3;2018-03-20 16:55:00-04:00;3.0;0.0;17.0;-1;Overcast;1
17344;4b996536f964a520467835e3;2018-03-19 18:45:00-04:00;6.4;0.0;8.9;-1;Partially cloudy;1
17344;579c12cd498e6e815b3acf50;2018-03-19 20:02:00-04:00;5.8;0.0;9.6;-1;Partially cloudy;1
17673;42893400f964a52054231fe3;2018-02-09 15:17:00-05:00;1.0;0.0;5.7;-1;Overcast;1
17769;5217e0dd11d2b33a2d55a11c;2017-12-27 21:10:00-05:00;-6.8;0.0;20.9;-1;Clear;1
17780;4ad35d08f964a520fae320e3;2017-10-11 13:12:00-04:00;22.4;0.0;13.0;-1;Partially cloudy;1
17791;5547ffe8498ec8a2c668a412;2018-06-19 20:59:00-04:00;27.5;0.0;10.9;-1;Clear;1
17874;48c91543f964a520e4511fe3;2018-02-23 04:39:00-05:00;2.5;0.0;13.9;-1;Overcast;1
17874;4b4fdfc8f964a520801827e3;2018-02-23 07:11:00-05:00;2.7;0.0;16.8;-1;Overcast;1
17876;4b829e60f964a52007db30e3;2018-04-01 18:53:00-04:00;12.4;0.0;17.0;rain;Partially cloudy;1
17876;576c2212498e72c8c38f1ddd;2018-03-23 22:08:00-04:00;6.0;0.0;18.5;-1;Overcast;1
18117;4555bea7f964a520253d1fe3;2018-07-13 21:38:00-04:00;24.0;0.0;10.3;-1;Clear;1
18117;56560a58498ea43ab5ffb24d;2018-07-13 21:08:00-04:00;24.3;0.0;6.7;-1;Clear;1
18552;579c12cd498e6e815b3acf50;2017-11-20 01:23:00-05:00;4.6;0.0;17.8;-1;Partially cloudy;1
18818;49eb223ff964a520a6661fe3;2017-10-29 13:55:00-04:00;17.3;11.845;11.5;rain;Rain, Overcast;1
18853;4b6b5abff964a520fb022ce3;2018-07-14 20:05:00-04:00;30.6;0.0;15.4;-1;Partially cloudy;1
18853;4c2caafb8ef52d7f823a33ba;2018-05-29 17:07:00-04:00;29.0;0.0;11.1;-1;Partially cloudy;1
18871;545d602b498e50ade1906a6e;2018-09-19 18:09:00-04:00;25.8;0.0;7.4;-1;Clear;1
18871;5b15aeda916bc10039b21f08;2018-09-19 19:46:00-04:00;22.4;0.0;8.2;-1;Partially cloudy;1
18871;5b2819b1c876c8002cabbadc;2018-09-19 19:21:00-04:00;23.9;0.0;5.2;-1;Partially cloudy;1
18961;4abe7f9ef964a520068e20e3;2017-12-09 22:45:00-05:00;-0.6;0.108;6.4;rain,snow;Snow, Rain, Partially cloudy;1
19285;49ee25b6f964a5202b681fe3;2018-08-26 18:51:00-04:00;28.1;0.0;10.6;-1;Overcast;1
19285;4a871eb2f964a520b20220e3;2018-09-22 00:42:00-04:00;22.4;0.0;7.0;-1;Overcast;1
19285;4b1c3950f964a520970424e3;2018-09-22 01:49:00-04:00;22.6;0.0;13.6;-1;Overcast;1
19285;4b5211e9f964a520736527e3;2018-08-26 18:27:00-04:00;27.4;0.0;15.3;-1;Overcast;1
19285;542b4e59498e6ff85d98370b;2018-04-11 22:19:00-04:00;7.7;0.0;8.7;-1;Partially cloudy;1
19410;47f39422f964a5209b4e1fe3;2017-10-22 02:16:00-04:00;17.2;0.0;1.2;-1;Clear;1
19410;50bcb93ae4b0efcb4c84d434;2017-10-25 02:38:00-04:00;18.4;0.0;4.5;-1;Clear;1
19410;522dfe8b7e4826517408a264;2018-02-21 01:37:00-05:00;13.3;0.0;4.2;-1;Partially cloudy;1
19410;533d9866498ebb34ff92d1ed;2017-12-29 20:22:00-05:00;-7.0;0.0;14.1;-1;Clear;1
19410;57ab90ca498e7d61e13a6985;2017-12-17 04:00:00-05:00;0.8;0.0;3.6;-1;Overcast;2
19410;59bca892bcbf7a6bb65b3c63;2018-02-21 01:18:00-05:00;15.3;0.0;9.8;-1;Partially cloudy;1
19410;59bdbf214c9be611fb5eae24;2018-02-04 04:40:00-05:00;0.0;0.0;6.5;-1;Overcast;1
19476;4a718a5af964a52041d91fe3;2018-07-17 14:09:00-04:00;30.4;0.0;13.8;-1;Partially cloudy;1
19476;4acf2596f964a52087d220e3;2017-10-06 00:49:00-04:00;22.0;0.0;5.7;-1;Partially cloudy;1
19476;4dadcb124df0522cc5622202;2018-07-17 18:07:00-04:00;22.7;3.305;4.7;rain;Rain, Overcast;1
19562;4bc24023461576b056237d32;2017-10-04 11:08:00-04:00;18.7;0.0;7.0;-1;Clear;1
19571;4c2404a0c11dc9b64ade2424;2017-10-03 21:10:00-04:00;15.9;0.0;8.4;-1;Partially cloudy;1
19571;4e19d9b91f6eb9559887594f;2017-12-22 21:40:00-05:00;5.4;0.0;15.4;-1;Partially cloudy;1
19571;59558c9b75cb8c11482ea9b6;2017-12-02 01:33:00-05:00;4.7;0.0;6.3;-1;Partially cloudy;1
19645;4b78360df964a520a7bc2ee3;2018-10-05 17:37:00-04:00;19.0;0.0;3.8;-1;Partially cloudy;1
19645;5b9400f7b6b04b002c0c38f2;2018-10-05 20:33:00-04:00;18.2;0.0;4.4;-1;Overcast;1
19676;45719c4bf964a520693e1fe3;2018-03-01 18:15:00-05:00;13.2;0.0;14.0;-1;Overcast;1
19676;4a0c627df964a52028751fe3;2017-11-10 18:10:00-05:00;-0.8;0.0;20.3;-1;Clear;1
19676;4a455daff964a52014a81fe3;2018-03-30 17:11:00-04:00;12.1;0.252;19.4;rain;Rain, Overcast;2
19676;4a523834f964a52068b11fe3;2018-02-08 18:07:00-05:00;-0.6;0.0;10.1;-1;Overcast;1
19676;4a82f013f964a52096f91fe3;2017-10-24 17:10:00-04:00;20.4;0.308;29.1;rain;Rain, Overcast;1
19676;4ce56fbd5bf68cfa65f23c17;2018-02-15 18:10:00-05:00;15.1;0.0;6.6;-1;Partially cloudy;1
19676;50bcb93ae4b0efcb4c84d434;2018-04-18 17:01:00-04:00;12.0;0.0;16.4;-1;Clear;1
19676;52ad100d498eb6c1fda53c28;2017-10-25 17:09:00-04:00;17.7;0.0;3.3;-1;Partially cloudy;1
19676;53e929d5498e60742357fb87;2017-10-18 17:04:00-04:00;21.4;0.0;11.2;-1;Clear;1
19676;5474aaee498e92bfb294f15c;2018-03-27 17:15:00-04:00;6.3;0.0;5.0;-1;Partially cloudy;9
19676;57ab90ca498e7d61e13a6985;2018-03-30 21:21:00-04:00;9.5;0.0;11.8;-1;Overcast;1
19676;57ae0be1cd100274743d07df;2018-03-08 14:45:00-05:00;4.0;0.0;15.4;-1;Overcast;2
19676;585c15782b04f80cdd0e9711;2018-04-24 17:06:00-04:00;16.5;0.0;13.1;-1;Partially cloudy;6
19757;4ad76597f964a5200e0a21e3;2017-11-12 19:03:00-05:00;6.8;0.0;2.9;-1;Partially cloudy;1
19757;4b6b5abff964a520fb022ce3;2017-11-12 19:41:00-05:00;6.3;0.0;2.6;-1;Partially cloudy;1
19757;4bc24023461576b056237d32;2017-11-12 19:32:00-05:00;6.3;0.0;2.6;-1;Partially cloudy;1
19757;515abd65e4b08eda86b30e6e;2017-11-12 21:22:00-05:00;6.2;0.0;4.8;-1;Partially cloudy;1
19761;4165d880f964a5207e1d1fe3;2017-10-21 11:12:00-04:00;19.8;0.0;3.3;-1;Clear;1
19761;507f06e9e4b0d2368fcbada4;2017-12-22 22:30:00-05:00;5.4;0.0;15.4;-1;Partially cloudy;1
19772;4abe7f9ef964a520068e20e3;2018-01-07 21:50:00-05:00;-8.2;0.0;14.8;-1;Partially cloudy;1
19772;4f53d65de4b0b589399898a1;2018-01-13 16:03:00-05:00;-0.4;0.0;19.3;-1;Clear;1
19772;5418490f498e4d3bb75c7bcc;2018-01-09 18:31:00-05:00;3.7;0.0;20.5;-1;Clear;1
19772;5787b68e498efcabbebba4f8;2018-01-07 20:43:00-05:00;-7.8;0.0;13.0;-1;Overcast;1
19816;49ff62f9f964a52013701fe3;2018-02-24 20:10:00-05:00;8.3;0.0;1.2;-1;Overcast;1
19816;4bc72ae7af07a593909c7e2d;2018-02-24 17:21:00-05:00;8.5;0.248;13.2;rain;Rain, Overcast;1
19816;4eb90d85722e09311d356915;2018-02-10 20:19:00-05:00;7.0;3.755;6.8;rain;Rain, Overcast;1
19816;548bafcf498e0c4238d87fe8;2018-01-29 01:10:00-05:00;7.1;0.0;9.0;-1;Partially cloudy;1
19816;54aed577498ee5fc196739f7;2018-02-24 17:28:00-05:00;8.5;0.248;13.2;rain;Rain, Overcast;1
19821;57c43c98498e2696b402a527;2018-06-22 14:43:00-04:00;23.1;0.0;10.1;-1;Partially cloudy;1
19903;4a623abff964a52071c31fe3;2018-03-05 16:31:00-05:00;5.7;0.0;16.0;-1;Overcast;1
19903;4e6a4045b993d5439f253b45;2018-03-05 15:32:00-05:00;5.7;0.0;16.2;-1;Overcast;1
19903;4eb90d85722e09311d356915;2018-03-05 16:49:00-05:00;5.7;0.0;16.0;-1;Overcast;1
20326;42893400f964a52054231fe3;2017-12-06 18:44:00-05:00;5.7;0.0;14.8;-1;Partially cloudy;1
20326;4a44cd95f964a5208fa71fe3;2017-12-06 19:46:00-05:00;5.1;0.0;13.2;-1;Partially cloudy;1
20326;4a675deef964a52045c91fe3;2017-12-06 17:43:00-05:00;5.9;0.0;12.3;-1;Partially cloudy;1
20326;4b40cf3df964a5206bbb25e3;2017-12-08 16:05:00-05:00;3.0;0.0;5.6;-1;Partially cloudy;1
20326;4b996536f964a520467835e3;2017-12-08 17:02:00-05:00;3.0;0.0;10.4;-1;Partially cloudy;1
20326;509fd01de4b070da0a9d3c24;2017-12-06 17:28:00-05:00;5.9;0.0;22.6;-1;Partially cloudy;1
20326;59d2c4ec1f8ed658b1f4fb03;2017-12-08 17:36:00-05:00;2.5;0.0;13.4;-1;Overcast;1
20580;3fd66200f964a520d8e41ee3;2017-10-18 20:50:00-04:00;17.8;0.0;6.9;-1;Clear;1
20580;42daf100f964a52035261fe3;2017-10-18 20:07:00-04:00;18.1;0.0;8.0;-1;Clear;1
20580;45719c4bf964a520693e1fe3;2017-10-18 19:14:00-04:00;18.5;0.0;8.7;-1;Clear;1
20580;4b08b795f964a5204b1123e3;2017-11-12 23:07:00-05:00;6.2;0.0;2.9;-1;Partially cloudy;1
20580;528d0c85498e4ce54c3d7c2c;2017-10-18 20:13:00-04:00;18.1;0.0;8.0;-1;Clear;1
20673;59f38be7175562651c451266;2017-11-18 23:53:00-05:00;13.1;0.0;7.6;-1;Partially cloudy;1
20688;49de7429f964a52053601fe3;2018-01-27 15:16:00-05:00;12.5;0.0;14.6;-1;Partially cloudy;1
20688;4a7ca51ff964a52012ed1fe3;2018-02-03 15:46:00-05:00;-1.0;0.0;15.4;-1;Partially cloudy;2
20688;4fd38a04e4b065401a9aaf88;2018-03-24 23:13:00-04:00;5.3;0.0;11.2;-1;Partially cloudy;1
20688;51bb9282498e56a7521f9983;2018-03-22 21:16:00-04:00;7.4;0.0;11.4;-1;Partially cloudy;5
20688;51f0ff3a498ead51c8860c75;2017-12-20 23:11:00-05:00;2.0;0.0;12.7;-1;Partially cloudy;1
20688;53b042cf498e396ed84d1344;2018-01-07 16:44:00-05:00;-8.2;0.0;11.7;-1;Partially cloudy;1
20688;55103583498eed2d409b549a;2018-01-07 17:30:00-05:00;-8.2;0.0;11.7;-1;Partially cloudy;1
20688;5521c2ff498ebe2368634187;2018-02-16 23:15:00-05:00;3.1;0.0;22.7;-1;Clear;1
20688;553527eb498e43895e4c1805;2018-04-06 21:47:00-04:00;12.9;0.0;3.7;-1;Partially cloudy;8
20688;572926cecd10b412d636855d;2018-01-17 00:02:00-05:00;1.5;0.0;9.2;-1;Overcast;1
20688;57b08c2c498ef31f02f8fcb4;2017-10-14 17:59:00-04:00;21.5;0.0;1.2;-1;Partially cloudy;1
20688;585488d35804ea5d622e2bec;2017-10-07 15:34:00-04:00;24.6;0.0;12.0;-1;Partially cloudy;1
20688;5991933ec0f1632f70b55347;2018-02-03 18:10:00-05:00;-1.2;0.0;12.1;-1;Partially cloudy;1
20688;59b4898de1f0aa6d9ec6d507;2018-02-04 17:03:00-05:00;3.9;0.367;6.7;rain;Rain, Overcast;1
20809;55e1c16f498e3be4f7108cab;2017-10-04 15:54:00-04:00;23.6;0.0;21.3;-1;Clear;1
20840;5602e4df498ec4005a607535;2018-01-26 21:35:00-05:00;1.1;0.0;13.6;-1;Clear;1
20904;4abe7f9ef964a520068e20e3;2017-12-03 17:55:00-05:00;8.5;0.0;4.1;-1;Partially cloudy;1
21100;3fd66200f964a520c1e81ee3;2018-06-27 18:05:00-04:00;22.1;0.0;13.0;-1;Overcast;1
21100;4b6d9298f964a520607d2ce3;2017-10-20 22:28:00-04:00;17.9;0.0;3.8;-1;Clear;1
21100;4e01da4f22717718d3a196d1;2017-10-20 20:04:00-04:00;20.3;0.0;5.8;-1;Clear;1
21100;588251d3ac13691c90477561;2018-06-27 17:33:00-04:00;22.1;0.0;13.0;-1;Overcast;1
21181;4b6b5abff964a520fb022ce3;2017-10-20 20:19:00-04:00;20.3;0.0;5.8;-1;Clear;1
21181;4c90ef9757e5b60c584b5c1c;2017-10-20 21:53:00-04:00;17.9;0.0;3.8;-1;Clear;1
21209;4bab56aff964a5209ea13ae3;2017-12-03 22:00:00-05:00;7.1;0.0;6.2;-1;Partially cloudy;1
21209;524aeb0111d2ae4d1b1eea62;2018-02-17 20:13:00-05:00;0.6;2.456;4.1;rain,snow;Snow, Rain, Overcast;1
21287;50d860c3e4b09e2e672abce3;2018-01-25 17:24:00-05:00;0.4;0.0;19.0;-1;Clear;1
21570;4165d880f964a5207e1d1fe3;2018-09-17 22:08:00-04:00;24.1;0.0;16.6;-1;Overcast;1
21570;42daf100f964a52035261fe3;2018-06-02 13:54:00-04:00;27.6;0.128;12.4;rain;Rain, Partially cloudy;1
21570;4b1319b4f964a520189423e3;2018-09-17 21:12:00-04:00;24.1;0.0;16.9;-1;Partially cloudy;1
21580;56d8c0f8498edb854f926e6a;2017-11-13 16:21:00-05:00;8.7;0.0;11.8;-1;Partially cloudy;1
21580;581605b838faae96e66a8903;2017-11-13 18:55:00-05:00;6.4;0.0;12.1;-1;Clear;1
21603;4a60ff5bf964a520a4c11fe3;2017-10-06 17:15:00-04:00;25.7;0.0;10.8;-1;Clear;1
21603;530cfc59498e616734984498;2017-10-05 20:28:00-04:00;25.4;0.0;14.1;-1;Partially cloudy;1
21603;5547ffe8498ec8a2c668a412;2017-10-05 12:33:00-04:00;26.8;0.0;12.9;-1;Partially cloudy;2
21626;4ba0e4e3f964a520498537e3;2018-05-06 20:00:00-04:00;15.0;0.0;7.9;-1;Overcast;1
21709;4b55cd09f964a520acf027e3;2018-04-22 02:39:00-04:00;9.0;0.0;14.7;-1;Partially cloudy;1
21709;5984eeb39be522744003dee5;2018-04-22 00:16:00-04:00;11.9;0.0;14.1;-1;Partially cloudy;1
21789;516dfc13498e616e4c78b107;2017-10-30 17:30:00-04:00;13.0;0.0;19.3;-1;Clear;1
21789;547495e7498e5a7d3d740f2d;2017-10-12 12:08:00-04:00;16.1;0.0;21.7;-1;Partially cloudy;2
21789;570bffa8cd10a48a0f5d0cf3;2017-10-31 14:02:00-04:00;13.6;0.0;29.4;-1;Clear;1
21789;582e6365debdf603fff720ab;2017-10-11 22:18:00-04:00;18.5;0.0;17.2;-1;Partially cloudy;1
21789;58d160a5e309e1483f78f385;2017-10-11 14:20:00-04:00;23.8;0.0;13.6;-1;Partially cloudy;1
21789;59287ec99cadd905284e4052;2017-10-10 23:49:00-04:00;21.1;0.0;7.5;-1;Clear;1
21789;593332f9123a1963f539daa0;2017-10-29 17:57:00-04:00;18.1;3.914;14.2;rain;Rain, Overcast;1
21789;59822ae4e97dfb6a1519825b;2017-10-10 23:55:00-04:00;21.1;0.0;7.5;-1;Clear;1
21826;5787b68e498efcabbebba4f8;2018-01-13 22:05:00-05:00;-6.1;0.0;14.9;-1;Clear;1
22053;431e2d80f964a52079271fe3;2018-03-04 02:23:00-05:00;4.5;0.0;22.7;-1;Overcast;1
22053;4eefd4506d86d722df8fd52e;2017-10-14 00:20:00-04:00;16.9;0.0;8.5;-1;Partially cloudy;1
22077;3fd66200f964a52044e91ee3;2018-04-21 21:19:00-04:00;14.0;0.0;11.3;-1;Partially cloudy;1
22077;3fd66200f964a520d8f11ee3;2018-01-30 17:52:00-05:00;-0.7;0.0;29.2;-1;Overcast;1
22077;42055e00f964a5206e1f1fe3;2018-02-02 22:39:00-05:00;-8.2;0.0;19.4;-1;Clear;1
22077;49da4a35f964a5206f5e1fe3;2018-07-31 16:47:00-04:00;25.6;0.0;15.5;-1;Partially cloudy;1
22077;4a8b0693f964a520350b20e3;2017-11-18 23:48:00-05:00;13.1;0.0;7.6;-1;Partially cloudy;1
22077;4c154c9a77cea593c401d260;2017-12-19 18:54:00-05:00;12.1;0.0;19.0;-1;Partially cloudy;1
22077;4ebdba4e29c25ce5a107be6c;2018-02-24 00:07:00-05:00;5.8;0.0;11.4;-1;Overcast;1
22077;512a6086e4b023dd9c27e82d;2018-01-23 01:48:00-05:00;3.3;0.0;4.5;-1;Overcast;1
22077;51fab1fb498eceabcac64d0a;2018-01-18 23:04:00-05:00;-3.2;0.0;12.0;-1;Clear;1
22330;53506fd9498ebca706a7c170;2017-12-19 03:02:00-05:00;7.9;0.0;7.0;-1;Overcast;1
22352;509fd01de4b070da0a9d3c24;2017-12-24 22:24:00-05:00;3.2;0.0;19.3;-1;Overcast;1
22364;4ae8906ef964a52071b021e3;2018-04-06 19:47:00-04:00;14.8;0.0;11.7;-1;Overcast;1
22567;3fd66200f964a520e6e81ee3;2018-03-30 03:21:00-04:00;8.6;0.0;2.5;-1;Partially cloudy;1
22567;4d3f624e90f9224bef9ffc1d;2018-06-13 16:49:00-04:00;24.4;0.0;10.2;-1;Overcast;1
22567;4db5fbfe43a1369cb5dc2a1f;2017-11-29 00:48:00-05:00;10.4;0.0;16.5;-1;Clear;1
22567;539f180f498e718f89bb5369;2018-06-13 21:24:00-04:00;24.9;0.0;10.6;-1;Partially cloudy;1
22641;49bc3b0af964a52020541fe3;2017-10-18 21:49:00-04:00;17.7;0.0;11.6;-1;Clear;2
22641;4a04ba93f964a52023721fe3;2018-02-18 20:43:00-05:00;4.3;0.0;4.2;-1;Clear;6
22641;4b252930f964a520266d24e3;2017-12-11 17:10:00-05:00;4.1;0.0;3.9;-1;Partially cloudy;2
22641;4b52a06df964a5204e8427e3;2017-12-29 22:23:00-05:00;-7.7;0.0;13.4;-1;Clear;1
22641;4bcc638d68f976b06d7a6283;2018-02-21 23:21:00-05:00;15.5;0.0;12.1;-1;Overcast;2
22641;4be32919660ec9287c4fcb3b;2017-10-23 13:54:00-04:00;23.2;0.0;18.8;-1;Partially cloudy;1
22641;4bf8343f4a67c9285ffb24cf;2018-02-14 22:04:00-05:00;9.9;0.0;9.5;-1;Overcast;1
22641;4cd84a313ec4b1f763cdbd3f;2017-10-18 15:21:00-04:00;22.0;0.0;4.8;-1;Clear;1
22641;4e7a3d3f775b9ed4d3854ca6;2018-03-23 16:23:00-04:00;8.7;0.0;13.6;-1;Overcast;6
22641;56c7640ccd104ef5361e0728;2018-03-13 16:26:00-04:00;4.6;0.0;24.7;-1;Overcast;17
22676;4a561d04f964a52077b41fe3;2017-10-05 17:53:00-04:00;27.0;0.0;11.5;-1;Partially cloudy;1
22676;4ab04d91f964a520f86620e3;2017-10-04 13:55:00-04:00;23.5;0.0;12.2;-1;Clear;1
22676;4ab27744f964a520486b20e3;2017-10-04 20:56:00-04:00;21.5;0.0;23.1;-1;Clear;1
22727;4eb90d85722e09311d356915;2018-01-07 22:54:00-05:00;-8.3;0.0;20.4;-1;Partially cloudy;1
22755;49dcd4b4f964a520ad5f1fe3;2018-02-19 17:50:00-05:00;8.7;0.087;6.8;rain;Rain, Overcast;1
22755;4ae8906ef964a52071b021e3;2018-02-19 14:09:00-05:00;8.5;0.0;10.9;-1;Overcast;1
22766;42893400f964a52054231fe3;2017-10-07 17:36:00-04:00;24.3;0.0;13.4;-1;Clear;1
22773;3fd66200f964a520c7e61ee3;2017-10-18 23:09:00-04:00;17.5;0.0;12.6;-1;Clear;1
22773;4a75edcff964a520b3e11fe3;2018-09-29 23:15:00-04:00;17.3;0.0;0.9;-1;Clear;1
22773;521cad4011d2a9c6e2c198ae;2017-10-19 00:14:00-04:00;16.6;0.0;10.7;-1;Clear;1
22775;49cebdeaf964a520815a1fe3;2018-04-25 22:51:00-04:00;13.1;0.0;2.1;-1;Overcast;1
22775;49f7456af964a5207b6c1fe3;2018-04-26 00:47:00-04:00;12.8;4.991;0.0;rain;Rain, Overcast;1
22775;4b3b9824f964a520a87625e3;2018-05-04 20:24:00-04:00;27.6;0.0;12.1;-1;Partially cloudy;1
22775;577c4a4a498e2c214c8f57e1;2018-03-05 19:10:00-05:00;4.0;0.0;14.8;-1;Clear;1
22887;4165d880f964a5207e1d1fe3;2017-11-05 12:14:00-05:00;13.5;0.0;11.7;-1;Overcast;2
22887;4aaa4e0ef964a520ad5520e3;2017-10-18 22:51:00-04:00;17.5;0.0;12.6;-1;Clear;1
22887;4ae8fd76f964a520e1b321e3;2018-03-23 19:06:00-04:00;8.0;0.0;25.5;-1;Overcast;1
22887;4bb76b8146d4a593de6ec7c0;2017-10-10 22:03:00-04:00;23.2;0.0;6.9;-1;Clear;1
22892;4b40cf3df964a5206bbb25e3;2017-10-06 18:31:00-04:00;22.4;0.0;11.8;-1;Clear;1
22904;4a82eea3f964a52090f91fe3;2018-09-12 23:07:00-04:00;22.5;0.0;14.3;-1;Overcast;1
22904;5419c024498e81544e23eee9;2018-09-13 00:24:00-04:00;21.9;0.0;15.1;-1;Overcast;1
22928;504e3873e4b054854305eff0;2017-10-25 21:52:00-04:00;16.5;0.0;5.6;-1;Partially cloudy;1
22928;5772e0d5cd10a42d05ed11a5;2017-10-25 23:16:00-04:00;15.9;0.0;13.0;-1;Overcast;1
22949;4a6fa0abf964a520a4d61fe3;2017-10-20 16:20:00-04:00;23.1;0.0;13.9;-1;Clear;1
22949;4ba0e528f964a5205c8537e3;2017-10-07 16:20:00-04:00;24.6;0.0;12.0;-1;Partially cloudy;1
22949;56377427498ef690cfe35b1a;2017-10-20 13:31:00-04:00;22.5;0.0;15.7;-1;Clear;1
23042;538c7c1d498ef911b52f886c;2017-11-09 17:29:00-05:00;11.4;0.0;10.5;-1;Overcast;1
23042;5797bfdd498ef80c3149949d;2017-11-09 22:23:00-05:00;12.2;0.0;9.0;-1;Partially cloudy;1
23098;4a675deef964a52045c91fe3;2017-11-21 19:28:00-05:00;11.6;0.0;7.3;-1;Partially cloudy;1
23098;4b6b5abff964a520fb022ce3;2017-11-21 15:49:00-05:00;13.5;0.0;13.8;-1;Partially cloudy;1
23234;4165d880f964a5207e1d1fe3;2018-01-07 17:44:00-05:00;-8.2;0.0;17.5;-1;Partially cloudy;1
23234;4f19bd72e4b0808f629111d1;2018-06-22 23:27:00-04:00;19.8;0.048;14.0;rain;Rain, Overcast;1
23367;45e5c256f964a52046431fe3;2018-05-05 22:16:00-04:00;20.2;0.0;9.5;-1;Overcast;1
23390;518455a0498e0b8ab38ed574;2018-07-26 21:46:00-04:00;28.2;0.0;10.2;-1;Clear;1
23416;49dcd4b4f964a520ad5f1fe3;2018-06-11 23:59:00-04:00;15.3;0.0;3.0;-1;Clear;1
23416;4eb90d85722e09311d356915;2018-06-12 13:29:00-04:00;22.9;0.0;21.0;-1;Clear;1
23416;515abd65e4b08eda86b30e6e;2018-06-12 17:54:00-04:00;21.5;0.0;23.1;-1;Partially cloudy;1
23416;53910122498ebdced55ff0ee;2018-06-12 16:50:00-04:00;21.7;0.0;19.3;-1;Partially cloudy;1
23559;3fd66200f964a52050e61ee3;2017-10-06 17:11:00-04:00;25.7;0.0;10.8;-1;Clear;1
23559;3fd66200f964a52093ea1ee3;2018-01-21 00:57:00-05:00;6.0;0.0;7.8;-1;Clear;1
23559;49e7ce15f964a5201d651fe3;2017-10-28 01:02:00-04:00;13.5;0.0;12.1;-1;Clear;2
23559;4b5b6ddcf964a5205ffd28e3;2017-11-26 20:31:00-05:00;5.0;0.0;12.4;-1;Clear;1
23559;4dda977ad22d38ef4332c419;2017-10-28 00:13:00-04:00;14.1;0.0;12.1;-1;Clear;1
23559;571fc242498ead274d034e90;2017-11-26 20:46:00-05:00;5.0;0.0;12.4;-1;Clear;1
23591;4ec4407382313b672fccf581;2018-07-27 22:20:00-04:00;21.9;1.948;2.3;rain;Rain, Overcast;1
23684;4b7bfd18f964a52045772fe3;2018-01-17 19:17:00-05:00;-2.6;0.0;19.7;snow;Partially cloudy;1
23684;5984eeb39be522744003dee5;2018-01-17 19:48:00-05:00;-3.6;0.0;19.0;snow;Partially cloudy;1
23698;45a38e32f964a520ee401fe3;2018-03-05 23:59:00-05:00;2.3;0.0;12.8;-1;Clear;1
23734;4ad46a75f964a520cde720e3;2017-10-04 20:16:00-04:00;22.0;0.0;13.2;-1;Clear;1
23736;3fd66200f964a520d7e41ee3;2018-01-30 20:38:00-05:00;-2.5;0.0;20.8;-1;Partially cloudy;1
23736;4eb90d85722e09311d356915;2018-01-01 15:58:00-05:00;-7.5;0.0;18.2;-1;Clear;1
23736;51c4cc34498e6bf2ab80ae5b;2018-01-30 13:43:00-05:00;2.0;0.075;15.3;rain,snow;Snow, Rain, Overcast;1
23736;51cde558011c221bf79219a0;2018-04-02 20:00:00-04:00;5.0;0.0;1.5;-1;Partially cloudy;1
23790;501d3c31e4b0c3028609cc2b;2018-07-21 17:07:00-04:00;23.3;0.0;17.5;-1;Partially cloudy;1
23875;3fd66200f964a52037e31ee3;2018-04-15 02:21:00-04:00;6.9;0.0;22.8;-1;Overcast;1
23932;4a1dd407f964a5209c7b1fe3;2017-10-20 17:51:00-04:00;22.0;0.0;12.7;-1;Clear;1
23932;4a7ca51ff964a52012ed1fe3;2018-05-08 19:31:00-04:00;16.4;0.0;10.7;-1;Clear;1
23932;4b636db6f964a52019792ae3;2017-12-19 19:28:00-05:00;12.1;0.0;19.0;-1;Partially cloudy;1
23932;52ac8847498e1390ec3ab77e;2017-10-20 22:35:00-04:00;18.1;0.0;7.1;-1;Clear;1
23932;5387d2e2498ee7f0fb1c5b41;2017-10-21 02:17:00-04:00;16.3;0.0;7.8;-1;Clear;1
23932;575034ba498e362147f173e2;2017-10-20 20:15:00-04:00;20.3;0.0;5.8;-1;Clear;1
23994;50098a81e4b090cb2559381d;2017-10-30 20:40:00-04:00;11.9;0.0;14.6;-1;Clear;1
24098;49bc3b0af964a52020541fe3;2018-05-16 17:36:00-04:00;14.8;1.697;9.6;rain;Rain, Overcast;1
24098;509fd01de4b070da0a9d3c24;2018-05-20 13:13:00-04:00;27.1;0.0;18.5;-1;Partially cloudy;1
24098;540d97b5498e05abd30fd5ca;2018-05-20 13:33:00-04:00;26.7;0.0;16.7;-1;Overcast;1
24098;579c12cd498e6e815b3acf50;2018-05-18 23:28:00-04:00;13.9;0.0;6.1;-1;Overcast;1
24100;58801864cc5b6a14dedce689;2017-10-07 00:06:00-04:00;22.4;0.0;1.7;-1;Partially cloudy;1
24111;3fd66200f964a5206be61ee3;2018-05-19 16:45:00-04:00;13.4;0.0;11.0;-1;Overcast;1
24111;4a1d6741f964a520727b1fe3;2018-08-25 16:59:00-04:00;25.0;0.0;4.9;-1;Partially cloudy;1
24111;4b55cd09f964a520acf027e3;2018-08-12 15:33:00-04:00;27.6;0.0;11.8;-1;Partially cloudy;1
24144;45719c4bf964a520693e1fe3;2018-04-13 20:03:00-04:00;20.2;0.0;6.5;-1;Partially cloudy;1
24144;49df5807f964a520c0601fe3;2018-04-13 18:32:00-04:00;23.1;0.0;8.5;-1;Partially cloudy;1
24144;4a44cd95f964a5208fa71fe3;2018-04-17 16:23:00-04:00;7.5;0.0;19.7;-1;Overcast;1
24144;4a675deef964a52045c91fe3;2018-04-17 12:58:00-04:00;8.0;0.0;29.4;-1;Overcast;1
24144;4b6b5abff964a520fb022ce3;2018-04-13 16:31:00-04:00;27.4;0.0;15.2;-1;Partially cloudy;1
24144;4c374bf80a71c9b6f2893ec9;2018-04-13 15:26:00-04:00;27.3;0.0;15.7;-1;Partially cloudy;1
24175;3fd66200f964a520dbe61ee3;2017-12-03 04:31:00-05:00;6.3;0.0;2.4;-1;Overcast;1
24175;50bcb93ae4b0efcb4c84d434;2017-12-03 08:13:00-05:00;7.0;0.0;3.7;-1;Overcast;1
24175;536a6d07498e75a5077ea194;2018-01-07 18:00:00-05:00;-8.2;0.0;17.5;-1;Partially cloudy;1
24175;564a86c8498ea245a802f0d1;2018-01-27 23:19:00-05:00;12.0;0.0;15.2;-1;Partially cloudy;1
24222;4be7f1a4947820a1c23fb4db;2017-10-06 18:07:00-04:00;23.8;0.0;9.4;-1;Clear;1
24235;3fd66200f964a520b9e81ee3;2018-04-24 02:02:00-04:00;10.6;0.0;5.0;-1;Clear;1
24281;3fd66200f964a520ece31ee3;2017-10-21 23:07:00-04:00;18.6;0.0;9.4;-1;Partially cloudy;1
24300;5b6d04e4446ea6002c788c6c;2018-10-12 19:06:00-04:00;13.7;0.0;8.1;-1;Clear;1
24335;4bd716bd6798ef3b382c668d;2018-01-08 17:31:00-05:00;-1.5;1.791;12.9;rain,snow;Snow, Rain, Overcast;1
24335;4ce147cadf986ea84ebfeb16;2017-10-16 15:46:00-04:00;13.7;0.0;22.7;-1;Partially cloudy;1
24335;50c28307e4b0c5b6f33ec0e1;2018-09-27 16:02:00-04:00;22.1;0.0;10.3;-1;Partially cloudy;1
24335;5579bd46498e582e6b9df6c0;2018-01-08 10:55:00-05:00;-4.3;0.0;11.7;-1;Partially cloudy;2
24380;46712cd5f964a520c8471fe3;2017-11-12 17:39:00-05:00;6.3;0.0;7.8;-1;Partially cloudy;1
24380;59e13fc9e4c459524ae462a9;2017-10-14 23:00:00-04:00;20.1;0.0;0.9;-1;Partially cloudy;1
24405;3fd66200f964a520bce61ee3;2017-12-19 20:12:00-05:00;11.7;0.0;17.7;-1;Clear;1
24405;40fb0f00f964a520db0a1fe3;2017-12-19 19:09:00-05:00;12.1;0.0;19.0;-1;Partially cloudy;1
24405;46712cd5f964a520c8471fe3;2017-12-19 16:07:00-05:00;13.0;0.0;14.9;-1;Partially cloudy;1
24405;4b996536f964a520467835e3;2017-12-19 19:03:00-05:00;12.1;0.0;19.0;-1;Partially cloudy;1
24405;4c1125b56b7e2d7fc6c72835;2017-12-19 16:31:00-05:00;12.7;0.0;19.3;-1;Partially cloudy;1
24423;59f38be7175562651c451266;2017-12-16 20:35:00-05:00;3.0;0.0;10.2;-1;Overcast;1
24455;4b9580fff964a52045a634e3;2018-09-22 15:01:00-04:00;21.3;0.0;11.6;-1;Partially cloudy;1
24455;4eb13d68e5e8c0f5bd2fd983;2018-09-16 14:00:00-04:00;28.3;0.0;7.6;-1;Partially cloudy;3
24455;53aee20d498e6744c341c483;2018-09-15 16:56:00-04:00;25.1;0.0;16.1;-1;Clear;1
24455;57470da2498ed71d9912da41;2018-05-18 22:52:00-04:00;13.9;0.0;6.1;-1;Overcast;1
24455;58d2d521fb549a39850b04f6;2018-04-15 21:23:00-04:00;3.6;2.886;19.7;rain;Rain, Overcast;1
24455;59713cc87564f739c83beee8;2018-05-24 17:23:00-04:00;28.0;0.0;8.7;-1;Clear;1
24455;597a8e3675a6ea23e92b1414;2018-05-24 15:15:00-04:00;27.5;0.0;1.2;-1;Clear;1
24455;5a20c25f178a2a17a813e933;2018-09-13 15:05:00-04:00;24.0;0.0;15.1;-1;Overcast;1
24455;5a3464f8838e597257915d3b;2018-09-15 16:57:00-04:00;25.1;0.0;16.1;-1;Clear;1
24455;5acfe184c0cacb295c29d99b;2018-04-15 20:09:00-04:00;3.6;3.255;20.6;rain;Rain, Overcast;2
24490;5696a83d498e36e88b989783;2017-10-06 00:30:00-04:00;22.4;0.0;15.1;-1;Partially cloudy;1
24490;58d2d521fb549a39850b04f6;2017-10-06 01:00:00-04:00;22.0;0.0;5.7;-1;Partially cloudy;1
24490;59c6af0635f98307199fbc40;2017-10-14 19:11:00-04:00;21.4;0.0;6.3;-1;Partially cloudy;1
24490;59e13fc9e4c459524ae462a9;2017-10-14 18:57:00-04:00;21.4;0.0;6.3;-1;Partially cloudy;1
24492;4afc3ba3f964a520bb2022e3;2017-10-04 00:36:00-04:00;14.5;0.0;7.1;-1;Clear;1
24492;4bbb9dbded7776b0e1ad3e51;2017-10-03 23:34:00-04:00;15.1;0.0;2.4;-1;Clear;1
24567;49ef8a3df964a520c9681fe3;2017-10-06 01:52:00-04:00;21.5;0.0;7.8;-1;Partially cloudy;1
24567;59d1414eaa6c9536b0a5d33d;2017-10-05 23:21:00-04:00;22.3;0.0;9.5;-1;Partially cloudy;1
24596;4b6b5abff964a520fb022ce3;2017-10-08 15:37:00-04:00;25.4;0.0;22.0;-1;Partially cloudy;1
24657;3fd66200f964a52094e61ee3;2018-09-20 23:54:00-04:00;19.7;0.0;5.7;-1;Overcast;1
24657;40b52f80f964a5205a001fe3;2018-02-17 01:08:00-05:00;1.3;0.0;18.2;-1;Clear;1
24657;4d03ae3437036dcbfba10bfb;2018-02-17 03:38:00-05:00;-0.6;0.0;12.7;-1;Clear;1
24657;56bbc58e498eed7b2c402556;2018-02-17 01:57:00-05:00;0.7;0.0;16.4;-1;Clear;1
24657;59174f98ba4a647db918bfb5;2018-05-04 21:31:00-04:00;27.4;0.0;15.2;-1;Partially cloudy;1
24688;4b40cf3df964a5206bbb25e3;2018-01-01 21:59:00-05:00;-8.3;0.0;19.1;-1;Clear;1
24688;4b6b5abff964a520fb022ce3;2017-12-31 18:21:00-05:00;-10.6;0.0;19.9;-1;Clear;1
24823;4a67204ef964a520f0c81fe3;2018-06-19 14:02:00-04:00;30.7;0.0;12.2;-1;Partially cloudy;1
24836;559ecd00498e965ccd39ea9f;2018-03-30 15:23:00-04:00;15.2;0.0;13.1;-1;Partially cloudy;1
24903;422b9980f964a520d31f1fe3;2017-10-20 01:51:00-04:00;16.5;0.0;12.4;-1;Clear;1
24903;4b6d9298f964a520607d2ce3;2018-04-13 18:16:00-04:00;25.3;0.0;13.4;-1;Partially cloudy;1
24903;4fd38a04e4b065401a9aaf88;2018-03-21 03:16:00-04:00;4.0;0.0;17.2;-1;Overcast;1
24903;503fffabe4b05e5c0eace385;2018-03-21 00:37:00-04:00;3.4;0.0;19.3;-1;Overcast;1
24942;4c2b3de98abca59321ceff1f;2017-10-07 13:45:00-04:00;26.7;0.0;9.1;-1;Partially cloudy;1
24942;50bcb93ae4b0efcb4c84d434;2017-10-07 03:11:00-04:00;20.6;0.0;7.1;-1;Partially cloudy;1
24942;57b61f2a498ed8856425737c;2017-10-07 04:41:00-04:00;20.0;0.0;5.4;-1;Partially cloudy;1
25006;43c2d364f964a5204b2d1fe3;2018-03-01 18:58:00-05:00;13.0;0.0;14.2;-1;Overcast;1
25006;4a397f7ef964a520839f1fe3;2018-06-30 18:41:00-04:00;33.2;0.0;8.6;-1;Clear;1
25006;4aa6e56af964a5205d4b20e3;2018-03-11 03:36:00-05:00;1.3;0.0;11.7;-1;Partially cloudy;1
25006;4adc900ef964a520422d21e3;2018-03-01 18:20:00-05:00;13.2;0.0;14.0;-1;Overcast;1
25006;4b0c402af964a520c33923e3;2018-06-30 16:19:00-04:00;33.4;0.0;7.4;-1;Clear;1
25006;4b2ac07af964a520ecae24e3;2018-03-11 03:07:00-05:00;1.5;0.0;10.8;-1;Partially cloudy;1
25006;4b4cc07ef964a5204abd26e3;2018-06-30 18:43:00-04:00;33.2;0.0;8.6;-1;Clear;1
25006;4b6b5abff964a520fb022ce3;2018-06-30 17:54:00-04:00;33.7;0.0;9.2;-1;Clear;1
25006;4ea82375722e38f634dafc04;2018-06-30 18:16:00-04:00;33.7;0.0;9.2;-1;Clear;1
25006;528d3763498e3be0efe0d555;2018-03-11 00:47:00-05:00;1.7;0.0;12.4;-1;Partially cloudy;1
25017;4eb13d68e5e8c0f5bd2fd983;2017-12-11 13:12:00-05:00;4.7;0.0;9.9;-1;Clear;1
25124;4555bea7f964a520253d1fe3;2018-05-16 16:12:00-04:00;15.6;0.832;11.4;rain;Rain, Overcast;1
25124;4cd1ae08bcab95217f073a15;2018-05-16 15:45:00-04:00;15.6;0.832;11.4;rain;Rain, Overcast;1
25124;56b536df498e79d32247a3d1;2017-12-18 19:15:00-05:00;8.0;0.0;16.0;-1;Overcast;1
25148;590a00e74febd55af43a8267;2018-02-17 18:49:00-05:00;0.6;1.528;8.0;rain,snow;Snow, Rain, Overcast;1
25235;42893400f964a52054231fe3;2018-02-08 15:30:00-05:00;-0.3;0.0;9.1;-1;Partially cloudy;1
25235;42daf100f964a52035261fe3;2018-02-08 14:32:00-05:00;-0.3;0.0;9.1;-1;Partially cloudy;1
25235;4b1b13ddf964a520bbf723e3;2018-01-16 04:04:00-05:00;-3.5;0.0;6.7;-1;Overcast;1
25235;515abd65e4b08eda86b30e6e;2018-02-08 18:25:00-05:00;-0.6;0.0;10.1;-1;Overcast;1
25320;49e7ce15f964a5201d651fe3;2017-11-24 23:59:00-05:00;6.3;0.0;10.9;-1;Clear;1
25320;4efd1635f790570bcf88cbfd;2017-11-25 02:43:00-05:00;6.0;0.0;8.6;-1;Clear;1
25411;4a8b0693f964a520350b20e3;2017-11-25 23:41:00-05:00;10.8;0.0;12.4;-1;Partially cloudy;1
25411;528bf16711d2b7722da6b51c;2017-12-26 19:08:00-05:00;-3.4;0.0;12.8;-1;Clear;1
25411;59f38be7175562651c451266;2017-11-20 19:38:00-05:00;6.7;0.0;24.4;-1;Clear;1
25539;3fd66200f964a52006e61ee3;2018-07-29 20:42:00-04:00;26.4;0.0;3.9;-1;Partially cloudy;1
25539;49c65f17f964a5203c571fe3;2018-08-12 05:53:00-04:00;22.6;0.0;4.3;-1;Overcast;1
25642;43db9775f964a520922e1fe3;2018-04-08 01:22:00-04:00;3.0;0.0;23.8;-1;Partially cloudy;1
25642;4eefd4506d86d722df8fd52e;2018-03-25 02:41:00-04:00;2.0;0.0;20.0;-1;Partially cloudy;1
25642;591e2db56fa81f3c8c6c8954;2018-01-27 22:35:00-05:00;12.0;0.0;15.2;-1;Partially cloudy;1
25735;3fd66200f964a52006e61ee3;2018-03-04 02:49:00-05:00;4.5;0.0;15.8;-1;Overcast;1
25735;41ddd100f964a520c21e1fe3;2018-06-13 02:12:00-04:00;17.9;0.0;9.2;-1;Partially cloudy;1
25735;43db9775f964a520922e1fe3;2018-08-25 05:32:00-04:00;20.9;0.0;1.2;-1;Partially cloudy;1
25735;46e53f29f964a520b74a1fe3;2018-07-07 02:12:00-04:00;20.0;0.0;20.2;-1;Clear;1
25735;49cf9efbf964a520b05a1fe3;2018-06-30 21:05:00-04:00;30.9;0.0;11.7;-1;Clear;1
25735;4abd1344f964a520508820e3;2018-05-24 20:57:00-04:00;23.5;0.0;9.9;-1;Clear;2
25735;4b89e8e5f964a5208f5532e3;2017-12-08 02:38:00-05:00;2.8;0.0;12.2;-1;Partially cloudy;1
25735;4cd89eeb6e8b5941660c64d2;2017-11-18 00:15:00-05:00;3.6;0.0;10.6;-1;Clear;1
25735;4cdac798d6656a315f36fc3e;2018-07-22 21:45:00-04:00;23.9;0.477;10.2;rain;Rain, Overcast;1
25735;4cfe786a47699eb0fcb71715;2018-03-16 19:24:00-04:00;1.6;0.0;24.4;-1;Partially cloudy;2
25735;4ead9998e5fad025f83226a7;2018-03-24 03:53:00-04:00;3.1;0.0;11.7;-1;Partially cloudy;1
25735;4fabfa87e4b0be1a3d9c955b;2017-10-08 04:32:00-04:00;22.8;0.0;11.6;-1;Overcast;1
25735;52e2f72a498e1de9bce745b0;2018-05-29 02:07:00-04:00;17.8;0.0;4.0;-1;Overcast;1
25735;53b2aa81498e6744c355ec9f;2018-06-07 23:16:00-04:00;16.4;0.0;4.8;-1;Partially cloudy;1
25735;555ba8d9498eae864d326936;2018-03-01 17:19:00-05:00;13.0;0.0;11.0;-1;Partially cloudy;1
25735;5748d802498eccc4228c7fd1;2018-07-01 01:11:00-04:00;28.7;0.0;8.7;-1;Clear;11
25735;578692f4498e1054905dbde7;2018-07-04 23:14:00-04:00;26.3;0.0;4.5;-1;Overcast;1
25735;57928c69498e1dae12e71019;2018-03-04 00:30:00-05:00;5.0;0.0;19.5;-1;Overcast;1
25735;57f0689d498e7d49d9189369;2018-06-13 00:16:00-04:00;18.4;0.0;10.0;-1;Partially cloudy;1
25735;5823d69af2c98b32f07ac65a;2018-01-26 23:54:00-05:00;1.7;0.0;3.0;-1;Clear;1
25769;4b2ac07af964a520ecae24e3;2017-10-21 01:03:00-04:00;16.8;0.0;1.7;-1;Clear;1
25843;49f125dcf964a52091691fe3;2018-04-05 02:39:00-04:00;3.5;0.0;23.3;-1;Partially cloudy;1
25843;579c12cd498e6e815b3acf50;2018-04-04 21:53:00-04:00;7.3;0.0;25.8;-1;Clear;1
25928;3fd66200f964a5203eea1ee3;2017-10-29 00:52:00-04:00;18.3;0.0;8.8;-1;Overcast;5
25928;4adb46d8f964a5207c2521e3;2017-10-29 22:29:00-04:00;17.5;9.893;18.8;rain;Rain, Overcast;3
25928;4b11a5e0f964a5205c8123e3;2017-10-29 01:44:00-04:00;18.3;0.0;14.0;-1;Overcast;1
25928;4ea89e6702d5b8174e85e65e;2017-10-04 00:12:00-04:00;15.1;0.0;2.4;-1;Clear;1
25928;5431872b498eec43384fd39d;2017-12-31 18:33:00-05:00;-11.0;0.0;18.7;-1;Clear;1
25928;57b61f2a498ed8856425737c;2017-10-09 01:24:00-04:00;24.2;0.0;6.3;-1;Partially cloudy;1
25931;43a69d3ef964a5205d2c1fe3;2018-04-29 20:23:00-04:00;9.7;0.0;33.8;-1;Partially cloudy;1
25931;4aad744bf964a520606020e3;2017-12-21 18:35:00-05:00;3.5;0.0;11.6;-1;Overcast;1
25931;4fbbd9ede4b0756c0d4c2364;2017-12-21 18:39:00-05:00;3.5;0.0;11.6;-1;Overcast;1
25931;50524857e4b0bdd5e90ea0ee;2017-12-18 11:49:00-05:00;5.4;0.0;7.2;-1;Partially cloudy;1
25931;54f9d808498eaa73550d399c;2018-04-29 21:34:00-04:00;8.5;0.0;14.6;-1;Partially cloudy;1
25935;4ac35065f964a520239b20e3;2017-10-04 13:39:00-04:00;23.5;0.0;12.2;-1;Clear;1
26016;3fd66200f964a520dde81ee3;2017-12-05 20:18:00-05:00;14.5;4.318;5.6;rain;Rain, Partially cloudy;2
26016;49ff4e3df964a52004701fe3;2017-11-13 15:31:00-05:00;8.7;0.0;11.8;-1;Partially cloudy;1
26016;49ff62f9f964a52013701fe3;2017-12-12 00:27:00-05:00;4.0;0.0;11.3;-1;Partially cloudy;2
26016;4a2f3322f964a520b6981fe3;2017-11-24 16:24:00-05:00;9.7;0.0;7.5;-1;Clear;1
26016;4a5f5a54f964a52071bf1fe3;2017-12-03 19:17:00-05:00;7.6;0.0;3.3;-1;Partially cloudy;1
26016;4a6fa0abf964a520a4d61fe3;2017-10-12 23:13:00-04:00;13.9;0.0;16.3;-1;Clear;1
26016;4bc7ab4c14d79521c6e367e9;2017-11-23 00:30:00-05:00;2.0;0.0;17.0;-1;Clear;1
26016;4d70421f766da143df754bad;2017-11-28 02:23:00-05:00;3.9;0.0;3.0;-1;Clear;1
26016;4df9ef0d8877b30c398631f9;2017-12-06 02:35:00-05:00;14.3;0.0;5.8;-1;Partially cloudy;1
26016;4eb0244ff7900d57e4ac27a3;2017-11-25 01:21:00-05:00;5.8;0.0;7.7;-1;Clear;1
26016;514de197e4b0c471f020c47e;2017-12-12 01:33:00-05:00;4.6;0.0;8.0;-1;Partially cloudy;1
26016;51abad1c7dd28f673d21bbf4;2017-12-03 23:59:00-05:00;6.5;0.0;3.3;-1;Clear;1
26016;521b898a8bbdce5bf8e95c58;2017-11-25 19:57:00-05:00;12.5;0.0;6.4;-1;Partially cloudy;1
26016;521fba5511d2065bc4051370;2017-11-25 18:03:00-05:00;13.5;0.0;11.9;-1;Overcast;1
26016;55148c66498e987ed9d8e394;2017-11-13 18:47:00-05:00;6.4;0.0;12.1;-1;Clear;1
26016;57b64641498e30ab69639892;2017-10-09 23:38:00-04:00;24.6;0.0;18.4;-1;Partially cloudy;1
26016;58447d1ba19e9066cdc9d8a2;2017-10-09 23:24:00-04:00;24.9;0.0;14.2;-1;Partially cloudy;1
26028;4aad466df964a5206f5f20e3;2018-04-14 14:08:00-04:00;23.4;0.0;17.8;-1;Clear;1
26028;572a6dbe498e942a150da631;2018-01-20 17:31:00-05:00;8.6;0.0;18.9;-1;Partially cloudy;1
26047;4b41442ef964a5205bc425e3;2018-05-03 02:20:00-04:00;23.3;0.0;9.4;-1;Clear;1
26104;4116be80f964a520fc0b1fe3;2018-10-07 04:04:00-04:00;20.7;0.0;9.0;-1;Overcast;1
26104;49c65aa8f964a52038571fe3;2018-08-11 00:16:00-04:00;26.5;0.0;0.0;-1;Partially cloudy;4
26104;49f61fe9f964a520046c1fe3;2018-08-22 00:36:00-04:00;22.5;1.001;9.9;rain;Rain, Overcast;6
26104;4a84eb0af964a520e1fd1fe3;2018-06-26 16:45:00-04:00;23.2;0.0;13.4;-1;Partially cloudy;1
26104;4af85709f964a5205f0c22e3;2018-07-07 23:38:00-04:00;18.6;0.0;3.3;-1;Clear;1
26104;4b5b993ff964a520ee0929e3;2018-07-13 01:03:00-04:00;22.4;0.0;6.5;-1;Clear;1
26104;4b76d3f4f964a52041622ee3;2018-06-12 21:11:00-04:00;18.6;0.0;9.2;-1;Partially cloudy;1
26104;4bcf9774a8b3a5939497625f;2018-08-27 23:51:00-04:00;28.7;0.0;9.6;-1;Partially cloudy;1
26104;4cd37295baf2f04dfc22afa3;2018-07-07 00:07:00-04:00;22.0;0.0;11.8;-1;Partially cloudy;1
26104;4ce147cadf986ea84ebfeb16;2018-06-26 14:17:00-04:00;24.6;0.0;15.5;-1;Partially cloudy;1
26104;4d23c75ffdfb236ae3af7367;2018-06-12 21:35:00-04:00;18.1;0.0;8.1;-1;Partially cloudy;1
26104;5186eeb0498e1d856d27ba04;2018-08-04 00:03:00-04:00;25.7;0.0;6.2;-1;Partially cloudy;1
26104;519393ce498edf62feac9c12;2018-10-07 02:59:00-04:00;20.1;0.0;7.3;-1;Overcast;1
26104;52eddc12498e40bb655e0d7a;2018-08-12 20:08:00-04:00;25.7;0.0;8.8;-1;Partially cloudy;1
26104;53eba911498e9b26cc64bdff;2018-10-07 05:26:00-04:00;20.7;0.0;9.4;-1;Overcast;1
26104;54f9d808498eaa73550d399c;2018-08-12 19:59:00-04:00;25.7;0.0;8.8;-1;Partially cloudy;1
26104;556a0923498eb674bc49512c;2018-06-12 18:56:00-04:00;20.3;0.0;24.7;-1;Partially cloudy;1
26104;5717e052498ea14d53b097f0;2018-08-12 20:21:00-04:00;25.7;0.0;8.8;-1;Partially cloudy;1
26104;5b14956ce7a237002cc1c10c;2018-08-04 03:01:00-04:00;24.6;0.0;7.7;-1;Partially cloudy;4
26143;4c35de72452620a1ba5d270f;2018-07-03 18:01:00-04:00;26.8;0.048;4.1;rain;Rain, Partially cloudy;1
26143;504228c7e4b0af4f730be306;2018-07-03 16:48:00-04:00;28.1;0.0;11.0;-1;Partially cloudy;1
26179;44acde31f964a52013351fe3;2017-11-24 18:40:00-05:00;8.5;0.0;9.4;-1;Clear;1
26182;431f7f00f964a52085271fe3;2017-10-14 15:48:00-04:00;21.9;0.0;1.2;-1;Overcast;1
26182;4abe7f9ef964a520068e20e3;2017-10-14 15:32:00-04:00;21.9;0.0;1.2;-1;Overcast;1
26182;4eb90d85722e09311d356915;2017-10-14 15:22:00-04:00;21.8;0.0;2.4;-1;Overcast;1
26182;52b0a990498eb3a992b89573;2017-10-15 19:35:00-04:00;20.8;0.0;11.6;-1;Overcast;1
26182;55ea9f4d498ed46db0383483;2017-10-15 21:30:00-04:00;20.8;0.0;14.2;-1;Overcast;1
26182;579607a3498e62c81b38aa75;2017-10-15 19:05:00-04:00;21.3;0.0;14.8;-1;Overcast;1
26183;4eb90d85722e09311d356915;2017-12-21 16:03:00-05:00;4.0;0.0;12.4;-1;Clear;1
26183;53a1b4e1498e54415d5ac68f;2017-12-21 19:41:00-05:00;3.5;0.0;8.7;-1;Partially cloudy;1
26190;4c374bf80a71c9b6f2893ec9;2018-05-24 16:01:00-04:00;28.1;0.0;5.0;-1;Clear;1
26269;4b3a50c6f964a520796425e3;2018-03-27 21:02:00-04:00;5.8;0.0;6.6;-1;Overcast;1
26269;56c4fa3bcd10a5d646e306a9;2018-08-27 17:47:00-04:00;30.0;0.0;11.0;-1;Partially cloudy;1
26285;5ae90bde9de23b002c8af3fc;2018-05-05 14:48:00-04:00;23.7;0.0;1.8;-1;Partially cloudy;1
26343;56d8c0f8498edb854f926e6a;2018-01-01 02:21:00-05:00;-12.7;0.0;19.4;-1;Clear;1
26559;40f1d480f964a5205b0a1fe3;2017-11-01 13:18:00-04:00;12.2;0.0;7.4;-1;Overcast;1
26559;49c7e0b7f964a520cc571fe3;2017-12-19 14:03:00-05:00;12.5;0.0;27.1;-1;Partially cloudy;1
26559;49cebdeaf964a520815a1fe3;2017-11-04 06:13:00-04:00;8.7;0.0;12.0;-1;Partially cloudy;1
26559;49f201def964a520cc691fe3;2017-12-19 13:00:00-05:00;12.5;0.0;19.1;-1;Partially cloudy;1
26559;4b032755f964a5200f4d22e3;2017-10-09 23:10:00-04:00;24.9;0.0;14.2;-1;Partially cloudy;1
26559;4bd63fe7cfa7b7136b6227da;2017-11-21 13:12:00-05:00;13.6;0.0;15.6;-1;Partially cloudy;1
26559;50c28307e4b0c5b6f33ec0e1;2017-11-15 22:16:00-05:00;9.5;0.0;9.2;-1;Partially cloudy;1
26559;5171b5cc011cef9833bbb787;2017-12-15 16:56:00-05:00;-4.3;1.134;7.1;snow;Snow, Overcast;1
26559;54242f3a498e53a21ee14b81;2017-11-01 17:15:00-04:00;13.7;0.0;8.8;-1;Partially cloudy;1
26559;54346275498e3d6955212743;2017-10-09 21:15:00-04:00;24.5;0.0;11.2;-1;Partially cloudy;1
26559;54f27deb498e47a670f5e399;2017-10-14 00:03:00-04:00;16.9;0.0;8.5;-1;Partially cloudy;1
26559;56037e8b498ee4d3ed6d1280;2017-10-14 00:36:00-04:00;16.8;0.0;11.4;-1;Partially cloudy;1
26559;5696a83d498e36e88b989783;2017-12-16 00:29:00-05:00;-4.9;0.0;13.3;snow;Clear;1
26559;57a4a79c498e4a512547ef7e;2017-12-15 16:51:00-05:00;-4.3;1.134;7.1;snow;Snow, Overcast;1
26559;57bc4e34498ebd714e7b8c95;2017-11-21 15:40:00-05:00;13.5;0.0;13.8;-1;Partially cloudy;1
26559;57d9e582498e1a4d9f13ede7;2017-11-12 01:09:00-05:00;0.4;0.0;7.6;-1;Partially cloudy;1
26559;58dba0e0fef5fa1e44b46f89;2017-12-16 19:09:00-05:00;3.7;0.0;14.5;-1;Overcast;1
26559;5a0f6c9fb04056129d570bce;2017-12-16 01:11:00-05:00;-4.8;0.0;10.4;snow;Clear;1
26559;5a218e10396de039ddcae0a5;2017-12-01 20:06:00-05:00;7.2;0.0;13.5;-1;Clear;1
26563;49f125dcf964a52091691fe3;2018-08-12 04:41:00-04:00;22.7;0.0;3.6;-1;Overcast;2
26563;4b08b795f964a5204b1123e3;2018-08-12 07:02:00-04:00;22.6;0.0;4.9;-1;Overcast;1
26563;4cf021c094feb1f703420fba;2018-08-10 15:49:00-04:00;30.3;0.0;5.9;-1;Partially cloudy;1
26563;50bcb93ae4b0efcb4c84d434;2018-08-11 22:16:00-04:00;23.4;0.0;5.0;-1;Overcast;1
26575;4b6b5abff964a520fb022ce3;2018-08-29 22:02:00-04:00;31.2;0.0;9.2;-1;Clear;1
26575;4c35de72452620a1ba5d270f;2018-08-29 19:45:00-04:00;32.7;0.0;12.4;-1;Clear;1
26575;515abd65e4b08eda86b30e6e;2018-08-29 23:47:00-04:00;30.3;0.0;14.2;-1;Clear;1
26633;4a607307f964a520c7c01fe3;2018-07-01 13:39:00-04:00;35.0;0.0;9.1;-1;Partially cloudy;1
26709;3fd66200f964a52037e31ee3;2017-11-15 09:03:00-05:00;5.3;0.0;11.8;-1;Clear;1
26709;3fd66200f964a520daf11ee3;2017-10-08 00:48:00-04:00;22.7;0.0;11.1;-1;Partially cloudy;1
26709;42474900f964a52080201fe3;2017-10-04 00:32:00-04:00;14.5;0.0;7.1;-1;Clear;1
26709;49cebdeaf964a520815a1fe3;2018-02-21 01:10:00-05:00;15.3;0.0;9.8;-1;Partially cloudy;1
26709;4b576d3df964a520173728e3;2018-02-16 02:18:00-05:00;13.8;0.067;11.7;rain;Rain, Overcast;2
26709;4c1164576e5dc9b69506b02d;2017-11-20 12:14:00-05:00;7.4;0.0;22.0;-1;Partially cloudy;1
26709;4d421b1fc95b721e988d662b;2017-10-28 00:53:00-04:00;13.5;0.0;12.1;-1;Clear;1
26709;4e74dadec65bb91db41824b4;2017-11-18 03:45:00-05:00;2.1;0.0;0.0;-1;Partially cloudy;1
26709;52dca77f498eea2fb384f124;2018-02-03 23:55:00-05:00;-1.1;0.0;17.4;-1;Overcast;2
26709;5467ceec498e1b95c0575e73;2018-02-23 22:31:00-05:00;5.3;0.0;17.0;-1;Overcast;2
26709;54e2ad46498ec569ea3cb416;2018-02-21 00:52:00-05:00;15.3;0.0;9.8;-1;Partially cloudy;1
26709;551c8be7498e3ebc8f1d0075;2017-10-04 02:48:00-04:00;14.3;0.0;7.6;-1;Clear;1
26709;5914cd7595a722751f906aeb;2017-11-18 00:52:00-05:00;3.1;0.0;9.2;-1;Clear;1
26709;594301c89411f241f5b6a2ee;2017-10-04 01:16:00-04:00;14.5;0.0;7.1;-1;Clear;1
26994;45ac12d6f964a5205d411fe3;2017-10-12 00:14:00-04:00;17.5;0.0;13.7;-1;Partially cloudy;1
27105;57583641498e90001a32e13e;2018-01-05 03:24:00-05:00;-10.0;0.0;31.3;snow;Clear;1
27386;4bddccbe6198c9b67bb911ff;2017-10-15 18:11:00-04:00;21.4;0.0;21.3;-1;Overcast;1
27415;42893400f964a52054231fe3;2017-11-11 18:55:00-05:00;1.8;0.0;7.8;-1;Partially cloudy;1
27415;49ff62f9f964a52013701fe3;2017-11-11 20:51:00-05:00;1.2;0.0;6.8;-1;Partially cloudy;1
27415;515abd65e4b08eda86b30e6e;2017-11-11 21:24:00-05:00;1.2;0.0;6.8;-1;Partially cloudy;1
27456;42893400f964a52054231fe3;2018-08-04 20:37:00-04:00;28.5;0.0;8.9;-1;Partially cloudy;1
27456;4a44cd95f964a5208fa71fe3;2018-08-04 18:23:00-04:00;29.3;0.0;9.3;-1;Partially cloudy;1
27456;4baae71df964a520118d3ae3;2018-05-13 20:09:00-04:00;12.3;0.0;4.5;-1;Overcast;1
27456;510ad6e2e4b0a2ecec03b322;2018-05-06 10:36:00-04:00;17.0;0.0;11.0;-1;Overcast;1
27456;57218ba5498eb662eaa1e121;2018-05-13 22:25:00-04:00;11.4;0.568;6.2;rain;Rain, Overcast;1
27582;4165d880f964a5207e1d1fe3;2017-12-29 01:55:00-05:00;-11.2;0.0;13.7;-1;Partially cloudy;1
27582;41e46880f964a520d41e1fe3;2018-01-03 03:51:00-05:00;-8.3;0.0;15.9;-1;Partially cloudy;1
27582;4a8d57e7f964a5207c0f20e3;2017-12-28 19:58:00-05:00;-9.2;0.0;25.2;-1;Clear;1
27582;4ab7a271f964a520477a20e3;2017-12-28 20:06:00-05:00;-9.2;0.0;25.2;-1;Clear;1
27582;4b40cf3df964a5206bbb25e3;2017-12-28 23:36:00-05:00;-11.2;0.0;15.8;-1;Clear;1
27582;509fd01de4b070da0a9d3c24;2017-12-28 21:50:00-05:00;-10.5;0.0;13.2;-1;Clear;1
27582;564cb952498e133963c04186;2018-01-02 00:41:00-05:00;-9.3;0.0;18.5;-1;Clear;1
27633;4165d880f964a5207e1d1fe3;2018-06-30 20:54:00-04:00;30.9;0.0;11.7;-1;Clear;1
27633;559ecd00498e965ccd39ea9f;2018-06-30 22:45:00-04:00;28.8;0.0;4.7;-1;Clear;1
27669;4b6b5abff964a520fb022ce3;2018-03-26 21:10:00-04:00;4.0;0.0;7.8;-1;Clear;1
27687;49d2b43ef964a520cb5b1fe3;2017-10-16 13:23:00-04:00;14.3;0.0;15.4;-1;Partially cloudy;1
27687;4db1b5305da32cf2df627064;2017-10-16 14:19:00-04:00;14.0;0.0;30.8;-1;Partially cloudy;1
27753;4af8f40cf964a520ab1022e3;2017-12-03 07:24:00-05:00;6.8;0.0;4.0;-1;Overcast;1
27756;44a052c2f964a520c9341fe3;2018-05-23 21:08:00-04:00;25.0;0.0;9.7;-1;Clear;1
27756;4adb46d8f964a5207c2521e3;2018-05-23 19:47:00-04:00;25.6;0.0;12.2;-1;Clear;1
27756;4f6a28d5e4b085e9a4b3c5e1;2018-01-21 18:55:00-05:00;9.7;0.0;4.0;-1;Overcast;1
27756;507f06e9e4b0d2368fcbada4;2018-03-17 20:28:00-04:00;7.7;0.0;13.7;-1;Clear;1
27756;57b61f2a498ed8856425737c;2018-03-17 18:38:00-04:00;8.3;0.0;17.6;-1;Clear;1
27803;42893400f964a52054231fe3;2017-10-30 18:47:00-04:00;12.0;0.0;18.7;-1;Clear;1
27803;4a7f56ecf964a520baf31fe3;2017-10-31 17:19:00-04:00;13.2;0.0;11.8;-1;Clear;1
27885;49f220a3f964a520ee691fe3;2017-11-18 20:03:00-05:00;9.8;0.147;12.8;rain;Rain, Overcast;1
27889;4b0800f9f964a5202a0223e3;2018-05-04 20:41:00-04:00;27.2;0.0;20.8;-1;Partially cloudy;1
27989;4b829e60f964a52007db30e3;2017-11-27 23:40:00-05:00;4.4;0.0;7.7;-1;Clear;1
27989;4b996536f964a520467835e3;2017-11-28 01:00:00-05:00;3.8;0.0;9.1;-1;Clear;1
28050;42daf100f964a52035261fe3;2017-10-05 16:29:00-04:00;28.2;0.0;11.8;-1;Partially cloudy;1
28050;464451e5f964a52076461fe3;2017-10-05 17:07:00-04:00;27.6;0.0;20.5;-1;Partially cloudy;1
28050;4aec28cdf964a5206bc521e3;2017-10-05 15:34:00-04:00;28.2;0.0;11.8;-1;Partially cloudy;1
28050;4afc3ba3f964a520bb2022e3;2017-10-05 18:23:00-04:00;27.0;0.0;11.5;-1;Partially cloudy;1
28050;4b6b5abff964a520fb022ce3;2017-10-05 15:48:00-04:00;28.2;0.0;11.8;-1;Partially cloudy;1
28111;5606c755498ec78f89449528;2017-10-06 03:51:00-04:00;20.9;0.0;6.8;-1;Partially cloudy;1
28184;42893400f964a52054231fe3;2018-08-27 14:13:00-04:00;30.7;0.0;7.2;-1;Partially cloudy;1
28184;42daf100f964a52035261fe3;2018-08-27 13:32:00-04:00;30.7;0.0;7.2;-1;Partially cloudy;1
28184;4c374bf80a71c9b6f2893ec9;2018-08-27 22:15:00-04:00;29.3;0.0;9.5;-1;Partially cloudy;1
28201;5998d44bca18ea189f40f002;2018-03-06 16:22:00-05:00;6.6;0.0;14.3;-1;Clear;1
28834;57b21912498e3b59e354e235;2017-10-31 20:20:00-04:00;11.0;0.0;14.1;-1;Clear;1
28864;3fd66200f964a52037e31ee3;2018-05-13 08:16:00-04:00;11.2;0.235;12.4;rain;Rain, Overcast;1
28980;4ae8906ef964a52071b021e3;2017-11-25 04:54:00-05:00;5.4;0.0;6.4;-1;Clear;1
29019;4eb90d85722e09311d356915;2017-12-03 23:03:00-05:00;6.4;0.0;1.2;-1;Clear;1
29193;49e7ce15f964a5201d651fe3;2017-10-09 19:40:00-04:00;24.0;0.048;12.5;rain;Rain, Partially cloudy;1
29193;4dda977ad22d38ef4332c419;2017-10-09 17:05:00-04:00;23.6;0.185;10.0;rain;Rain, Overcast;1
29193;4eb90d85722e09311d356915;2017-10-09 16:43:00-04:00;23.6;0.185;10.0;rain;Rain, Overcast;1
29193;502e88ecf31c492b2744df60;2018-03-10 20:32:00-05:00;3.4;0.0;15.2;-1;Partially cloudy;1
29193;57218ba5498eb662eaa1e121;2017-12-09 01:45:00-05:00;2.0;0.0;3.2;-1;Overcast;2
29193;57fd74cb498ecd4ccc2510ee;2017-11-07 22:56:00-05:00;4.6;1.108;16.2;rain;Rain, Partially cloudy;1
29403;4abe7f9ef964a520068e20e3;2017-12-02 18:35:00-05:00;7.9;0.0;7.0;-1;Partially cloudy;1
29479;4aea2b78f964a520edb921e3;2018-02-04 00:09:00-05:00;-1.1;0.0;17.4;-1;Overcast;1
29503;41083e00f964a520980b1fe3;2017-10-13 22:22:00-04:00;17.3;0.0;8.3;-1;Partially cloudy;1
29503;53b6a861498ecca743378803;2017-10-14 01:33:00-04:00;16.8;0.0;9.8;-1;Partially cloudy;1
29526;3fd66200f964a52070e91ee3;2018-06-15 16:02:00-04:00;23.8;0.0;9.7;-1;Partially cloudy;1
29638;5787b68e498efcabbebba4f8;2017-11-18 00:40:00-05:00;3.1;0.0;9.2;-1;Clear;1
29694;3fd66200f964a52034eb1ee3;2018-03-03 21:49:00-05:00;5.2;0.0;25.8;-1;Overcast;1
29694;49e7ce15f964a5201d651fe3;2018-08-20 02:37:00-04:00;20.8;0.0;7.1;-1;Overcast;4
29694;4e5ecc4a52b1425a3776f4db;2018-03-03 22:23:00-05:00;5.2;0.0;25.8;-1;Overcast;1
29694;534c9d7b498e1bdd443a40e1;2018-02-14 00:37:00-05:00;2.0;0.0;3.3;-1;Overcast;1
29694;538f006c498e248f6fce912f;2018-03-03 17:05:00-05:00;6.8;0.0;27.6;-1;Overcast;1
29694;55103583498eed2d409b549a;2018-04-21 20:15:00-04:00;15.1;0.0;15.2;-1;Partially cloudy;1
29694;5591c747498e45ec0b8171f1;2017-11-09 01:23:00-05:00;5.9;0.0;9.2;-1;Clear;1
29694;584067e6b50d521817d726a1;2018-04-21 19:48:00-04:00;15.1;0.0;15.2;-1;Partially cloudy;1
29694;58dba0e0fef5fa1e44b46f89;2018-03-31 00:56:00-04:00;7.1;0.0;17.9;-1;Partially cloudy;1
29694;591a10bb0313205133bb1bc6;2018-04-21 20:03:00-04:00;15.1;0.0;15.2;-1;Partially cloudy;1
29743;4cccb964c9b8468815d4bec3;2017-10-20 19:42:00-04:00;20.3;0.0;5.8;-1;Clear;1
29743;52681085498e16a8ac061157;2017-12-07 22:20:00-05:00;5.1;0.0;12.5;-1;Partially cloudy;1
29743;5327321d498e3b494482e5f5;2017-10-20 20:25:00-04:00;20.3;0.0;5.8;-1;Clear;1
29743;54ee1680498ef860b6ed47fc;2017-11-14 19:04:00-05:00;6.3;0.0;9.3;-1;Partially cloudy;1
29743;54f27deb498e47a670f5e399;2017-11-15 03:31:00-05:00;3.3;0.0;10.6;-1;Partially cloudy;2
29743;57020175498e7e5af0bff7aa;2017-11-21 23:13:00-05:00;11.7;0.0;11.4;-1;Partially cloudy;1
29743;57ab90ca498e7d61e13a6985;2017-12-10 03:20:00-05:00;-0.2;0.0;7.1;rain,snow;Partially cloudy;1
29743;57c98c00498ede2ae6ad9755;2017-10-20 21:00:00-04:00;18.9;0.0;8.0;-1;Clear;1
29743;5998e49dc666662a7e02525e;2017-11-22 02:25:00-05:00;11.4;0.0;4.6;-1;Partially cloudy;1
29743;599c3906b37e2b0be12565f0;2017-12-01 20:34:00-05:00;6.6;0.0;12.2;-1;Clear;1
29743;59bbdbda26659b702aa26472;2017-12-01 19:16:00-05:00;7.6;0.0;16.5;-1;Clear;1
29743;59d2188d7247503e69259f80;2017-11-14 12:51:00-05:00;8.4;0.0;11.5;-1;Partially cloudy;1
29743;59d6a14cb6eedb4d1b393fb4;2017-10-07 21:34:00-04:00;22.4;0.0;11.3;-1;Partially cloudy;1
29773;42893400f964a52054231fe3;2017-11-11 17:46:00-05:00;1.8;0.0;8.3;-1;Partially cloudy;1
29773;42daf100f964a52035261fe3;2017-11-11 16:34:00-05:00;2.0;0.0;7.5;-1;Partially cloudy;1
29773;4abe7f9ef964a520068e20e3;2017-11-11 15:11:00-05:00;3.1;0.0;9.0;-1;Partially cloudy;1
29773;4b6b5abff964a520fb022ce3;2017-11-09 19:35:00-05:00;11.7;0.0;10.4;-1;Partially cloudy;1
29773;4bddccbe6198c9b67bb911ff;2017-11-11 18:53:00-05:00;1.8;0.0;7.8;-1;Partially cloudy;1
29773;4c35de72452620a1ba5d270f;2017-11-11 16:43:00-05:00;2.0;0.0;7.5;-1;Partially cloudy;1
29853;4b19debcf964a5207ce523e3;2017-10-06 22:10:00-04:00;22.3;0.0;3.3;-1;Partially cloudy;1
29853;4b435e5ef964a52009df25e3;2017-10-05 13:20:00-04:00;26.8;0.0;12.9;-1;Partially cloudy;1
29853;4bc8e039fb84c9b6e6ef193e;2017-10-06 16:15:00-04:00;26.6;0.0;11.9;-1;Clear;1
29853;4bd9d7af3f01c9b63c5b53a5;2017-10-06 14:58:00-04:00;27.4;0.0;22.0;-1;Partially cloudy;2
29853;51436b78e4b0abca5f213e79;2017-10-06 16:20:00-04:00;26.6;0.0;11.9;-1;Clear;1
29853;57f4fb59498efaaab7345b34;2017-10-06 15:45:00-04:00;26.6;0.0;11.9;-1;Clear;1
29853;59b94fdb2ebb346f98fabd4a;2017-10-06 21:02:00-04:00;22.3;0.0;2.1;-1;Partially cloudy;1
29969;3fd66200f964a52070e91ee3;2018-01-07 15:36:00-05:00;-8.3;0.0;11.7;-1;Partially cloudy;1
29969;4b6b5abff964a520fb022ce3;2018-01-01 15:12:00-05:00;-7.5;0.0;14.6;-1;Clear;1
29969;4eb90d85722e09311d356915;2018-01-01 15:29:00-05:00;-7.5;0.0;14.6;-1;Clear;1
29969;509d636e5d2463e87154805d;2018-01-01 21:13:00-05:00;-8.3;0.0;11.6;-1;Clear;1
30217;42893400f964a52054231fe3;2018-04-08 18:54:00-04:00;4.6;0.0;18.6;-1;Partially cloudy;1
30217;42daf100f964a52035261fe3;2018-04-08 16:02:00-04:00;6.8;0.0;22.4;-1;Partially cloudy;1
30217;4a44cd95f964a5208fa71fe3;2018-04-08 19:47:00-04:00;4.2;0.0;19.9;-1;Partially cloudy;1
30217;4b40cf3df964a5206bbb25e3;2018-04-10 20:43:00-04:00;7.2;0.0;11.3;-1;Clear;1
30217;4be167a4c1732d7f00e15b9a;2018-04-06 20:59:00-04:00;13.7;0.0;8.0;-1;Overcast;1
30217;509fd01de4b070da0a9d3c24;2018-04-06 23:43:00-04:00;11.4;0.0;6.4;-1;Overcast;1
30217;54e771c8498e750b0dee9579;2018-04-10 21:17:00-04:00;7.2;0.0;11.3;-1;Clear;1
30407;42daf100f964a52035261fe3;2018-02-09 19:17:00-05:00;1.8;0.0;16.9;-1;Partially cloudy;1
30407;49ff62f9f964a52013701fe3;2018-02-09 22:36:00-05:00;3.6;0.0;9.8;-1;Partially cloudy;1
30407;4a04ba93f964a52023721fe3;2018-02-09 23:47:00-05:00;3.6;0.0;8.3;-1;Partially cloudy;1
30407;4b6b5abff964a520fb022ce3;2018-02-09 20:47:00-05:00;2.3;0.0;11.4;-1;Overcast;1
30608;42893400f964a52054231fe3;2017-11-04 18:02:00-04:00;11.7;0.0;4.7;-1;Partially cloudy;1
30608;48c9042af964a520e3511fe3;2017-11-04 19:04:00-04:00;11.4;0.0;9.0;-1;Partially cloudy;1
30657;42893400f964a52054231fe3;2018-03-03 19:55:00-05:00;5.1;0.0;25.5;-1;Overcast;1
30961;4165d880f964a5207e1d1fe3;2017-11-16 21:43:00-05:00;8.1;0.0;22.0;-1;Partially cloudy;1
30961;45719c4bf964a520693e1fe3;2017-11-16 23:03:00-05:00;7.0;0.0;14.5;-1;Partially cloudy;1
30961;4be30badf07b0f47b6eff643;2017-11-16 22:50:00-05:00;7.0;0.0;14.5;-1;Partially cloudy;1
30961;5984eeb39be522744003dee5;2017-11-16 23:50:00-05:00;6.8;0.0;12.1;-1;Partially cloudy;1
32022;4b3abe48f964a520b96d25e3;2018-01-22 17:28:00-05:00;6.0;0.0;14.1;-1;Overcast;1
32022;559ecd00498e965ccd39ea9f;2018-01-22 18:17:00-05:00;5.4;0.0;13.2;-1;Overcast;1
32249;57c43c98498e2696b402a527;2017-10-04 16:33:00-04:00;23.8;0.0;11.9;-1;Clear;1
32249;5830afc58d8e99259a67e720;2017-10-04 19:38:00-04:00;22.0;0.0;13.2;-1;Clear;1
32604;41e46880f964a520d41e1fe3;2017-12-22 02:47:00-05:00;2.1;0.0;3.7;-1;Partially cloudy;1
32604;42893400f964a52054231fe3;2018-08-12 16:18:00-04:00;27.6;0.0;11.8;-1;Partially cloudy;2
32604;4a4aaed7f964a52018ac1fe3;2018-03-31 03:16:00-04:00;5.7;0.0;14.3;-1;Overcast;2
32604;4b481551f964a520d74726e3;2017-12-23 22:37:00-05:00;6.2;0.0;16.0;-1;Partially cloudy;1
32604;4b856573f964a520205b31e3;2018-06-24 16:09:00-04:00;27.6;0.0;13.2;-1;Partially cloudy;2
32604;4ba0e528f964a5205c8537e3;2018-05-26 17:59:00-04:00;30.9;0.0;7.3;-1;Partially cloudy;1
32604;4eefd4506d86d722df8fd52e;2017-11-21 02:32:00-05:00;6.0;0.0;17.4;-1;Clear;1
32604;51278a09e4b0b624edbc914c;2018-09-28 23:32:00-04:00;16.2;0.0;2.1;-1;Partially cloudy;1
32604;5467ceec498e1b95c0575e73;2018-05-20 18:45:00-04:00;23.9;0.0;16.3;-1;Partially cloudy;1
32604;55387c1b498e4eca6482f4f5;2018-05-21 22:08:00-04:00;18.4;0.0;5.3;-1;Partially cloudy;1
32604;561efe55498ef9d8b978c917;2018-04-11 23:54:00-04:00;8.0;0.0;7.0;-1;Overcast;1
32604;58191674ded8f8626ed70af0;2018-08-02 23:11:00-04:00;25.0;7.471;5.4;rain;Rain, Partially cloudy;1
32751;4165d880f964a5207e1d1fe3;2017-12-30 20:15:00-05:00;-5.6;0.0;19.2;snow;Clear;1
33649;4abe7f9ef964a520068e20e3;2017-10-07 18:26:00-04:00;24.3;0.0;13.4;-1;Clear;1
33649;4b6b5abff964a520fb022ce3;2017-10-07 19:35:00-04:00;23.0;0.0;14.5;-1;Clear;1
33649;509fd01de4b070da0a9d3c24;2017-10-07 17:55:00-04:00;24.3;0.0;13.4;-1;Clear;1
33649;515abd65e4b08eda86b30e6e;2017-10-07 19:40:00-04:00;23.0;0.0;14.5;-1;Clear;1
33649;56e4a599498e0feda5f2f6e0;2017-10-07 20:14:00-04:00;23.0;0.0;14.5;-1;Clear;1
33649;579c12cd498e6e815b3acf50;2017-10-07 19:45:00-04:00;23.0;0.0;14.5;-1;Clear;1
33663;4b829e60f964a52007db30e3;2017-10-06 20:07:00-04:00;22.4;0.0;2.6;-1;Partially cloudy;1
33670;4bdaebaac79cc928863d80e9;2018-09-27 17:19:00-04:00;20.8;0.0;11.0;-1;Partially cloudy;1
33670;5ad76d5425ecca1d544a8cfc;2018-09-27 17:05:00-04:00;20.8;0.0;11.0;-1;Partially cloudy;1
33713;42daf100f964a52035261fe3;2017-12-28 16:51:00-05:00;-8.1;0.0;19.3;-1;Clear;1
33794;3fd66200f964a52067e61ee3;2018-04-29 17:12:00-04:00;12.4;0.0;18.4;-1;Overcast;1
33794;40f5c900f964a520a30a1fe3;2018-04-30 00:47:00-04:00;9.1;0.0;17.6;-1;Partially cloudy;1
34361;431e2d80f964a52079271fe3;2018-04-20 04:05:00-04:00;3.1;0.0;16.3;-1;Partially cloudy;1
34361;556cb8c6498e751e51fbcf41;2017-12-13 02:05:00-05:00;-3.7;0.0;22.0;-1;Partially cloudy;1
34922;4b38c437f964a520245025e3;2018-07-31 00:33:00-04:00;21.6;0.0;1.2;-1;Clear;1
35306;4abe7f9ef964a520068e20e3;2018-07-04 17:16:00-04:00;28.3;0.0;6.1;-1;Partially cloudy;1
35306;561b24e5498ec9037e2ed048;2018-07-05 17:14:00-04:00;30.0;0.0;13.1;-1;Clear;1
36475;4b6b5abff964a520fb022ce3;2017-11-07 17:30:00-05:00;5.3;3.213;17.4;rain;Rain, Partially cloudy;1
36622;4165d880f964a5207e1d1fe3;2017-10-06 12:07:00-04:00;24.9;0.0;9.6;-1;Clear;1
36622;42893400f964a52054231fe3;2017-10-06 14:16:00-04:00;27.4;0.0;10.9;-1;Partially cloudy;1
36622;431f7f00f964a52085271fe3;2017-10-07 15:39:00-04:00;24.6;0.0;12.0;-1;Partially cloudy;1
36622;4a663f7cf964a52046c81fe3;2017-10-07 15:28:00-04:00;25.7;0.0;15.4;-1;Partially cloudy;1
36622;4ab7a271f964a520477a20e3;2017-10-07 15:36:00-04:00;24.6;0.0;12.0;-1;Partially cloudy;1
36622;4abe7f9ef964a520068e20e3;2017-10-07 15:11:00-04:00;25.7;0.0;15.4;-1;Partially cloudy;1
36622;4ae8906ef964a52071b021e3;2017-10-07 18:48:00-04:00;23.1;0.0;13.0;-1;Partially cloudy;1
36622;4b6b5abff964a520fb022ce3;2017-10-07 13:29:00-04:00;25.9;0.0;11.2;-1;Partially cloudy;1
36622;4de7987e1fc7fcfe04ac252b;2017-10-07 16:26:00-04:00;24.6;0.0;12.0;-1;Partially cloudy;1
36622;515abd65e4b08eda86b30e6e;2017-10-07 15:14:00-04:00;25.7;0.0;15.4;-1;Partially cloudy;1
36923;3fd66200f964a52044e91ee3;2018-04-08 17:12:00-04:00;5.9;0.0;30.7;-1;Partially cloudy;1
36923;3fd66200f964a52070e91ee3;2018-04-07 18:36:00-04:00;8.0;0.0;9.7;-1;Overcast;1
36923;4c374bf80a71c9b6f2893ec9;2018-04-07 18:38:00-04:00;8.0;0.0;9.7;-1;Overcast;1
37484;3fd66200f964a520d5e31ee3;2018-01-09 20:40:00-05:00;2.7;0.0;5.4;-1;Clear;1
37484;42893400f964a52054231fe3;2018-01-09 17:38:00-05:00;4.2;0.0;13.6;-1;Clear;1
37484;4abe7f9ef964a520068e20e3;2018-01-09 23:15:00-05:00;1.6;0.0;12.7;-1;Clear;1
38124;5787b68e498efcabbebba4f8;2017-11-25 20:07:00-05:00;12.5;0.0;6.4;-1;Partially cloudy;1
38283;4a01ee7bf964a52010711fe3;2017-12-25 20:42:00-05:00;-1.6;0.0;22.4;-1;Clear;1
38283;515abd65e4b08eda86b30e6e;2017-12-25 22:55:00-05:00;-2.1;0.0;22.2;-1;Partially cloudy;1
38283;562953bc498e2571787c9586;2017-12-24 21:04:00-05:00;3.8;0.0;17.8;-1;Overcast;1
39607;4ac3f3a5f964a520989d20e3;2018-03-10 09:29:00-05:00;1.6;0.0;18.1;-1;Clear;1
39607;507f06e9e4b0d2368fcbada4;2018-06-20 18:07:00-04:00;25.8;0.0;6.1;-1;Partially cloudy;1
39607;518455a0498e0b8ab38ed574;2018-05-17 21:37:00-04:00;20.4;0.0;6.7;-1;Partially cloudy;2
39607;526ac1b611d206c487db6d17;2018-01-09 19:26:00-05:00;3.7;0.0;20.5;-1;Clear;1
39607;5939da3ff427de5f7ffab579;2018-05-17 22:54:00-04:00;19.8;0.0;0.9;-1;Partially cloudy;1
40252;42893400f964a52054231fe3;2017-10-22 14:24:00-04:00;24.0;0.0;5.3;-1;Partially cloudy;1
40252;4a9ff5d9f964a520ba3d20e3;2017-10-22 12:25:00-04:00;22.9;0.0;2.9;-1;Partially cloudy;1
40385;4f53d65de4b0b589399898a1;2018-09-08 15:14:00-04:00;20.6;0.0;17.4;-1;Overcast;1
40441;3fd66200f964a52070e91ee3;2018-09-08 15:59:00-04:00;19.3;0.0;20.7;-1;Partially cloudy;1
40480;42daf100f964a52035261fe3;2017-12-03 21:21:00-05:00;7.1;0.0;6.9;-1;Partially cloudy;1
40537;4abe7f9ef964a520068e20e3;2018-09-06 22:26:00-04:00;24.2;0.0;6.4;-1;Partially cloudy;1
40537;4b6b5abff964a520fb022ce3;2018-09-08 17:08:00-04:00;19.2;0.0;17.4;-1;Overcast;1
40537;4bc24023461576b056237d32;2018-09-08 16:03:00-04:00;19.3;0.0;20.7;-1;Partially cloudy;1
40537;4c35de72452620a1ba5d270f;2018-09-07 20:51:00-04:00;21.9;0.0;11.8;-1;Overcast;1
40537;593ff60bdd12f81d39923b41;2018-09-08 15:30:00-04:00;20.6;0.0;17.4;-1;Overcast;1
40889;55103583498eed2d409b549a;2018-04-07 20:47:00-04:00;6.3;0.0;12.6;-1;Overcast;1
41169;5132b65ae4b02e8709f981dd;2018-07-02 00:16:00-04:00;30.7;0.0;7.3;-1;Clear;1
41169;56439a7538fa2ce64d09447e;2018-07-01 20:41:00-04:00;31.6;0.0;11.4;-1;Clear;1
42257;4b6b5abff964a520fb022ce3;2018-02-28 17:20:00-05:00;15.4;0.0;12.1;-1;Partially cloudy;1
42257;57a240f1cd10ed172db51626;2018-02-28 16:40:00-05:00;15.4;0.0;12.1;-1;Partially cloudy;1
42854;53a5f4f0498e1d1f0be9ad8e;2018-02-02 18:02:00-05:00;-4.9;0.0;43.5;-1;Partially cloudy;1
44168;4b466b09f964a520452026e3;2018-02-12 15:13:00-05:00;6.9;0.0;17.0;-1;Partially cloudy;1
44168;4c2ba1f857a9c9b67138f667;2018-02-12 17:28:00-05:00;6.8;0.0;17.5;-1;Partially cloudy;1
44168;540d97b5498e05abd30fd5ca;2018-02-12 19:17:00-05:00;5.0;0.0;16.7;-1;Partially cloudy;1
44168;5787b68e498efcabbebba4f8;2018-02-12 19:30:00-05:00;5.0;0.0;16.7;-1;Partially cloudy;1
45024;51c9efcf498e1832e3fc52ac;2017-11-14 20:38:00-05:00;5.5;0.0;12.7;-1;Partially cloudy;1
45024;561b24e5498ec9037e2ed048;2017-11-12 19:53:00-05:00;6.3;0.0;2.6;-1;Partially cloudy;1
46939;4cc0aa4522ce4688e6c63847;2017-11-24 18:16:00-05:00;8.3;0.0;7.3;-1;Clear;1
47337;3fd66200f964a52067e61ee3;2017-10-21 20:25:00-04:00;19.2;0.0;4.4;-1;Partially cloudy;1
47337;4b3bde92f964a520137d25e3;2017-10-22 15:29:00-04:00;23.7;0.0;10.3;-1;Partially cloudy;1
47451;4a942a25f964a520972020e3;2018-05-19 15:49:00-04:00;12.9;0.067;8.7;rain;Rain, Overcast;1
47451;4ad29877f964a52054e220e3;2018-05-19 16:44:00-04:00;13.4;0.0;11.0;-1;Overcast;1
47451;581d5bab77259217e0539e59;2018-05-19 17:08:00-04:00;13.4;0.0;11.0;-1;Overcast;1
47457;4ad78220f964a520960b21e3;2018-05-10 20:12:00-04:00;17.3;0.0;10.7;-1;Partially cloudy;1
47457;4aea2b78f964a520edb921e3;2018-05-10 21:33:00-04:00;17.0;3.965;0.9;rain;Rain, Overcast;1
47457;4bf30b89706e20a196c7a798;2018-05-10 19:35:00-04:00;17.3;0.0;10.7;-1;Partially cloudy;1
48197;55148c66498e987ed9d8e394;2018-03-28 14:13:00-04:00;9.0;0.0;8.8;-1;Overcast;1
48230;3fd66200f964a520d5e31ee3;2017-11-12 19:33:00-05:00;6.3;0.0;2.6;-1;Partially cloudy;1
48230;4bc24023461576b056237d32;2017-10-24 15:30:00-04:00;21.1;0.957;21.0;rain;Rain, Overcast;1
48442;4aa659fbf964a520c24920e3;2018-10-13 15:53:00-04:00;13.2;0.0;21.7;-1;Overcast;1
48442;4d0ba09d46bab60cbbca2890;2018-10-13 16:43:00-04:00;13.3;0.0;17.6;-1;Partially cloudy;1
48697;49b87b8cf964a52044531fe3;2018-08-09 23:44:00-04:00;26.0;0.0;9.2;-1;Clear;1
48697;4d6d3bce125eb60c985e324e;2018-06-28 17:57:00-04:00;25.2;9.839;11.8;rain;Rain, Partially cloudy;1
48697;59b4898de1f0aa6d9ec6d507;2018-06-14 21:49:00-04:00;24.6;0.0;11.7;-1;Partially cloudy;1
49264;4165d880f964a5207e1d1fe3;2018-06-27 17:46:00-04:00;22.1;0.0;13.0;-1;Overcast;1
49379;42474900f964a52080201fe3;2017-11-14 19:03:00-05:00;6.3;0.0;9.3;-1;Partially cloudy;1
49379;4276bf00f964a52091211fe3;2018-02-19 20:10:00-05:00;8.7;0.312;1.7;rain;Rain, Overcast;1
49379;43334580f964a52013281fe3;2018-06-26 23:31:00-04:00;20.1;0.0;5.6;-1;Clear;1
49379;49bc3b0af964a52020541fe3;2018-02-19 14:43:00-05:00;8.8;0.0;7.1;-1;Overcast;1
49379;4a3d3941f964a520f9a11fe3;2017-10-22 15:52:00-04:00;22.8;0.0;10.2;-1;Partially cloudy;1
49379;4a4baaf8f964a52091ac1fe3;2018-05-18 11:13:00-04:00;17.1;0.0;19.2;-1;Partially cloudy;1
49379;4a6fa0abf964a520a4d61fe3;2018-04-08 17:54:00-04:00;5.0;0.0;16.6;-1;Partially cloudy;1
49379;4a7a7c4ef964a5205ee91fe3;2018-04-01 03:25:00-04:00;7.7;0.0;10.0;-1;Overcast;1
49379;4a87502bf964a520d30320e3;2018-07-29 19:49:00-04:00;26.9;0.0;9.1;-1;Overcast;1
49379;4adcf23cf964a520cc6221e3;2018-02-10 18:53:00-05:00;7.1;1.039;4.2;rain;Rain, Overcast;1
49379;4b1c5a2ff964a520720624e3;2018-05-06 13:41:00-04:00;17.3;0.0;13.9;-1;Overcast;2
49379;4b313629f964a520bf0225e3;2018-04-24 22:15:00-04:00;13.4;0.0;12.8;-1;Overcast;11
49379;4b3d4ee9f964a520189225e3;2018-08-30 11:49:00-04:00;30.3;0.0;24.1;-1;Partially cloudy;1
49379;4bc1e64b4cdfc9b6892b9521;2018-09-29 19:56:00-04:00;19.2;0.0;9.5;-1;Partially cloudy;40
49379;4bedbb23e24d20a116e77114;2018-05-02 23:04:00-04:00;26.7;0.0;21.6;-1;Partially cloudy;9
49379;4bf684b4004ed13a4d8c42a0;2018-04-20 22:14:00-04:00;6.4;0.0;17.8;-1;Clear;1
49379;4bffd231369476b01d568e1f;2018-01-08 14:27:00-05:00;-2.1;0.0;13.2;-1;Overcast;1
49379;4c6c32b0e13db60c0265d5b1;2018-05-09 00:06:00-04:00;14.0;0.0;2.1;-1;Clear;1
49379;4eb67666f5b94bd85c3eb8e2;2018-01-27 14:59:00-05:00;12.5;0.0;14.6;-1;Partially cloudy;2
49379;4eb90d85722e09311d356915;2018-02-17 16:23:00-05:00;2.5;0.0;12.5;rain;Overcast;1
49379;5012af2fe4b07c3cf2288456;2018-04-05 15:54:00-04:00;7.3;0.0;32.7;-1;Partially cloudy;1
49379;5185522b498e5a4904ae23a3;2018-04-30 22:39:00-04:00;9.6;0.0;7.6;-1;Overcast;1
49379;51e7f1c4498e520f7778458f;2018-04-22 19:02:00-04:00;13.8;0.0;15.2;-1;Clear;1
49379;5200025d498e26189aa3d546;2018-04-30 23:14:00-04:00;9.6;0.0;7.6;-1;Overcast;1
49379;522664d311d2cee66613afbc;2018-07-13 16:40:00-04:00;27.6;0.0;11.3;-1;Clear;2
49379;5237264111d27e8e90c10357;2018-09-08 21:45:00-04:00;17.1;0.0;10.7;-1;Overcast;1
49379;54242f3a498e53a21ee14b81;2018-01-20 15:47:00-05:00;9.6;0.0;31.7;-1;Partially cloudy;1
49379;56c7640ccd104ef5361e0728;2017-12-10 20:11:00-05:00;2.3;0.0;10.9;-1;Partially cloudy;1
49379;570fbfc9498ea5237477d63d;2018-08-18 18:56:00-04:00;24.7;0.16;13.9;rain;Rain, Partially cloudy;7
49379;57b77dd8498e2dc8c17f94c2;2018-09-02 18:25:00-04:00;26.0;0.0;14.5;-1;Partially cloudy;1
49379;57f4fb59498efaaab7345b34;2018-04-08 18:35:00-04:00;4.6;0.0;18.6;-1;Partially cloudy;2
49379;584067e6b50d521817d726a1;2018-05-17 16:44:00-04:00;21.6;0.0;6.3;-1;Partially cloudy;1
49379;5878d46d52a05106f220729c;2018-04-28 13:28:00-04:00;18.1;0.0;12.5;-1;Partially cloudy;1
49379;58c2e736bf1a6d6b31fa57fa;2018-05-06 16:28:00-04:00;17.7;0.0;17.7;-1;Overcast;1
49379;5940340af0b490474fee35c7;2018-08-31 16:00:00-04:00;23.2;0.0;9.8;-1;Overcast;1
49379;597a11ccb2958f056b27c60d;2018-05-18 09:32:00-04:00;17.0;0.0;18.4;-1;Partially cloudy;4
49379;5a8c09675ba046336755ead4;2018-04-21 11:50:00-04:00;12.4;0.0;15.3;-1;Partially cloudy;5
49458;4aa82d21f964a520d94f20e3;2018-08-28 10:25:00-04:00;29.7;0.0;8.1;-1;Clear;2
49458;51cde558011c221bf79219a0;2018-08-28 16:15:00-04:00;34.3;0.0;24.1;-1;Partially cloudy;1
49878;4a6fa0abf964a520a4d61fe3;2018-05-17 19:05:00-04:00;21.6;0.0;3.3;-1;Partially cloudy;1
50389;57755749498ea36b4bc9a775;2017-10-06 02:22:00-04:00;21.5;0.0;7.8;-1;Partially cloudy;1
50389;591a10bb0313205133bb1bc6;2017-10-07 16:13:00-04:00;24.6;0.0;12.0;-1;Partially cloudy;1
50402;3fd66200f964a520ece31ee3;2017-12-31 19:47:00-05:00;-11.0;0.0;20.0;-1;Clear;1
51329;48c91543f964a520e4511fe3;2018-02-07 03:05:00-05:00;-0.9;0.0;16.7;-1;Partially cloudy;1
51567;515abd65e4b08eda86b30e6e;2018-03-25 16:47:00-04:00;6.9;0.0;20.0;-1;Overcast;1
51668;3fd66200f964a52037e31ee3;2018-09-23 02:25:00-04:00;16.7;0.0;9.9;-1;Partially cloudy;1
51751;5a71f5dafdb9a7499731c928;2018-06-02 19:10:00-04:00;27.5;0.0;23.0;-1;Partially cloudy;1
51923;4a0b5a0df964a520ed741fe3;2018-03-15 19:11:00-04:00;5.9;0.0;15.3;-1;Partially cloudy;1
53016;4c35de72452620a1ba5d270f;2017-11-16 22:18:00-05:00;8.1;0.0;22.0;-1;Partially cloudy;1
53179;3fd66200f964a520e6e81ee3;2018-06-13 23:31:00-04:00;24.5;0.0;16.5;-1;Partially cloudy;1
53179;4abe7f9ef964a520068e20e3;2018-06-13 17:46:00-04:00;24.3;0.0;11.1;-1;Overcast;1
53473;5484890c498e985cf4e3c076;2017-10-23 16:23:00-04:00;22.1;0.0;17.6;-1;Partially cloudy;1
53653;4a561d04f964a52077b41fe3;2017-11-10 17:14:00-05:00;-0.1;0.0;25.6;-1;Clear;1
53713;4a0c627df964a52028751fe3;2018-06-11 00:09:00-04:00;16.3;0.0;3.0;-1;Overcast;1
53713;5375bbc2498ef21992293384;2018-06-10 20:50:00-04:00;17.1;0.0;3.0;-1;Overcast;1
53752;42893400f964a52054231fe3;2018-01-03 20:20:00-05:00;-2.2;0.0;2.6;snow;Partially cloudy;1
53752;4c35de72452620a1ba5d270f;2018-01-03 18:39:00-05:00;-2.7;0.0;8.0;snow;Partially cloudy;1
53969;3fd66200f964a52021ea1ee3;2017-11-11 04:34:00-05:00;-3.9;0.0;11.4;-1;Clear;1
53969;3fd66200f964a52083e61ee3;2017-11-18 16:49:00-05:00;9.3;0.682;1.7;rain;Rain, Partially cloudy;1
53969;3fd66200f964a520d5e31ee3;2018-03-03 14:55:00-05:00;8.9;0.0;21.3;-1;Partially cloudy;1
53969;42e82000f964a52083261fe3;2017-11-12 22:55:00-05:00;6.2;0.0;2.9;-1;Partially cloudy;1
53969;431e2d80f964a52079271fe3;2017-12-01 00:19:00-05:00;10.0;0.653;7.5;rain;Rain, Partially cloudy;1
53969;43a69d3ef964a5205d2c1fe3;2018-04-09 22:03:00-04:00;6.1;0.0;13.7;-1;Overcast;1
53969;49f75667f964a5208b6c1fe3;2017-10-14 14:19:00-04:00;21.6;0.0;7.6;-1;Overcast;1
53969;4a6e331af964a52031d41fe3;2017-11-18 15:07:00-05:00;10.4;0.028;11.9;rain;Rain, Partially cloudy;1
53969;4a87502bf964a520d30320e3;2017-11-15 01:04:00-05:00;4.5;0.0;8.5;-1;Overcast;1
53969;4b1d21b3f964a520230c24e3;2018-08-11 19:02:00-04:00;23.5;1.231;4.1;rain;Rain, Overcast;4
53969;4b6b5abff964a520fb022ce3;2018-06-16 13:45:00-04:00;28.0;0.0;2.9;-1;Clear;2
53969;4bbb9dbded7776b0e1ad3e51;2017-10-21 23:55:00-04:00;17.7;0.0;6.9;-1;Partially cloudy;1
53969;4e4190fafa762ad6d846f883;2018-06-16 16:06:00-04:00;28.7;0.0;7.2;-1;Clear;1
53969;4ea0afbf9adf1e334e4cc0e6;2018-01-13 19:55:00-05:00;-4.9;0.0;22.1;-1;Clear;1
53969;4eb13d68e5e8c0f5bd2fd983;2017-10-21 12:13:00-04:00;22.6;0.0;5.9;-1;Clear;1
53969;50c28307e4b0c5b6f33ec0e1;2017-11-11 00:26:00-05:00;-3.6;0.0;15.4;-1;Clear;1
53969;515abd65e4b08eda86b30e6e;2018-06-16 14:00:00-04:00;28.0;0.0;2.9;-1;Clear;2
53969;5202a6b2498eff2667698c71;2018-01-13 19:57:00-05:00;-4.9;0.0;22.1;-1;Clear;1
53969;52375dee11d23f06740c8f3e;2017-11-11 01:27:00-05:00;-3.5;0.0;13.5;-1;Clear;1
53969;53756391498ef3c8e7f43ecb;2017-11-12 23:34:00-05:00;6.2;0.0;6.3;-1;Partially cloudy;1
53969;548bafcf498e0c4238d87fe8;2018-05-01 23:05:00-04:00;22.3;0.0;15.0;-1;Clear;1
53969;55b7dd92498e88a1ea18d3f8;2017-10-22 16:06:00-04:00;22.8;0.0;10.2;-1;Partially cloudy;1
53969;566c9c87498ef09a2940e605;2018-04-07 14:13:00-04:00;6.2;0.0;17.0;-1;Partially cloudy;1
53969;566ccc9e498e30e477702118;2017-10-22 22:48:00-04:00;17.4;0.0;5.9;-1;Partially cloudy;1
53969;56d8c0f8498edb854f926e6a;2017-10-21 23:02:00-04:00;18.6;0.0;9.4;-1;Partially cloudy;1
53969;572f6261498e9106df36da54;2018-05-01 22:17:00-04:00;23.0;0.0;15.2;-1;Clear;1
53969;5732631f498e7f716eb79f11;2018-01-12 00:35:00-05:00;7.8;0.0;6.6;-1;Overcast;1
53969;5748d802498eccc4228c7fd1;2017-11-18 19:12:00-05:00;9.3;0.825;8.7;rain;Rain, Partially cloudy;1
53969;590cdab82079555d29bdcac3;2018-07-11 22:54:00-04:00;23.6;0.0;2.9;-1;Overcast;1
53969;59d828f0916bc1155fde2c04;2017-12-19 00:19:00-05:00;7.3;0.0;10.6;-1;Partially cloudy;1
53969;5a04f7ee065ef54fbd6ea4da;2018-07-28 16:58:00-04:00;29.5;0.0;6.2;-1;Partially cloudy;1
53969;5a382327dee7707dd4842ab8;2018-01-06 18:41:00-05:00;-12.0;0.0;21.3;-1;Clear;1
54036;53ecfe56498e8ee1b1cabc2a;2017-11-11 17:48:00-05:00;1.8;0.0;8.3;-1;Partially cloudy;1
54036;571fc242498ead274d034e90;2017-11-11 19:06:00-05:00;1.8;0.0;7.8;-1;Partially cloudy;1
54036;57ab90ca498e7d61e13a6985;2017-12-11 01:51:00-05:00;1.9;0.0;15.9;-1;Overcast;1
54145;4555bea7f964a520253d1fe3;2018-04-07 20:58:00-04:00;6.3;0.0;12.6;-1;Overcast;2
54145;46936ee3f964a520d0481fe3;2017-10-07 17:36:00-04:00;24.3;0.0;13.4;-1;Clear;1
54145;4b4a5eb9f964a5209a8526e3;2018-05-05 18:43:00-04:00;21.1;0.0;9.9;-1;Partially cloudy;1
54145;4e3c89c8aeb73139a16d84ee;2018-05-05 20:03:00-04:00;20.4;0.0;5.8;-1;Partially cloudy;2
54145;4eb90d85722e09311d356915;2018-05-05 17:29:00-04:00;21.9;0.0;14.5;-1;Partially cloudy;1
54145;5ab51b6aa4b51b3dc096ed68;2018-05-05 16:40:00-04:00;21.9;0.0;14.5;-1;Partially cloudy;1
54773;4a81c3c6f964a52080f71fe3;2018-05-10 10:03:00-04:00;15.7;0.0;11.3;-1;Partially cloudy;2
54773;4ae8906ef964a52071b021e3;2018-05-22 10:18:00-04:00;19.7;0.0;3.3;-1;Overcast;2
54773;4b0c402af964a520c33923e3;2017-11-06 11:00:00-05:00;17.9;0.0;13.0;-1;Partially cloudy;2
54773;4b7d5105f964a520dbb72fe3;2018-05-22 10:11:00-04:00;19.7;0.0;3.3;-1;Overcast;6
54773;4bacf76df964a5201e1f3be3;2018-03-26 19:39:00-04:00;4.5;0.0;14.6;-1;Clear;1
54773;4eb90d85722e09311d356915;2018-02-28 13:55:00-05:00;15.0;0.0;11.5;-1;Clear;14
54773;4edd43af7bebc29455367992;2018-05-21 09:53:00-04:00;19.6;0.0;12.5;-1;Partially cloudy;10
54773;509fd01de4b070da0a9d3c24;2017-11-27 20:28:00-05:00;7.2;0.0;11.6;-1;Clear;1
54773;547f53de498eafbdc7d34960;2018-05-16 18:39:00-04:00;14.3;0.884;8.1;rain;Rain, Overcast;1
54773;57b87e21498edaf1049be9f5;2017-10-25 18:46:00-04:00;17.4;0.0;1.8;-1;Partially cloudy;1
54773;57c06f2e498e1de2b349c99e;2018-04-27 10:12:00-04:00;11.7;0.252;6.1;rain;Rain, Overcast;9
54773;59562939a4ba7c5751c7bca6;2018-04-16 12:01:00-04:00;15.0;1.101;23.3;rain;Rain, Overcast;1
55336;42daf100f964a52035261fe3;2017-11-11 13:40:00-05:00;2.7;0.0;14.1;-1;Partially cloudy;1
55336;4b96bd72f964a5207ce134e3;2017-11-11 18:42:00-05:00;1.8;0.0;7.8;-1;Partially cloudy;1
55477;4b6b5abff964a520fb022ce3;2018-04-08 17:28:00-04:00;5.9;0.0;30.7;-1;Partially cloudy;1
55477;4eb90d85722e09311d356915;2018-04-08 17:54:00-04:00;5.0;0.0;16.6;-1;Partially cloudy;1
55645;3fd66200f964a52036e71ee3;2018-05-10 22:25:00-04:00;17.0;3.965;0.9;rain;Rain, Overcast;1
56160;4a675deef964a52045c91fe3;2017-12-17 20:36:00-05:00;2.1;0.0;8.9;-1;Overcast;1
56160;51cde558011c221bf79219a0;2017-12-17 18:14:00-05:00;2.1;0.0;5.8;-1;Partially cloudy;1
56582;4654400ef964a520f6461fe3;2017-11-29 12:52:00-05:00;17.4;0.0;15.5;-1;Clear;3
56582;4a6fa0abf964a520a4d61fe3;2017-11-03 16:10:00-04:00;23.2;0.0;15.2;-1;Partially cloudy;1
56582;4ae8906ef964a52071b021e3;2017-12-05 23:02:00-05:00;14.5;2.106;21.3;rain;Rain, Partially cloudy;17
56582;4af82bc2f964a520370b22e3;2017-12-05 12:46:00-05:00;15.1;0.0;15.4;-1;Partially cloudy;27
56582;4b421ff5f964a52030cd25e3;2017-10-10 18:16:00-04:00;25.6;0.0;5.6;-1;Clear;1
56582;4b4a5eb9f964a5209a8526e3;2017-11-30 23:19:00-05:00;10.6;0.048;7.8;rain;Rain, Partially cloudy;2
56582;4baa2eb5f964a5202e513ae3;2017-12-01 17:38:00-05:00;8.5;0.0;13.1;-1;Clear;2
56582;4eb01d60722e4efd61c49664;2017-12-05 22:51:00-05:00;14.5;2.106;21.3;rain;Rain, Partially cloudy;3
56582;4eb90d85722e09311d356915;2017-11-30 14:22:00-05:00;8.8;0.0;8.8;-1;Partially cloudy;6
56582;50c0b119e4b0c4d42f979cd1;2017-11-28 19:12:00-05:00;11.5;0.0;13.2;-1;Clear;1
56582;53876b0e498efde3e415732b;2017-11-28 19:55:00-05:00;11.5;0.0;12.5;-1;Clear;2
56582;538a29c0498e379b2c889910;2017-11-03 16:12:00-04:00;23.2;0.0;15.2;-1;Partially cloudy;1
56582;5447e0b2498e49ee7c7b1dc0;2017-11-22 18:15:00-05:00;6.4;0.0;19.9;-1;Partially cloudy;1
56582;5464f27c498e2e01c60151af;2017-11-20 18:44:00-05:00;6.9;0.0;11.1;-1;Clear;1
56582;57b3342d498ed18a1ffc11ad;2017-10-13 22:09:00-04:00;17.3;0.0;8.3;-1;Partially cloudy;1
56582;57ed4a0f498e6b40f7339eb8;2017-11-03 16:34:00-04:00;23.0;0.0;12.5;-1;Partially cloudy;1
56582;58ab3a6a53f5bb4b6b267ad1;2017-10-20 00:40:00-04:00;16.9;0.0;13.4;-1;Partially cloudy;1
56582;59614fc15c68383973e85d14;2017-10-20 00:41:00-04:00;16.9;0.0;13.4;-1;Partially cloudy;1
56722;42daf100f964a52035261fe3;2018-02-13 17:49:00-05:00;0.1;0.0;12.8;-1;Partially cloudy;1
56728;5b5ca54722d490002c8d4de5;2018-08-31 17:04:00-04:00;22.5;0.0;6.8;-1;Overcast;1
56786;5459292b498e72e209527504;2018-05-06 13:19:00-04:00;16.9;0.0;16.7;-1;Overcast;1
56786;58191674ded8f8626ed70af0;2018-05-06 15:10:00-04:00;17.6;0.0;18.1;-1;Overcast;1
57018;4276bf00f964a52086211fe3;2017-10-22 19:32:00-04:00;18.3;0.0;9.4;-1;Partially cloudy;1
57018;4a6fa0abf964a520a4d61fe3;2017-10-23 00:34:00-04:00;16.7;0.0;4.5;-1;Partially cloudy;1
57018;58c9b84a0319b81f32a8bd37;2017-10-23 00:39:00-04:00;16.7;0.0;4.5;-1;Partially cloudy;1
57018;59d7c14a1cf2e14bac231fac;2017-11-17 17:08:00-05:00;7.5;0.0;27.9;-1;Clear;1
57025;4c0fa28f98102d7f5f82e506;2018-01-19 16:45:00-05:00;3.0;0.0;11.6;-1;Partially cloudy;1
57202;3fd66200f964a5203fe61ee3;2017-10-15 17:30:00-04:00;22.0;0.0;8.8;-1;Overcast;1
57202;51d15504498e864b9acbbb52;2017-11-09 14:01:00-05:00;11.7;0.0;4.1;-1;Overcast;9
57202;576eab51cd10ae8e59db0250;2017-11-09 12:57:00-05:00;11.7;0.0;3.8;-1;Overcast;12
57202;59e13fc9e4c459524ae462a9;2017-10-15 14:04:00-04:00;22.6;0.0;21.5;-1;Overcast;2
57446;42893400f964a52054231fe3;2017-11-01 20:03:00-04:00;13.2;0.0;8.5;-1;Partially cloudy;1
57527;4a675deef964a52045c91fe3;2017-10-23 13:34:00-04:00;23.2;0.0;18.8;-1;Partially cloudy;1
57527;4a8951caf964a520df0720e3;2018-04-17 14:45:00-04:00;7.6;0.0;27.5;-1;Overcast;1
57527;4bacf202f964a520a81c3be3;2017-10-23 13:39:00-04:00;23.2;0.0;18.8;-1;Partially cloudy;1
57527;4bd9b7ec0115c9b6f6587880;2018-05-21 12:48:00-04:00;23.4;0.0;2.4;-1;Partially cloudy;1
57527;59edf3538264443e0dc7490d;2017-10-23 13:49:00-04:00;23.2;0.0;18.8;-1;Partially cloudy;1
57744;4b40cf3df964a5206bbb25e3;2018-09-15 16:18:00-04:00;25.1;0.0;5.5;-1;Overcast;1
57744;4c374bf80a71c9b6f2893ec9;2018-09-15 21:48:00-04:00;21.4;0.0;10.7;-1;Clear;1
57744;571d2ced498e590d68ee74ae;2018-09-16 00:19:00-04:00;21.0;0.0;3.2;-1;Clear;1
57750;49bd4d49f964a52065541fe3;2018-04-06 17:40:00-04:00;16.3;0.0;24.5;-1;Partially cloudy;1
57750;4d4b4adfb1493704d4a02792;2018-09-18 17:17:00-04:00;21.7;3.301;13.1;rain;Rain, Overcast;9
57750;4db5fbfe43a1369cb5dc2a1f;2018-03-25 18:19:00-04:00;6.0;0.0;12.7;-1;Overcast;1
57750;51e40903498efd152818710f;2018-09-13 14:55:00-04:00;24.0;0.0;15.1;-1;Overcast;1
57750;52c5c3fd11d20b57f8ba9ef3;2018-07-08 18:51:00-04:00;25.0;0.0;6.4;-1;Clear;1
57750;531f0d16498e82abb6732379;2018-08-14 17:47:00-04:00;23.7;0.252;8.7;rain;Rain, Partially cloudy;3
57750;56c4b5facd10824dac9e062e;2017-11-07 17:54:00-05:00;5.1;3.456;11.7;rain;Rain, Overcast;1
57750;58fdf5ec6cf01a4f54c7792b;2018-09-13 15:55:00-04:00;23.6;0.0;16.9;-1;Overcast;1
57801;4be99814a9900f479a811540;2017-10-14 20:12:00-04:00;21.3;0.0;7.4;-1;Overcast;1
57801;58a0b6621470b07f6535790f;2017-10-14 17:54:00-04:00;21.5;0.0;1.2;-1;Partially cloudy;1
57801;58c15cad4287c9455ad33fc8;2017-10-14 17:11:00-04:00;21.8;0.0;2.1;-1;Overcast;1
57992;4a24510af964a520107e1fe3;2017-12-04 18:51:00-05:00;9.5;0.0;7.1;-1;Partially cloudy;1
57992;4c374bf80a71c9b6f2893ec9;2017-12-04 17:00:00-05:00;9.0;0.0;12.8;-1;Partially cloudy;1
58040;3fd66200f964a52094e61ee3;2018-01-15 04:41:00-05:00;-8.5;0.0;14.7;-1;Overcast;1
58040;58c342a5260327384a7db521;2018-01-15 00:50:00-05:00;-8.8;0.0;17.0;-1;Partially cloudy;1
58044;4fd38a04e4b065401a9aaf88;2018-06-30 02:25:00-04:00;26.0;0.0;7.4;-1;Clear;1
58044;54b9346d498ef55d203d8696;2017-11-08 22:53:00-05:00;6.3;0.0;7.9;-1;Clear;1
58201;5ab9171f6bd36b0874dc4061;2018-09-03 15:57:00-04:00;31.9;0.0;10.3;-1;Partially cloudy;1
58533;56e451e8498efdd0a73250b4;2017-10-22 15:43:00-04:00;22.8;0.0;10.2;-1;Partially cloudy;1
58533;584067e6b50d521817d726a1;2017-11-05 18:28:00-05:00;15.8;0.0;9.8;-1;Overcast;2
58533;590b631df62e092facdf7b2a;2017-11-05 18:32:00-05:00;15.8;0.0;3.6;-1;Overcast;1
58533;591a10bb0313205133bb1bc6;2017-11-05 18:35:00-05:00;15.8;0.0;3.6;-1;Overcast;1
58795;590bbf91b3d8e268790ce641;2017-10-21 19:00:00-04:00;19.6;0.0;4.5;-1;Partially cloudy;1
59005;3fd66200f964a52037e31ee3;2017-11-26 15:08:00-05:00;7.5;0.0;15.9;-1;Partially cloudy;1
59005;4aaa4e0ef964a520ad5520e3;2017-11-26 18:11:00-05:00;6.4;0.0;10.1;-1;Partially cloudy;1
59005;4b38c437f964a520245025e3;2017-11-26 14:40:00-05:00;7.5;0.0;15.9;-1;Partially cloudy;1
59219;4bcdcfb6511f95211130b5c7;2018-02-01 16:56:00-05:00;6.9;0.0;5.4;-1;Overcast;1
59219;50fb43f5e4b020b55da8a766;2018-02-01 23:42:00-05:00;4.7;0.721;3.0;rain;Rain, Overcast;1
59609;4e023e49483bd352f723f7e3;2017-12-05 15:27:00-05:00;15.7;0.0;13.0;-1;Partially cloudy;1
59692;4b1848eff964a52036d023e3;2017-10-19 21:54:00-04:00;17.9;0.0;6.2;-1;Clear;1
59692;5346f0eb498e55d223a6bad3;2017-10-20 16:30:00-04:00;23.1;0.0;13.9;-1;Clear;1
59692;560d1028498eee2df9f982f0;2017-10-20 17:42:00-04:00;22.0;0.0;12.7;-1;Clear;1
60122;42893400f964a52054231fe3;2017-10-15 14:30:00-04:00;22.6;0.0;21.5;-1;Overcast;1
60122;4555bea7f964a520253d1fe3;2017-10-15 19:55:00-04:00;20.8;0.0;11.6;-1;Overcast;1
60122;4c5d7ac6d25320a175ffc57a;2017-10-15 18:38:00-04:00;21.3;0.0;14.8;-1;Overcast;1
60122;4cd465d567adf04d0f0d2791;2017-10-15 18:55:00-04:00;21.3;0.0;14.8;-1;Overcast;1
60573;3fd66200f964a52067e61ee3;2018-02-24 23:26:00-05:00;7.0;0.332;9.9;rain;Rain, Overcast;1
60573;42daf100f964a52035261fe3;2018-02-24 22:17:00-05:00;7.1;0.092;13.4;rain;Rain, Overcast;1
60573;4a675deef964a52045c91fe3;2018-02-24 22:25:00-05:00;7.1;0.092;13.4;rain;Rain, Overcast;1
60573;4eb90d85722e09311d356915;2018-02-24 21:42:00-05:00;7.1;0.092;13.4;rain;Rain, Overcast;1
60573;5941c0abf193c012d47fc4e8;2018-02-24 21:50:00-05:00;7.1;0.092;13.4;rain;Rain, Overcast;1
60749;4a50f472f964a52051b01fe3;2017-12-24 23:01:00-05:00;2.3;0.185;20.2;rain;Rain, Overcast;1
60749;51b77ea1454a57610205b352;2018-01-04 00:00:00-05:00;-1.9;0.0;10.4;rain,snow;Overcast;1
60779;4a8b0693f964a520350b20e3;2018-01-08 03:10:00-05:00;-7.1;0.0;14.2;-1;Overcast;2
60841;58801864cc5b6a14dedce689;2017-10-07 00:36:00-04:00;22.5;0.0;0.0;-1;Partially cloudy;1
61296;4555bea7f964a520253d1fe3;2018-05-13 00:07:00-04:00;11.6;0.0;8.9;-1;Overcast;1
61348;4b466b09f964a520452026e3;2017-10-05 15:20:00-04:00;27.5;0.0;10.4;-1;Partially cloudy;1
61348;4c194e6b4ff90f4738be0f49;2017-10-05 18:48:00-04:00;26.3;0.0;11.2;-1;Partially cloudy;1
61426;5984eeb39be522744003dee5;2018-02-05 17:43:00-05:00;-1.0;0.0;19.4;-1;Clear;1
61602;42893400f964a52054231fe3;2018-10-17 20:15:00-04:00;12.7;0.0;30.3;-1;Clear;1
61602;4a8d57e7f964a5207c0f20e3;2018-10-14 21:28:00-04:00;13.1;0.0;9.1;-1;Partially cloudy;1
61602;4abe7f9ef964a520068e20e3;2018-10-19 01:32:00-04:00;6.6;0.0;9.7;-1;Clear;1
61602;4b40cf3df964a5206bbb25e3;2018-10-15 19:38:00-04:00;19.1;0.0;24.1;-1;Overcast;1
61602;4b996536f964a520467835e3;2018-10-15 20:12:00-04:00;19.1;0.0;24.1;-1;Overcast;1
61602;4bc24023461576b056237d32;2018-10-14 21:02:00-04:00;13.1;0.0;9.1;-1;Partially cloudy;1
61602;4c374bf80a71c9b6f2893ec9;2018-10-15 21:08:00-04:00;19.3;0.0;24.4;-1;Overcast;1
62286;4b6b5abff964a520fb022ce3;2018-09-04 16:53:00-04:00;32.5;0.0;4.8;-1;Partially cloudy;1
62318;49f125dcf964a52091691fe3;2018-04-24 20:55:00-04:00;14.0;0.0;11.4;-1;Overcast;1
62318;4abe7f9ef964a520068e20e3;2018-04-24 22:44:00-04:00;12.7;0.265;9.4;rain;Rain, Overcast;1
62318;515abd65e4b08eda86b30e6e;2018-04-24 23:01:00-04:00;12.7;0.265;9.4;rain;Rain, Overcast;1
62318;5568fe03498e03f701851783;2018-04-24 23:57:00-04:00;12.9;0.703;8.7;rain;Rain, Overcast;1
62663;4bc51cf40a30d13aafad599c;2017-11-12 03:43:00-05:00;0.1;0.0;2.4;-1;Partially cloudy;1
62663;526aef8511d266ae291b3ad8;2017-10-29 21:18:00-04:00;17.9;6.435;17.8;rain;Rain, Overcast;2
62663;534c9d7b498e1bdd443a40e1;2017-11-12 00:12:00-05:00;1.1;0.0;2.9;-1;Partially cloudy;1
62663;5945575cf62e090a3b220883;2017-10-29 21:51:00-04:00;17.5;9.893;18.8;rain;Rain, Overcast;2
62748;3fd66200f964a520d8f11ee3;2018-06-18 14:47:00-04:00;33.0;0.0;24.9;-1;Partially cloudy;1
62748;4a7adaf1f964a5208de91fe3;2018-02-28 18:49:00-05:00;13.4;0.0;11.7;-1;Clear;1
62748;5697b7de498ea72f44225d37;2018-02-28 19:53:00-05:00;13.7;0.0;12.3;-1;Partially cloudy;1
62869;4b6b5abff964a520fb022ce3;2017-10-04 20:42:00-04:00;21.5;0.0;23.1;-1;Clear;1
63050;4ba0e4e3f964a520498537e3;2018-05-14 20:40:00-04:00;16.1;0.0;7.9;-1;Partially cloudy;1
63162;3fd66200f964a52070e91ee3;2018-05-25 20:18:00-04:00;28.7;0.0;13.4;-1;Clear;1
63162;5a382327dee7707dd4842ab8;2018-05-24 23:57:00-04:00;21.3;0.0;15.3;-1;Clear;1
63190;3fd66200f964a52005e71ee3;2017-11-08 21:42:00-05:00;6.9;0.0;8.4;-1;Clear;1
63190;3fd66200f964a520c3e81ee3;2017-12-30 18:30:00-05:00;-5.6;0.0;17.7;snow;Clear;1
63190;49f125dcf964a52091691fe3;2018-10-02 00:04:00-04:00;21.5;0.0;8.4;-1;Partially cloudy;1
63190;516dfc13498e616e4c78b107;2017-11-08 20:26:00-05:00;8.3;0.0;8.3;-1;Overcast;1
63190;57b61f2a498ed8856425737c;2018-08-04 19:07:00-04:00;29.7;0.0;10.7;-1;Clear;1
63373;431f7f00f964a52085271fe3;2017-12-14 21:48:00-05:00;-4.0;0.0;12.3;snow;Clear;1
63373;4a6fa0abf964a520a4d61fe3;2017-11-09 17:10:00-05:00;11.4;0.0;10.5;-1;Overcast;1
63373;4ae8906ef964a52071b021e3;2018-06-04 15:14:00-04:00;20.0;0.0;9.8;-1;Overcast;1
63373;4eb90d85722e09311d356915;2017-11-09 17:06:00-05:00;11.4;0.0;10.5;-1;Overcast;1
63427;3fd66200f964a5202ae31ee3;2018-05-08 19:55:00-04:00;16.4;0.0;10.7;-1;Clear;1
63427;3fd66200f964a52070e91ee3;2018-05-09 15:59:00-04:00;22.0;0.0;13.4;-1;Partially cloudy;1
63427;4a58f59ef964a5204eb81fe3;2018-03-24 17:58:00-04:00;9.5;0.0;16.8;-1;Clear;1
63427;4be1aea140c0ef3b4f55bed6;2018-05-08 22:14:00-04:00;15.0;0.0;3.2;-1;Clear;1
63427;507e0b2e011ca7f458d10d2f;2018-03-24 16:43:00-04:00;9.7;0.0;12.0;-1;Clear;1
63427;50c28307e4b0c5b6f33ec0e1;2018-05-11 22:01:00-04:00;19.5;0.0;8.6;-1;Overcast;1
63427;528d3763498e3be0efe0d555;2018-05-12 16:34:00-04:00;14.4;0.0;10.5;-1;Overcast;1
63427;54e2ad46498ec569ea3cb416;2018-05-10 22:10:00-04:00;17.0;3.965;0.9;rain;Rain, Overcast;1
63427;57f268ea498e643107ff195f;2018-05-09 14:42:00-04:00;21.4;0.0;11.8;-1;Partially cloudy;3
63517;4b16bee8f964a520dcbc23e3;2017-10-04 16:38:00-04:00;23.8;0.0;11.9;-1;Clear;1
63517;55ea9f4d498ed46db0383483;2017-10-04 19:27:00-04:00;22.3;0.0;16.6;-1;Clear;1
63828;5484890c498e985cf4e3c076;2017-12-18 19:42:00-05:00;8.3;0.0;12.1;-1;Overcast;1
63828;5953e5314382ab0b3b808dc6;2017-12-18 15:44:00-05:00;7.5;0.0;4.5;-1;Overcast;1
63915;49fe2f8af964a5207b6f1fe3;2018-01-03 23:42:00-05:00;-1.9;0.0;10.4;rain,snow;Overcast;1
63915;4eb13d68e5e8c0f5bd2fd983;2017-10-04 16:53:00-04:00;23.8;0.0;11.9;-1;Clear;1
63915;5547ffe8498ec8a2c668a412;2018-01-03 16:54:00-05:00;-2.1;0.0;10.7;snow;Partially cloudy;1
63915;579c12cd498e6e815b3acf50;2018-06-25 17:17:00-04:00;26.7;0.0;10.9;-1;Partially cloudy;1
63999;4165d880f964a5207e1d1fe3;2018-04-21 15:38:00-04:00;16.4;0.0;16.7;-1;Partially cloudy;1
63999;42893400f964a52054231fe3;2018-04-21 17:19:00-04:00;16.4;0.0;12.7;-1;Partially cloudy;1
63999;4ae8906ef964a52071b021e3;2018-04-24 03:35:00-04:00;8.8;0.0;1.7;-1;Clear;1
63999;4b829e60f964a52007db30e3;2018-04-20 19:03:00-04:00;7.6;0.0;20.3;-1;Clear;1
63999;4eb90d85722e09311d356915;2018-04-19 01:39:00-04:00;8.7;0.0;10.9;-1;Overcast;1
64067;3fd66200f964a52067e61ee3;2017-11-18 01:07:00-05:00;3.1;0.0;9.2;-1;Clear;1
64067;4dfaacb9d4c01451df566572;2017-11-18 02:35:00-05:00;2.3;0.0;0.0;-1;Partially cloudy;1
64112;42893400f964a52054231fe3;2018-01-02 17:25:00-05:00;-4.3;0.0;17.3;-1;Clear;1
64112;4a44cd95f964a5208fa71fe3;2018-01-02 19:55:00-05:00;-5.8;0.0;18.4;-1;Clear;1
64205;431f7f00f964a52085271fe3;2017-10-19 18:10:00-04:00;20.3;0.0;12.4;-1;Clear;1
64205;59287470ee71203352bd1df8;2017-10-22 18:43:00-04:00;18.7;0.0;7.3;-1;Partially cloudy;1
64205;5945575cf62e090a3b220883;2017-10-22 18:12:00-04:00;19.7;0.0;16.6;-1;Partially cloudy;1
64219;4c68988cfff7c9b6148647ef;2018-06-02 18:17:00-04:00;29.0;0.0;10.2;-1;Partially cloudy;1
64219;4ce94baab5c35941b8a4698f;2018-08-18 18:12:00-04:00;27.3;0.0;23.4;-1;Overcast;1
64219;4fbbd9ede4b0756c0d4c2364;2018-08-18 16:03:00-04:00;29.6;0.067;14.2;rain;Rain, Partially cloudy;1
64219;590a00e74febd55af43a8267;2018-06-02 18:35:00-04:00;27.5;0.0;23.0;-1;Partially cloudy;1
64244;4aa44464f964a520234620e3;2017-10-04 19:29:00-04:00;22.3;0.0;16.6;-1;Clear;1
64351;515abd65e4b08eda86b30e6e;2018-10-01 21:04:00-04:00;22.1;0.0;3.5;-1;Partially cloudy;1
64351;53a7307a498e56d9917d8f32;2018-10-01 20:03:00-04:00;22.2;0.0;3.4;-1;Partially cloudy;1
64360;4abe7f9ef964a520068e20e3;2018-03-13 14:59:00-04:00;4.2;0.0;23.4;-1;Overcast;1
64365;4b78360df964a520a7bc2ee3;2017-11-12 02:01:00-05:00;0.6;0.0;0.0;-1;Partially cloudy;1
64365;57c86b6a498e43a03acd849f;2017-11-12 01:31:00-05:00;0.6;0.0;0.0;-1;Partially cloudy;1
64425;4116be80f964a520fc0b1fe3;2017-10-29 06:02:00-04:00;15.9;0.18;11.9;rain;Rain, Partially cloudy;1
64425;50bcb93ae4b0efcb4c84d434;2017-10-29 02:16:00-04:00;18.3;0.0;14.0;-1;Overcast;1
64462;49ff62f9f964a52013701fe3;2017-12-03 17:56:00-05:00;8.5;0.0;4.1;-1;Partially cloudy;1
64462;4abe7f9ef964a520068e20e3;2017-12-03 16:31:00-05:00;8.3;0.0;9.8;-1;Partially cloudy;1
64462;4eb90d85722e09311d356915;2017-12-04 15:35:00-05:00;9.6;0.0;4.8;-1;Partially cloudy;1
64462;57ea9dab498e634b49d5663f;2017-12-04 17:40:00-05:00;9.0;0.0;11.1;-1;Partially cloudy;1
64618;41e46880f964a520d41e1fe3;2018-03-31 23:49:00-04:00;8.0;0.0;19.6;-1;Clear;1
64618;4a2bec19f964a520f1961fe3;2018-06-03 00:30:00-04:00;21.6;0.0;13.2;-1;Overcast;1
64618;4bc10965abf49521296bc093;2018-04-01 00:42:00-04:00;7.4;0.0;13.2;-1;Partially cloudy;1
64618;50bcb93ae4b0efcb4c84d434;2018-09-08 22:17:00-04:00;17.1;0.0;10.7;-1;Overcast;1
64618;58c1f3e97a8f044c6ea8934b;2018-06-02 20:21:00-04:00;25.7;0.0;11.8;-1;Overcast;1
64618;5b4fc2b467af3a002c9ab00f;2018-09-09 00:39:00-04:00;16.8;0.0;15.2;-1;Overcast;1
64956;40f47780f964a5209b0a1fe3;2018-03-04 15:31:00-05:00;6.3;0.0;25.8;-1;Partially cloudy;1
64956;4d03ae3437036dcbfba10bfb;2018-03-04 15:14:00-05:00;6.0;0.0;24.7;-1;Partially cloudy;1
65178;4f9c2a6be4b0e1cbfeebd9b0;2018-04-11 16:40:00-04:00;9.3;0.0;10.4;-1;Overcast;1
65214;507e0b2e011ca7f458d10d2f;2018-10-11 17:28:00-04:00;22.0;2.637;15.0;rain;Rain, Overcast;1
65214;53c5393c498eaaf9ec4b2caf;2018-08-03 17:51:00-04:00;25.9;0.0;10.6;-1;Partially cloudy;1
65214;5591c747498e45ec0b8171f1;2018-05-18 17:31:00-04:00;17.1;0.0;13.6;-1;Overcast;1
65288;4abe7f9ef964a520068e20e3;2017-10-05 22:41:00-04:00;22.3;0.0;9.5;-1;Partially cloudy;1
65288;53a5f4f0498e1d1f0be9ad8e;2017-10-04 19:36:00-04:00;22.0;0.0;13.2;-1;Clear;1
65288;53f8bf14498e7dfcd2d9df48;2018-04-26 22:56:00-04:00;16.5;0.0;6.6;-1;Clear;1
65288;54d8f562498e06a504cb5c47;2017-10-21 18:06:00-04:00;21.5;0.0;4.5;-1;Partially cloudy;1
65288;55103583498eed2d409b549a;2017-10-04 19:47:00-04:00;22.0;0.0;13.2;-1;Clear;1
65288;5748d802498eccc4228c7fd1;2018-06-25 23:28:00-04:00;22.8;0.0;9.4;-1;Clear;1
65436;51b07bbb498ef4badd279fe8;2017-10-29 16:28:00-04:00;18.2;14.363;15.3;rain;Rain, Overcast;1
65562;49ff62f9f964a52013701fe3;2017-12-26 19:55:00-05:00;-3.8;0.0;12.0;-1;Clear;1
65562;4ae9c4eaf964a52039b621e3;2017-12-26 19:11:00-05:00;-3.4;0.0;12.8;-1;Clear;1
65562;4b40cf3df964a5206bbb25e3;2018-01-07 20:18:00-05:00;-7.8;0.0;16.9;-1;Overcast;1
65562;4b6b5abff964a520fb022ce3;2018-01-15 21:21:00-05:00;-3.6;0.0;10.2;-1;Clear;1
65562;4dda977ad22d38ef4332c419;2018-01-18 20:56:00-05:00;-2.0;0.0;18.0;-1;Clear;1
65562;51b77ea1454a57610205b352;2018-01-08 01:50:00-05:00;-7.6;0.0;15.0;-1;Overcast;1
65562;58801864cc5b6a14dedce689;2018-01-15 21:19:00-05:00;-3.6;0.0;10.2;-1;Clear;1
65626;49e7ce15f964a5201d651fe3;2018-04-23 19:45:00-04:00;12.0;0.0;8.4;-1;Partially cloudy;2
65626;49f7456af964a5207b6c1fe3;2018-04-19 20:12:00-04:00;6.5;0.0;26.1;-1;Partially cloudy;1
65626;4b43c3dff964a5200ce925e3;2018-09-25 21:33:00-04:00;21.6;0.0;6.7;-1;Partially cloudy;2
65671;4165d880f964a5207e1d1fe3;2017-10-28 15:19:00-04:00;20.3;0.0;23.1;-1;Partially cloudy;1
65939;42893400f964a52054231fe3;2017-11-17 16:09:00-05:00;8.7;0.0;19.9;-1;Clear;1
65946;4b41442ef964a5205bc425e3;2017-12-09 15:59:00-05:00;-0.5;1.465;11.4;rain,snow;Snow, Rain, Overcast;1
65985;4ad78220f964a520960b21e3;2017-11-23 18:23:00-05:00;5.1;0.0;13.2;-1;Clear;2
65985;4bf30b89706e20a196c7a798;2017-10-21 16:08:00-04:00;24.5;0.0;9.8;-1;Partially cloudy;1
66057;57218ba5498eb662eaa1e121;2017-10-09 23:28:00-04:00;24.9;0.0;14.2;-1;Partially cloudy;1
66057;5b1e8ff161f070002ca87046;2018-07-02 16:39:00-04:00;31.7;0.0;14.9;-1;Clear;1
66453;4eb90d85722e09311d356915;2017-12-12 01:06:00-05:00;4.1;0.0;8.8;-1;Partially cloudy;1
66453;54d8f562498e06a504cb5c47;2017-12-11 20:41:00-05:00;3.6;0.0;2.6;-1;Overcast;1
66588;41e46880f964a520d41e1fe3;2017-11-30 02:37:00-05:00;4.1;0.0;10.5;-1;Clear;1
66634;58fdf5ec6cf01a4f54c7792b;2018-04-22 14:27:00-04:00;17.4;0.0;3.3;-1;Clear;1
66938;590a00e74febd55af43a8267;2018-08-14 00:23:00-04:00;22.5;0.0;2.1;-1;Partially cloudy;1
67516;4b6b5abff964a520fb022ce3;2018-07-16 06:16:00-04:00;24.5;0.0;2.4;-1;Clear;1
67602;3fd66200f964a520daf11ee3;2017-12-23 02:51:00-05:00;3.9;0.0;11.2;-1;Overcast;1
67602;57616cc9498ecbe794431164;2018-03-31 17:05:00-04:00;10.8;0.0;19.5;-1;Clear;1
67602;57b61f2a498ed8856425737c;2017-12-23 01:28:00-05:00;4.0;0.0;15.2;-1;Partially cloudy;1
67602;59822ae4e97dfb6a1519825b;2018-03-31 17:30:00-04:00;10.8;0.0;19.5;-1;Clear;1
67627;594301c89411f241f5b6a2ee;2018-09-12 15:59:00-04:00;24.8;0.0;9.7;-1;Overcast;1
67631;58389efb8f0be46bca889667;2017-10-04 19:38:00-04:00;22.0;0.0;13.2;-1;Clear;1
67632;5717e052498ea14d53b097f0;2018-06-16 23:45:00-04:00;22.8;0.0;7.9;-1;Clear;1
67632;57218ba5498eb662eaa1e121;2018-03-24 22:33:00-04:00;5.3;0.0;11.2;-1;Partially cloudy;1
67632;5aeca6ff5d891b002c5b46ca;2018-06-16 22:55:00-04:00;23.1;0.0;5.5;-1;Partially cloudy;1
67864;57ab90ca498e7d61e13a6985;2018-04-05 03:45:00-04:00;2.9;0.0;29.5;-1;Partially cloudy;1
67890;4bcf9774a8b3a5939497625f;2018-02-03 22:14:00-05:00;-1.6;0.0;15.9;-1;Partially cloudy;2
67890;52eddc12498e40bb655e0d7a;2018-02-03 21:15:00-05:00;-1.6;0.0;13.9;-1;Partially cloudy;1
67950;4b6b5abff964a520fb022ce3;2018-06-08 18:55:00-04:00;26.7;0.0;10.5;-1;Partially cloudy;1
67950;579c12cd498e6e815b3acf50;2018-06-08 20:03:00-04:00;26.1;0.0;3.9;-1;Partially cloudy;1
68227;49dcd4b4f964a520ad5f1fe3;2018-06-24 20:29:00-04:00;29.0;0.0;12.0;-1;Partially cloudy;1
68227;4b40cf3df964a5206bbb25e3;2017-10-04 20:25:00-04:00;22.0;0.0;13.2;-1;Clear;1
68227;55103583498eed2d409b549a;2018-06-24 21:34:00-04:00;22.6;0.076;11.1;rain;Rain, Overcast;1
68227;57b49df2498e4991755e961f;2018-06-04 23:20:00-04:00;17.0;0.0;6.8;-1;Partially cloudy;1
68227;59287ec99cadd905284e4052;2018-06-26 00:29:00-04:00;21.5;0.0;7.1;-1;Clear;1
68263;4abe7f9ef964a520068e20e3;2018-03-19 18:25:00-04:00;7.6;0.0;12.0;-1;Partially cloudy;1
68263;4b6b5abff964a520fb022ce3;2018-03-19 18:50:00-04:00;6.4;0.0;8.9;-1;Partially cloudy;1
68450;4165d880f964a5207e1d1fe3;2018-04-02 16:23:00-04:00;4.6;0.0;8.7;-1;Overcast;1
68450;4a675deef964a52045c91fe3;2018-04-02 20:33:00-04:00;5.0;0.0;8.0;-1;Partially cloudy;1
68450;4c35de72452620a1ba5d270f;2018-04-02 16:44:00-04:00;5.3;0.0;4.7;-1;Overcast;1
68450;4c36228418e72d7f004f14f5;2018-04-02 18:09:00-04:00;5.7;0.0;6.7;-1;Partially cloudy;1
68450;4eb90d85722e09311d356915;2018-04-02 22:23:00-04:00;4.4;0.0;11.7;-1;Partially cloudy;1
68450;515abd65e4b08eda86b30e6e;2018-04-02 22:39:00-04:00;4.7;0.0;9.2;-1;Clear;1
68450;5787b68e498efcabbebba4f8;2018-04-02 21:28:00-04:00;5.0;0.0;8.0;-1;Partially cloudy;1
68574;3fd66200f964a520d5e91ee3;2018-06-23 18:40:00-04:00;18.8;0.0;8.4;-1;Overcast;1
68584;4b6b5abff964a520fb022ce3;2018-06-10 20:35:00-04:00;17.1;0.0;3.0;-1;Overcast;1
68596;4eefd4506d86d722df8fd52e;2017-10-13 21:22:00-04:00;17.3;0.0;9.1;-1;Partially cloudy;1
68650;4c374bf80a71c9b6f2893ec9;2017-10-22 19:14:00-04:00;18.7;0.0;7.3;-1;Partially cloudy;1
68753;4c6832a6f984a593653e49f4;2017-10-05 21:02:00-04:00;25.3;0.0;14.6;-1;Partially cloudy;1
68773;42daf100f964a52035261fe3;2018-01-13 17:22:00-05:00;-2.0;0.0;29.3;-1;Clear;1
68773;4c374bf80a71c9b6f2893ec9;2018-01-13 16:17:00-05:00;-0.4;0.0;19.3;-1;Clear;1
68806;3fd66200f964a520dbe61ee3;2017-12-02 03:44:00-05:00;4.4;0.0;2.4;-1;Clear;1
68851;4a1d6741f964a520727b1fe3;2018-01-26 22:57:00-05:00;1.1;0.0;8.1;-1;Clear;1
68851;4b0d784cf964a520fb4823e3;2017-11-07 16:52:00-05:00;5.3;3.213;17.4;rain;Rain, Partially cloudy;1
68851;4d7e74cde7e1721ef8cfe00b;2018-01-27 01:26:00-05:00;1.8;0.0;2.9;-1;Clear;1
68851;509fd01de4b070da0a9d3c24;2018-01-21 19:17:00-05:00;9.7;0.0;4.0;-1;Overcast;1
68851;57f4fb59498efaaab7345b34;2018-01-21 19:41:00-05:00;9.5;0.0;3.4;-1;Overcast;3
68851;5806bab9d67c859f8d11140c;2018-01-28 21:25:00-05:00;8.6;0.0;8.4;-1;Partially cloudy;1
68852;4165d880f964a5207e1d1fe3;2018-01-26 16:26:00-05:00;3.4;0.0;12.4;-1;Clear;1
68852;42daf100f964a52035261fe3;2018-01-26 16:21:00-05:00;3.4;0.0;12.4;-1;Clear;1
68852;559ecd00498e965ccd39ea9f;2018-01-26 20:51:00-05:00;1.2;0.0;11.5;-1;Clear;1
68866;4165d880f964a5207e1d1fe3;2017-11-03 15:24:00-04:00;23.2;0.0;12.5;-1;Partially cloudy;1
68866;49e644c6f964a5202f641fe3;2017-11-01 20:06:00-04:00;13.2;0.0;8.5;-1;Partially cloudy;1
68866;4ad76597f964a5200e0a21e3;2017-11-02 23:01:00-04:00;18.1;0.0;6.8;-1;Partially cloudy;1
68869;4eb90d85722e09311d356915;2017-10-21 22:08:00-04:00;18.9;0.0;8.4;-1;Partially cloudy;1
68880;41ddd100f964a520c21e1fe3;2017-10-04 22:59:00-04:00;20.0;0.0;14.8;-1;Clear;1
68880;49c65aa8f964a52038571fe3;2017-10-04 22:03:00-04:00;20.7;0.0;21.6;-1;Clear;1
68880;4b678d76f964a520ff542be3;2017-10-04 21:18:00-04:00;21.5;0.0;23.1;-1;Clear;1
68931;49b87b8cf964a52044531fe3;2017-11-16 02:40:00-05:00;11.7;0.0;15.8;-1;Partially cloudy;1
68952;49e7ce15f964a5201d651fe3;2018-02-14 02:12:00-05:00;2.0;0.0;7.2;-1;Overcast;1
68952;4aad466df964a5206f5f20e3;2018-01-26 15:47:00-05:00;3.4;0.0;12.4;-1;Clear;1
68952;4ac20140f964a520c29720e3;2018-01-26 21:02:00-05:00;1.2;0.0;11.5;-1;Clear;1
68952;4ae8906ef964a52071b021e3;2018-02-22 17:17:00-05:00;3.2;1.695;17.7;rain;Rain, Overcast;1
68952;4b6b5abff964a520fb022ce3;2017-11-12 15:40:00-05:00;7.6;0.0;8.3;-1;Clear;1
68952;4eb90d85722e09311d356915;2018-02-22 17:15:00-05:00;3.2;1.695;17.7;rain;Rain, Overcast;3
68963;4be19fed1a44a593113a9287;2017-11-19 17:15:00-05:00;7.6;0.0;15.8;-1;Partially cloudy;1
68997;3fd66200f964a52083e61ee3;2017-10-29 02:39:00-04:00;17.6;0.0;19.6;-1;Partially cloudy;1
68997;4116be80f964a520fc0b1fe3;2017-12-06 03:49:00-05:00;10.1;0.0;17.6;-1;Partially cloudy;1
68997;47111950f964a5209e4b1fe3;2018-07-14 03:01:00-04:00;22.8;0.0;8.2;-1;Clear;1
68997;49bc236af964a5201b541fe3;2017-10-05 04:09:00-04:00;18.6;0.0;14.4;-1;Overcast;1
68997;49c65aa8f964a52038571fe3;2018-06-03 04:30:00-04:00;16.8;0.0;15.2;-1;Overcast;1
68997;4a436c34f964a52085a61fe3;2018-04-29 19:02:00-04:00;10.8;0.0;19.2;-1;Overcast;1
68997;4a6fa0abf964a520a4d61fe3;2017-11-05 19:36:00-05:00;15.8;0.0;2.6;-1;Partially cloudy;1
68997;4a70e5d0f964a520b8d81fe3;2018-09-15 02:13:00-04:00;21.1;0.0;7.7;-1;Partially cloudy;1
68997;4aac0035f964a520825b20e3;2017-11-25 21:16:00-05:00;12.3;0.0;5.0;-1;Partially cloudy;1
68997;4b648edcf964a52084bd2ae3;2018-05-18 21:55:00-04:00;14.3;0.0;15.3;-1;Overcast;2
68997;4bc51cf40a30d13aafad599c;2017-11-05 21:13:00-05:00;16.3;0.0;6.5;-1;Partially cloudy;1
68997;4d9669ed744f37045d15ba57;2017-12-15 01:17:00-05:00;-5.4;0.0;15.0;snow;Clear;1
68997;4e67acf2bd41e96a148c2a7c;2017-12-18 17:55:00-05:00;8.0;0.0;12.6;-1;Overcast;1
68997;4f0f47650cd695a0e54cb438;2018-06-29 03:10:00-04:00;22.7;0.0;5.3;-1;Clear;1
68997;4fd244dce4b03e7cee3dd4b1;2018-10-06 19:39:00-04:00;19.0;0.0;5.2;-1;Overcast;1
68997;526ac1b611d206c487db6d17;2017-12-06 00:47:00-05:00;14.3;0.0;18.3;-1;Overcast;1
68997;52d1fc0b498ede513bb71ede;2017-12-18 18:38:00-05:00;8.0;0.0;16.0;-1;Overcast;1
68997;5355a5ca498e506aae75edb7;2018-06-14 03:16:00-04:00;22.9;0.0;20.1;-1;Partially cloudy;1
68997;542074d8498e537b40b198ac;2017-10-04 23:33:00-04:00;19.3;0.0;16.5;-1;Clear;1
68997;549dabec498eb47afce47921;2017-12-17 00:16:00-05:00;1.3;0.0;10.5;-1;Partially cloudy;1
68997;551c8be7498e3ebc8f1d0075;2018-02-03 02:45:00-05:00;-8.7;0.0;15.6;-1;Clear;1
68997;56f73e71498efedad2c1e41c;2018-05-20 03:07:00-04:00;13.9;0.0;1.2;-1;Overcast;2
68997;5771337f498e8ede582877bc;2017-12-15 00:14:00-05:00;-4.7;0.0;12.1;snow;Clear;1
68997;587012d1fad9dc2b0158b276;2018-02-03 01:12:00-05:00;-8.3;0.0;22.6;-1;Clear;1
68997;5898b973fc73d40bed68acb6;2018-04-29 17:20:00-04:00;12.4;0.0;18.4;-1;Overcast;1
68997;5ab51b6aa4b51b3dc096ed68;2018-10-06 19:50:00-04:00;19.0;0.0;5.2;-1;Overcast;1
69168;480f463ef964a5202a4f1fe3;2017-10-13 22:21:00-04:00;17.3;0.0;8.3;-1;Partially cloudy;1
69247;3fd66200f964a520d9f11ee3;2017-10-21 18:51:00-04:00;19.6;0.0;4.5;-1;Partially cloudy;1
69247;4a675deef964a52045c91fe3;2017-10-21 18:50:00-04:00;19.6;0.0;4.5;-1;Partially cloudy;1
69247;4aad466df964a5206f5f20e3;2017-10-21 15:19:00-04:00;25.9;0.0;7.4;-1;Partially cloudy;1
69247;4b6b5abff964a520fb022ce3;2017-10-21 16:13:00-04:00;24.5;0.0;9.8;-1;Partially cloudy;1
69247;4b996536f964a520467835e3;2017-10-21 23:14:00-04:00;18.6;0.0;9.4;-1;Partially cloudy;1
69247;4bc24023461576b056237d32;2017-10-21 15:56:00-04:00;24.5;0.0;9.8;-1;Partially cloudy;1
69247;4c51cd3cbfc6ef3b6def3e9c;2017-10-21 23:19:00-04:00;18.6;0.0;9.4;-1;Partially cloudy;1
69247;50474d91e4b0ea030c26e87b;2017-10-21 14:51:00-04:00;25.9;0.0;7.4;-1;Partially cloudy;1
69247;507f06e9e4b0d2368fcbada4;2017-10-21 17:28:00-04:00;23.0;0.0;10.4;-1;Partially cloudy;1
69247;53eba911498e9b26cc64bdff;2017-10-21 18:18:00-04:00;21.5;0.0;4.5;-1;Partially cloudy;1
69247;5984eeb39be522744003dee5;2017-10-22 01:48:00-04:00;17.2;0.0;1.2;-1;Clear;1
69273;457be73df964a520f73e1fe3;2018-04-19 23:44:00-04:00;4.0;0.0;17.7;-1;Clear;1
69273;4d7e74cde7e1721ef8cfe00b;2018-08-20 02:30:00-04:00;21.2;0.0;14.4;-1;Overcast;2
69273;57218ba5498eb662eaa1e121;2018-03-31 00:01:00-04:00;7.4;0.0;17.4;-1;Clear;1
69273;5b4fc2b467af3a002c9ab00f;2018-08-19 21:56:00-04:00;22.5;0.0;9.8;-1;Overcast;1
69535;431e2d80f964a52079271fe3;2017-10-07 20:25:00-04:00;23.0;0.0;14.5;-1;Clear;1
69535;53a5f4f0498e1d1f0be9ad8e;2017-10-07 15:48:00-04:00;24.6;0.0;12.0;-1;Partially cloudy;1
69535;547113b8498ec02dd22ab440;2017-10-07 16:49:00-04:00;24.8;0.0;12.8;-1;Partially cloudy;1
69555;4abe7f9ef964a520068e20e3;2018-06-23 17:30:00-04:00;19.0;0.0;9.5;-1;Overcast;1
69563;4c42383fff711b8dbe381305;2017-10-28 15:00:00-04:00;20.3;0.0;23.1;-1;Partially cloudy;1
69781;4eb13d68e5e8c0f5bd2fd983;2017-10-15 18:27:00-04:00;21.4;0.0;21.3;-1;Overcast;1
69794;4bdef6f3ffdec928cc3feaa1;2017-10-04 22:26:00-04:00;20.7;0.0;21.6;-1;Clear;1
69865;4abe7f9ef964a520068e20e3;2018-07-02 20:10:00-04:00;28.9;0.0;8.3;-1;Clear;1
69909;4b40cf3df964a5206bbb25e3;2017-11-22 22:25:00-05:00;3.1;0.0;26.8;-1;Clear;1
69934;3fd66200f964a5202ce71ee3;2018-01-07 15:25:00-05:00;-8.3;0.0;10.3;-1;Clear;1
69934;55416d48498e3ede2bd8118d;2018-01-07 17:54:00-05:00;-8.2;0.0;17.5;-1;Partially cloudy;1
70014;4a01ee7bf964a52010711fe3;2017-12-16 19:53:00-05:00;3.2;0.0;9.5;-1;Overcast;1
70014;4f22ca77e4b0ed3396a83a05;2017-12-16 21:27:00-05:00;3.0;0.0;10.2;-1;Overcast;1
70014;59d55307d48ec12ba0df430e;2017-10-05 00:32:00-04:00;19.0;0.0;16.3;-1;Partially cloudy;1
70031;515abd65e4b08eda86b30e6e;2018-02-09 18:04:00-05:00;1.7;0.0;10.7;-1;Partially cloudy;1
70031;52ce0173498e800c8e2dcc50;2018-02-09 22:29:00-05:00;3.1;0.0;11.7;-1;Partially cloudy;1
70031;566ccc9e498e30e477702118;2018-02-10 16:41:00-05:00;8.0;0.108;5.4;rain;Rain, Overcast;1
70031;57c98c00498ede2ae6ad9755;2018-02-08 17:32:00-05:00;-0.6;0.0;10.1;-1;Overcast;1
70131;49de7429f964a52053601fe3;2018-03-29 21:49:00-04:00;9.6;0.0;9.8;-1;Overcast;4
70131;560d1028498eee2df9f982f0;2018-03-29 23:29:00-04:00;9.1;0.0;14.1;-1;Overcast;1
70131;580820a638fae571fa62c326;2017-11-16 03:28:00-05:00;11.7;0.0;15.8;-1;Partially cloudy;1
70131;584067e6b50d521817d726a1;2018-02-10 19:08:00-05:00;7.1;1.039;4.2;rain;Rain, Overcast;2
70131;5a2d92784420d862a9ecc32d;2017-12-22 20:37:00-05:00;6.3;0.0;13.4;-1;Partially cloudy;1
70144;4b6b5abff964a520fb022ce3;2018-04-07 21:14:00-04:00;6.3;0.0;12.6;-1;Overcast;1
70157;4b6b5abff964a520fb022ce3;2017-11-18 15:37:00-05:00;10.7;0.039;10.7;rain;Rain, Partially cloudy;1
70193;42893400f964a52054231fe3;2018-02-18 19:17:00-05:00;5.1;0.0;8.4;-1;Partially cloudy;1
70255;4b6b5abff964a520fb022ce3;2018-01-02 18:51:00-05:00;-5.0;0.0;16.1;-1;Clear;1
70255;4b996536f964a520467835e3;2018-01-03 23:22:00-05:00;-1.9;0.0;10.7;rain,snow;Overcast;1
70329;4d03ae3437036dcbfba10bfb;2018-06-10 17:08:00-04:00;18.5;0.048;2.9;rain;Rain, Overcast;1
70337;40f1d480f964a5205b0a1fe3;2017-10-28 05:37:00-04:00;12.6;0.0;4.5;-1;Clear;1
70355;49f125dcf964a52091691fe3;2017-11-19 21:25:00-05:00;7.0;0.0;16.2;-1;Partially cloudy;1
70366;42893400f964a52054231fe3;2017-11-10 17:06:00-05:00;-0.1;0.0;25.6;-1;Clear;1
70366;42daf100f964a52035261fe3;2017-11-10 16:05:00-05:00;1.1;0.0;25.0;-1;Clear;1
70366;4b6b5abff964a520fb022ce3;2017-11-13 21:53:00-05:00;5.1;0.0;9.2;-1;Clear;1
70366;4bc24023461576b056237d32;2017-11-10 20:01:00-05:00;-2.3;0.0;33.5;-1;Clear;1
70470;57c98c00498ede2ae6ad9755;2017-11-21 09:51:00-05:00;10.4;0.0;16.1;-1;Clear;1
70507;4a01ee7bf964a52010711fe3;2017-10-04 23:11:00-04:00;20.0;0.0;14.8;-1;Clear;1
70555;45e3ee77f964a5203a431fe3;2017-10-13 00:00:00-04:00;13.5;0.0;14.5;-1;Partially cloudy;1
70555;515abd65e4b08eda86b30e6e;2017-10-12 21:15:00-04:00;15.3;0.0;13.8;-1;Partially cloudy;1
70555;593332f9123a1963f539daa0;2017-10-13 00:33:00-04:00;13.4;0.0;13.9;-1;Clear;1
70573;57470da2498ed71d9912da41;2018-01-13 22:15:00-05:00;-6.1;0.0;14.9;-1;Clear;1
70635;4a149749f964a52055781fe3;2017-10-15 18:27:00-04:00;21.4;0.0;21.3;-1;Overcast;1
70635;58167e4c38fa462c38c36daf;2017-10-15 21:46:00-04:00;20.8;0.0;23.1;-1;Overcast;1
70679;3fd66200f964a5209fea1ee3;2018-05-15 21:36:00-04:00;19.6;0.0;2.4;-1;Overcast;1
70679;4a44cd95f964a5208fa71fe3;2018-10-07 17:04:00-04:00;26.2;0.0;0.9;-1;Overcast;1
70679;4ad0ec5df964a52023db20e3;2018-10-07 14:54:00-04:00;26.1;0.0;6.3;-1;Partially cloudy;1
70679;507e0b2e011ca7f458d10d2f;2018-07-10 18:05:00-04:00;33.6;0.0;13.4;-1;Clear;1
70744;4d77976f6af42d43120282f7;2017-11-03 15:40:00-04:00;23.2;0.0;15.2;-1;Partially cloudy;1
70744;56253720498eafa9acbe4f14;2017-11-04 18:44:00-04:00;11.4;0.0;9.0;-1;Partially cloudy;1
70745;4e345b98d22d86185a608ab8;2018-07-17 17:11:00-04:00;22.4;1.879;1.2;rain;Rain, Overcast;1
70984;3fd66200f964a520b1ea1ee3;2017-11-19 05:20:00-05:00;14.2;2.773;15.8;rain;Rain, Overcast;1
70984;3fd66200f964a520ece31ee3;2018-01-13 17:55:00-05:00;-3.6;0.0;23.5;-1;Clear;1
70984;41e46880f964a520d41e1fe3;2017-10-06 02:20:00-04:00;21.5;0.0;7.8;-1;Partially cloudy;1
70984;4785ef6ff964a520354d1fe3;2018-06-01 19:15:00-04:00;25.1;0.0;2.9;-1;Partially cloudy;1
70984;48c91543f964a520e4511fe3;2018-10-14 00:16:00-04:00;10.2;0.0;11.2;-1;Clear;1
70984;49e74532f964a52081641fe3;2018-09-30 19:13:00-04:00;18.7;0.0;5.3;-1;Partially cloudy;1
70984;49f220a3f964a520ee691fe3;2018-10-13 23:13:00-04:00;10.4;0.0;11.2;-1;Clear;1
70984;4a1dd407f964a5209c7b1fe3;2018-01-13 21:36:00-05:00;-6.1;0.0;14.9;-1;Clear;1
70984;4aad744bf964a520606020e3;2018-03-01 00:01:00-05:00;12.9;0.0;9.6;-1;Overcast;1
70984;4ba4215ff964a5208f8438e3;2018-10-14 01:19:00-04:00;9.8;0.0;10.7;-1;Clear;1
70984;4dfaacb9d4c01451df566572;2018-10-13 23:03:00-04:00;10.4;0.0;11.2;-1;Clear;1
70984;5547ffe8498ec8a2c668a412;2018-07-07 23:51:00-04:00;18.6;0.0;3.3;-1;Clear;1
70984;5591c747498e45ec0b8171f1;2017-11-18 19:24:00-05:00;9.3;0.825;8.7;rain;Rain, Partially cloudy;1
70984;56dcacb9498e12e3c47eb759;2017-10-05 23:03:00-04:00;22.3;0.0;9.5;-1;Partially cloudy;1
70984;56ddc1f8cd1028ec415bf35a;2018-01-27 21:17:00-05:00;12.3;0.0;11.0;-1;Partially cloudy;1
70984;578692f4498e1054905dbde7;2018-07-15 03:21:00-04:00;22.0;0.325;5.8;rain;Rain, Overcast;1
70984;57e4150d498efb6fccc24a4e;2018-09-30 18:34:00-04:00;18.7;0.0;5.3;-1;Partially cloudy;1
70984;590a00e74febd55af43a8267;2018-06-01 20:56:00-04:00;22.9;0.0;3.0;-1;Partially cloudy;1
70984;59287ec99cadd905284e4052;2018-07-07 22:58:00-04:00;18.9;0.0;4.1;-1;Clear;1
70984;59713cc87564f739c83beee8;2018-01-27 21:07:00-05:00;12.3;0.0;11.0;-1;Partially cloudy;1
71013;4d03ae3437036dcbfba10bfb;2018-08-28 03:10:00-04:00;27.2;0.0;4.3;-1;Partially cloudy;1
71013;59e7bfa8356b4970aea1be3f;2018-08-27 22:31:00-04:00;29.3;0.0;9.1;-1;Partially cloudy;1
71026;3fd66200f964a520daf11ee3;2018-01-28 01:15:00-05:00;12.2;0.0;11.7;-1;Overcast;1
71026;58a4ad2a5e56b4730c8fcfe8;2018-02-18 19:18:00-05:00;5.1;0.0;8.4;-1;Partially cloudy;1
71035;590bbf91b3d8e268790ce641;2017-11-08 22:08:00-05:00;6.9;0.0;8.4;-1;Clear;1
71035;59b1a2c26f706a0386a30602;2017-11-08 20:58:00-05:00;7.6;0.0;9.4;-1;Clear;1
71037;4abe7f9ef964a520068e20e3;2017-12-24 04:06:00-05:00;3.8;0.0;15.7;-1;Clear;1
71037;509fd01de4b070da0a9d3c24;2017-12-24 04:05:00-05:00;3.8;0.0;15.7;-1;Clear;1
71052;57435923498e13904f902552;2017-12-20 02:32:00-05:00;10.1;0.0;15.7;-1;Partially cloudy;1
71052;58f54555e2ead178a41de832;2017-12-19 19:50:00-05:00;11.7;0.0;17.7;-1;Clear;1
71202;540e547e498e51456fa10db9;2018-03-11 00:29:00-05:00;2.3;0.0;15.9;-1;Partially cloudy;1
71211;49e7ce15f964a5201d651fe3;2018-07-15 20:29:00-04:00;27.5;0.0;12.1;-1;Clear;1
71245;564d067f38fafdd033f84d26;2018-01-24 18:48:00-05:00;0.8;0.0;17.8;-1;Clear;1
71282;40b52f80f964a5205a001fe3;2017-11-17 02:54:00-05:00;6.0;0.0;20.9;-1;Partially cloudy;1
71282;45be8decf964a5201a421fe3;2017-11-17 02:40:00-05:00;6.0;0.0;20.9;-1;Partially cloudy;1
71282;4eb90d85722e09311d356915;2017-10-21 21:59:00-04:00;18.9;0.0;8.4;-1;Partially cloudy;1
71282;54f27deb498e47a670f5e399;2017-11-17 03:21:00-05:00;6.0;0.0;20.9;-1;Partially cloudy;1
71282;57acc558498e036ce8f2b0b4;2017-12-09 01:58:00-05:00;2.0;0.0;3.2;-1;Overcast;1
71378;42893400f964a52054231fe3;2018-09-01 21:03:00-04:00;22.4;0.0;8.3;-1;Overcast;1
71378;49b87b8cf964a52044531fe3;2018-09-01 00:28:00-04:00;22.4;0.0;13.0;-1;Overcast;1
71378;509d636e5d2463e87154805d;2018-09-01 19:15:00-04:00;23.3;0.0;5.9;-1;Overcast;1
71400;4b40cf3df964a5206bbb25e3;2017-10-22 15:41:00-04:00;22.8;0.0;10.2;-1;Partially cloudy;1
71400;4bac00a1f964a52025dd3ae3;2017-10-22 16:08:00-04:00;22.8;0.0;10.2;-1;Partially cloudy;1
71400;579c12cd498e6e815b3acf50;2017-11-05 22:03:00-05:00;16.1;0.0;3.2;-1;Overcast;1
71400;59f38be7175562651c451266;2017-11-05 20:45:00-05:00;16.3;0.0;6.5;-1;Partially cloudy;1
71422;4c374bf80a71c9b6f2893ec9;2017-10-25 23:05:00-04:00;15.9;0.0;13.0;-1;Overcast;1
71422;4eb13d68e5e8c0f5bd2fd983;2017-11-05 20:41:00-05:00;16.3;0.0;6.5;-1;Partially cloudy;1
71422;53ab0af5498e13bffddb8d96;2017-11-05 21:47:00-05:00;16.1;0.0;3.2;-1;Overcast;1
71425;59287ec99cadd905284e4052;2018-06-01 21:27:00-04:00;22.9;0.0;3.0;-1;Partially cloudy;1
71426;431e2d80f964a52079271fe3;2017-10-06 22:28:00-04:00;22.3;0.0;3.3;-1;Partially cloudy;1
71426;4cc60b7a82388cfad0727935;2017-10-05 03:04:00-04:00;18.9;0.0;13.9;-1;Overcast;1
71426;4edec6e40e01ed773a8ddf4e;2017-10-05 00:09:00-04:00;19.3;0.0;16.5;-1;Clear;1
71426;5370d71f498e0a21ab202751;2017-10-05 14:59:00-04:00;27.5;0.0;10.4;-1;Partially cloudy;1
71426;55b7dd92498e88a1ea18d3f8;2017-10-05 13:16:00-04:00;26.8;0.0;12.9;-1;Partially cloudy;1
71608;3fd66200f964a520d5e91ee3;2018-02-25 16:34:00-05:00;6.0;0.0;10.6;-1;Overcast;1
71608;49d2b43ef964a520cb5b1fe3;2017-12-19 17:13:00-05:00;12.7;0.0;19.3;-1;Partially cloudy;1
71608;4af08639f964a520e8dc21e3;2017-12-19 17:06:00-05:00;12.7;0.0;19.3;-1;Partially cloudy;1
71608;4df167c8d22d8c5470d5058c;2018-02-25 16:47:00-05:00;6.0;0.0;10.6;-1;Overcast;1
71693;4abe7f9ef964a520068e20e3;2018-10-05 21:42:00-04:00;18.5;0.0;4.8;-1;Overcast;1
71701;431f7f00f964a52085271fe3;2018-06-22 18:35:00-04:00;21.4;0.0;6.2;-1;Partially cloudy;1
71702;4165d880f964a5207e1d1fe3;2017-12-30 21:38:00-05:00;-5.7;0.039;14.3;snow;Snow, Partially cloudy;1
71702;42893400f964a52054231fe3;2017-12-30 21:40:00-05:00;-5.7;0.039;14.3;snow;Snow, Partially cloudy;1
71755;509fd01de4b070da0a9d3c24;2018-04-21 22:31:00-04:00;12.5;0.0;9.3;-1;Partially cloudy;1
71755;559ecd00498e965ccd39ea9f;2018-04-21 22:51:00-04:00;12.5;0.0;9.3;-1;Partially cloudy;1
71755;5787b68e498efcabbebba4f8;2018-04-21 23:54:00-04:00;11.9;0.0;14.1;-1;Partially cloudy;1
71802;515074c5e4b022f355fc43a7;2018-04-18 21:34:00-04:00;10.1;0.0;9.2;-1;Clear;1
71829;3fd66200f964a520d8f11ee3;2017-10-07 22:49:00-04:00;22.3;0.0;11.9;-1;Partially cloudy;1
71829;4165d880f964a5207e1d1fe3;2017-10-08 20:03:00-04:00;24.6;0.0;10.9;-1;Partially cloudy;1
71829;4a675deef964a52045c91fe3;2017-10-08 21:49:00-04:00;24.9;0.0;1.2;-1;Partially cloudy;1
71875;42893400f964a52054231fe3;2018-06-15 20:54:00-04:00;22.1;0.0;2.1;-1;Partially cloudy;1
71875;4bc24023461576b056237d32;2018-06-15 15:30:00-04:00;23.8;0.0;6.9;-1;Partially cloudy;1
71875;5984eeb39be522744003dee5;2018-06-15 14:56:00-04:00;23.8;0.0;6.9;-1;Partially cloudy;1
71896;5998e49dc666662a7e02525e;2017-10-13 03:24:00-04:00;11.7;0.0;13.9;-1;Partially cloudy;1
71910;3fd66200f964a52067e61ee3;2017-12-15 16:28:00-05:00;-4.1;0.423;10.2;snow;Snow, Partially cloudy;1
71910;4ad68c35f964a520c20721e3;2017-12-27 22:19:00-05:00;-7.3;0.0;13.9;-1;Clear;1
71910;51b77ea1454a57610205b352;2018-05-10 20:02:00-04:00;17.3;0.0;10.7;-1;Partially cloudy;1
71962;4e4dd62dbd4101d0d79c5e6c;2018-04-06 13:47:00-04:00;9.7;0.0;11.7;-1;Overcast;1
72087;4b60c708f964a520d0f829e3;2018-02-25 03:51:00-05:00;5.7;0.367;12.0;rain;Rain, Overcast;1
72087;54f27deb498e47a670f5e399;2017-11-06 03:35:00-05:00;16.1;0.0;9.0;-1;Overcast;1
72090;4a7a06f2f964a52039e81fe3;2017-11-19 21:33:00-05:00;6.3;0.0;20.6;-1;Partially cloudy;1
72090;5074abbc5262942a6abb84ae;2017-11-19 22:09:00-05:00;6.3;0.0;20.6;-1;Partially cloudy;1
72200;50bcb93ae4b0efcb4c84d434;2018-06-16 01:46:00-04:00;19.7;0.0;9.2;-1;Clear;1
72273;49ff62f9f964a52013701fe3;2017-11-10 20:16:00-05:00;-2.3;0.0;33.5;-1;Clear;1
72368;4a411ea5f964a520cba41fe3;2018-02-04 05:31:00-05:00;0.4;0.0;9.9;-1;Overcast;1
72368;5467ceec498e1b95c0575e73;2017-11-04 02:36:00-04:00;9.6;0.0;9.3;-1;Partially cloudy;1
72368;5748ddc7498eccc42296396b;2018-02-04 00:54:00-05:00;-1.1;0.0;11.8;-1;Overcast;1
72380;4e4190fafa762ad6d846f883;2017-12-08 20:09:00-05:00;2.5;0.0;7.6;-1;Overcast;1
72380;56f1c2a6498e96c5d9e9a31e;2018-02-08 15:37:00-05:00;-0.1;0.0;9.6;-1;Partially cloudy;1
72380;57583641498e90001a32e13e;2018-02-08 16:26:00-05:00;-0.1;0.0;9.6;-1;Partially cloudy;1
72380;5991933ec0f1632f70b55347;2018-01-09 23:55:00-05:00;1.1;0.0;10.2;-1;Clear;1
72380;5a387ba8838e597257b20ed7;2018-02-08 15:38:00-05:00;-0.1;0.0;9.6;-1;Partially cloudy;1
72419;3fd66200f964a52067e61ee3;2018-05-06 22:18:00-04:00;13.8;0.0;2.4;-1;Partially cloudy;1
72419;42893400f964a52054231fe3;2018-05-09 17:32:00-04:00;19.7;0.0;11.7;-1;Partially cloudy;1
72419;4b6b5abff964a520fb022ce3;2018-05-07 00:47:00-04:00;14.2;0.0;2.4;-1;Overcast;1
72419;4c374bf80a71c9b6f2893ec9;2018-05-06 18:24:00-04:00;16.2;0.0;14.6;-1;Overcast;1
72419;5984eeb39be522744003dee5;2018-05-07 00:17:00-04:00;14.2;0.0;4.2;-1;Overcast;1
72448;53611b4b498e99f52a28cb32;2017-10-26 00:56:00-04:00;14.4;0.0;17.3;-1;Overcast;1
72488;4b4277fbf964a52086d425e3;2017-10-11 14:27:00-04:00;23.8;0.0;13.6;-1;Partially cloudy;1
72488;579ce65c498e7375adeff1e8;2017-10-11 15:14:00-04:00;23.5;0.0;14.6;-1;Partially cloudy;1
72634;51bb9282498e56a7521f9983;2017-10-27 10:59:00-04:00;13.3;0.0;6.7;-1;Clear;1
72704;4fbbd9ede4b0756c0d4c2364;2017-12-22 19:14:00-05:00;8.8;0.0;5.3;-1;Overcast;1
72704;57ab90ca498e7d61e13a6985;2017-12-23 00:30:00-05:00;4.3;0.0;11.7;-1;Partially cloudy;1
72803;5a9069c3c62b493a334d5a12;2018-09-08 18:27:00-04:00;18.2;0.0;15.6;-1;Overcast;1
72904;5ada32224f0e584592628c1f;2018-10-01 16:15:00-04:00;23.8;0.0;7.6;-1;Overcast;1
72913;4c2ba1f857a9c9b67138f667;2018-06-22 17:22:00-04:00;22.3;0.0;7.9;-1;Partially cloudy;1
72954;3fd66200f964a5206be61ee3;2017-10-31 23:58:00-04:00;8.6;0.0;11.9;-1;Clear;1
72954;537ae03e498eddb91b359eb8;2017-10-31 23:39:00-04:00;8.6;0.0;11.9;-1;Clear;1
73054;42893400f964a52054231fe3;2018-03-27 18:23:00-04:00;5.6;0.0;10.2;-1;Partially cloudy;1
73054;4a44cd95f964a5208fa71fe3;2018-03-27 19:39:00-04:00;5.4;0.0;4.5;-1;Overcast;1
73054;4ae8906ef964a52071b021e3;2018-03-31 14:22:00-04:00;12.7;0.0;7.2;-1;Clear;1
73054;4b3a50c6f964a520796425e3;2018-03-27 15:44:00-04:00;6.7;0.0;7.3;-1;Partially cloudy;1
73054;4b40cf3df964a5206bbb25e3;2018-03-31 17:29:00-04:00;10.8;0.0;19.5;-1;Clear;1
73054;4edd43af7bebc29455367992;2018-03-29 16:14:00-04:00;11.3;0.0;8.0;-1;Overcast;1
73054;515abd65e4b08eda86b30e6e;2018-03-31 14:38:00-04:00;13.4;0.0;14.6;-1;Clear;1
73125;54242f3a498e53a21ee14b81;2018-10-12 14:56:00-04:00;15.7;0.0;20.6;-1;Clear;1
73244;49f20602f964a520d4691fe3;2018-04-21 19:36:00-04:00;15.1;0.0;15.2;-1;Partially cloudy;1
73244;4abe7f9ef964a520068e20e3;2018-04-20 20:05:00-04:00;6.9;0.0;19.2;-1;Clear;1
73244;4b40cf3df964a5206bbb25e3;2018-04-21 18:37:00-04:00;15.7;0.0;15.3;-1;Partially cloudy;1
73283;42893400f964a52054231fe3;2018-10-04 14:43:00-04:00;24.2;0.0;6.1;-1;Partially cloudy;1
73449;509fd01de4b070da0a9d3c24;2018-01-14 21:15:00-05:00;-7.9;0.0;20.2;-1;Clear;1
73449;540d97b5498e05abd30fd5ca;2018-01-14 21:08:00-05:00;-7.9;0.0;20.2;-1;Clear;1
73449;5915ebe68a6f17705d4d1e10;2018-01-14 21:38:00-05:00;-8.2;0.0;15.3;-1;Clear;1
73524;55103583498eed2d409b549a;2017-10-07 20:47:00-04:00;22.4;0.0;18.9;-1;Clear;1
73528;524f650e11d2b2e01dc964f8;2017-11-03 21:57:00-04:00;13.5;0.0;17.3;-1;Clear;1
74119;4a675deef964a52045c91fe3;2017-12-25 21:20:00-05:00;-1.6;0.0;22.4;-1;Clear;1
74298;59480a78f62e090a3b4d6eb7;2017-10-05 22:27:00-04:00;24.3;0.0;10.1;-1;Partially cloudy;1
74540;42893400f964a52054231fe3;2017-11-05 16:33:00-05:00;15.0;0.115;4.5;rain;Rain, Overcast;1
74540;4b6b5abff964a520fb022ce3;2017-11-05 19:32:00-05:00;15.8;0.0;2.6;-1;Partially cloudy;1
74540;4df8c50252b1e8ca02cfa35a;2017-11-05 17:38:00-05:00;15.8;0.0;9.8;-1;Overcast;1
74649;42893400f964a52054231fe3;2018-10-03 17:01:00-04:00;22.4;0.0;5.8;-1;Partially cloudy;1
74649;4a44cd95f964a5208fa71fe3;2018-10-03 17:31:00-04:00;22.3;0.0;5.3;-1;Partially cloudy;1
74649;4a675deef964a52045c91fe3;2018-10-05 19:22:00-04:00;18.5;0.0;7.6;-1;Partially cloudy;1
74649;4abe7f9ef964a520068e20e3;2018-10-02 16:05:00-04:00;24.7;0.0;11.3;-1;Overcast;1
74649;5941c0abf193c012d47fc4e8;2018-10-02 16:42:00-04:00;24.8;0.0;13.5;-1;Partially cloudy;1
75254;4b996536f964a520467835e3;2018-07-20 01:28:00-04:00;22.0;0.0;3.9;-1;Clear;1
75254;4bc72ae7af07a593909c7e2d;2018-07-22 17:52:00-04:00;24.7;0.126;10.4;rain;Rain, Overcast;1
75254;558a03b5498eaa58d8dc5014;2018-07-20 02:00:00-04:00;21.9;0.0;3.3;-1;Clear;1
75254;559ecd00498e965ccd39ea9f;2018-07-22 17:30:00-04:00;25.1;0.0;14.0;-1;Overcast;1
75375;3fd66200f964a520daf11ee3;2018-08-08 21:35:00-04:00;28.4;0.0;9.9;-1;Partially cloudy;1
75375;42893400f964a52054231fe3;2018-08-12 15:23:00-04:00;27.0;0.0;5.7;-1;Partially cloudy;1
75375;4eb13d68e5e8c0f5bd2fd983;2018-08-12 14:26:00-04:00;28.2;0.0;12.7;-1;Partially cloudy;1
75375;4eb90d85722e09311d356915;2018-08-12 18:50:00-04:00;26.4;0.0;10.0;-1;Partially cloudy;1
75375;579c12cd498e6e815b3acf50;2018-08-12 18:13:00-04:00;27.3;0.0;13.9;-1;Partially cloudy;1
75375;5afe1a97c62b49002c806600;2018-08-13 01:50:00-04:00;23.9;0.0;11.4;-1;Overcast;1
75573;42893400f964a52054231fe3;2017-10-20 16:29:00-04:00;23.1;0.0;13.9;-1;Clear;1
75573;42daf100f964a52035261fe3;2017-10-20 15:12:00-04:00;23.0;0.0;13.1;-1;Clear;1
75573;4a675deef964a52045c91fe3;2017-10-20 18:51:00-04:00;20.6;0.0;10.3;-1;Clear;1
75573;4b6b5abff964a520fb022ce3;2017-10-20 19:12:00-04:00;20.6;0.0;10.3;-1;Clear;1
75573;4c35de72452620a1ba5d270f;2017-10-20 16:04:00-04:00;23.1;0.0;13.9;-1;Clear;1
75857;482c4142f964a520d14f1fe3;2018-05-27 23:05:00-04:00;13.9;0.0;13.9;-1;Overcast;1
75857;4a83505ef964a520bffa1fe3;2018-05-27 22:37:00-04:00;13.9;0.0;13.9;-1;Overcast;1
75857;4ab7a271f964a520477a20e3;2018-05-27 17:35:00-04:00;15.4;0.0;23.0;-1;Overcast;1
75857;4abe7f9ef964a520068e20e3;2018-05-27 19:27:00-04:00;14.8;0.0;18.7;-1;Overcast;1
76382;4c98d854d799a1cd97b6b552;2018-05-01 19:59:00-04:00;24.2;0.0;6.9;-1;Partially cloudy;1
76382;50474d91e4b0ea030c26e87b;2018-05-01 19:18:00-04:00;25.9;0.0;14.0;-1;Partially cloudy;1
77047;4c374bf80a71c9b6f2893ec9;2017-10-14 18:30:00-04:00;21.5;0.0;1.2;-1;Partially cloudy;1
77047;5904e291286fda74dee6d5f9;2017-10-14 17:29:00-04:00;21.8;0.0;2.1;-1;Overcast;1
80449;56d8c0f8498edb854f926e6a;2018-09-17 22:23:00-04:00;24.1;0.0;16.6;-1;Overcast;1
80622;431f7f00f964a52085271fe3;2018-08-14 17:07:00-04:00;23.6;7.69;6.2;rain;Rain, Partially cloudy;1
81268;57c43c98498e2696b402a527;2018-03-27 18:51:00-04:00;5.4;0.0;7.4;-1;Overcast;1
81646;49ff62f9f964a52013701fe3;2017-10-14 20:57:00-04:00;20.9;0.0;1.2;-1;Overcast;1
82060;3fd66200f964a520d8f11ee3;2017-12-12 17:05:00-05:00;6.4;0.0;19.2;-1;Partially cloudy;1
82647;4a7e3d0cf964a52088f11fe3;2018-07-20 01:05:00-04:00;22.0;0.0;3.9;-1;Clear;1
82647;4b6b5abff964a520fb022ce3;2018-02-18 21:46:00-05:00;4.0;0.0;5.4;-1;Clear;1
83003;42893400f964a52054231fe3;2018-08-21 13:48:00-04:00;25.2;0.0;10.0;-1;Overcast;1
84448;4a455daff964a52014a81fe3;2018-07-11 22:00:00-04:00;23.9;0.0;4.0;-1;Overcast;1
84448;4ab27744f964a520486b20e3;2018-02-14 00:18:00-05:00;2.0;0.0;3.3;-1;Overcast;1
84448;4b12cb6ff964a5204a8e23e3;2018-08-03 02:07:00-04:00;24.6;0.0;3.0;-1;Partially cloudy;1
84448;4d35bd8998336dcb4d8344f0;2018-08-02 20:03:00-04:00;27.1;0.023;2.1;rain;Rain, Partially cloudy;1
84448;506ce45b45b0b18fd2dc0081;2018-08-01 23:24:00-04:00;27.8;0.0;11.5;-1;Clear;1
84448;50bcb93ae4b0efcb4c84d434;2018-02-13 22:48:00-05:00;2.0;0.0;6.3;-1;Overcast;1
84448;52ad100d498eb6c1fda53c28;2018-07-11 17:52:00-04:00;27.0;0.0;6.4;-1;Partially cloudy;1
84448;59b8c291a795bd49fe94b6b3;2017-10-09 20:46:00-04:00;24.5;0.0;11.2;-1;Partially cloudy;1
84679;59f38be7175562651c451266;2017-12-07 17:27:00-05:00;6.3;0.0;9.6;-1;Clear;1
85385;4ae8906ef964a52071b021e3;2018-09-06 21:27:00-04:00;24.3;0.0;3.2;-1;Partially cloudy;1
85385;5787b68e498efcabbebba4f8;2018-09-06 20:49:00-04:00;24.3;0.0;3.2;-1;Partially cloudy;1
85843;4abe7f9ef964a520068e20e3;2018-05-01 16:00:00-04:00;26.0;0.0;16.1;-1;Clear;1
85843;4b55cd09f964a520acf027e3;2018-04-28 16:50:00-04:00;17.4;0.0;17.8;-1;Clear;1
85843;515abd65e4b08eda86b30e6e;2018-05-01 16:10:00-04:00;26.0;0.0;16.1;-1;Clear;1
86032;58ac81c5f16bb56972131ba2;2017-10-07 15:53:00-04:00;24.6;0.0;12.0;-1;Partially cloudy;1
86298;4a01ee7bf964a52010711fe3;2018-07-17 22:15:00-04:00;22.6;0.0;7.9;-1;Overcast;1
86298;551c8be7498e3ebc8f1d0075;2018-07-17 23:24:00-04:00;22.7;0.0;16.9;-1;Overcast;1
86298;59f38be7175562651c451266;2017-11-24 20:16:00-05:00;8.3;0.0;9.8;-1;Clear;1
86298;5a0bcbfd67af3a0e3222df3d;2018-02-26 03:39:00-05:00;7.0;0.0;7.3;-1;Partially cloudy;1
86298;5accb33d2c7eb96824340d53;2018-07-18 00:08:00-04:00;22.3;0.0;5.6;-1;Partially cloudy;1
86640;42893400f964a52054231fe3;2018-05-04 14:58:00-04:00;27.5;0.0;16.3;-1;Partially cloudy;1
86640;431f7f00f964a52085271fe3;2018-05-04 15:30:00-04:00;27.5;0.0;16.3;-1;Partially cloudy;1
86640;49ff62f9f964a52013701fe3;2018-05-04 00:02:00-04:00;23.3;0.0;2.6;-1;Partially cloudy;1
86640;4a675deef964a52045c91fe3;2018-05-04 15:12:00-04:00;27.5;0.0;16.3;-1;Partially cloudy;1
86640;540d97b5498e05abd30fd5ca;2018-05-02 23:56:00-04:00;25.7;0.0;11.3;-1;Clear;1
86640;59792b2403369334be043a56;2018-05-03 18:40:00-04:00;31.4;0.0;16.6;-1;Partially cloudy;1
86853;457be73df964a520f73e1fe3;2018-06-23 15:54:00-04:00;18.6;0.0;12.7;-1;Overcast;1
86853;4fdfe21ee4b0784e5ca85159;2017-11-08 00:57:00-05:00;4.0;0.0;17.0;-1;Partially cloudy;1
86853;4fef2438e4b0f5b9d81b65c9;2018-06-23 17:55:00-04:00;18.7;0.0;7.1;-1;Overcast;1
86853;549430f6498edcbb09ab35c0;2017-11-03 17:31:00-04:00;21.9;0.0;14.8;-1;Overcast;1
86853;56623878498e5dafb6904636;2017-11-03 17:37:00-04:00;21.9;0.0;14.8;-1;Overcast;1
87514;43c2d364f964a5204b2d1fe3;2018-08-10 21:57:00-04:00;27.2;0.0;3.4;-1;Overcast;1
87685;4c374bf80a71c9b6f2893ec9;2018-06-25 16:53:00-04:00;26.7;0.0;10.9;-1;Partially cloudy;1
88509;457be73df964a520f73e1fe3;2017-11-19 21:50:00-05:00;6.3;0.0;20.6;-1;Partially cloudy;1
89065;4eb90d85722e09311d356915;2017-12-02 22:49:00-05:00;6.8;0.0;3.4;-1;Partially cloudy;1
89065;515abd65e4b08eda86b30e6e;2017-12-02 21:28:00-05:00;6.7;0.0;8.3;-1;Partially cloudy;1
89205;4a871eb2f964a520b20220e3;2017-10-08 19:50:00-04:00;24.6;0.0;10.9;-1;Partially cloudy;1
89205;4d03ae3437036dcbfba10bfb;2017-10-08 20:56:00-04:00;25.0;0.0;9.6;-1;Partially cloudy;1
89209;3fd66200f964a5206fe61ee3;2018-01-24 22:20:00-05:00;-1.5;0.0;23.3;-1;Clear;1
89209;3fd66200f964a52071e61ee3;2018-01-24 21:38:00-05:00;-1.5;0.0;23.3;-1;Clear;1
89209;3fd66200f964a52081e61ee3;2018-01-24 20:40:00-05:00;-1.0;0.0;22.1;-1;Clear;1
89574;431f7f00f964a52085271fe3;2018-08-24 17:44:00-04:00;26.2;0.0;10.7;-1;Clear;1
89998;3fd66200f964a52070e91ee3;2017-12-30 00:29:00-05:00;-7.9;0.0;13.9;-1;Partially cloudy;1
89998;4d03ae3437036dcbfba10bfb;2017-12-29 23:23:00-05:00;-7.9;0.0;13.1;-1;Clear;1
90172;4f22ca77e4b0ed3396a83a05;2018-10-11 17:48:00-04:00;21.8;5.612;3.2;rain;Rain, Overcast;2
90173;42893400f964a52054231fe3;2017-11-19 18:13:00-05:00;7.6;0.0;16.7;-1;Partially cloudy;1
90703;509fd01de4b070da0a9d3c24;2018-08-02 21:13:00-04:00;26.9;0.024;1.2;rain;Rain, Partially cloudy;1
91009;4165d880f964a5207e1d1fe3;2018-02-04 21:53:00-05:00;6.8;5.003;9.0;rain;Rain, Overcast;1
91009;422b9980f964a520d31f1fe3;2018-02-03 01:36:00-05:00;-8.7;0.0;14.6;-1;Clear;1
91009;49ff62f9f964a52013701fe3;2018-08-01 20:50:00-04:00;28.2;0.0;11.0;-1;Partially cloudy;1
91009;4af216e7f964a520d0e521e3;2018-06-07 19:34:00-04:00;17.5;0.0;11.3;-1;Clear;1
91009;4c374bf80a71c9b6f2893ec9;2018-01-12 22:31:00-05:00;13.2;1.273;15.6;rain;Rain, Overcast;1
91009;4cc60b7a82388cfad0727935;2018-02-02 23:40:00-05:00;-8.2;0.0;21.4;-1;Clear;1
91009;5202a6b2498eff2667698c71;2018-06-07 18:02:00-04:00;19.0;0.0;22.0;-1;Clear;1
91009;53861e0d498ec1985aa8b0a2;2018-04-22 19:43:00-04:00;13.0;0.0;10.8;-1;Clear;1
91009;549430f6498edcbb09ab35c0;2018-05-26 18:48:00-04:00;29.1;0.0;6.2;-1;Partially cloudy;1
91009;57470da2498ed71d9912da41;2018-04-14 20:11:00-04:00;12.2;0.0;16.9;-1;Overcast;1
91009;57755749498ea36b4bc9a775;2018-02-03 01:20:00-05:00;-8.3;0.0;22.6;-1;Clear;1
91009;57b77dd8498e2dc8c17f94c2;2018-01-14 18:57:00-05:00;-6.5;0.0;14.4;-1;Clear;1
91009;58dadb65af5c14752548e96e;2018-01-12 21:32:00-05:00;11.8;2.544;11.8;rain;Rain, Overcast;1
91139;42893400f964a52054231fe3;2018-08-26 22:17:00-04:00;27.1;0.0;12.1;-1;Clear;1
91139;4a675deef964a52045c91fe3;2018-08-26 17:34:00-04:00;27.4;0.0;15.3;-1;Overcast;1
91139;4a8d57e7f964a5207c0f20e3;2018-08-26 17:15:00-04:00;27.5;0.0;9.2;-1;Overcast;1
91139;4abe7f9ef964a520068e20e3;2018-08-26 18:04:00-04:00;27.4;0.0;15.3;-1;Overcast;1
91139;4b6b5abff964a520fb022ce3;2018-08-26 23:56:00-04:00;26.3;0.0;8.1;-1;Clear;1
91572;4adb46d8f964a5207c2521e3;2017-10-26 20:31:00-04:00;12.0;0.0;16.1;-1;Clear;1
91572;507f06e9e4b0d2368fcbada4;2017-10-26 18:48:00-04:00;13.7;0.0;16.6;-1;Clear;1
91598;4a675deef964a52045c91fe3;2018-02-05 22:01:00-05:00;-2.6;0.0;9.1;-1;Clear;1
91598;4b996536f964a520467835e3;2018-02-05 20:07:00-05:00;-2.0;0.0;13.9;-1;Clear;1
91615;48c91543f964a520e4511fe3;2018-05-27 03:54:00-04:00;21.7;0.0;13.1;-1;Overcast;1
91663;50bcb93ae4b0efcb4c84d434;2018-01-28 02:28:00-05:00;12.1;0.0;13.2;-1;Overcast;1
91663;57ab90ca498e7d61e13a6985;2018-01-26 22:35:00-05:00;1.1;0.0;8.1;-1;Clear;1
91663;57b4d7d7498e0b675b71f653;2018-01-26 18:39:00-05:00;1.1;0.0;11.9;-1;Clear;1
91965;4d3f624e90f9224bef9ffc1d;2018-05-03 20:05:00-04:00;22.4;0.375;10.6;rain;Rain, Overcast;1
91965;5327321d498e3b494482e5f5;2018-05-03 23:18:00-04:00;22.8;0.0;0.0;-1;Overcast;1
92007;4a708e84f964a520d1d71fe3;2018-02-15 17:20:00-05:00;15.5;0.0;11.0;-1;Partially cloudy;1
92007;4b2b9539f964a520e0b724e3;2018-02-15 17:26:00-05:00;15.5;0.0;11.0;-1;Partially cloudy;1
92007;4e1b1806d4c0993513eb478f;2018-02-15 14:18:00-05:00;13.0;0.0;14.8;-1;Partially cloudy;1
92167;42daf100f964a52035261fe3;2018-05-19 15:46:00-04:00;12.9;0.067;8.7;rain;Rain, Overcast;1
92167;4ab7a271f964a520477a20e3;2018-05-19 16:56:00-04:00;13.4;0.0;11.0;-1;Overcast;1
92167;4ad0ec5df964a52023db20e3;2018-05-19 15:53:00-04:00;12.9;0.067;8.7;rain;Rain, Overcast;1
92167;4b08b795f964a5204b1123e3;2018-05-19 17:17:00-04:00;13.4;0.0;11.0;-1;Overcast;1
92167;4b6b5abff964a520fb022ce3;2018-05-19 17:48:00-04:00;13.3;0.0;7.8;-1;Overcast;1
92185;4a04ba93f964a52023721fe3;2017-12-06 21:18:00-05:00;4.6;0.0;10.0;-1;Partially cloudy;1
92626;42893400f964a52054231fe3;2018-06-22 18:38:00-04:00;21.4;0.0;6.2;-1;Partially cloudy;1
92626;4a44cd95f964a5208fa71fe3;2018-06-22 19:59:00-04:00;20.6;0.0;12.8;-1;Partially cloudy;1
92626;4b435e5ef964a52009df25e3;2018-06-22 17:47:00-04:00;21.8;0.0;13.6;-1;Partially cloudy;1
92626;4b996536f964a520467835e3;2018-06-22 22:01:00-04:00;19.9;0.0;6.2;-1;Partially cloudy;1
92626;4c35de72452620a1ba5d270f;2018-06-22 18:02:00-04:00;21.8;0.0;13.6;-1;Partially cloudy;1
92626;58d2d521fb549a39850b04f6;2018-06-22 16:59:00-04:00;22.3;0.0;7.9;-1;Partially cloudy;1
92744;3fd66200f964a52037e31ee3;2017-12-15 18:02:00-05:00;-4.2;0.967;7.8;snow;Snow, Partially cloudy;2
92744;4ad35d08f964a520fae320e3;2018-03-11 20:30:00-04:00;5.8;0.0;8.7;-1;Clear;1
92744;4b1161f8f964a520557b23e3;2018-03-11 20:44:00-04:00;5.4;0.0;9.3;-1;Clear;1
92744;4b214c87f964a520c73924e3;2017-12-15 16:29:00-05:00;-4.1;0.423;10.2;snow;Snow, Partially cloudy;2
92744;4bc21f2bb492d13af4ffa660;2017-12-15 18:53:00-05:00;-4.1;0.324;7.3;snow;Snow, Partially cloudy;1
92744;4eb90d85722e09311d356915;2018-02-25 01:48:00-05:00;6.2;0.0;16.3;-1;Overcast;1
92744;55242cee498ef7f875331242;2017-12-15 18:39:00-05:00;-4.1;0.324;7.3;snow;Snow, Partially cloudy;1
92744;59ac4e16625a664f68391f55;2018-03-11 21:31:00-04:00;4.6;0.0;11.1;-1;Clear;1
92940;4a528be8f964a520b0b11fe3;2018-04-18 16:22:00-04:00;11.5;0.0;13.7;-1;Clear;2
92940;4b55cd09f964a520acf027e3;2018-04-19 00:00:00-04:00;9.6;0.0;7.1;-1;Overcast;1
92994;3fd66200f964a520d8f11ee3;2017-10-18 16:22:00-04:00;22.3;0.0;8.2;-1;Clear;2
92994;43a69d3ef964a5205d2c1fe3;2018-06-18 17:03:00-04:00;32.8;0.0;15.4;-1;Partially cloudy;1
93051;4b6b5abff964a520fb022ce3;2018-07-20 14:30:00-04:00;27.7;0.0;18.4;-1;Partially cloudy;1
93051;5018507fe4b03a729d0b40f9;2018-07-20 16:50:00-04:00;26.3;0.0;10.3;-1;Partially cloudy;1
93266;4b829e60f964a52007db30e3;2018-07-27 01:23:00-04:00;26.5;0.0;9.9;-1;Partially cloudy;1
93417;555ba8d9498eae864d326936;2018-01-01 20:22:00-05:00;-8.2;0.0;14.7;-1;Clear;1
93417;559ecd00498e965ccd39ea9f;2018-01-01 21:32:00-05:00;-8.3;0.0;19.1;-1;Clear;1
93550;49dad010f964a520b15e1fe3;2017-12-30 00:11:00-05:00;-7.9;0.0;13.9;-1;Partially cloudy;1
93550;4b996536f964a520467835e3;2017-11-05 01:15:00-04:00;11.2;0.332;13.4;rain;Rain, Partially cloudy;1
93550;56c4b5facd10824dac9e062e;2018-01-21 19:33:00-05:00;9.5;0.0;3.4;-1;Overcast;1
93550;5953e0555c683860ffa4e0cd;2017-10-29 17:23:00-04:00;18.6;5.929;16.3;rain;Rain, Overcast;1
93617;4e3a642ba809ec55443af9d6;2018-02-26 22:09:00-05:00;8.4;0.0;6.1;-1;Clear;1
93888;4b6b5abff964a520fb022ce3;2018-01-12 18:19:00-05:00;14.2;0.0;10.6;-1;Overcast;1
93888;573498df498e6df2eb8b36a7;2017-11-30 20:48:00-05:00;11.1;0.0;9.9;-1;Overcast;1
93888;58a4fb9d30ecc618cdd5c3e2;2017-11-30 19:52:00-05:00;11.1;0.0;10.6;-1;Partially cloudy;1
93888;59792b2403369334be043a56;2018-01-12 21:51:00-05:00;11.8;2.544;11.8;rain;Rain, Overcast;1
93976;51f6c4eaccda96d8750bbdfa;2017-10-09 17:48:00-04:00;23.6;0.0;12.4;-1;Partially cloudy;1
94071;3fd66200f964a5206be61ee3;2018-01-14 21:41:00-05:00;-8.2;0.0;15.3;-1;Clear;1
94071;42893400f964a52054231fe3;2018-04-14 20:00:00-04:00;12.2;0.0;16.9;-1;Overcast;1
94071;4abe7f9ef964a520068e20e3;2018-04-07 12:07:00-04:00;5.5;0.0;15.2;-1;Overcast;1
94071;4b829e60f964a52007db30e3;2018-04-14 16:52:00-04:00;18.0;0.0;19.1;-1;Clear;1
94071;4eb90d85722e09311d356915;2018-04-07 11:20:00-04:00;4.6;0.0;14.3;-1;Overcast;2
94071;540d97b5498e05abd30fd5ca;2018-01-14 18:23:00-05:00;-6.0;0.0;19.7;-1;Clear;1
94071;579c12cd498e6e815b3acf50;2018-01-14 16:06:00-05:00;-4.7;0.0;16.1;-1;Clear;1
94176;4b6b5abff964a520fb022ce3;2018-08-31 19:59:00-04:00;21.6;0.0;7.4;-1;Overcast;1
94176;4e70a36d922e8e01baadf45c;2018-08-31 18:32:00-04:00;21.5;0.048;10.3;rain;Rain, Overcast;1
94208;3fd66200f964a520b1ea1ee3;2018-03-25 02:50:00-04:00;2.0;0.0;20.0;-1;Partially cloudy;1
94208;41083e00f964a520980b1fe3;2017-10-06 03:16:00-04:00;21.3;0.0;3.4;-1;Partially cloudy;1
94208;49c65f17f964a5203c571fe3;2018-08-26 06:09:00-04:00;20.9;0.0;6.8;-1;Partially cloudy;1
94514;49ff62f9f964a52013701fe3;2018-06-28 21:34:00-04:00;24.1;0.0;2.1;-1;Clear;7
94514;4ab7a271f964a520477a20e3;2018-02-14 17:43:00-05:00;11.4;0.0;13.2;-1;Partially cloudy;2
94514;4c7be9be2d3ba143136795d0;2018-05-10 21:39:00-04:00;17.0;3.965;0.9;rain;Rain, Overcast;1
94514;540d97b5498e05abd30fd5ca;2018-06-17 18:28:00-04:00;28.5;0.0;13.4;-1;Partially cloudy;2
94661;4b40cf3df964a5206bbb25e3;2018-08-20 19:37:00-04:00;21.7;0.0;2.6;-1;Partially cloudy;1
94881;582543c1b39f9613c18d8e2f;2017-12-06 00:44:00-05:00;14.3;0.0;18.3;-1;Overcast;1
95128;3fd66200f964a520bbe61ee3;2018-09-11 23:04:00-04:00;22.8;0.0;2.6;-1;Overcast;1
95160;509fd01de4b070da0a9d3c24;2017-11-03 16:43:00-04:00;23.0;0.0;12.5;-1;Partially cloudy;1
95198;3fd66200f964a52005e71ee3;2018-02-17 01:54:00-05:00;0.7;0.0;16.4;-1;Clear;1
95198;4eefd4506d86d722df8fd52e;2018-02-17 01:11:00-05:00;1.3;0.0;18.2;-1;Clear;1
95265;45697387f964a520e53d1fe3;2018-07-15 18:12:00-04:00;28.7;0.0;11.0;-1;Partially cloudy;1
95265;48d395f7f964a520f7511fe3;2018-07-15 22:58:00-04:00;26.2;0.0;6.8;-1;Clear;1
95265;4b6b5abff964a520fb022ce3;2018-07-16 17:23:00-04:00;30.4;0.0;13.8;-1;Partially cloudy;1
95265;4c7d4f1b8da18cfa1afc9ece;2018-07-16 16:09:00-04:00;31.1;0.0;24.7;-1;Partially cloudy;1
95265;59d2c4ec1f8ed658b1f4fb03;2018-07-13 00:08:00-04:00;22.4;0.0;2.9;-1;Clear;1
95358;4abe7f9ef964a520068e20e3;2018-06-18 14:41:00-04:00;33.0;0.0;24.9;-1;Partially cloudy;1
95385;4db739d841592dd82ee2b3dd;2018-05-30 20:35:00-04:00;16.1;0.0;8.7;-1;Overcast;1
95699;57218ba5498eb662eaa1e121;2017-11-19 20:55:00-05:00;7.0;0.0;16.2;-1;Partially cloudy;1
95699;59d55307d48ec12ba0df430e;2017-10-05 19:38:00-04:00;25.4;0.0;14.1;-1;Partially cloudy;1
95921;3fd66200f964a52033eb1ee3;2018-04-29 00:58:00-04:00;11.9;0.268;2.1;rain;Rain, Overcast;1
95921;3fd66200f964a52067e61ee3;2018-05-05 01:45:00-04:00;22.7;0.0;21.4;-1;Overcast;1
95921;4b37a3c9f964a5207e4325e3;2018-04-30 17:34:00-04:00;9.7;0.0;12.5;-1;Overcast;1
95921;4bcf9774a8b3a5939497625f;2018-04-29 00:15:00-04:00;12.1;0.3;6.1;rain;Rain, Overcast;1
95921;5282c37711d218b68cd519ab;2018-04-28 23:07:00-04:00;12.3;0.587;11.1;rain;Rain, Overcast;1
95953;4a50f27ef964a5204bb01fe3;2017-12-26 19:37:00-05:00;-3.8;0.0;12.0;-1;Clear;1
96085;49ef8a3df964a520c9681fe3;2017-12-19 20:00:00-05:00;11.7;0.0;17.7;-1;Clear;1
96126;52b0a990498eb3a992b89573;2017-12-19 20:09:00-05:00;11.7;0.0;17.7;-1;Clear;3
96126;53506fd9498ebca706a7c170;2018-01-09 01:18:00-05:00;-0.7;0.0;11.0;-1;Overcast;1
96126;549481f3498e855d5f51cb66;2017-12-19 21:49:00-05:00;10.7;0.0;19.2;-1;Clear;7
96126;560d1028498eee2df9f982f0;2018-01-01 20:54:00-05:00;-8.3;0.0;11.6;-1;Clear;1
96126;57435923498e13904f902552;2017-10-31 01:05:00-04:00;11.1;0.0;16.8;-1;Clear;1
96126;576eab51cd10ae8e59db0250;2017-12-05 19:02:00-05:00;14.4;0.156;11.1;rain;Rain, Partially cloudy;1
96126;59838f1f64c8e127502fe3ef;2017-12-19 23:27:00-05:00;10.4;0.0;17.8;-1;Clear;1
96308;575b2829498e77357d734a04;2017-10-15 17:04:00-04:00;22.0;0.0;8.8;-1;Overcast;1
96386;4b032755f964a5200f4d22e3;2018-06-13 01:08:00-04:00;18.3;0.0;11.6;-1;Partially cloudy;1
96386;5385a684498e2379f61a25a1;2018-06-12 23:04:00-04:00;18.0;0.0;9.8;-1;Partially cloudy;1
96501;521cad4011d2a9c6e2c198ae;2018-09-08 19:35:00-04:00;17.4;0.252;11.1;rain;Rain, Overcast;3
96726;4ab7a271f964a520477a20e3;2018-03-25 21:27:00-04:00;5.1;0.0;10.5;-1;Overcast;2
96726;4b2d54b0f964a52057d424e3;2018-05-19 22:01:00-04:00;12.7;0.023;3.4;rain;Rain, Overcast;1
96726;4b40cf3df964a5206bbb25e3;2017-12-29 21:42:00-05:00;-7.7;0.0;13.4;-1;Clear;1
96726;4bc24023461576b056237d32;2018-03-25 21:50:00-04:00;4.9;0.0;11.8;-1;Overcast;1
96726;4eb13d68e5e8c0f5bd2fd983;2017-11-20 15:18:00-05:00;8.2;0.0;18.2;-1;Clear;1
96726;58234901b613dc63f75977fd;2017-12-17 18:52:00-05:00;2.4;0.0;2.5;-1;Partially cloudy;1
96726;59063229061b51746e22e8d1;2017-11-20 17:58:00-05:00;7.0;0.0;15.7;-1;Partially cloudy;1
96742;57b61f2a498ed8856425737c;2018-05-22 00:07:00-04:00;18.2;0.0;4.1;-1;Partially cloudy;1
96870;40f5c900f964a520a30a1fe3;2017-11-29 04:19:00-05:00;9.8;0.0;10.0;-1;Clear;1
96870;4cc60b7a82388cfad0727935;2017-11-29 04:18:00-05:00;9.8;0.0;10.0;-1;Clear;1
97139;3fd66200f964a520fbe31ee3;2017-10-14 17:26:00-04:00;21.8;0.0;2.1;-1;Overcast;1
97268;44acde31f964a52013351fe3;2018-07-30 01:26:00-04:00;24.3;0.0;7.3;-1;Clear;1
97268;4a8b0693f964a520350b20e3;2018-07-29 01:52:00-04:00;24.1;0.0;11.2;-1;Clear;2
97268;4b6b5abff964a520fb022ce3;2018-03-29 19:14:00-04:00;10.2;0.0;4.8;-1;Overcast;1
97268;547dc381498ec37f84f01439;2018-07-26 17:53:00-04:00;28.8;0.0;7.7;-1;Partially cloudy;1
97293;49de7429f964a52053601fe3;2018-08-05 17:10:00-04:00;32.0;0.0;2.1;-1;Partially cloudy;1
97293;4acd4277f964a52099cb20e3;2018-01-06 21:48:00-05:00;-13.2;0.0;23.8;-1;Clear;1
97293;4b01eb60f964a5208d4622e3;2018-08-05 18:21:00-04:00;31.0;0.0;7.9;-1;Partially cloudy;1
97293;4c899f201eafb1f79c847335;2018-08-05 01:48:00-04:00;25.3;0.0;8.4;-1;Clear;1
97293;57218ba5498eb662eaa1e121;2018-01-07 00:28:00-05:00;-13.7;0.0;20.5;-1;Clear;2
97293;59aa17cf25fb7b4543364736;2018-08-04 22:47:00-04:00;27.1;0.0;4.9;-1;Partially cloudy;1
97407;4eb90d85722e09311d356915;2018-01-03 15:04:00-05:00;-1.6;0.0;3.7;rain,snow;Partially cloudy;1
97407;515abd65e4b08eda86b30e6e;2018-01-03 15:41:00-05:00;-1.5;0.0;2.6;rain,snow;Partially cloudy;1
97452;5467ceec498e1b95c0575e73;2018-03-11 17:57:00-04:00;7.0;0.0;8.5;-1;Clear;1
97452;5941c0abf193c012d47fc4e8;2018-03-11 15:31:00-04:00;7.0;0.0;14.2;-1;Clear;1
97492;3fd66200f964a52083e61ee3;2018-05-20 04:22:00-04:00;14.7;0.0;1.2;-1;Overcast;1
97492;47f39422f964a5209b4e1fe3;2018-05-18 19:59:00-04:00;15.8;0.0;11.7;-1;Overcast;1
97492;4a149749f964a52055781fe3;2018-05-20 16:00:00-04:00;27.4;0.0;16.6;-1;Partially cloudy;1
97492;509fd01de4b070da0a9d3c24;2018-05-17 15:39:00-04:00;21.5;0.0;0.9;-1;Partially cloudy;1
97492;59e391c3e1f22816d1b09cf5;2018-05-21 14:11:00-04:00;24.7;0.0;2.9;-1;Partially cloudy;3
97492;5ae28a7b15173e002cef3271;2018-05-19 05:01:00-04:00;10.4;0.115;19.3;rain;Rain, Overcast;1
97593;4a2f14def964a520a6981fe3;2017-12-17 17:56:00-05:00;2.1;0.0;5.8;-1;Partially cloudy;1
97617;431e2d80f964a52079271fe3;2018-04-12 01:12:00-04:00;7.8;0.0;9.6;-1;Clear;1
97617;4c35de72452620a1ba5d270f;2018-04-11 17:25:00-04:00;9.3;0.0;10.4;-1;Overcast;1
97662;4eb90d85722e09311d356915;2017-11-05 16:51:00-05:00;15.0;0.115;4.5;rain;Rain, Overcast;1
97713;4a2c0e75f964a52014971fe3;2017-11-15 01:26:00-05:00;4.5;0.0;8.5;-1;Overcast;1
97714;3fd66200f964a520d5e31ee3;2017-10-22 15:59:00-04:00;22.8;0.0;10.2;-1;Partially cloudy;1
97714;507f06e9e4b0d2368fcbada4;2017-10-21 22:59:00-04:00;18.6;0.0;9.4;-1;Partially cloudy;1
97761;42daf100f964a52035261fe3;2018-04-11 13:35:00-04:00;10.0;0.0;7.4;-1;Overcast;1
97761;4a734456f964a520f8db1fe3;2018-04-11 14:03:00-04:00;10.0;0.0;7.4;-1;Overcast;1
97792;4a6fa0abf964a520a4d61fe3;2017-12-26 19:56:00-05:00;-3.8;0.0;12.0;-1;Clear;1
97792;515abd65e4b08eda86b30e6e;2017-12-26 22:20:00-05:00;-3.8;0.0;9.8;-1;Clear;1
97904;3fd66200f964a520d5e31ee3;2017-12-02 22:39:00-05:00;6.8;0.0;3.4;-1;Partially cloudy;1
97904;57fd5f92498eb881a4a65753;2017-12-30 18:05:00-05:00;-5.6;0.0;17.7;snow;Clear;1
97909;56e1ae32498e22dda72791fe;2017-11-25 18:52:00-05:00;13.4;0.0;20.7;-1;Partially cloudy;1
97928;5998e49dc666662a7e02525e;2017-10-06 01:34:00-04:00;21.5;0.0;7.8;-1;Partially cloudy;1
97980;4b181dddf964a52033cd23e3;2017-12-03 17:29:00-05:00;8.3;0.0;9.8;-1;Partially cloudy;1
97982;4f19bd72e4b0808f629111d1;2017-11-11 16:07:00-05:00;2.6;0.0;8.3;-1;Partially cloudy;1
98005;42893400f964a52054231fe3;2018-09-17 17:56:00-04:00;24.3;0.0;4.7;-1;Overcast;1
98005;4b6b5abff964a520fb022ce3;2018-09-17 20:57:00-04:00;24.1;0.0;16.9;-1;Partially cloudy;1
98005;4cd1ae08bcab95217f073a15;2018-09-17 22:37:00-04:00;24.1;0.0;14.3;-1;Overcast;1
98005;50bcb93ae4b0efcb4c84d434;2018-09-17 16:08:00-04:00;25.1;0.0;21.0;-1;Partially cloudy;1
98005;515abd65e4b08eda86b30e6e;2018-09-17 21:40:00-04:00;24.1;0.0;16.6;-1;Overcast;1
98005;58801864cc5b6a14dedce689;2018-09-17 19:39:00-04:00;24.1;0.0;16.6;-1;Overcast;1
98168;57a240f1cd10ed172db51626;2017-10-19 22:11:00-04:00;17.9;0.0;6.2;-1;Clear;1
98171;579c12cd498e6e815b3acf50;2018-03-10 21:56:00-05:00;3.0;0.0;12.3;-1;Partially cloudy;1
98299;5953e0555c683860ffa4e0cd;2018-09-30 21:19:00-04:00;18.3;0.0;9.5;-1;Clear;1
98304;49ff62f9f964a52013701fe3;2018-01-09 23:16:00-05:00;1.6;0.0;12.7;-1;Clear;1
98304;4b6d9298f964a520607d2ce3;2017-12-25 02:47:00-05:00;3.1;0.685;18.3;rain;Rain, Overcast;2
98304;4bb555daef159c7425aa74f7;2018-01-19 00:36:00-05:00;-3.7;0.0;11.4;-1;Clear;2
98304;57f4fb59498efaaab7345b34;2018-01-17 23:52:00-05:00;-5.5;0.0;12.8;snow;Partially cloudy;1
98368;49dad10bf964a520b55e1fe3;2018-04-07 19:34:00-04:00;6.9;0.0;18.4;-1;Overcast;1
98368;4b40cf3df964a5206bbb25e3;2018-04-07 19:28:00-04:00;8.0;0.0;9.7;-1;Overcast;1
98368;4b6b5abff964a520fb022ce3;2018-04-09 19:06:00-04:00;5.2;0.0;6.1;-1;Overcast;1
98468;3fd66200f964a5207fe61ee3;2018-01-24 23:36:00-05:00;-2.6;0.0;20.6;-1;Clear;1
98468;52371fef11d2fa11b58c6057;2018-01-25 00:27:00-05:00;-2.6;0.0;20.6;-1;Clear;1
98536;4a58f59ef964a5204eb81fe3;2018-07-25 00:03:00-04:00;25.1;0.0;21.3;-1;Overcast;1
98536;4c374bf80a71c9b6f2893ec9;2018-07-08 19:00:00-04:00;25.0;0.0;6.4;-1;Clear;1
98536;579c12cd498e6e815b3acf50;2017-11-19 19:43:00-05:00;7.5;0.0;11.6;-1;Overcast;1
98536;59f38be7175562651c451266;2017-11-19 21:30:00-05:00;7.0;0.0;16.2;-1;Partially cloudy;1
98578;5327321d498e3b494482e5f5;2017-11-18 23:23:00-05:00;12.2;0.0;10.2;-1;Partially cloudy;1
98740;4a00df67f964a520ba701fe3;2018-01-11 00:15:00-05:00;4.8;0.0;7.5;-1;Partially cloudy;1
98740;5a3c046dc0af574d0548b9bb;2018-01-10 18:16:00-05:00;3.2;0.0;9.1;-1;Partially cloudy;1
98784;3fd66200f964a52093ea1ee3;2017-11-23 23:47:00-05:00;2.7;0.0;8.1;-1;Clear;1
98887;44a14d7df964a520d0341fe3;2018-02-04 02:50:00-05:00;-0.6;0.0;12.4;-1;Overcast;1
98887;593332f9123a1963f539daa0;2018-02-04 00:53:00-05:00;-1.1;0.0;11.8;-1;Overcast;1
98981;4ee3cf579a52c1dad9af95b5;2018-07-23 22:03:00-04:00;25.1;0.0;11.3;-1;Overcast;1
98981;543f4360498e97a8ddd4b878;2018-07-24 00:22:00-04:00;25.1;0.0;12.5;-1;Overcast;1
98981;545d602b498e50ade1906a6e;2018-09-14 23:27:00-04:00;22.0;0.0;6.5;-1;Overcast;1
99045;4abe7f9ef964a520068e20e3;2018-10-02 23:23:00-04:00;19.0;5.849;10.7;rain;Rain, Overcast;1
99045;57d6f856498ee8aed7cd29a0;2018-10-02 23:26:00-04:00;19.0;5.849;10.7;rain;Rain, Overcast;1
99082;43276800f964a520b8271fe3;2017-12-30 06:27:00-05:00;-6.8;0.0;0.0;-1;Overcast;1
99178;4a594f97f964a52035b91fe3;2018-03-29 16:59:00-04:00;11.2;0.0;8.3;-1;Overcast;1
99178;515abd65e4b08eda86b30e6e;2018-03-30 17:12:00-04:00;12.1;0.252;19.4;rain;Rain, Overcast;1
99179;4a831922f964a5201afa1fe3;2017-10-13 21:17:00-04:00;17.3;0.0;9.1;-1;Partially cloudy;1
99597;3fd66200f964a520d8f11ee3;2017-11-24 14:31:00-05:00;10.2;0.0;9.6;-1;Clear;1
99597;4a663f7cf964a52046c81fe3;2017-11-24 18:56:00-05:00;8.5;0.0;9.4;-1;Clear;1
99624;3fd66200f964a520a0e61ee3;2017-12-22 01:52:00-05:00;2.0;0.0;8.4;-1;Partially cloudy;1
99624;5387d2e2498ee7f0fb1c5b41;2017-12-19 01:50:00-05:00;7.9;0.0;18.1;-1;Overcast;1
99624;541c6624498e9ab32651d2ec;2017-12-18 23:56:00-05:00;7.3;0.0;10.6;-1;Partially cloudy;1
99624;5527eb8c498e928645ec3e61;2018-04-11 22:41:00-04:00;7.7;0.0;5.1;-1;Partially cloudy;1
99624;593332f9123a1963f539daa0;2018-01-04 01:02:00-05:00;-2.2;0.0;13.1;snow;Overcast;1
99624;5a2daf4d58aa7f43dd48d059;2018-01-04 00:26:00-05:00;-1.9;0.0;10.4;rain,snow;Overcast;1
99694;4b4e031df964a52016de26e3;2018-03-14 19:08:00-04:00;2.6;0.0;22.5;-1;Overcast;1
99694;4b4fdfc8f964a520801827e3;2018-04-13 23:15:00-04:00;20.9;0.0;10.9;-1;Partially cloudy;1
99694;5021648ae4b0b9f6b6d566b2;2018-03-14 17:34:00-04:00;3.2;0.0;22.3;-1;Overcast;1
99781;4a97f535f964a520f92920e3;2018-03-22 18:41:00-04:00;9.0;0.0;23.0;-1;Partially cloudy;1
99879;5732631f498e7f716eb79f11;2017-11-27 20:55:00-05:00;6.3;0.0;9.6;-1;Partially cloudy;1
99966;5405f7ca498ed19801430044;2018-08-20 18:20:00-04:00;23.3;0.0;8.4;-1;Partially cloudy;1
100055;5547ffe8498ec8a2c668a412;2017-10-09 23:47:00-04:00;24.6;0.0;18.4;-1;Partially cloudy;1
100437;49ee25b6f964a5202b681fe3;2017-11-12 21:48:00-05:00;6.2;0.0;1.2;-1;Partially cloudy;1
100437;564a86c8498ea245a802f0d1;2017-11-12 18:54:00-05:00;6.8;0.0;2.9;-1;Partially cloudy;1
100617;57b61f2a498ed8856425737c;2018-02-12 22:06:00-05:00;1.9;0.0;24.4;-1;Clear;1
100647;42daf100f964a52035261fe3;2018-02-24 14:40:00-05:00;10.7;0.0;11.2;-1;Overcast;1
100647;4abe7f9ef964a520068e20e3;2018-02-24 14:49:00-05:00;10.7;0.0;11.2;-1;Overcast;1
100672;431e2d80f964a52079271fe3;2017-11-02 23:43:00-04:00;17.7;0.0;7.3;-1;Partially cloudy;1
100672;595805658173cb5b6fa964d9;2017-11-02 22:26:00-04:00;18.5;0.0;4.6;-1;Partially cloudy;1
100999;3fd66200f964a520d8f11ee3;2018-01-16 15:16:00-05:00;1.6;0.0;9.5;-1;Overcast;1
100999;56439a7538fa2ce64d09447e;2018-01-16 17:45:00-05:00;0.7;0.0;10.0;-1;Overcast;1
101146;4b6b5abff964a520fb022ce3;2017-11-02 19:09:00-04:00;19.6;0.0;9.8;-1;Partially cloudy;1
101374;4d9db7087f9e4eb9436ea1fc;2017-11-10 19:54:00-05:00;-2.3;0.0;33.5;-1;Clear;1
101954;4ade34e7f964a520eb7321e3;2018-05-22 17:57:00-04:00;14.0;0.252;4.3;rain;Rain, Overcast;1
102034;57a240f1cd10ed172db51626;2017-10-28 18:51:00-04:00;18.0;0.0;14.2;-1;Partially cloudy;1
102229;4dfaacb9d4c01451df566572;2018-04-06 21:58:00-04:00;12.9;0.0;3.7;-1;Partially cloudy;1
104253;42893400f964a52054231fe3;2018-08-21 19:25:00-04:00;23.3;0.0;17.9;-1;Partially cloudy;1
104253;42daf100f964a52035261fe3;2018-08-21 17:20:00-04:00;23.8;0.0;12.5;-1;Partially cloudy;1
104290;4abe7f9ef964a520068e20e3;2017-10-31 21:56:00-04:00;9.5;0.0;15.9;-1;Clear;2
104290;4ae9c4eaf964a52039b621e3;2017-12-01 21:59:00-05:00;6.3;0.0;8.9;-1;Clear;1
104290;58f9ec44eb645b5ea0ecdb64;2017-10-31 22:00:00-04:00;9.5;0.0;15.9;-1;Clear;1
106696;42893400f964a52054231fe3;2018-08-21 19:03:00-04:00;23.3;0.0;17.9;-1;Partially cloudy;1
106696;4eb13d68e5e8c0f5bd2fd983;2018-08-21 23:10:00-04:00;22.7;0.179;7.4;rain;Rain, Overcast;1
106696;55103583498eed2d409b549a;2018-08-21 22:00:00-04:00;23.6;0.0;10.9;-1;Overcast;1
106740;40fc6080f964a520130b1fe3;2017-10-28 02:16:00-04:00;13.0;0.0;4.0;-1;Clear;1
106740;507e0b2e011ca7f458d10d2f;2017-10-29 02:30:00-04:00;18.3;0.0;14.0;-1;Overcast;1
106782;5419c024498e81544e23eee9;2018-07-15 01:29:00-04:00;21.7;7.618;3.5;rain;Rain, Overcast;1
108414;4abe7f9ef964a520068e20e3;2018-01-08 18:57:00-05:00;-1.2;0.902;11.7;rain,snow;Snow, Rain, Overcast;1
109353;4a8d57e7f964a5207c0f20e3;2018-06-24 19:28:00-04:00;29.1;0.0;11.6;-1;Partially cloudy;1
109353;4abe7f9ef964a520068e20e3;2018-06-24 18:19:00-04:00;27.4;0.0;10.4;-1;Partially cloudy;1
109353;4bd2612a77b29c74b7c08e82;2018-06-24 19:47:00-04:00;29.0;0.0;12.0;-1;Partially cloudy;1
109484;509fd01de4b070da0a9d3c24;2017-10-09 14:45:00-04:00;22.6;0.0;17.4;-1;Overcast;1
111097;4aa7cc25f964a520434d20e3;2018-09-07 17:35:00-04:00;22.6;0.0;15.9;-1;Overcast;1
111097;558b389a498eb10250dfb5c1;2018-09-07 16:37:00-04:00;22.7;0.0;16.3;-1;Overcast;1
111097;558b5f4a498e19b85459deb7;2018-09-12 13:36:00-04:00;24.2;0.0;8.4;-1;Overcast;1
111126;4d9db7087f9e4eb9436ea1fc;2018-04-04 18:07:00-04:00;12.0;0.0;31.9;-1;Partially cloudy;1
111176;42daf100f964a52035261fe3;2017-10-28 16:04:00-04:00;19.1;0.0;18.4;-1;Partially cloudy;1
111176;4b40cf3df964a5206bbb25e3;2017-10-27 16:36:00-04:00;16.0;0.0;11.0;-1;Clear;1
111176;4b6b5abff964a520fb022ce3;2017-10-28 15:46:00-04:00;19.1;0.0;18.4;-1;Partially cloudy;1
111297;42daf100f964a52035261fe3;2018-06-02 13:56:00-04:00;27.6;0.128;12.4;rain;Rain, Partially cloudy;1
111297;4ad35d08f964a520fae320e3;2018-05-29 23:59:00-04:00;23.3;0.0;2.9;-1;Clear;1
111297;4cccb964c9b8468815d4bec3;2018-05-30 04:41:00-04:00;18.1;0.0;2.9;-1;Overcast;1
111297;57ab90ca498e7d61e13a6985;2018-06-02 21:32:00-04:00;24.4;0.023;6.8;rain;Rain, Overcast;1
111311;4afdaf80f964a520d12922e3;2018-02-24 20:18:00-05:00;8.3;0.0;1.2;-1;Overcast;1
111311;52d36856498e9256064e3fe3;2017-10-07 23:55:00-04:00;22.3;0.0;12.8;-1;Partially cloudy;1
111673;49c68407f964a52052571fe3;2018-01-14 16:58:00-05:00;-5.5;0.0;15.9;-1;Clear;1
111778;42893400f964a52054231fe3;2017-11-11 19:08:00-05:00;1.8;0.0;7.8;-1;Partially cloudy;1
111778;515abd65e4b08eda86b30e6e;2017-11-11 21:22:00-05:00;1.2;0.0;6.8;-1;Partially cloudy;1
111871;4aaa98dcf964a520855620e3;2018-02-16 18:06:00-05:00;7.4;0.0;23.8;-1;Partially cloudy;1
111871;4af82bc2f964a520370b22e3;2018-02-23 18:18:00-05:00;4.4;0.297;5.4;rain;Rain, Overcast;2
111871;4e3c89c8aeb73139a16d84ee;2017-10-28 21:18:00-04:00;17.9;0.0;11.8;-1;Partially cloudy;1
111871;512a6086e4b023dd9c27e82d;2018-08-03 18:37:00-04:00;25.8;0.0;8.8;-1;Partially cloudy;1
111871;52d36856498e9256064e3fe3;2018-02-23 17:35:00-05:00;4.4;0.297;5.4;rain;Rain, Overcast;1
111871;57439584498e13105a96ff50;2018-08-03 13:23:00-04:00;26.8;1.356;6.4;rain;Rain, Partially cloudy;1
111871;579c12cd498e6e815b3acf50;2017-11-12 16:45:00-05:00;6.5;0.0;3.9;-1;Partially cloudy;1
111871;581605b838faae96e66a8903;2017-11-12 19:55:00-05:00;6.3;0.0;2.6;-1;Partially cloudy;1
111871;59f38be7175562651c451266;2017-11-12 18:06:00-05:00;6.3;0.0;7.8;-1;Partially cloudy;1
111922;4b6b5abff964a520fb022ce3;2018-02-19 21:32:00-05:00;8.6;0.0;5.0;-1;Overcast;1
111922;4c374bf80a71c9b6f2893ec9;2018-02-20 00:35:00-05:00;9.0;0.0;7.0;-1;Overcast;1
111922;4eb90d85722e09311d356915;2018-02-19 21:57:00-05:00;8.6;0.0;5.0;-1;Overcast;1
112219;4ad78220f964a520960b21e3;2017-11-14 00:47:00-05:00;4.3;0.0;8.3;-1;Clear;1
112655;46712cd5f964a520c8471fe3;2018-08-01 18:31:00-04:00;29.1;0.0;20.0;-1;Partially cloudy;1
112655;509fd01de4b070da0a9d3c24;2018-08-01 19:34:00-04:00;28.7;0.0;10.4;-1;Partially cloudy;1
112846;4b6b5abff964a520fb022ce3;2018-03-08 20:46:00-05:00;2.4;0.0;14.5;-1;Overcast;1
112846;4c2ba1f857a9c9b67138f667;2018-03-08 15:34:00-05:00;3.7;0.0;17.1;-1;Overcast;1
112846;4e4190fafa762ad6d846f883;2018-03-08 13:49:00-05:00;3.7;0.0;15.7;-1;Overcast;1
113086;42893400f964a52054231fe3;2018-03-19 14:56:00-04:00;7.5;0.0;14.8;-1;Clear;1
113086;4b6b5abff964a520fb022ce3;2018-03-19 19:54:00-04:00;5.8;0.0;9.6;-1;Partially cloudy;1
113086;515abd65e4b08eda86b30e6e;2018-03-19 20:16:00-04:00;5.8;0.0;9.6;-1;Partially cloudy;1
113087;4b6b5abff964a520fb022ce3;2017-11-24 19:05:00-05:00;8.5;0.0;9.4;-1;Clear;1
113087;4c7d4f1b8da18cfa1afc9ece;2017-11-24 23:05:00-05:00;7.0;0.0;8.1;-1;Clear;1
113148;561b24e5498ec9037e2ed048;2018-02-12 21:15:00-05:00;3.0;0.0;9.8;-1;Clear;1
113148;579e5513498e9ffc61b6ad8e;2018-02-13 02:40:00-05:00;-1.1;0.0;12.6;-1;Clear;1
113167;5787b68e498efcabbebba4f8;2017-12-02 03:42:00-05:00;4.4;0.0;2.4;-1;Clear;1
113464;4bf30b89706e20a196c7a798;2018-06-29 18:44:00-04:00;30.6;0.0;13.4;-1;Partially cloudy;1
113464;559ecd00498e965ccd39ea9f;2018-06-29 20:00:00-04:00;30.3;0.0;6.2;-1;Clear;1
113720;42893400f964a52054231fe3;2017-10-23 14:36:00-04:00;22.6;0.0;21.0;-1;Partially cloudy;1
113720;4a8d57e7f964a5207c0f20e3;2017-10-23 17:06:00-04:00;21.7;0.0;13.1;-1;Partially cloudy;1
114344;5787b68e498efcabbebba4f8;2018-08-05 18:21:00-04:00;31.0;0.0;7.9;-1;Partially cloudy;1
114493;49de7429f964a52053601fe3;2018-04-27 19:04:00-04:00;11.0;0.0;5.4;-1;Overcast;1
114721;4b1c3950f964a520970424e3;2017-10-14 17:56:00-04:00;21.5;0.0;1.2;-1;Partially cloudy;1
114721;4b996536f964a520467835e3;2017-10-14 17:48:00-04:00;21.5;0.0;1.2;-1;Partially cloudy;1
114721;4d03ae3437036dcbfba10bfb;2017-10-14 20:03:00-04:00;21.3;0.0;7.4;-1;Overcast;1
114721;4e07969fd4c03ae0b9cb19ea;2017-10-14 19:33:00-04:00;21.3;0.0;7.4;-1;Overcast;1
115192;50524857e4b0bdd5e90ea0ee;2017-10-06 15:56:00-04:00;26.6;0.0;11.9;-1;Clear;1
115278;42893400f964a52054231fe3;2017-11-24 18:51:00-05:00;8.5;0.0;9.4;-1;Clear;1
115278;50353357e4b002981d16a900;2018-02-11 04:12:00-05:00;8.2;1.167;1.2;rain;Rain, Overcast;1
115300;4b6b5abff964a520fb022ce3;2017-11-18 15:30:00-05:00;10.4;0.028;11.9;rain;Rain, Partially cloudy;1
115300;57fe5fb9498e0dfb586bfe58;2017-11-18 19:30:00-05:00;9.3;0.825;8.7;rain;Rain, Partially cloudy;1
115304;52eddc12498e40bb655e0d7a;2018-07-21 22:02:00-04:00;18.7;3.017;15.6;rain;Rain, Overcast;1
115537;4a871eb2f964a520b20220e3;2017-10-08 19:51:00-04:00;24.6;0.0;10.9;-1;Partially cloudy;1
115775;515abd65e4b08eda86b30e6e;2018-08-21 15:30:00-04:00;25.1;0.0;11.0;-1;Partially cloudy;1
115781;56f73e71498efedad2c1e41c;2018-03-18 16:39:00-04:00;6.0;0.0;20.7;-1;Clear;1
115781;58c1f3e97a8f044c6ea8934b;2018-03-18 18:29:00-04:00;6.1;0.0;11.3;-1;Clear;1
115843;4b0c402af964a520c33923e3;2018-10-13 13:14:00-04:00;11.3;0.0;19.6;-1;Overcast;1
115843;53eba911498e9b26cc64bdff;2018-10-14 03:16:00-04:00;9.5;0.0;14.0;-1;Clear;1
116120;42893400f964a52054231fe3;2017-12-03 17:34:00-05:00;8.5;0.0;4.1;-1;Partially cloudy;1
116120;4a44cd95f964a5208fa71fe3;2017-12-03 18:12:00-05:00;8.5;0.0;4.1;-1;Partially cloudy;1
116120;4ba2671af964a5205af537e3;2017-12-03 15:33:00-05:00;8.5;0.0;7.8;-1;Overcast;1
116161;42893400f964a52054231fe3;2017-10-08 16:27:00-04:00;25.4;0.0;22.0;-1;Partially cloudy;1
116161;4a44cd95f964a5208fa71fe3;2017-10-08 18:00:00-04:00;25.2;0.0;15.9;-1;Partially cloudy;1
116161;4b23f44ff964a520b75d24e3;2017-10-08 21:18:00-04:00;25.0;0.0;9.6;-1;Partially cloudy;1
116161;4b9d4c67f964a5206ca136e3;2017-10-08 21:00:00-04:00;25.0;0.0;9.6;-1;Partially cloudy;1
116390;4abe7f9ef964a520068e20e3;2018-01-28 15:37:00-05:00;9.7;0.0;6.3;-1;Overcast;2
116390;4eb90d85722e09311d356915;2018-01-27 19:35:00-05:00;12.5;0.0;11.3;-1;Partially cloudy;1
116390;515abd65e4b08eda86b30e6e;2018-01-28 15:40:00-05:00;9.7;0.0;6.3;-1;Overcast;1
116794;4cd84a313ec4b1f763cdbd3f;2018-05-10 18:26:00-04:00;18.1;0.0;10.2;-1;Partially cloudy;1
116910;42daf100f964a52035261fe3;2018-06-01 21:02:00-04:00;22.9;0.0;3.0;-1;Partially cloudy;1
117124;4a87502bf964a520d30320e3;2017-12-17 22:32:00-05:00;2.2;0.0;4.1;-1;Overcast;1
117124;4f8860a7e4b0cec3aa3eed76;2017-12-18 01:58:00-05:00;1.7;0.048;9.8;rain,snow;Snow, Rain, Overcast;1
117291;4a675deef964a52045c91fe3;2018-09-20 15:08:00-04:00;21.8;0.0;5.8;-1;Overcast;1
117291;4baa833df964a52065703ae3;2018-09-20 17:39:00-04:00;21.0;0.0;5.8;-1;Overcast;1
117291;51f6c4eaccda96d8750bbdfa;2017-12-12 17:07:00-05:00;6.4;0.0;19.2;-1;Partially cloudy;1
117291;53ebf84d498eb8e5758e17d7;2017-12-12 17:50:00-05:00;5.7;0.0;21.2;-1;Partially cloudy;1
117779;4a6fa0abf964a520a4d61fe3;2018-08-29 00:20:00+03:00;30.0;0.0;12.0;-1;Clear;1
117779;4ad35d08f964a520fae320e3;2018-08-29 18:39:00+03:00;33.1;0.0;15.0;-1;Clear;1
117779;5717e052498ea14d53b097f0;2018-08-28 20:04:00+03:00;32.7;0.0;14.4;-1;Clear;1
117930;4d34caa4c75a6ea84a9522ae;2018-05-04 17:00:00-04:00;28.2;0.0;17.5;-1;Partially cloudy;1
117930;579c12cd498e6e815b3acf50;2017-12-19 00:00:00-05:00;7.3;0.0;10.6;-1;Partially cloudy;1
118040;4165d880f964a5207e1d1fe3;2017-11-26 01:12:00-05:00;10.8;0.0;13.4;-1;Overcast;1
118040;4eb90d85722e09311d356915;2017-12-10 03:31:00-05:00;-0.4;0.0;13.5;rain,snow;Clear;1
118130;42893400f964a52054231fe3;2017-10-08 22:39:00-04:00;24.7;0.0;6.7;-1;Partially cloudy;1
118332;40f5c900f964a520a30a1fe3;2018-08-18 00:04:00-04:00;23.3;2.379;5.4;rain;Rain, Overcast;1
118332;52eddc12498e40bb655e0d7a;2018-08-17 22:02:00-04:00;25.3;0.778;23.5;rain;Rain, Overcast;1
118965;5058f3f3e4b0e7b3d5579161;2018-07-21 16:51:00-04:00;23.3;0.0;17.5;-1;Partially cloudy;1
119367;4144e300f964a520a51c1fe3;2017-10-21 00:41:00-04:00;16.8;0.0;1.7;-1;Clear;1
119367;49ff62f9f964a52013701fe3;2017-10-22 01:51:00-04:00;17.2;0.0;1.2;-1;Clear;1
119407;4b996536f964a520467835e3;2018-08-31 17:28:00-04:00;22.5;0.0;6.8;-1;Overcast;1
119407;4bf6984e94b2a5934eb5adee;2018-08-31 16:36:00-04:00;22.5;0.0;6.8;-1;Overcast;1
119407;56d1c7e2cd105fe2c5c705b6;2018-08-31 15:35:00-04:00;23.2;0.0;9.8;-1;Overcast;1
119418;4a24510af964a520107e1fe3;2017-11-12 18:37:00-05:00;6.8;0.0;2.9;-1;Partially cloudy;1
119418;4c374bf80a71c9b6f2893ec9;2017-11-12 19:46:00-05:00;6.3;0.0;2.6;-1;Partially cloudy;1
119499;4db9bb280cb6ddfae43b4d59;2018-03-20 18:11:00-04:00;3.4;0.0;12.8;-1;Overcast;1
119499;5a387ba8838e597257b20ed7;2018-03-20 18:03:00-04:00;3.4;0.0;12.8;-1;Overcast;1
119609;4a0d7695f964a5207c751fe3;2018-01-08 02:58:00-05:00;-7.1;0.0;14.2;-1;Overcast;1
119609;564a86c8498ea245a802f0d1;2017-11-30 15:49:00-05:00;9.0;0.0;7.5;-1;Partially cloudy;1
119609;58079ddb38fafedacedb1a24;2017-11-30 16:15:00-05:00;9.0;0.0;7.5;-1;Partially cloudy;1
119609;5807e7fc38faea987943ac54;2017-11-30 16:56:00-05:00;8.4;0.0;6.3;-1;Clear;1
119786;50899082e4b0645d657eb40f;2017-11-03 22:30:00-04:00;13.5;0.0;17.3;-1;Clear;1
119798;4b6b5abff964a520fb022ce3;2018-06-09 18:15:00-04:00;25.6;0.0;10.2;-1;Partially cloudy;1
119798;59d2c4ec1f8ed658b1f4fb03;2018-06-09 15:29:00-04:00;26.5;0.0;6.4;-1;Partially cloudy;1
120012;4d9db7087f9e4eb9436ea1fc;2018-05-23 23:42:00-04:00;21.8;0.0;4.6;-1;Clear;1
120323;4b66042ef964a520950e2be3;2018-02-19 19:42:00-05:00;8.7;0.312;1.7;rain;Rain, Overcast;1
120323;57b61f2a498ed8856425737c;2018-05-09 21:47:00-04:00;14.5;0.0;3.9;-1;Clear;1
120547;50c28307e4b0c5b6f33ec0e1;2018-07-29 17:09:00-04:00;27.5;0.0;2.6;-1;Partially cloudy;1
120734;4eb90d85722e09311d356915;2017-10-15 18:57:00-04:00;21.3;0.0;14.8;-1;Overcast;1
120788;55148c66498e987ed9d8e394;2018-02-03 23:02:00-05:00;-1.1;0.0;12.2;-1;Overcast;1
121122;4b6b5abff964a520fb022ce3;2018-01-07 17:12:00-05:00;-8.2;0.0;11.7;-1;Partially cloudy;1
121122;515abd65e4b08eda86b30e6e;2018-01-07 15:37:00-05:00;-8.3;0.0;11.7;-1;Partially cloudy;1
121198;4bd9b7ec0115c9b6f6587880;2018-02-19 14:22:00-05:00;8.5;0.0;10.9;-1;Overcast;1
121198;59b8c291a795bd49fe94b6b3;2018-04-02 02:52:00-04:00;5.6;0.0;17.6;rain;Overcast;3
121255;42893400f964a52054231fe3;2018-05-01 17:50:00-04:00;26.8;0.0;7.6;-1;Partially cloudy;1
121255;4a44cd95f964a5208fa71fe3;2018-05-01 16:51:00-04:00;26.7;0.0;10.5;-1;Clear;1
121255;4b6b5abff964a520fb022ce3;2018-05-01 19:42:00-04:00;24.2;0.0;6.9;-1;Partially cloudy;1
121255;4bd1af599854d13a3ff3f94d;2018-05-01 16:28:00-04:00;26.0;0.0;16.1;-1;Clear;1
121256;590a00e74febd55af43a8267;2018-02-18 03:00:00-05:00;0.8;0.0;8.6;rain,snow;Overcast;1
121282;5a04f7ee065ef54fbd6ea4da;2017-11-10 00:16:00-05:00;11.2;0.0;11.7;-1;Partially cloudy;1
121282;5a382327dee7707dd4842ab8;2018-06-29 00:44:00-04:00;24.2;0.0;3.3;-1;Clear;1
121282;5b2d49ad6f706a002c52d50b;2018-06-28 23:48:00-04:00;24.2;0.0;6.3;-1;Clear;1
121285;4abe7f9ef964a520068e20e3;2017-11-12 13:45:00-05:00;8.0;0.0;9.0;-1;Clear;1
121285;4b6b5abff964a520fb022ce3;2017-11-12 13:50:00-05:00;8.0;0.0;9.0;-1;Clear;1
121323;48636f02f964a520e3501fe3;2017-10-12 22:23:00-04:00;14.1;0.0;18.4;-1;Partially cloudy;1
121323;4c51b323991c20a174bd4088;2018-05-17 22:04:00-04:00;20.4;0.0;6.7;-1;Partially cloudy;1
121323;4eb90d85722e09311d356915;2017-12-28 20:40:00-05:00;-10.4;0.0;19.1;-1;Clear;1
121323;51b77ea1454a57610205b352;2017-11-17 20:23:00-05:00;5.7;0.0;15.5;-1;Clear;1
121323;53aa0ef4498eb1bef72a3812;2017-12-06 23:57:00-05:00;4.5;0.0;19.9;-1;Partially cloudy;1
121323;560d1028498eee2df9f982f0;2018-02-14 22:42:00-05:00;9.3;0.37;9.2;rain;Rain, Overcast;1
121323;58dba0e0fef5fa1e44b46f89;2018-05-17 23:52:00-04:00;19.3;0.0;0.0;-1;Partially cloudy;1
121323;590a00e74febd55af43a8267;2017-10-13 00:29:00-04:00;13.5;0.0;14.5;-1;Partially cloudy;1
121323;59dfe90ed69ed038f9316118;2018-04-20 23:33:00-04:00;5.4;0.0;13.5;-1;Clear;1
121323;59f38be7175562651c451266;2017-12-28 19:25:00-05:00;-8.9;0.0;29.6;-1;Clear;1
121323;5a04f7ee065ef54fbd6ea4da;2018-02-14 23:28:00-05:00;9.3;0.37;9.2;rain;Rain, Overcast;1
121387;44f4bc8af964a52037381fe3;2018-07-04 20:25:00-04:00;27.4;0.0;10.3;-1;Partially cloudy;1
121387;5ab51b6aa4b51b3dc096ed68;2018-07-04 19:00:00-04:00;27.6;0.0;6.2;-1;Overcast;1
121428;514de197e4b0c471f020c47e;2018-06-27 13:15:00-04:00;22.2;0.0;25.8;-1;Overcast;1
121454;4b6c7ce0f964a520193e2ce3;2018-08-16 17:52:00-04:00;31.0;0.0;8.5;-1;Partially cloudy;1
121576;3fd66200f964a520d7e61ee3;2018-04-01 14:14:00-04:00;14.1;0.0;12.6;rain;Partially cloudy;1
121617;4165d880f964a5207e1d1fe3;2018-02-20 16:35:00-05:00;19.8;0.0;10.1;-1;Partially cloudy;1
121617;4b466b09f964a520452026e3;2018-02-20 16:59:00-05:00;19.8;0.0;10.1;-1;Partially cloudy;1
121617;4c548f2da724e21e801999f6;2018-02-20 16:38:00-05:00;19.8;0.0;10.1;-1;Partially cloudy;1
121677;4a04ba93f964a52023721fe3;2017-10-10 22:05:00-04:00;23.2;0.0;6.9;-1;Clear;1
121677;4b6b5abff964a520fb022ce3;2017-10-10 23:51:00-04:00;21.1;0.0;7.5;-1;Clear;1
121677;4d34caa4c75a6ea84a9522ae;2017-10-11 00:11:00-04:00;21.1;0.0;7.5;-1;Clear;1
121845;50f5ed71e4b0e957439f7fb9;2018-09-04 20:57:00-04:00;29.8;0.0;5.3;-1;Partially cloudy;1
121925;4b6b5abff964a520fb022ce3;2018-08-18 17:39:00-04:00;27.3;0.0;23.4;-1;Overcast;1
122040;4165d880f964a5207e1d1fe3;2018-01-16 17:42:00-05:00;0.7;0.0;10.0;-1;Overcast;1
122040;49c65aa8f964a52038571fe3;2018-01-17 04:27:00-05:00;1.7;0.162;13.1;rain,snow;Snow, Rain, Overcast;1
122040;49ff62f9f964a52013701fe3;2018-01-21 23:14:00-05:00;9.0;0.0;2.6;-1;Overcast;1
122273;5b2819b1c876c8002cabbadc;2018-07-14 21:14:00-04:00;29.6;0.0;12.5;-1;Partially cloudy;1
122289;3fd66200f964a520b9ea1ee3;2017-11-23 15:09:00-05:00;6.1;0.0;2.1;-1;Clear;1
122303;57c848e6498e1f0d11d9d3f1;2018-04-12 16:15:00-04:00;13.6;0.0;16.7;-1;Partially cloudy;1
122499;4eb90d85722e09311d356915;2018-07-19 17:53:00-04:00;26.2;0.0;16.9;-1;Clear;1
122680;3fd66200f964a520ede41ee3;2017-11-24 19:58:00-05:00;8.3;0.0;9.8;-1;Clear;1
122788;42893400f964a52054231fe3;2018-08-26 16:05:00-04:00;27.6;0.0;12.2;-1;Partially cloudy;1
122788;4b6b5abff964a520fb022ce3;2018-08-26 18:47:00-04:00;28.1;0.0;10.6;-1;Overcast;1
122876;49e74532f964a52081641fe3;2018-09-07 15:54:00-04:00;23.2;0.0;18.2;-1;Overcast;1
122876;52ac8847498e1390ec3ab77e;2017-12-30 15:50:00-05:00;-5.0;0.0;14.5;snow;Partially cloudy;1
122876;57583641498e90001a32e13e;2017-12-30 16:04:00-05:00;-5.0;0.0;14.5;snow;Partially cloudy;1
122879;4165d880f964a5207e1d1fe3;2017-12-23 17:04:00-05:00;9.0;0.0;5.4;-1;Overcast;1
122879;42893400f964a52054231fe3;2017-12-23 17:49:00-05:00;9.1;0.3;4.2;rain;Rain, Overcast;1
123144;3fd66200f964a5209fea1ee3;2018-01-25 23:51:00-05:00;-1.5;0.0;3.6;-1;Overcast;1
123144;40f1d480f964a5205b0a1fe3;2018-04-28 15:34:00-04:00;18.3;0.0;12.7;-1;Clear;1
123144;49b87b8cf964a52044531fe3;2018-01-26 01:23:00-05:00;-1.9;0.0;7.6;-1;Overcast;1
123144;50b014a4e4b0d4508b5aa2b1;2017-11-12 20:31:00-05:00;6.2;0.0;4.8;-1;Partially cloudy;1
123144;5adcec1f1cf2e1716b89f51d;2018-04-28 16:13:00-04:00;18.3;0.0;12.7;-1;Clear;1
123284;49dcd4b4f964a520ad5f1fe3;2017-12-16 19:01:00-05:00;3.7;0.0;14.5;-1;Overcast;2
123284;49e644c6f964a5202f641fe3;2017-12-12 21:16:00-05:00;1.5;0.0;35.0;-1;Partially cloudy;1
123284;49f75667f964a5208b6c1fe3;2017-12-12 17:05:00-05:00;6.4;0.0;19.2;-1;Partially cloudy;1
123284;4a2c0e75f964a52014971fe3;2017-12-12 17:58:00-05:00;5.7;0.0;21.2;-1;Partially cloudy;1
123284;4b3a4c91f964a5200d6425e3;2017-12-12 16:22:00-05:00;6.8;0.0;14.3;-1;Partially cloudy;1
123284;4eb90d85722e09311d356915;2017-12-10 17:55:00-05:00;2.9;0.0;15.6;-1;Partially cloudy;1
123401;58ab3a6a53f5bb4b6b267ad1;2017-10-25 15:08:00-04:00;18.1;0.0;2.1;-1;Partially cloudy;1
123484;436aa480f964a5209e291fe3;2018-01-14 23:08:00-05:00;-8.2;0.0;14.8;-1;Clear;1
123513;4eef9dfe6c25c7f9d47c80b4;2018-08-18 23:55:00-04:00;22.0;0.0;13.3;-1;Partially cloudy;1
123513;55e1c16f498e3be4f7108cab;2018-05-19 17:16:00-04:00;13.4;0.0;11.0;-1;Overcast;1
123513;5a25d4e6e65d0c0638925679;2018-04-26 22:00:00-04:00;17.2;0.0;7.9;-1;Clear;1
123557;42893400f964a52054231fe3;2017-12-24 15:57:00-05:00;3.9;0.0;16.3;-1;Clear;1
123664;49b87b8cf964a52044531fe3;2018-02-23 04:45:00-05:00;2.5;0.0;13.9;-1;Overcast;1
123845;49b87b8cf964a52044531fe3;2018-06-05 00:59:00-04:00;15.7;0.0;2.9;-1;Clear;1
123977;42893400f964a52054231fe3;2018-10-02 18:28:00-04:00;24.7;0.0;19.9;-1;Partially cloudy;1
123977;42daf100f964a52035261fe3;2018-10-02 17:49:00-04:00;24.7;0.0;19.9;-1;Partially cloudy;1
123977;4a675deef964a52045c91fe3;2018-10-04 19:10:00-04:00;23.3;0.0;3.0;-1;Overcast;1
123977;4a8d57e7f964a5207c0f20e3;2018-10-02 17:31:00-04:00;24.7;0.0;19.9;-1;Partially cloudy;1
123977;4b6b5abff964a520fb022ce3;2018-10-01 17:15:00-04:00;24.7;0.0;4.7;-1;Partially cloudy;1
123977;4bc24023461576b056237d32;2018-10-04 18:50:00-04:00;23.3;0.0;3.0;-1;Overcast;1
123977;4eb90d85722e09311d356915;2018-10-01 16:47:00-04:00;24.7;0.0;4.7;-1;Partially cloudy;1
123977;5984eeb39be522744003dee5;2018-10-04 20:24:00-04:00;23.4;0.0;1.2;-1;Overcast;1
124009;4165d880f964a5207e1d1fe3;2018-07-03 18:53:00-04:00;26.7;0.252;9.6;rain;Rain, Partially cloudy;1
124009;59b70eb2fd16bb50bdeccf29;2018-07-03 22:57:00-04:00;26.1;0.0;3.3;-1;Partially cloudy;1
124046;49d7aaf5f964a5204a5d1fe3;2018-04-08 15:27:00-04:00;6.7;0.0;18.4;-1;Partially cloudy;1
124110;4116be80f964a520fc0b1fe3;2018-07-08 01:16:00-04:00;18.7;0.0;2.9;-1;Clear;1
124110;56037e8b498ee4d3ed6d1280;2017-12-02 05:01:00-05:00;3.7;0.0;6.9;-1;Clear;1
124187;5a932a1448b04e6e4c1ee74d;2018-05-04 22:10:00-04:00;27.4;0.0;15.2;-1;Partially cloudy;1
124190;5991933ec0f1632f70b55347;2018-09-19 17:59:00-04:00;25.8;0.0;7.4;-1;Clear;1
124240;4b40cf3df964a5206bbb25e3;2017-10-30 18:49:00-04:00;12.0;0.0;18.7;-1;Clear;1
124310;4eb90d85722e09311d356915;2018-02-03 20:17:00-05:00;-1.6;0.0;14.8;-1;Partially cloudy;1
124310;579c12cd498e6e815b3acf50;2018-02-03 20:26:00-05:00;-1.6;0.0;14.8;-1;Partially cloudy;1
124406;4165d880f964a5207e1d1fe3;2018-01-28 16:31:00-05:00;9.7;0.0;3.3;-1;Overcast;1
124406;42893400f964a52054231fe3;2018-01-28 17:14:00-05:00;9.7;0.0;3.3;-1;Overcast;1
124759;3fd66200f964a520d8f11ee3;2018-03-24 21:30:00-04:00;7.3;0.0;12.3;-1;Partially cloudy;1
124759;42893400f964a52054231fe3;2018-03-24 15:31:00-04:00;9.7;0.0;13.6;-1;Clear;1
124759;42daf100f964a52035261fe3;2018-03-24 13:05:00-04:00;8.6;0.0;15.7;-1;Clear;1
124759;49ff62f9f964a52013701fe3;2018-03-29 21:48:00-04:00;9.6;0.0;9.8;-1;Overcast;1
124759;4a44cd95f964a5208fa71fe3;2018-03-24 17:33:00-04:00;9.5;0.0;16.8;-1;Clear;1
124759;4ad78220f964a520960b21e3;2018-03-25 14:53:00-04:00;5.8;0.0;18.9;rain;Overcast;1
124759;4ae8906ef964a52071b021e3;2018-03-24 22:04:00-04:00;6.4;0.0;12.6;-1;Partially cloudy;1
124759;4afc3ba3f964a520bb2022e3;2018-03-25 14:45:00-04:00;5.8;0.0;18.9;rain;Overcast;1
124759;4b40cf3df964a5206bbb25e3;2018-03-27 19:18:00-04:00;5.4;0.0;7.4;-1;Overcast;1
124759;4b4cc07ef964a5204abd26e3;2018-03-25 02:19:00-04:00;2.6;0.0;10.4;-1;Partially cloudy;1
124759;4b6b5abff964a520fb022ce3;2018-03-24 22:30:00-04:00;6.4;0.0;12.6;-1;Partially cloudy;1
124759;4b996536f964a520467835e3;2018-03-27 19:49:00-04:00;5.4;0.0;4.5;-1;Overcast;1
124759;4c35de72452620a1ba5d270f;2018-03-24 13:16:00-04:00;8.6;0.0;15.7;-1;Clear;1
125101;4c35de72452620a1ba5d270f;2018-01-06 18:55:00-05:00;-12.0;0.0;21.3;-1;Clear;1
125101;4eb90d85722e09311d356915;2018-01-01 19:43:00-05:00;-8.2;0.0;14.7;-1;Clear;1
125308;4a2f3322f964a520b6981fe3;2017-12-05 21:59:00-05:00;14.3;4.06;14.9;rain;Rain, Partially cloudy;1
125308;4eb90d85722e09311d356915;2017-12-05 23:49:00-05:00;14.5;0.338;13.1;rain;Rain, Partially cloudy;1
125308;521cad4011d2a9c6e2c198ae;2018-03-29 22:57:00-04:00;9.1;0.0;14.1;-1;Overcast;1
125472;42893400f964a52054231fe3;2018-02-08 23:45:00-05:00;-2.3;0.0;14.6;-1;Clear;1
125472;53051e8b498e331dc90d6eb4;2018-02-08 23:10:00-05:00;-1.8;0.0;15.4;-1;Clear;1
125887;57479cca38fad4925dcb8298;2018-02-10 22:42:00-05:00;7.7;0.316;4.5;rain;Rain, Overcast;1
125887;5787b68e498efcabbebba4f8;2018-02-10 19:05:00-05:00;7.1;1.039;4.2;rain;Rain, Overcast;1
126052;4b6b5abff964a520fb022ce3;2017-10-21 21:23:00-04:00;18.8;0.0;4.0;-1;Partially cloudy;1
126052;4bb67651f562ef3bde333097;2017-10-21 17:58:00-04:00;21.5;0.0;4.5;-1;Partially cloudy;1
126176;501d3c31e4b0c3028609cc2b;2017-10-22 19:50:00-04:00;18.3;0.0;9.4;-1;Partially cloudy;1
126176;52b0a990498eb3a992b89573;2017-11-24 21:48:00-05:00;7.7;0.0;12.8;-1;Clear;1
126349;53756391498ef3c8e7f43ecb;2017-12-02 23:32:00-05:00;6.5;0.0;0.0;-1;Partially cloudy;1
126614;3fd66200f964a520fee31ee3;2017-10-08 01:12:00-04:00;22.7;0.0;11.1;-1;Partially cloudy;1
127331;4a7ca51ff964a52012ed1fe3;2018-01-30 17:18:00-05:00;0.1;0.0;21.1;-1;Overcast;1
127331;568dd8f0498e49b9d660021b;2018-02-06 16:56:00-05:00;2.4;0.0;4.2;-1;Partially cloudy;1
127331;579c12cd498e6e815b3acf50;2018-02-06 19:28:00-05:00;1.7;0.0;8.8;-1;Partially cloudy;1
127331;590a00e74febd55af43a8267;2018-02-11 00:34:00-05:00;7.7;0.958;4.5;rain;Rain, Overcast;1
127331;59822ae4e97dfb6a1519825b;2018-02-10 22:31:00-05:00;7.7;0.316;4.5;rain;Rain, Overcast;1
127392;42893400f964a52054231fe3;2018-08-15 17:11:00-04:00;30.3;0.0;11.9;-1;Partially cloudy;1
127392;4b40cf3df964a5206bbb25e3;2018-08-16 22:40:00-04:00;28.5;0.0;5.1;-1;Clear;1
127392;4e9da335cc2132d67d558120;2018-08-15 19:58:00-04:00;29.1;0.0;15.9;-1;Partially cloudy;1
127392;5a1e0dddb2958f1efac02a71;2018-08-16 21:28:00-04:00;30.1;0.0;9.5;-1;Clear;1
127455;42893400f964a52054231fe3;2018-03-15 14:21:00-04:00;6.9;0.0;24.9;-1;Partially cloudy;1
127455;4abe7f9ef964a520068e20e3;2018-03-15 18:01:00-04:00;6.4;0.0;18.7;-1;Partially cloudy;1
127507;42055e00f964a520671f1fe3;2018-07-01 00:46:00-04:00;28.7;0.0;8.7;-1;Clear;1
127507;4b40cf3df964a5206bbb25e3;2018-02-17 23:10:00-05:00;0.6;2.233;6.2;rain,snow;Snow, Rain, Overcast;1
127507;53306dcf11d2599de5a2442f;2018-07-01 00:32:00-04:00;28.7;0.0;8.7;-1;Clear;1
127637;42893400f964a52054231fe3;2017-11-05 18:11:00-05:00;15.8;0.0;9.8;-1;Overcast;1
128670;42e82000f964a52083261fe3;2018-01-25 23:23:00-05:00;-1.7;0.0;3.4;-1;Partially cloudy;1
128765;4edd43af7bebc29455367992;2017-11-07 13:42:00-05:00;8.7;0.0;21.4;-1;Partially cloudy;1
128822;49e24ccbf964a52007621fe3;2018-05-05 18:43:00-04:00;21.1;0.0;9.9;-1;Partially cloudy;1
128822;4a9eb0e7f964a520e43a20e3;2018-07-14 18:39:00-04:00;31.1;0.0;14.3;-1;Partially cloudy;1
128822;4b0c37f8f964a5201c3923e3;2018-07-14 21:07:00-04:00;29.6;0.0;12.5;-1;Partially cloudy;1
128822;535c0d45498e824febce3f2b;2018-09-22 17:55:00-04:00;19.4;0.0;10.9;-1;Partially cloudy;3
128822;547113b8498ec02dd22ab440;2018-09-22 19:32:00-04:00;19.0;0.0;11.7;-1;Partially cloudy;1
128822;55b2b14a498e09f9933e6bfd;2018-07-07 20:43:00-04:00;20.0;0.0;8.8;-1;Clear;1
128822;55e26372498ed6652e70e26c;2017-12-31 02:46:00-05:00;-7.2;0.0;18.4;snow;Clear;1
128822;58a4fb9d30ecc618cdd5c3e2;2017-12-31 00:56:00-05:00;-6.7;0.0;19.5;snow;Partially cloudy;1
128822;59b4898de1f0aa6d9ec6d507;2018-02-08 19:58:00-05:00;-1.5;0.0;10.7;-1;Partially cloudy;1
128822;59d828f0916bc1155fde2c04;2017-11-18 23:57:00-05:00;13.1;0.0;7.6;-1;Partially cloudy;1
128822;5abc33ccad17896edaca3d61;2018-09-02 22:49:00-04:00;24.6;0.0;6.9;-1;Partially cloudy;1
128981;42893400f964a52054231fe3;2018-05-06 18:09:00-04:00;16.2;0.0;14.6;-1;Overcast;1
129479;42daf100f964a52035261fe3;2017-11-24 21:14:00-05:00;8.0;0.0;10.5;-1;Clear;1
129479;4b55cd09f964a520acf027e3;2017-11-22 00:47:00-05:00;11.6;0.0;1.4;-1;Partially cloudy;1
129479;4b6b5abff964a520fb022ce3;2017-11-24 21:36:00-05:00;7.7;0.0;12.8;-1;Clear;1
129479;509d636e5d2463e87154805d;2017-11-24 19:49:00-05:00;8.3;0.0;9.8;-1;Clear;1
129520;4b6b5abff964a520fb022ce3;2017-11-17 22:13:00-05:00;4.3;0.0;6.5;-1;Clear;1
129692;56e4e262498e64591cecae0c;2018-04-13 02:45:00-04:00;16.0;0.0;13.7;-1;Clear;1
129789;3fd66200f964a52053eb1ee3;2017-10-08 17:11:00-04:00;25.2;0.0;20.0;-1;Partially cloudy;1
129789;47111950f964a5209e4b1fe3;2017-10-08 05:23:00-04:00;22.8;0.0;11.6;-1;Overcast;1
129789;4afa0494f964a5200f1622e3;2017-10-13 23:59:00-04:00;16.9;0.0;8.5;-1;Partially cloudy;1
129789;4eefd4506d86d722df8fd52e;2017-10-07 21:07:00-04:00;22.4;0.0;18.9;-1;Clear;1
129789;57583641498e90001a32e13e;2017-10-08 01:07:00-04:00;22.7;0.0;11.1;-1;Partially cloudy;1
130145;50bcb93ae4b0efcb4c84d434;2017-10-18 23:22:00-04:00;17.5;0.0;12.6;-1;Clear;1
130145;57ab90ca498e7d61e13a6985;2017-10-21 22:19:00-04:00;18.9;0.0;8.4;-1;Partially cloudy;1
130781;4c70029f9c6d6dcbd424d17a;2018-03-12 14:53:00-04:00;5.6;0.0;19.1;-1;Overcast;1
131815;4c5d7ac6d25320a175ffc57a;2017-12-22 18:44:00-05:00;8.8;0.0;5.3;-1;Overcast;1
134006;4bcf9774a8b3a5939497625f;2018-07-11 16:59:00-04:00;29.1;0.0;9.0;-1;Overcast;1
135891;5953e0555c683860ffa4e0cd;2018-07-29 15:43:00-04:00;27.5;0.0;7.8;-1;Overcast;1
135912;42893400f964a52054231fe3;2017-12-31 19:55:00-05:00;-11.0;0.0;20.0;-1;Clear;1
135912;4a93fc49f964a520192020e3;2017-12-31 18:21:00-05:00;-10.6;0.0;19.9;-1;Clear;1
136229;587ffcc3ea29b80cdce3468d;2018-03-16 15:58:00-04:00;3.1;0.0;31.3;-1;Partially cloudy;1
136759;509fd01de4b070da0a9d3c24;2017-10-28 19:26:00-04:00;18.0;0.0;14.2;-1;Partially cloudy;1
136759;54ee1680498ef860b6ed47fc;2018-01-12 00:08:00-05:00;8.7;0.0;5.4;-1;Overcast;1
136759;59f38be7175562651c451266;2017-10-28 14:34:00-04:00;20.3;0.0;23.1;-1;Partially cloudy;1
137340;58efb4281f74401c28a2d75d;2017-10-29 20:57:00-04:00;17.9;6.435;17.8;rain;Rain, Overcast;1
137890;57fd74cb498ecd4ccc2510ee;2017-11-05 18:54:00-05:00;15.8;0.0;3.6;-1;Overcast;1
139112;4bac00a1f964a52025dd3ae3;2017-10-07 17:14:00-04:00;24.8;0.0;12.8;-1;Partially cloudy;1
139857;4eb90d85722e09311d356915;2017-10-26 15:56:00-04:00;14.0;0.0;14.5;-1;Partially cloudy;1
140066;40f1d480f964a5205b0a1fe3;2018-04-28 22:03:00-04:00;12.5;0.42;12.1;rain;Rain, Overcast;1
140066;521cad4011d2a9c6e2c198ae;2018-04-28 14:37:00-04:00;18.2;0.0;21.7;-1;Clear;1
140238;42daf100f964a52035261fe3;2017-10-07 12:53:00-04:00;25.9;0.0;11.2;-1;Partially cloudy;1
140238;581605b838faae96e66a8903;2017-10-07 13:37:00-04:00;26.7;0.0;9.1;-1;Partially cloudy;1
140785;57fe5fb9498e0dfb586bfe58;2017-11-22 23:06:00-05:00;2.5;0.0;21.5;-1;Clear;1
140785;5a106285fdb9a71c48953176;2017-11-22 22:40:00-05:00;2.5;0.0;21.5;-1;Clear;1
141106;3fd66200f964a52033eb1ee3;2018-02-16 20:06:00-05:00;5.7;0.0;24.8;-1;Partially cloudy;1
141106;3fd66200f964a520a0e61ee3;2018-03-18 00:38:00-04:00;3.2;0.0;4.7;-1;Clear;1
141106;3fd66200f964a520ede41ee3;2018-02-16 18:33:00-05:00;6.4;0.0;22.9;-1;Partially cloudy;1
141106;3fd66200f964a520ede61ee3;2018-03-19 01:44:00-04:00;2.3;0.0;0.0;-1;Clear;2
141106;4165d880f964a5207e1d1fe3;2018-02-17 16:57:00-05:00;3.0;0.0;11.7;rain;Overcast;1
141106;4a747319f964a52033de1fe3;2018-04-20 17:08:00-04:00;10.2;0.0;26.7;-1;Clear;1
141106;4aaa4e0ef964a520ad5520e3;2018-04-06 18:30:00-04:00;16.3;0.0;24.5;-1;Partially cloudy;3
141106;4ad35d08f964a520fae320e3;2018-01-18 21:08:00-05:00;-2.0;0.0;18.0;-1;Clear;2
141106;4ad78220f964a520960b21e3;2018-07-22 19:02:00-04:00;24.0;6.993;20.0;rain;Rain, Overcast;3
141106;4b0800f9f964a5202a0223e3;2018-04-23 19:12:00-04:00;13.2;0.0;12.2;-1;Clear;2
141106;4b240a1ff964a520b25f24e3;2018-06-19 22:23:00-04:00;26.2;0.0;8.8;-1;Clear;1
141106;4b2ac07af964a520ecae24e3;2018-02-16 21:19:00-05:00;4.6;0.0;22.2;-1;Partially cloudy;2
141106;4b3abe48f964a520b96d25e3;2018-07-20 22:31:00-04:00;22.6;0.0;8.5;-1;Partially cloudy;19
141106;4b40cf3df964a5206bbb25e3;2018-02-16 17:42:00-05:00;7.4;0.0;23.8;-1;Partially cloudy;1
141106;4b435e5ef964a52009df25e3;2018-08-04 21:32:00-04:00;27.6;0.0;8.2;-1;Partially cloudy;2
141106;4b466b09f964a520452026e3;2018-05-01 01:18:00-04:00;9.1;0.0;7.6;-1;Partially cloudy;3
141106;4b4cc07ef964a5204abd26e3;2018-05-04 17:37:00-04:00;28.3;0.0;8.5;-1;Partially cloudy;2
141106;4b996536f964a520467835e3;2018-04-28 23:33:00-04:00;12.1;0.3;6.1;rain;Rain, Overcast;1
141106;4bc24023461576b056237d32;2018-04-23 16:52:00-04:00;15.3;0.0;16.5;-1;Clear;3
141106;4bd9259267b49c7480832214;2018-06-24 16:38:00-04:00;26.9;0.0;10.9;-1;Overcast;1
141106;4bd9b7ec0115c9b6f6587880;2018-04-23 13:57:00-04:00;18.3;0.0;13.6;-1;Clear;1
141106;4be9579f947820a1aedbb5db;2018-03-17 15:21:00-04:00;8.7;0.0;23.7;-1;Partially cloudy;1
141106;4c1a94bcb4e62d7f0c08d893;2018-02-17 17:10:00-05:00;3.0;0.0;11.7;rain;Overcast;1
141106;4c374bf80a71c9b6f2893ec9;2018-04-28 22:55:00-04:00;12.3;0.587;11.1;rain;Rain, Overcast;1
141106;4ca9ff3214c33704814ae33b;2018-04-23 18:10:00-04:00;13.5;0.0;18.4;-1;Clear;1
141106;4cd1ddda01eaf04da7bcc05d;2018-03-18 02:11:00-04:00;2.6;0.0;10.8;-1;Clear;1
141106;4cd85773da85224b3d0a4cca;2018-03-18 02:18:00-04:00;2.6;0.0;10.8;-1;Clear;1
141106;4ce6fa8ff1c6236a46a356f0;2018-02-16 18:08:00-05:00;7.4;0.0;23.8;-1;Partially cloudy;1
141106;4d0a945ef2c1236a74ccfc56;2018-03-10 15:03:00-05:00;4.2;0.0;21.1;-1;Overcast;1
141106;4de7987e1fc7fcfe04ac252b;2018-01-18 22:06:00-05:00;-2.6;0.0;14.6;-1;Clear;1
141106;4e0f2be5c65ba20da2275120;2018-03-06 01:06:00-05:00;2.0;0.0;5.8;-1;Clear;1
141106;4e13a7e818508ba9dc0fa5ee;2018-04-27 23:23:00-04:00;11.4;0.0;0.9;-1;Overcast;3
141106;4eb90d85722e09311d356915;2018-04-20 19:37:00-04:00;6.9;0.0;19.2;-1;Clear;2
141106;4ef2573d0aaf88e561e58f26;2018-04-06 21:01:00-04:00;13.7;0.0;8.0;-1;Overcast;1
141106;505085a9e4b0694f641fc735;2018-03-18 02:49:00-04:00;2.0;0.0;10.7;-1;Clear;1
141106;519393ce498edf62feac9c12;2018-06-24 02:17:00-04:00;18.9;0.0;1.7;-1;Overcast;1
141106;5198dfb02fc6fc86d451ef2e;2018-06-19 18:35:00-04:00;29.8;0.0;14.7;-1;Clear;2
141106;5335d89c498e08aa36a628ac;2018-04-23 15:23:00-04:00;17.6;0.0;10.7;-1;Clear;1
141106;540d97b5498e05abd30fd5ca;2018-05-04 16:18:00-04:00;27.7;0.0;22.8;-1;Partially cloudy;2
141106;541c3ff4498e78ca085f308d;2018-06-09 03:22:00-04:00;22.3;0.0;10.3;-1;Clear;8
141106;564a86c8498ea245a802f0d1;2018-04-29 00:29:00-04:00;12.1;0.3;6.1;rain;Rain, Overcast;1
141106;576c10c1498e346f21b0e751;2018-04-13 18:28:00-04:00;25.3;0.0;13.4;-1;Partially cloudy;2
141106;5787b68e498efcabbebba4f8;2017-12-31 20:03:00-05:00;-11.0;0.0;20.0;-1;Clear;1
141106;580a863238fa69ffeefb49cf;2018-02-19 14:46:00-05:00;8.8;0.0;7.1;-1;Overcast;1
141106;58b2ede819b1ad549368bb0d;2018-03-17 15:32:00-04:00;8.6;0.0;21.5;-1;Partially cloudy;1
141106;58fa33cea9fe1259485f3c9d;2018-05-05 16:59:00-04:00;21.9;0.0;14.5;-1;Partially cloudy;1
141106;5921a6cd5d0fea5ae1a284dd;2017-12-29 22:37:00-05:00;-7.9;0.0;13.1;-1;Clear;1
141184;4e0cb1c918509581f763fea2;2017-11-18 14:55:00-05:00;10.4;0.028;11.9;rain;Rain, Partially cloudy;1
141184;56d8c0f8498edb854f926e6a;2017-11-19 15:17:00-05:00;9.1;0.0;28.5;-1;Partially cloudy;1
141359;4b6b5abff964a520fb022ce3;2018-05-05 15:45:00-04:00;23.8;0.0;6.4;-1;Partially cloudy;1
141444;5a0f6c9fb04056129d570bce;2017-12-23 03:44:00-05:00;4.0;0.0;10.3;-1;Overcast;1
141729;4abe7f9ef964a520068e20e3;2017-11-17 19:25:00-05:00;6.3;0.0;16.3;-1;Clear;1
141809;582543c1b39f9613c18d8e2f;2017-11-12 02:59:00-05:00;0.7;0.0;2.6;-1;Partially cloudy;1
141809;59f38be7175562651c451266;2017-11-11 20:58:00-05:00;1.2;0.0;6.8;-1;Partially cloudy;1
141997;4b6b5abff964a520fb022ce3;2017-12-27 16:57:00-05:00;-4.9;0.0;17.9;-1;Clear;1
142203;42daf100f964a52035261fe3;2017-12-03 20:04:00-05:00;7.6;0.0;6.9;-1;Partially cloudy;1
142505;4b6b5abff964a520fb022ce3;2018-08-03 21:16:00-04:00;25.9;0.0;8.7;-1;Partially cloudy;1
142720;3fd66200f964a520daf11ee3;2018-08-18 21:28:00-04:00;23.6;0.067;6.9;rain;Rain, Overcast;1
142720;4165d880f964a5207e1d1fe3;2018-08-18 17:05:00-04:00;29.6;0.0;23.1;-1;Partially cloudy;1
142720;42daf100f964a52035261fe3;2018-08-18 17:40:00-04:00;27.3;0.0;23.4;-1;Overcast;1
142720;587ffcc3ea29b80cdce3468d;2018-08-18 18:37:00-04:00;24.7;0.16;13.9;rain;Rain, Partially cloudy;1
142771;52ac8847498e1390ec3ab77e;2017-10-07 15:14:00-04:00;25.7;0.0;15.4;-1;Partially cloudy;1
142820;5941c0abf193c012d47fc4e8;2018-04-18 22:07:00-04:00;10.1;0.0;9.2;-1;Clear;1
142976;4bc24023461576b056237d32;2018-05-06 19:32:00-04:00;15.0;0.0;7.9;-1;Overcast;1
142976;4c374bf80a71c9b6f2893ec9;2018-05-06 20:48:00-04:00;14.4;0.0;5.2;-1;Partially cloudy;1
143269;3fd66200f964a52070e91ee3;2018-03-20 14:11:00-04:00;1.8;0.0;20.9;-1;Overcast;1
143269;4555bea7f964a520253d1fe3;2018-06-14 19:14:00-04:00;27.5;0.0;21.3;-1;Clear;1
143269;49bc3b0af964a52020541fe3;2018-03-20 15:52:00-04:00;3.2;0.0;20.1;-1;Overcast;1
143269;4a2f3322f964a520b6981fe3;2018-07-06 16:33:00-04:00;26.7;0.0;13.8;-1;Partially cloudy;3
143269;4a6e331af964a52031d41fe3;2018-07-26 20:30:00-04:00;28.3;0.0;5.8;-1;Partially cloudy;2
143269;4c374bf80a71c9b6f2893ec9;2018-08-07 20:14:00-04:00;25.0;0.708;2.8;rain;Rain, Overcast;1
143269;53d3f607498edfb90a15baf5;2018-03-13 16:55:00-04:00;4.4;0.0;27.5;-1;Partially cloudy;1
143269;541a2341498e51ce1037963a;2018-09-28 17:33:00-04:00;17.6;0.0;6.9;-1;Overcast;1
143269;54295f79498e5383362811c5;2018-09-10 15:13:00-04:00;16.5;0.612;17.9;rain;Rain, Overcast;1
143269;549dabec498eb47afce47921;2018-05-09 19:36:00-04:00;17.4;0.0;8.0;-1;Partially cloudy;1
143269;560d1028498eee2df9f982f0;2018-10-04 21:04:00-04:00;23.4;0.0;0.9;-1;Overcast;1
143590;4b240a1ff964a520b25f24e3;2018-05-11 22:43:00-04:00;18.9;0.0;9.6;-1;Overcast;1
143832;580820a638fae571fa62c326;2018-04-21 16:05:00-04:00;16.4;0.0;16.7;-1;Partially cloudy;1
143854;4a0c627df964a52028751fe3;2018-06-23 01:49:00-04:00;17.5;0.0;12.7;-1;Overcast;1
143898;515abd65e4b08eda86b30e6e;2017-12-30 21:12:00-05:00;-5.7;0.0;13.4;snow;Partially cloudy;1
143938;4a1013b6f964a5208d761fe3;2018-05-05 16:56:00-04:00;21.9;0.0;14.5;-1;Partially cloudy;1
143938;4a73515ef964a5201edc1fe3;2018-05-05 17:36:00-04:00;21.0;0.0;13.1;-1;Partially cloudy;1
143938;4a8b0693f964a520350b20e3;2018-05-03 00:30:00-04:00;25.7;0.0;11.3;-1;Clear;1
143938;4e5fbb62d164df36c401d705;2017-11-08 16:29:00-05:00;9.0;0.0;4.7;-1;Overcast;1
143938;54f9d808498eaa73550d399c;2017-11-08 18:21:00-05:00;8.7;0.0;8.0;-1;Overcast;1
144051;49f220a3f964a520ee691fe3;2017-12-25 20:33:00-05:00;-1.6;0.0;22.4;-1;Clear;1
144051;501d3c31e4b0c3028609cc2b;2018-09-02 17:32:00-04:00;26.0;0.0;14.5;-1;Partially cloudy;1
144219;4a93fc49f964a520192020e3;2017-11-26 19:02:00-05:00;5.8;0.0;10.2;-1;Clear;1
144219;4c35de72452620a1ba5d270f;2017-11-26 17:04:00-05:00;7.0;0.0;15.7;-1;Partially cloudy;1
144247;3fd66200f964a52053eb1ee3;2018-06-22 02:26:00-04:00;21.3;0.0;9.1;-1;Partially cloudy;1
144247;53a5f4f0498e1d1f0be9ad8e;2018-02-09 21:20:00-05:00;2.3;0.0;11.4;-1;Overcast;1
144247;5521c2ff498ebe2368634187;2018-02-01 02:05:00-05:00;0.8;0.0;5.9;-1;Partially cloudy;1
144298;3fd66200f964a520d4e61ee3;2017-12-01 02:26:00-05:00;9.6;0.0;7.3;-1;Overcast;1
144298;4a6dea38f964a52052d31fe3;2018-01-19 18:55:00-05:00;3.1;0.0;11.7;-1;Partially cloudy;1
144298;4bb4accd613fb713640494e6;2018-04-18 15:02:00-04:00;11.1;0.0;12.6;-1;Partially cloudy;1
144298;4bc86f7a2f94d13a418d137f;2018-01-19 16:45:00-05:00;3.0;0.0;11.6;-1;Partially cloudy;1
144377;3fd66200f964a520fbe31ee3;2018-03-31 15:41:00-04:00;12.7;0.0;22.3;-1;Clear;1
144419;4a6fa0abf964a520a4d61fe3;2017-10-28 16:05:00-04:00;19.1;0.0;18.4;-1;Partially cloudy;1
144419;4eb90d85722e09311d356915;2017-10-28 16:37:00-04:00;18.6;0.0;15.4;-1;Partially cloudy;1
144483;4ec4407382313b672fccf581;2018-05-17 01:15:00-04:00;13.3;0.092;8.1;rain;Rain, Overcast;1
144483;521cad4011d2a9c6e2c198ae;2018-05-16 23:55:00-04:00;13.6;0.023;4.8;rain;Rain, Overcast;1
144728;4bcf9774a8b3a5939497625f;2018-02-17 16:41:00-05:00;3.0;0.0;11.7;rain;Overcast;1
144728;585488d35804ea5d622e2bec;2018-02-17 16:00:00-05:00;2.5;0.0;12.5;rain;Overcast;1
144728;58c1e8590e0a1e57d87192ba;2017-10-21 15:16:00-04:00;25.9;0.0;7.4;-1;Partially cloudy;1
144888;4eb13d68e5e8c0f5bd2fd983;2018-09-20 15:45:00-04:00;21.8;0.0;7.2;-1;Partially cloudy;1
145050;5a216eb632b61d1112506754;2018-07-24 14:08:00-04:00;27.8;0.0;20.9;-1;Partially cloudy;1
145070;4a6fa0abf964a520a4d61fe3;2017-10-24 20:36:00-04:00;19.8;0.18;8.3;rain;Rain, Overcast;1
145070;4c374bf80a71c9b6f2893ec9;2017-10-22 14:31:00-04:00;23.7;0.0;10.3;-1;Partially cloudy;1
145070;4eb13d68e5e8c0f5bd2fd983;2017-10-22 14:33:00-04:00;23.7;0.0;10.3;-1;Partially cloudy;1
145070;50002274e4b0deb8db4eea3b;2017-10-24 17:46:00-04:00;20.3;0.0;20.8;-1;Overcast;1
145070;509fd01de4b070da0a9d3c24;2017-10-24 18:58:00-04:00;20.3;0.0;18.0;-1;Overcast;1
145070;58e298e1528930451a13c08d;2017-10-24 19:29:00-04:00;20.3;0.0;18.0;-1;Overcast;1
145131;3fd66200f964a52070e91ee3;2017-11-05 19:14:00-05:00;15.8;0.0;3.6;-1;Overcast;1
145205;4165d880f964a5207e1d1fe3;2017-12-06 17:41:00-05:00;5.9;0.0;12.3;-1;Partially cloudy;1
145239;4cd84a313ec4b1f763cdbd3f;2018-08-17 00:42:00-04:00;28.1;0.0;8.9;-1;Clear;1
145239;5332cf73498e629c35c73d15;2018-08-26 18:29:00-04:00;27.4;0.0;15.3;-1;Overcast;1
145304;42daf100f964a52035261fe3;2018-02-09 13:59:00-05:00;1.1;0.0;10.9;-1;Overcast;1
145304;4a675deef964a52045c91fe3;2018-02-11 19:21:00-05:00;13.2;0.0;3.3;-1;Overcast;1
145304;4c35de72452620a1ba5d270f;2018-02-09 15:09:00-05:00;1.0;0.0;5.7;-1;Overcast;1
145309;57bc4e34498ebd714e7b8c95;2017-10-07 22:19:00-04:00;22.4;0.0;11.3;-1;Partially cloudy;1
145445;49b87b8cf964a52044531fe3;2018-08-28 23:37:00-04:00;30.0;0.0;12.0;-1;Clear;1
145489;3fd66200f964a52067e61ee3;2017-12-13 19:01:00-05:00;-2.1;0.0;20.1;snow;Partially cloudy;1
145489;515abd65e4b08eda86b30e6e;2017-12-13 22:42:00-05:00;-2.5;0.0;12.4;snow;Overcast;1
145633;4d03ae3437036dcbfba10bfb;2018-07-05 16:03:00-04:00;30.4;0.0;15.3;-1;Clear;1
145633;5355a5ca498e506aae75edb7;2018-07-03 19:14:00-04:00;26.7;0.252;9.6;rain;Rain, Partially cloudy;1
145633;56c662a3cd1016b386a94236;2018-07-03 17:58:00-04:00;26.8;0.048;4.1;rain;Rain, Partially cloudy;1
145633;59287ec99cadd905284e4052;2018-07-04 22:53:00-04:00;26.3;0.0;4.5;-1;Overcast;1
145699;3fd66200f964a52006e61ee3;2018-07-31 01:56:00-04:00;21.3;0.0;1.2;-1;Clear;7
145731;4cf021c094feb1f703420fba;2018-05-12 15:34:00-04:00;14.8;0.0;11.6;-1;Overcast;1
145731;51b77ea1454a57610205b352;2018-05-13 16:47:00-04:00;12.0;0.0;5.1;-1;Overcast;1
145731;55103583498eed2d409b549a;2017-10-20 18:35:00-04:00;20.6;0.0;10.3;-1;Clear;1
145813;4ab27744f964a520486b20e3;2018-08-25 18:20:00-04:00;24.4;0.0;5.7;-1;Partially cloudy;1
145813;51abad1c7dd28f673d21bbf4;2018-01-18 02:07:00-05:00;-6.2;0.0;13.7;snow;Clear;1
145813;57218ba5498eb662eaa1e121;2018-01-18 03:43:00-05:00;-6.9;0.0;17.0;snow;Clear;1
145835;45719c4bf964a520693e1fe3;2017-12-27 18:48:00-05:00;-6.0;0.0;17.5;-1;Clear;1
145835;4a734456f964a520f8db1fe3;2017-12-27 18:24:00-05:00;-5.5;0.0;14.5;-1;Clear;1
145891;561b24e5498ec9037e2ed048;2018-03-16 19:33:00-04:00;1.4;0.0;25.1;-1;Clear;1
145891;5912316a8c35dc34cc66ad53;2018-03-16 19:43:00-04:00;1.4;0.0;25.1;-1;Clear;1
145949;51fd65922fc6e0f97bffb0b7;2018-03-19 20:25:00-04:00;5.8;0.0;9.6;-1;Partially cloudy;1
146056;50bcb93ae4b0efcb4c84d434;2017-11-04 05:38:00-04:00;8.7;0.0;12.0;-1;Partially cloudy;1
146056;57ab90ca498e7d61e13a6985;2017-11-04 02:12:00-04:00;10.3;0.0;18.9;-1;Partially cloudy;1
146113;551c38fb498e667476a42e53;2018-07-28 21:43:00-04:00;27.1;0.0;9.0;-1;Clear;1
146113;56b536df498e79d32247a3d1;2018-07-28 22:39:00-04:00;26.3;0.0;14.0;-1;Clear;1
146214;4a79bc41f964a5207de71fe3;2017-10-21 16:33:00-04:00;23.0;0.0;10.4;-1;Partially cloudy;1
146214;4abe7f9ef964a520068e20e3;2017-10-14 16:28:00-04:00;21.9;0.0;1.2;-1;Overcast;1
146214;4eb90d85722e09311d356915;2017-10-21 18:37:00-04:00;19.6;0.0;4.5;-1;Partially cloudy;1
146214;50474d91e4b0ea030c26e87b;2017-10-21 15:12:00-04:00;25.9;0.0;7.4;-1;Partially cloudy;3
146214;57a240f1cd10ed172db51626;2017-10-14 15:16:00-04:00;21.8;0.0;2.4;-1;Overcast;1
146351;4b032755f964a5200f4d22e3;2017-10-07 22:52:00-04:00;22.3;0.0;11.9;-1;Partially cloudy;1
146695;3fd66200f964a52005e71ee3;2017-12-23 01:05:00-05:00;4.0;0.0;15.2;-1;Partially cloudy;1
146801;4a2d2073f964a52083971fe3;2018-07-28 17:20:00-04:00;29.5;0.0;6.2;-1;Partially cloudy;1
146875;4e5fbb62d164df36c401d705;2018-03-05 15:33:00-05:00;5.7;0.0;16.2;-1;Overcast;1
146875;580820a638fae571fa62c326;2018-03-17 18:00:00-04:00;8.6;0.0;19.9;-1;Partially cloudy;1
146950;3fd66200f964a520d8f11ee3;2018-01-27 22:00:00-05:00;12.1;0.0;12.4;-1;Partially cloudy;1
146950;4b40cf3df964a5206bbb25e3;2018-01-29 19:25:00-05:00;4.6;0.0;19.1;rain;Overcast;1
147034;4a53aa8ef964a52097b21fe3;2017-11-10 21:54:00-05:00;-3.0;0.0;24.4;-1;Clear;1
147034;4ac252f2f964a520ba9820e3;2017-11-10 22:05:00-05:00;-3.0;0.0;24.4;-1;Clear;1
147034;4bc24023461576b056237d32;2017-11-23 08:17:00-05:00;0.5;0.0;8.8;-1;Clear;1
147034;4c9d89017ada199cf0a493bc;2017-11-16 17:08:00-05:00;10.1;0.0;18.7;-1;Clear;1
147034;50524857e4b0bdd5e90ea0ee;2017-10-30 15:13:00-04:00;13.2;0.0;30.6;-1;Partially cloudy;1
147034;561a8cd8498ed81f4384d0aa;2017-10-30 21:40:00-04:00;11.7;0.0;17.0;-1;Clear;1
147034;572b805fcd10f33f0b8796d0;2017-11-16 15:45:00-05:00;11.3;0.0;21.1;-1;Clear;1
147198;52eddc12498e40bb655e0d7a;2017-11-25 00:31:00-05:00;5.8;0.0;7.7;-1;Clear;1
147198;54f9d808498eaa73550d399c;2017-11-25 01:31:00-05:00;6.3;0.0;9.1;-1;Clear;1
147229;4ae0f28af964a520f08321e3;2018-08-24 18:47:00-04:00;25.0;0.0;11.2;-1;Clear;1
147229;4b9580c5f964a52034a634e3;2018-08-24 19:18:00-04:00;25.0;0.0;11.2;-1;Clear;1
147391;4e70a36d922e8e01baadf45c;2018-08-24 19:30:00-04:00;25.0;0.0;11.2;-1;Clear;1
147478;4a607307f964a520c7c01fe3;2017-11-02 01:26:00-04:00;14.5;0.0;8.1;-1;Overcast;1
147478;5213c4ac498ef92164c454c9;2017-11-02 00:25:00-04:00;14.4;0.0;4.0;-1;Overcast;1
147484;5053d510e4b0719d67706d96;2017-11-19 01:58:00-05:00;14.3;0.023;10.4;rain;Rain, Partially cloudy;1
147605;4abe7f9ef964a520068e20e3;2018-02-18 20:08:00-05:00;4.0;0.0;7.8;-1;Partially cloudy;1
147605;515abd65e4b08eda86b30e6e;2018-02-18 20:13:00-05:00;4.0;0.0;7.8;-1;Partially cloudy;1
147677;59838f1f64c8e127502fe3ef;2018-08-26 17:53:00-04:00;27.4;0.0;15.3;-1;Overcast;1
147929;42893400f964a52054231fe3;2018-05-05 15:47:00-04:00;23.8;0.0;6.4;-1;Partially cloudy;1
147929;4c2ba1f857a9c9b67138f667;2018-05-05 15:52:00-04:00;23.8;0.0;6.4;-1;Partially cloudy;1
148285;596e8fbd6f706a4c51646b72;2017-10-21 19:02:00-04:00;19.6;0.0;4.5;-1;Partially cloudy;1
148371;49e7ce15f964a5201d651fe3;2017-10-07 22:08:00-04:00;22.4;0.0;11.3;-1;Partially cloudy;1
148371;4dda977ad22d38ef4332c419;2017-10-08 01:46:00-04:00;22.8;0.0;13.2;-1;Partially cloudy;1
148467;59d2c4ec1f8ed658b1f4fb03;2017-12-03 19:09:00-05:00;7.6;0.0;3.3;-1;Partially cloudy;1
148498;4a9e9f29f964a520a33a20e3;2018-10-08 17:29:00-04:00;18.5;0.0;9.5;-1;Overcast;1
148498;4d95125a2bd6f04dc2e51650;2018-10-08 19:21:00-04:00;18.2;0.0;4.6;-1;Overcast;1
148567;4bbb9dbded7776b0e1ad3e51;2018-01-24 00:52:00-05:00;6.7;0.0;18.3;-1;Clear;1
148567;5387d2e2498ee7f0fb1c5b41;2018-01-24 23:55:00-05:00;-2.6;0.0;20.6;-1;Clear;1
148567;5547ffe8498ec8a2c668a412;2018-01-25 00:58:00-05:00;-3.5;0.0;14.9;-1;Partially cloudy;1
148614;43db9775f964a520922e1fe3;2018-04-22 23:22:00-04:00;11.1;0.0;2.1;-1;Clear;1
148623;49ff62f9f964a52013701fe3;2018-03-30 21:42:00-04:00;8.8;0.0;21.1;-1;Partially cloudy;1
148623;4a6b17bff964a520fdcd1fe3;2017-12-14 23:34:00-05:00;-4.7;0.0;12.1;snow;Clear;1
148623;4a9ae833f964a520873320e3;2018-02-09 18:31:00-05:00;1.8;0.0;16.9;-1;Partially cloudy;1
148623;4b5e61a3f964a520418c29e3;2018-04-11 13:43:00-04:00;10.0;0.0;7.4;-1;Overcast;1
148623;4edec6e40e01ed773a8ddf4e;2018-06-29 20:34:00-04:00;29.0;0.0;3.9;-1;Partially cloudy;3
148623;5267e06c11d27abd07c21c48;2018-04-11 13:21:00-04:00;9.5;0.0;7.0;-1;Partially cloudy;1
148623;56560a58498ea43ab5ffb24d;2017-12-23 01:17:00-05:00;4.0;0.0;15.2;-1;Partially cloudy;2
148682;42893400f964a52054231fe3;2018-03-16 14:56:00-04:00;3.5;0.0;25.7;-1;Partially cloudy;1
148682;4bddccbe6198c9b67bb911ff;2018-03-16 16:39:00-04:00;3.2;0.0;26.0;-1;Partially cloudy;1
148682;515abd65e4b08eda86b30e6e;2018-03-17 00:38:00-04:00;-0.9;0.0;17.7;-1;Clear;1
148758;4a436c34f964a52085a61fe3;2017-11-21 02:31:00-05:00;6.0;0.0;17.4;-1;Clear;1
148758;52716bc711d23edce606567d;2017-11-24 12:19:00-05:00;8.5;0.0;3.4;-1;Clear;1
148882;4c374bf80a71c9b6f2893ec9;2017-11-25 23:18:00-05:00;11.4;0.0;13.2;-1;Partially cloudy;1
148952;3fd66200f964a520daf11ee3;2017-10-07 22:58:00-04:00;22.3;0.0;11.9;-1;Partially cloudy;1
148952;4c7d4f1b8da18cfa1afc9ece;2017-10-27 21:53:00-04:00;13.9;0.0;4.4;-1;Clear;1
148952;5949c4e7464d653372336860;2017-10-07 23:34:00-04:00;22.3;0.0;12.8;-1;Partially cloudy;1
148952;59d7799486f4cc7f7d35d325;2017-10-27 23:07:00-04:00;13.8;0.0;3.3;-1;Clear;1
148967;57acd43438fa6c46b588b82c;2017-11-18 17:35:00-05:00;8.8;0.931;3.3;rain;Rain, Overcast;1
149008;4b02c41cf964a520c14922e3;2017-11-11 23:06:00-05:00;1.0;0.0;2.4;-1;Partially cloudy;1
149019;42daf100f964a52035261fe3;2018-05-03 13:27:00-04:00;31.9;0.0;24.0;-1;Partially cloudy;1
149019;4a623aa1f964a5206fc31fe3;2018-05-05 15:59:00-04:00;23.8;0.0;6.4;-1;Partially cloudy;1
149019;515abd65e4b08eda86b30e6e;2018-05-04 00:15:00-04:00;23.3;0.0;2.6;-1;Partially cloudy;1
149019;5362a2ae498e3b18c22334be;2018-05-03 17:44:00-04:00;32.5;0.0;18.7;-1;Partially cloudy;1
149156;49b87b8cf964a52044531fe3;2017-12-23 23:55:00-05:00;5.0;0.0;19.6;-1;Partially cloudy;1
149215;3fd66200f964a520daf11ee3;2018-02-17 18:34:00-05:00;0.6;1.528;8.0;rain,snow;Snow, Rain, Overcast;1
149215;4eefd4506d86d722df8fd52e;2018-01-21 02:32:00-05:00;6.0;0.0;7.2;-1;Clear;1
149215;59e7bfa8356b4970aea1be3f;2018-03-10 21:00:00-05:00;3.4;0.0;15.2;-1;Partially cloudy;1
149499;3fd66200f964a520daf11ee3;2017-11-12 20:08:00-05:00;6.3;0.0;2.6;-1;Partially cloudy;1
149499;528bf16711d2b7722da6b51c;2017-11-12 20:35:00-05:00;6.2;0.0;4.8;-1;Partially cloudy;1
149499;57218ba5498eb662eaa1e121;2017-11-12 16:51:00-05:00;6.5;0.0;3.9;-1;Partially cloudy;1
149526;59318ce1c5b11c6c16c15d29;2018-05-11 19:44:00-04:00;20.2;0.0;9.2;-1;Partially cloudy;1
149584;431f7f00f964a52085271fe3;2018-02-09 21:40:00-05:00;3.1;0.0;11.7;-1;Partially cloudy;1
149584;579c12cd498e6e815b3acf50;2018-02-09 21:45:00-05:00;3.1;0.0;11.7;-1;Partially cloudy;1
149995;40f1d480f964a5205b0a1fe3;2018-01-15 01:39:00-05:00;-8.7;0.0;18.5;-1;Partially cloudy;1
149995;42e82000f964a52083261fe3;2018-01-15 03:44:00-05:00;-8.8;0.0;17.9;-1;Partially cloudy;1
150426;49f125dcf964a52091691fe3;2017-11-05 01:04:00-04:00;11.2;0.332;13.4;rain;Rain, Partially cloudy;1
150426;4c7d4f1b8da18cfa1afc9ece;2017-12-12 02:14:00-05:00;4.6;0.0;8.0;-1;Partially cloudy;1
150479;3fd66200f964a520bce81ee3;2018-09-16 20:42:00-04:00;23.5;0.0;10.7;-1;Partially cloudy;1
150479;42daf100f964a52035261fe3;2018-07-15 00:45:00-04:00;21.7;7.618;3.5;rain;Rain, Overcast;1
150479;5385a684498e2379f61a25a1;2018-02-17 00:53:00-05:00;1.3;0.0;18.2;-1;Clear;1
150479;5467ceec498e1b95c0575e73;2018-07-15 00:50:00-04:00;21.7;7.618;3.5;rain;Rain, Overcast;1
150479;5b945ef0f62e09002c90fcc0;2018-09-16 23:11:00-04:00;22.9;0.0;10.4;-1;Partially cloudy;1
150575;4be36e20660ec928a833cc3b;2017-10-13 21:37:00-04:00;17.3;0.0;8.3;-1;Partially cloudy;1
150575;552ea13c498e72c92c269721;2017-10-20 21:35:00-04:00;17.9;0.0;3.8;-1;Clear;1
150575;58a9fca84ca49b71b4b821da;2017-10-20 22:27:00-04:00;17.9;0.0;3.8;-1;Clear;1
150637;4ab27744f964a520486b20e3;2017-10-14 18:07:00-04:00;21.5;0.0;1.2;-1;Partially cloudy;1
150637;579c12cd498e6e815b3acf50;2017-11-17 18:43:00-05:00;6.3;0.0;16.3;-1;Clear;1
150709;4a4560a7f964a5201aa81fe3;2017-10-22 23:22:00-04:00;17.4;0.0;5.9;-1;Partially cloudy;1
150709;4be1aea140c0ef3b4f55bed6;2018-08-19 18:55:00-04:00;22.1;0.0;8.2;-1;Overcast;1
150773;52eddc12498e40bb655e0d7a;2018-04-01 00:48:00-04:00;7.4;0.0;13.2;-1;Partially cloudy;1
150862;40f1d480f964a5205b0a1fe3;2018-01-26 13:15:00-05:00;1.9;0.0;4.7;-1;Clear;1
150862;528d3763498e3be0efe0d555;2018-01-27 18:48:00-05:00;12.9;0.0;13.9;-1;Partially cloudy;1
150862;55387c1b498e4eca6482f4f5;2018-01-28 20:40:00-05:00;8.6;0.0;8.4;-1;Partially cloudy;1
150883;4a44cd95f964a5208fa71fe3;2018-01-18 21:07:00-05:00;-2.0;0.0;18.0;-1;Clear;1
150883;4e347175d1649e45e3c6e7a5;2018-01-18 21:25:00-05:00;-2.0;0.0;18.0;-1;Clear;1
151076;4ae8906ef964a52071b021e3;2018-04-19 18:49:00-04:00;7.5;0.0;23.3;-1;Overcast;1
151101;49b87b8cf964a52044531fe3;2018-03-23 00:19:00-04:00;4.6;0.0;22.0;-1;Partially cloudy;1
151101;4c0e5e03adcd9c745cb302f6;2017-10-16 20:35:00-04:00;11.5;0.0;13.8;-1;Clear;1
151101;507e0b2e011ca7f458d10d2f;2018-03-23 00:01:00-04:00;4.6;0.0;22.0;-1;Partially cloudy;1
151466;4a675deef964a52045c91fe3;2018-02-25 17:51:00-05:00;6.0;0.0;2.9;-1;Overcast;1
151466;4eb90d85722e09311d356915;2018-02-25 17:20:00-05:00;6.0;0.0;10.6;-1;Overcast;1
151634;4b6b5abff964a520fb022ce3;2018-03-03 19:12:00-05:00;6.1;0.0;27.9;-1;Overcast;1
151764;45ac12d6f964a5205d411fe3;2017-10-08 01:59:00-04:00;22.8;0.0;13.2;-1;Partially cloudy;1
151764;5387d2e2498ee7f0fb1c5b41;2017-10-08 05:31:00-04:00;23.2;0.0;14.6;-1;Overcast;1
151770;4a675deef964a52045c91fe3;2018-05-08 15:52:00-04:00;21.1;0.0;11.3;-1;Clear;1
152203;59f38be7175562651c451266;2017-12-03 20:51:00-05:00;7.1;0.0;6.9;-1;Partially cloudy;1
152229;42893400f964a52054231fe3;2018-08-12 18:01:00-04:00;27.3;0.0;13.9;-1;Partially cloudy;1
152229;4bab56aff964a5209ea13ae3;2018-08-12 17:48:00-04:00;27.3;0.0;13.9;-1;Partially cloudy;1
152308;5b2d49ad6f706a002c52d50b;2018-07-01 00:56:00-04:00;28.7;0.0;8.7;-1;Clear;1
152447;42893400f964a52054231fe3;2018-07-15 16:13:00-04:00;27.3;0.0;9.5;-1;Partially cloudy;1
152447;4a44cd95f964a5208fa71fe3;2018-07-15 17:52:00-04:00;28.7;0.0;11.0;-1;Partially cloudy;1
152447;4b6b5abff964a520fb022ce3;2018-07-14 21:18:00-04:00;29.6;0.0;12.5;-1;Partially cloudy;1
152447;4c35de72452620a1ba5d270f;2018-07-15 15:39:00-04:00;27.3;0.0;9.5;-1;Partially cloudy;1
152447;4eb90d85722e09311d356915;2018-07-14 21:37:00-04:00;29.3;0.0;11.3;-1;Clear;1
152769;4ad78220f964a520960b21e3;2018-07-29 21:36:00-04:00;26.0;0.0;7.2;-1;Clear;1
152769;58c2e736bf1a6d6b31fa57fa;2018-07-29 21:33:00-04:00;26.0;0.0;7.2;-1;Clear;1
152907;57c43c98498e2696b402a527;2017-10-23 19:17:00-04:00;20.9;0.0;21.3;-1;Partially cloudy;1
153648;4b6b5abff964a520fb022ce3;2018-09-14 20:10:00-04:00;22.6;0.0;9.7;-1;Overcast;1
154811;4abe7f9ef964a520068e20e3;2018-04-28 23:16:00-04:00;12.3;0.587;11.1;rain;Rain, Overcast;1
154811;4b40cf3df964a5206bbb25e3;2018-04-30 17:59:00-04:00;9.7;0.0;12.5;-1;Overcast;1
154811;559ecd00498e965ccd39ea9f;2018-04-28 20:28:00-04:00;15.3;0.041;22.6;rain;Rain, Overcast;1
154912;3fd66200f964a52094e61ee3;2018-05-14 00:51:00-04:00;11.7;0.048;1.2;rain;Rain, Overcast;1
154912;4b6b5abff964a520fb022ce3;2018-05-14 17:02:00-04:00;21.0;0.0;17.6;-1;Partially cloudy;1
156158;42893400f964a52054231fe3;2018-05-03 16:30:00-04:00;33.4;0.0;22.0;-1;Partially cloudy;1
156158;4eb90d85722e09311d356915;2018-05-03 16:03:00-04:00;33.4;0.0;22.0;-1;Partially cloudy;1
156729;4c374bf80a71c9b6f2893ec9;2017-11-01 23:12:00-04:00;13.6;0.0;8.0;-1;Overcast;1
156729;54e2ad46498ec569ea3cb416;2017-11-01 23:16:00-04:00;13.6;0.0;8.0;-1;Overcast;1
157999;3fd66200f964a520d8f11ee3;2018-09-17 22:31:00-04:00;24.1;0.0;14.3;-1;Overcast;1
157999;4b40cf3df964a5206bbb25e3;2018-09-15 11:54:00-04:00;25.4;0.0;9.4;-1;Partially cloudy;1
157999;4c374bf80a71c9b6f2893ec9;2018-09-18 21:14:00-04:00;22.1;0.0;4.2;-1;Clear;1
158164;42893400f964a52054231fe3;2018-03-05 19:15:00-05:00;4.0;0.0;14.8;-1;Clear;1
158432;4b6b5abff964a520fb022ce3;2017-10-16 21:29:00-04:00;11.5;0.0;13.8;-1;Clear;1
158435;42893400f964a52054231fe3;2018-09-10 13:22:00-04:00;16.9;0.735;14.8;rain;Rain, Overcast;1
158435;4baae71df964a520118d3ae3;2018-09-13 16:56:00-04:00;23.7;0.0;15.1;-1;Overcast;1
158435;4bddccbe6198c9b67bb911ff;2018-09-10 13:55:00-04:00;16.9;0.409;14.2;rain;Rain, Overcast;1
158435;4edd43af7bebc29455367992;2018-09-11 13:07:00-04:00;21.5;0.0;1.7;-1;Overcast;1
158943;42893400f964a52054231fe3;2018-05-22 18:22:00-04:00;14.0;0.252;4.3;rain;Rain, Overcast;1
158954;431f7f00f964a52085271fe3;2018-01-27 21:07:00-05:00;12.3;0.0;11.0;-1;Partially cloudy;1
158954;4b6b5abff964a520fb022ce3;2018-01-27 21:49:00-05:00;12.1;0.0;12.4;-1;Partially cloudy;1
159068;3fd66200f964a52095e61ee3;2018-10-18 02:38:00-04:00;7.5;0.0;28.8;-1;Clear;1
159068;4ce94baab5c35941b8a4698f;2018-10-18 01:06:00-04:00;8.5;0.0;22.0;-1;Partially cloudy;1
159068;55475382498e6e7dfc721036;2018-10-18 01:12:00-04:00;8.5;0.0;22.0;-1;Partially cloudy;1
159255;4eb90d85722e09311d356915;2018-02-11 02:23:00-05:00;8.2;1.0;4.7;rain;Rain, Overcast;1
161020;513f6223e4b0ddc812b16c87;2018-05-31 18:33:00-04:00;19.4;0.0;9.8;-1;Overcast;1
161101;549481f3498e855d5f51cb66;2018-09-09 13:51:00-04:00;15.5;1.309;12.5;rain;Rain, Overcast;1
161101;571a6c25498e64cbcc8b3b6c;2018-09-08 13:49:00-04:00;20.7;0.0;15.9;-1;Overcast;1
161200;4a59f31df964a52095b91fe3;2018-04-13 13:36:00-04:00;26.5;0.0;9.8;-1;Partially cloudy;1
161200;52eddc12498e40bb655e0d7a;2017-12-24 18:42:00-05:00;3.4;0.0;16.7;-1;Overcast;1
161271;42893400f964a52054231fe3;2018-07-10 20:59:00-04:00;30.8;0.0;9.1;-1;Partially cloudy;1
161271;42daf100f964a52035261fe3;2018-07-10 19:42:00-04:00;31.3;0.0;9.5;-1;Partially cloudy;1
161271;431f7f00f964a52085271fe3;2018-07-10 22:43:00-04:00;28.7;0.0;6.9;-1;Partially cloudy;1
161271;4c2caafb8ef52d7f823a33ba;2018-07-10 17:19:00-04:00;32.8;0.0;9.3;-1;Clear;1
161271;4ec4407382313b672fccf581;2018-07-11 01:00:00-04:00;27.5;0.0;6.8;-1;Partially cloudy;1
161271;521cad4011d2a9c6e2c198ae;2018-07-11 12:44:00-04:00;29.2;0.0;21.2;-1;Clear;1
161271;545c0436498e798e22ce4b2a;2018-07-11 22:57:00-04:00;23.6;0.0;2.9;-1;Overcast;1
161684;49e63a7ff964a52025641fe3;2018-02-12 17:29:00-05:00;6.8;0.0;17.5;-1;Partially cloudy;2
161684;52eddc12498e40bb655e0d7a;2017-12-17 17:45:00-05:00;2.1;0.0;5.8;-1;Partially cloudy;1
161709;4abe7f9ef964a520068e20e3;2018-02-03 15:06:00-05:00;-1.0;0.0;17.0;-1;Clear;1
161709;4b6b5abff964a520fb022ce3;2018-02-03 14:33:00-05:00;-1.0;0.0;17.0;-1;Clear;1
161906;4abe7f9ef964a520068e20e3;2018-05-03 17:42:00-04:00;32.5;0.0;18.7;-1;Partially cloudy;1
162237;515abd65e4b08eda86b30e6e;2017-10-10 21:10:00-04:00;23.7;0.0;4.3;-1;Clear;1
162617;4a24510af964a520107e1fe3;2017-10-23 02:13:00-04:00;16.5;0.0;0.0;-1;Partially cloudy;1
162617;4a6fa0abf964a520a4d61fe3;2017-10-24 21:21:00-04:00;19.8;0.18;8.3;rain;Rain, Overcast;1
162617;4eb13d68e5e8c0f5bd2fd983;2017-10-22 14:38:00-04:00;23.7;0.0;10.3;-1;Partially cloudy;1
162617;50002274e4b0deb8db4eea3b;2017-10-24 17:46:00-04:00;20.3;0.0;20.8;-1;Overcast;1
162617;509fd01de4b070da0a9d3c24;2017-10-24 18:59:00-04:00;20.3;0.0;18.0;-1;Overcast;1
162729;4aeb5fe4f964a52080c121e3;2018-04-21 20:48:00-04:00;14.0;0.0;11.3;-1;Partially cloudy;1
162946;4b40cf3df964a5206bbb25e3;2017-10-22 16:56:00-04:00;21.4;0.0;10.3;-1;Partially cloudy;1
163036;515abd65e4b08eda86b30e6e;2017-11-06 15:10:00-05:00;18.6;0.076;9.7;rain;Rain, Partially cloudy;1
163036;5787b68e498efcabbebba4f8;2017-11-06 21:43:00-05:00;10.1;0.0;12.6;-1;Partially cloudy;1
163059;4aaa4e0ef964a520ad5520e3;2018-02-28 17:28:00-05:00;15.4;0.0;12.1;-1;Partially cloudy;1
163059;515abd65e4b08eda86b30e6e;2018-02-28 15:28:00-05:00;15.8;0.0;12.9;-1;Clear;1
163206;49ff62f9f964a52013701fe3;2018-06-23 22:29:00-04:00;18.8;0.0;3.0;-1;Overcast;1
163206;4b7de017f964a52049d82fe3;2018-06-23 12:08:00-04:00;17.2;0.0;17.1;-1;Overcast;1
163206;4dda977ad22d38ef4332c419;2018-06-24 00:58:00-04:00;18.9;0.0;2.1;-1;Overcast;1
163206;4f5f423fe4b0949d4183d34a;2018-06-24 13:54:00-04:00;26.6;0.0;12.7;-1;Partially cloudy;1
163206;4fadc40de4b0efef5e702b95;2018-06-24 01:25:00-04:00;18.9;0.0;2.1;-1;Overcast;1
163336;5b5ca54722d490002c8d4de5;2018-09-30 20:52:00-04:00;18.3;0.0;9.5;-1;Clear;1
163372;3fd66200f964a52071e61ee3;2017-10-17 16:08:00-04:00;15.0;0.0;7.2;-1;Clear;1
163501;4165d880f964a5207e1d1fe3;2018-06-30 16:08:00-04:00;33.4;0.0;7.4;-1;Clear;1
163501;49f125dcf964a52091691fe3;2018-07-01 03:01:00-04:00;27.5;0.0;6.4;-1;Clear;1
163501;4a875b51f964a520110420e3;2018-07-01 22:05:00-04:00;31.5;0.0;11.3;-1;Clear;1
163501;4b0017f7f964a520bb3a22e3;2018-06-30 06:23:00-04:00;22.9;0.0;2.4;-1;Partially cloudy;1
163516;4cd84a313ec4b1f763cdbd3f;2018-06-13 20:11:00-04:00;26.0;0.0;13.9;-1;Partially cloudy;1
163594;53aa0ef4498eb1bef72a3812;2017-10-29 06:20:00-04:00;15.9;0.18;11.9;rain;Rain, Partially cloudy;1
163596;4165d880f964a5207e1d1fe3;2018-07-19 20:59:00-04:00;23.3;0.0;6.7;-1;Clear;1
163596;42daf100f964a52035261fe3;2018-07-19 20:54:00-04:00;23.3;0.0;6.7;-1;Clear;1
163677;4a676321f964a52051c91fe3;2017-10-31 18:44:00-04:00;11.6;0.0;9.7;-1;Clear;1
163700;3fd66200f964a520d5e31ee3;2017-12-09 23:23:00-05:00;-0.6;0.108;6.4;rain,snow;Snow, Rain, Partially cloudy;1
164033;57a240f1cd10ed172db51626;2018-02-05 18:55:00-05:00;-1.5;0.0;14.7;-1;Clear;1
164253;3fd66200f964a520e6e81ee3;2017-12-28 17:40:00-05:00;-8.2;0.0;20.2;-1;Clear;1
164253;507f06e9e4b0d2368fcbada4;2017-12-28 03:39:00-05:00;-9.2;0.0;15.2;-1;Clear;1
164324;431f7f00f964a52085271fe3;2017-12-02 18:55:00-05:00;7.9;0.0;7.0;-1;Partially cloudy;1
164324;4b6b5abff964a520fb022ce3;2017-12-02 19:12:00-05:00;7.9;0.0;7.0;-1;Partially cloudy;1
164324;4c374bf80a71c9b6f2893ec9;2017-12-02 22:34:00-05:00;6.8;0.0;3.4;-1;Partially cloudy;1
164384;4de3e3957d8b2547eb264fec;2017-11-10 09:45:00-05:00;2.9;0.0;28.7;-1;Partially cloudy;1
164460;515abd65e4b08eda86b30e6e;2017-12-29 20:56:00-05:00;-7.3;0.0;17.8;-1;Clear;1
164499;5984eeb39be522744003dee5;2018-04-30 17:23:00-04:00;10.0;0.0;21.9;-1;Overcast;1
164590;3fd66200f964a520b9e81ee3;2018-09-27 16:41:00-04:00;20.8;0.0;11.0;-1;Partially cloudy;1
164590;3fd66200f964a520daf11ee3;2018-09-27 17:50:00-04:00;20.5;0.0;9.1;-1;Overcast;1
164590;4c374bf80a71c9b6f2893ec9;2018-07-04 22:25:00-04:00;26.5;0.0;7.5;-1;Partially cloudy;1
164666;453b6411f964a520fa3b1fe3;2017-10-27 14:20:00-04:00;16.3;0.0;7.7;-1;Partially cloudy;1
164680;573e236f498ebf4b4d4391b6;2018-03-09 23:29:00-05:00;2.0;0.0;16.0;-1;Clear;1
164727;5591ef05498e888b3bbd3ce1;2018-02-17 03:35:00-05:00;-0.6;0.0;12.7;-1;Clear;1
164871;4555bea7f964a520253d1fe3;2018-05-22 21:03:00-04:00;14.0;0.0;3.3;-1;Overcast;1
164871;57bc4e34498ebd714e7b8c95;2018-05-19 17:55:00-04:00;13.3;0.0;7.8;-1;Overcast;1
164896;4ce70085e888f04dd660396b;2018-09-30 15:04:00-04:00;20.5;0.0;13.7;-1;Partially cloudy;6
164896;5400dc65498e3831aab00327;2018-07-29 02:00:00-04:00;24.1;0.0;11.2;-1;Clear;3
165160;507f06e9e4b0d2368fcbada4;2017-10-11 00:29:00-04:00;21.1;0.0;7.5;-1;Clear;1
165427;42893400f964a52054231fe3;2018-07-05 18:08:00-04:00;29.6;0.0;16.6;-1;Clear;1
165427;4a44cd95f964a5208fa71fe3;2018-07-05 19:23:00-04:00;28.8;0.0;14.0;-1;Clear;1
165439;3fd66200f964a520d1e41ee3;2017-11-21 15:43:00-05:00;13.5;0.0;13.8;-1;Partially cloudy;1
165439;4612961ff964a52037451fe3;2017-11-22 04:55:00-05:00;12.1;0.0;1.7;-1;Partially cloudy;1
165439;4abe7f9ef964a520068e20e3;2017-11-25 18:48:00-05:00;13.4;0.0;20.7;-1;Partially cloudy;1
165439;5787b68e498efcabbebba4f8;2017-11-21 22:43:00-05:00;11.7;0.0;11.4;-1;Partially cloudy;1
165451;4ad68c35f964a520c20721e3;2018-02-11 03:06:00-05:00;8.5;1.449;7.9;rain;Rain, Overcast;1
165451;59287ec99cadd905284e4052;2018-05-20 02:50:00-04:00;13.9;0.0;1.2;-1;Overcast;1
165451;593332f9123a1963f539daa0;2018-08-27 23:36:00-04:00;28.7;0.0;9.6;-1;Partially cloudy;1
165565;4aeb5fe4f964a52080c121e3;2017-11-17 03:55:00-05:00;6.0;0.0;19.6;-1;Overcast;1
165609;4b996536f964a520467835e3;2018-07-05 22:06:00-04:00;27.6;0.0;7.7;-1;Clear;1
165609;59bd506ce2d4aa3d68b99a88;2018-05-15 14:51:00-04:00;31.0;0.0;17.1;-1;Partially cloudy;1
165609;59d7c14a1cf2e14bac231fac;2018-05-21 20:52:00-04:00;19.0;0.0;5.4;-1;Partially cloudy;1
165675;5201a363498ed3d5217949ba;2018-06-28 16:35:00-04:00;25.0;0.246;15.6;rain;Rain, Partially cloudy;1
165675;528cce5611d26bb32c1a2e7a;2018-06-07 18:59:00-04:00;18.4;0.0;19.2;-1;Clear;1
165675;5327321d498e3b494482e5f5;2018-06-05 23:28:00-04:00;18.0;0.0;10.7;-1;Clear;1
165675;54295f79498e5383362811c5;2018-06-26 19:12:00-04:00;22.5;0.0;7.8;-1;Partially cloudy;3
165675;56ec6ff3498e35328568ff59;2018-06-27 23:19:00-04:00;21.1;0.405;10.5;rain;Rain, Overcast;1
165675;59dfe90ed69ed038f9316118;2018-06-08 17:58:00-04:00;26.3;0.0;7.1;-1;Overcast;1
165698;4bf8405f8d30d13ab8660018;2018-04-21 00:41:00-04:00;4.7;0.0;13.1;-1;Clear;1
165698;528cce5611d26bb32c1a2e7a;2018-04-20 19:20:00-04:00;7.6;0.0;20.3;-1;Clear;1
165698;57745985498ea83e7485bed1;2018-04-20 21:22:00-04:00;6.4;0.0;15.2;-1;Clear;1
165714;4b6b5abff964a520fb022ce3;2017-11-24 22:02:00-05:00;7.7;0.0;12.8;-1;Clear;1
165799;59f38be7175562651c451266;2017-11-10 01:13:00-05:00;10.3;0.233;14.4;rain;Rain, Partially cloudy;1
166038;5787b68e498efcabbebba4f8;2018-07-20 18:31:00-04:00;24.4;0.0;12.6;-1;Partially cloudy;1
166227;3fd66200f964a52037e31ee3;2017-12-23 08:50:00-05:00;4.2;0.946;12.8;rain;Rain, Overcast;1
166227;561b24e5498ec9037e2ed048;2017-11-24 19:49:00-05:00;8.3;0.0;9.8;-1;Clear;1
166227;59f38be7175562651c451266;2017-11-20 17:59:00-05:00;7.0;0.0;15.7;-1;Partially cloudy;1
166232;53f10ba4498e0ebf36960bbd;2017-10-26 16:18:00-04:00;14.0;0.0;14.5;-1;Partially cloudy;1
166249;42893400f964a52054231fe3;2018-03-10 18:32:00-05:00;3.7;0.0;17.4;-1;Overcast;1
166251;4165d880f964a5207e1d1fe3;2018-03-24 16:25:00-04:00;9.7;0.0;13.6;-1;Clear;1
166251;4eb90d85722e09311d356915;2018-03-22 15:58:00-04:00;9.2;0.0;13.9;-1;Partially cloudy;1
166251;57a240f1cd10ed172db51626;2018-03-22 16:28:00-04:00;9.2;0.0;13.9;-1;Partially cloudy;1
166286;55387c1b498e4eca6482f4f5;2018-07-19 21:24:00-04:00;23.3;0.0;6.7;-1;Clear;1
166393;4a79bc41f964a5207de71fe3;2017-10-27 00:20:00-04:00;10.1;0.0;13.1;-1;Clear;1
166393;4eb90d85722e09311d356915;2017-11-14 22:52:00-05:00;5.1;0.0;12.3;-1;Overcast;1
166393;5787b68e498efcabbebba4f8;2017-10-27 02:15:00-04:00;9.6;0.0;11.8;-1;Clear;1
166475;5521c2ff498ebe2368634187;2017-11-16 02:30:00-05:00;11.2;0.0;8.3;-1;Overcast;1
166676;4cc3738cb2beb1f742db164c;2018-08-28 18:46:00-04:00;33.5;0.0;16.1;-1;Clear;1
166676;4e4e4c83bd4101d0d7a725d5;2017-10-16 17:28:00-04:00;13.5;0.0;13.6;-1;Partially cloudy;1
166705;559ecd00498e965ccd39ea9f;2018-03-10 19:34:00-05:00;3.6;0.0;14.1;-1;Overcast;1
166721;4bfb149cbbb7c9282cb20743;2018-08-09 00:01:00-04:00;27.6;0.0;5.4;-1;Partially cloudy;1
166721;51df85c9498edb5ea3ad2e2a;2018-07-30 04:42:00-04:00;22.0;0.0;1.2;-1;Partially cloudy;1
167237;4a675deef964a52045c91fe3;2017-11-11 16:25:00-05:00;2.6;0.0;8.3;-1;Partially cloudy;1
167295;4a734456f964a520f8db1fe3;2017-12-22 21:48:00-05:00;5.4;0.0;15.4;-1;Partially cloudy;1
167295;4a807ab1f964a52067f51fe3;2017-12-29 18:17:00-05:00;-6.5;0.0;16.6;-1;Clear;1
167295;4a84eb0af964a520e1fd1fe3;2017-12-26 17:06:00-05:00;-2.8;0.0;19.8;-1;Clear;1
167295;4b6b5abff964a520fb022ce3;2017-12-22 23:26:00-05:00;4.9;0.0;9.6;-1;Overcast;1
167295;4eb90d85722e09311d356915;2017-12-22 23:13:00-05:00;4.9;0.0;9.6;-1;Overcast;1
167619;56d1c7e2cd105fe2c5c705b6;2018-01-11 17:24:00-05:00;8.8;0.0;6.3;-1;Overcast;1
168035;42893400f964a52054231fe3;2018-03-03 19:55:00-05:00;5.1;0.0;25.5;-1;Overcast;1
168035;4dda977ad22d38ef4332c419;2018-03-03 17:25:00-05:00;6.8;0.0;27.6;-1;Overcast;1
168035;4f392567be770642eaf79a85;2018-03-03 18:17:00-05:00;6.7;0.0;27.3;-1;Overcast;1
168071;5a26e786b23dfa653082badd;2017-12-13 18:34:00-05:00;-2.1;0.0;20.1;snow;Partially cloudy;1
168955;4b240a1ff964a520b25f24e3;2017-10-28 14:16:00-04:00;20.0;0.0;14.8;-1;Partially cloudy;1
168955;4bab56aff964a5209ea13ae3;2017-10-27 11:08:00-04:00;13.3;0.0;6.7;-1;Clear;1
170762;42893400f964a52054231fe3;2018-03-06 17:48:00-05:00;4.7;0.0;19.9;-1;Partially cloudy;1
170762;431f7f00f964a52085271fe3;2018-03-06 19:38:00-05:00;4.6;0.0;6.1;-1;Overcast;1
170762;49ff62f9f964a52013701fe3;2018-03-04 17:33:00-05:00;4.5;0.0;17.9;-1;Partially cloudy;1
170762;4c35de72452620a1ba5d270f;2018-03-06 15:21:00-05:00;7.2;0.0;14.9;-1;Clear;1
170789;4165d880f964a5207e1d1fe3;2017-11-18 19:52:00-05:00;9.8;0.147;12.8;rain;Rain, Overcast;1
170789;4afd9156f964a520a82822e3;2017-11-18 18:45:00-05:00;9.3;0.825;8.7;rain;Rain, Partially cloudy;1
170789;4b4cc07ef964a5204abd26e3;2017-11-18 19:33:00-05:00;9.8;0.147;12.8;rain;Rain, Overcast;1
170789;4b6b5abff964a520fb022ce3;2017-11-18 18:03:00-05:00;8.8;0.931;3.3;rain;Rain, Overcast;1
170882;5327321d498e3b494482e5f5;2018-08-30 15:28:00-04:00;30.2;0.0;9.9;-1;Partially cloudy;1
172085;42893400f964a52054231fe3;2017-11-15 18:12:00-05:00;9.2;0.0;13.3;-1;Partially cloudy;1
172085;431f7f00f964a52085271fe3;2017-11-15 19:38:00-05:00;9.0;0.0;16.2;-1;Overcast;1
172085;4a9bd43ef964a5204c3520e3;2017-11-15 20:03:00-05:00;9.0;0.0;16.2;-1;Overcast;1
172085;4b6b5abff964a520fb022ce3;2017-11-15 20:26:00-05:00;9.0;0.0;16.2;-1;Overcast;1
172179;4abe7f9ef964a520068e20e3;2018-10-11 20:39:00-04:00;21.4;1.148;3.0;rain;Rain, Overcast;1
172179;57a240f1cd10ed172db51626;2018-10-11 19:43:00-04:00;21.5;3.567;4.6;rain;Rain, Overcast;1
172831;4a47e9f5f964a52048aa1fe3;2018-08-05 13:18:00-04:00;32.3;0.0;9.7;-1;Clear;1
172831;4a58f59ef964a5204eb81fe3;2018-08-05 14:45:00-04:00;32.5;0.0;6.9;-1;Clear;1
172831;4a9aff11f964a520ef3320e3;2018-08-05 11:42:00-04:00;31.2;0.0;5.4;-1;Clear;1
172831;4aa57787f964a5207c4820e3;2018-08-05 13:47:00-04:00;32.5;0.0;9.4;-1;Clear;1
172831;4abe7f9ef964a520068e20e3;2018-08-05 12:20:00-04:00;31.2;0.0;5.4;-1;Clear;1
172831;4b40cf3df964a5206bbb25e3;2018-08-05 23:09:00-04:00;29.0;0.0;3.8;-1;Clear;1
172831;515abd65e4b08eda86b30e6e;2018-08-05 12:53:00-04:00;32.3;0.0;9.7;-1;Clear;1
172842;4aa44464f964a520234620e3;2018-03-09 04:55:00-05:00;-1.0;0.0;16.1;-1;Overcast;1
173309;4b996536f964a520467835e3;2018-03-31 23:28:00-04:00;8.3;0.0;14.4;-1;Partially cloudy;1
173603;3fd66200f964a52070e91ee3;2017-10-24 20:01:00-04:00;20.0;0.225;11.2;rain;Rain, Overcast;1
173603;4c374bf80a71c9b6f2893ec9;2017-10-21 17:09:00-04:00;23.0;0.0;10.4;-1;Partially cloudy;1
173603;4cfbe34afeec6dcb5f344936;2017-10-21 17:25:00-04:00;23.0;0.0;10.4;-1;Partially cloudy;1
173609;4dc58fcafa76d685cde41fc1;2017-10-10 00:26:00-04:00;24.6;0.0;18.4;-1;Partially cloudy;1
173742;4a5b5143f964a520fdba1fe3;2018-06-08 16:30:00-04:00;26.9;0.0;17.3;-1;Partially cloudy;1
173949;4b6b5abff964a520fb022ce3;2018-04-21 14:27:00-04:00;14.0;0.0;14.8;-1;Clear;1
174380;4b996536f964a520467835e3;2017-11-03 20:56:00-04:00;14.5;0.0;23.3;-1;Clear;1
174736;49f125dcf964a52091691fe3;2017-11-28 18:35:00-05:00;11.5;0.0;13.2;-1;Clear;1
174736;4abe7f9ef964a520068e20e3;2017-11-28 15:28:00-05:00;10.8;0.0;10.7;-1;Partially cloudy;1
174736;5984eeb39be522744003dee5;2017-11-28 15:19:00-05:00;10.8;0.0;10.7;-1;Partially cloudy;1
174948;4abe7f9ef964a520068e20e3;2017-11-03 00:03:00-04:00;17.7;0.0;7.3;-1;Partially cloudy;1
174948;58ac61da9c954845fab234b4;2017-11-02 23:23:00-04:00;18.1;0.0;6.8;-1;Partially cloudy;1
175065;515abd65e4b08eda86b30e6e;2017-11-21 22:17:00-05:00;11.0;0.0;8.1;-1;Partially cloudy;1
175323;431e2d80f964a52079271fe3;2017-11-06 18:00:00-05:00;16.1;0.0;15.0;-1;Partially cloudy;1
175323;4c374bf80a71c9b6f2893ec9;2017-11-06 14:28:00-05:00;18.9;0.0;9.3;-1;Partially cloudy;1
175471;4aea2b78f964a520edb921e3;2018-02-13 17:01:00-05:00;1.1;0.0;12.0;-1;Partially cloudy;2
175471;4d5848cfde8f6dcb3e240a91;2018-10-05 16:52:00-04:00;19.9;0.0;8.0;-1;Overcast;1
175471;4ddd27fe22713339cd2601e9;2018-10-10 18:21:00-04:00;23.7;0.0;5.5;-1;Clear;2
175471;509fd01de4b070da0a9d3c24;2017-12-03 00:52:00-05:00;6.1;0.0;4.5;-1;Partially cloudy;1
175471;51b07bbb498ef4badd279fe8;2018-07-16 10:41:00-04:00;30.1;0.0;6.0;-1;Clear;1
175497;3fd66200f964a52067e61ee3;2018-01-07 02:07:00-05:00;-14.1;0.0;21.7;-1;Clear;1
175497;42e82000f964a52083261fe3;2018-01-07 05:03:00-05:00;-14.7;0.0;13.9;-1;Clear;1
175497;4b6b5abff964a520fb022ce3;2018-01-06 22:25:00-05:00;-13.2;0.0;23.8;-1;Clear;1
175542;4ad78220f964a520960b21e3;2018-07-26 22:08:00-04:00;28.2;0.0;10.2;-1;Clear;1
175542;4b6b5abff964a520fb022ce3;2018-07-26 22:49:00-04:00;27.4;0.0;8.0;-1;Clear;1
175542;515abd65e4b08eda86b30e6e;2018-07-26 23:46:00-04:00;26.9;0.0;8.5;-1;Partially cloudy;1
175542;5984eeb39be522744003dee5;2018-07-26 22:42:00-04:00;27.4;0.0;8.0;-1;Clear;1
175577;4b6b5abff964a520fb022ce3;2018-01-09 20:21:00-05:00;2.9;0.0;13.6;-1;Clear;1
175586;4a8977f0f964a520130820e3;2018-08-02 16:50:00-04:00;30.2;0.0;10.5;-1;Partially cloudy;1
175654;3fd66200f964a52070e91ee3;2018-04-15 17:27:00-04:00;4.9;0.0;24.2;-1;Overcast;1
175654;509fd01de4b070da0a9d3c24;2018-04-15 21:46:00-04:00;3.5;1.544;25.0;rain;Rain, Overcast;1
175852;4fbbd9ede4b0756c0d4c2364;2018-01-07 13:50:00-05:00;-8.7;0.0;8.6;-1;Clear;1
176115;4b6b5abff964a520fb022ce3;2017-11-11 23:54:00-05:00;1.1;0.0;2.9;-1;Partially cloudy;1
176115;591a10bb0313205133bb1bc6;2018-05-06 19:37:00-04:00;15.0;0.0;7.9;-1;Overcast;1
176115;59a6087fe96d0c47fbbbda67;2018-01-22 01:56:00-05:00;6.5;0.0;5.8;-1;Overcast;1
176798;4a9320d2f964a520e31e20e3;2017-10-14 20:49:00-04:00;20.9;0.0;1.2;-1;Overcast;1
176798;4b40cf3df964a5206bbb25e3;2017-10-14 23:50:00-04:00;20.1;0.0;2.6;-1;Partially cloudy;1
176798;4c374bf80a71c9b6f2893ec9;2017-10-14 23:32:00-04:00;20.1;0.0;2.6;-1;Partially cloudy;1
176815;4eb13d68e5e8c0f5bd2fd983;2017-11-19 17:04:00-05:00;7.6;0.0;15.8;-1;Partially cloudy;1
176889;3fd66200f964a520b9ea1ee3;2018-03-06 23:01:00-05:00;4.4;0.0;24.4;-1;Overcast;1
176889;4abe7f9ef964a520068e20e3;2018-03-04 22:56:00-05:00;1.3;0.0;19.4;-1;Partially cloudy;1
176974;4b6b5abff964a520fb022ce3;2017-11-15 19:45:00-05:00;9.0;0.0;16.2;-1;Overcast;1
176974;566c9c87498ef09a2940e605;2017-11-15 19:02:00-05:00;9.1;0.0;9.1;-1;Overcast;1
178151;3fd66200f964a52071e61ee3;2018-05-08 20:49:00-04:00;15.1;0.0;3.0;-1;Clear;1
178151;53c5393c498eaaf9ec4b2caf;2018-05-08 14:00:00-04:00;21.6;0.0;14.8;-1;Clear;1
178345;4a0c627df964a52028751fe3;2017-10-18 22:40:00-04:00;17.5;0.0;12.6;-1;Clear;1
178345;4abe7f9ef964a520068e20e3;2017-10-17 20:45:00-04:00;12.4;0.0;8.5;-1;Clear;1
178700;4b6b5abff964a520fb022ce3;2018-03-13 15:37:00-04:00;4.6;0.0;24.7;-1;Overcast;1
178975;49e7ce15f964a5201d651fe3;2017-12-18 22:51:00-05:00;7.2;0.0;11.4;-1;Partially cloudy;1
178975;50bcb93ae4b0efcb4c84d434;2017-12-12 05:24:00-05:00;7.1;0.0;11.6;-1;Partially cloudy;1
179769;4a84eb0af964a520e1fd1fe3;2018-07-30 23:34:00-04:00;21.5;0.0;1.7;-1;Clear;1
179769;4a93fc49f964a520192020e3;2018-07-31 17:28:00-04:00;25.6;0.0;15.5;-1;Partially cloudy;1
179769;4b996536f964a520467835e3;2018-07-31 04:04:00-04:00;21.5;0.0;2.7;-1;Partially cloudy;1
179769;4bc24023461576b056237d32;2018-07-31 22:56:00-04:00;23.3;0.0;8.5;-1;Partially cloudy;1
179769;540d97b5498e05abd30fd5ca;2018-07-30 21:27:00-04:00;21.3;0.0;6.5;-1;Partially cloudy;1
179769;576c2212498e72c8c38f1ddd;2018-07-30 22:35:00-04:00;21.0;0.0;1.2;-1;Clear;1
180162;4b32abb5f964a520701125e3;2017-11-16 22:46:00-05:00;7.0;0.0;14.5;-1;Partially cloudy;1
180343;42893400f964a52054231fe3;2018-07-09 18:44:00-04:00;27.4;0.0;12.5;-1;Clear;1
180343;431f7f00f964a52085271fe3;2018-07-09 21:54:00-04:00;24.9;0.0;11.2;-1;Clear;1
180760;4a524983f964a5207fb11fe3;2017-10-10 17:18:00-04:00;26.6;0.0;9.6;-1;Clear;1
180927;4eb13d68e5e8c0f5bd2fd983;2018-08-09 14:32:00-04:00;29.9;0.0;7.9;-1;Partially cloudy;2
180927;59985efc6e465076273512cb;2017-11-18 17:42:00-05:00;8.8;0.931;3.3;rain;Rain, Overcast;1
181210;3fd66200f964a52037e31ee3;2017-10-20 00:48:00-04:00;16.9;0.0;13.4;-1;Partially cloudy;1
181210;4b6d9298f964a520607d2ce3;2017-10-30 03:34:00-04:00;14.2;0.103;12.4;rain;Rain, Partially cloudy;1
181210;4c374bf80a71c9b6f2893ec9;2017-12-14 23:08:00-05:00;-4.2;0.0;14.2;snow;Partially cloudy;1
181318;3fd66200f964a520d7e31ee3;2017-11-09 19:41:00-05:00;11.7;0.0;10.4;-1;Partially cloudy;1
181318;49f20602f964a520d4691fe3;2017-11-09 19:52:00-05:00;11.7;0.0;10.4;-1;Partially cloudy;1
181318;4eb13d68e5e8c0f5bd2fd983;2018-03-04 19:39:00-05:00;2.6;0.0;24.7;-1;Partially cloudy;1
181645;57e46dce498e1a900d0908f5;2017-10-26 22:30:00-04:00;11.3;0.0;14.9;-1;Clear;1
181650;56f1dac5498ee078791a2051;2018-05-12 16:30:00-04:00;14.8;0.0;11.6;-1;Overcast;1
181701;4c9d04d68afca0937fbdf215;2018-01-20 20:21:00-05:00;8.0;0.0;14.4;-1;Partially cloudy;1
181703;53aa0ef4498eb1bef72a3812;2017-12-15 00:30:00-05:00;-4.7;0.0;12.1;snow;Clear;1
181703;573e236f498ebf4b4d4391b6;2017-12-15 03:03:00-05:00;-6.0;0.0;10.2;snow;Partially cloudy;1
181733;4eb01d60722e4efd61c49664;2017-11-09 18:27:00-05:00;11.4;0.0;5.1;-1;Partially cloudy;2
181733;4ec125556da15b4ddf98cbd7;2017-11-06 16:05:00-05:00;18.2;0.108;14.0;rain;Rain, Partially cloudy;5
181733;52c5c3fd11d20b57f8ba9ef3;2017-10-23 17:08:00-04:00;21.7;0.0;13.1;-1;Partially cloudy;1
181733;553527eb498e43895e4c1805;2017-10-26 23:16:00-04:00;10.8;0.0;13.0;-1;Clear;1
181733;558ad9dd498e61efd5b0db6b;2017-11-07 18:46:00-05:00;5.1;3.817;10.3;rain;Rain, Partially cloudy;3
181733;558b5f4a498e19b85459deb7;2017-11-07 23:14:00-05:00;4.6;1.108;16.2;rain;Rain, Partially cloudy;1
181733;564cb952498e133963c04186;2017-11-08 18:36:00-05:00;8.5;0.0;9.1;-1;Partially cloudy;1
181733;577c4a4a498e2c214c8f57e1;2017-10-20 17:44:00-04:00;22.0;0.0;12.7;-1;Clear;1
181733;582472d6ef085e607efc254e;2017-11-06 23:17:00-05:00;9.0;0.0;13.9;-1;Clear;1
181752;49d14433f964a5206c5b1fe3;2018-07-18 16:35:00-04:00;28.2;0.0;12.8;-1;Partially cloudy;1
181752;4a6dea38f964a52052d31fe3;2018-07-18 13:00:00-04:00;28.3;0.0;28.5;-1;Partially cloudy;1
181752;4f22cc3fe4b0e1207fe7c676;2018-04-13 18:19:00-04:00;25.3;0.0;13.4;-1;Partially cloudy;2
181752;549481f3498e855d5f51cb66;2018-04-13 14:08:00-04:00;26.5;0.0;9.8;-1;Partially cloudy;1
181752;57f57f1b498e00421b141830;2018-04-24 22:13:00-04:00;13.4;0.0;12.8;-1;Overcast;1
181752;58d2a850debdf60c50251727;2018-04-24 14:41:00-04:00;17.3;0.0;14.2;-1;Partially cloudy;2
181752;591a10bb0313205133bb1bc6;2018-06-25 15:04:00-04:00;26.6;0.0;9.4;-1;Partially cloudy;1
181907;4ad35d08f964a520fae320e3;2017-11-20 23:08:00-05:00;5.8;0.0;13.2;-1;Clear;1
181907;4eb90d85722e09311d356915;2017-11-03 17:19:00-04:00;23.0;0.0;12.5;-1;Partially cloudy;1
181907;598c7e633b83073f81f4a4e6;2017-11-21 00:50:00-05:00;5.8;0.0;15.0;-1;Clear;1
181957;4b40cf3df964a5206bbb25e3;2018-02-20 02:36:00-05:00;9.9;0.0;10.0;-1;Overcast;1
181977;5991933ec0f1632f70b55347;2018-09-12 22:02:00-04:00;22.6;0.0;14.6;-1;Overcast;1
182075;3fd66200f964a52053eb1ee3;2018-09-19 10:55:00-04:00;25.4;0.0;11.8;-1;Partially cloudy;1
182075;4baa5aaef964a52038623ae3;2018-09-19 12:16:00-04:00;26.1;0.0;15.7;-1;Partially cloudy;1
182136;50bcb93ae4b0efcb4c84d434;2018-02-11 08:00:00-05:00;7.5;1.542;9.9;rain;Rain, Overcast;1
182136;57ab90ca498e7d61e13a6985;2018-02-11 05:08:00-05:00;7.6;0.934;0.0;rain;Rain, Overcast;1
182168;57c43c98498e2696b402a527;2017-10-21 18:09:00-04:00;21.5;0.0;4.5;-1;Partially cloudy;1
182317;42893400f964a52054231fe3;2018-06-22 17:20:00-04:00;22.3;0.0;7.9;-1;Partially cloudy;1
182598;48b831dcf964a520c2511fe3;2017-12-10 20:11:00-05:00;2.3;0.0;10.9;-1;Partially cloudy;1
183423;40f1d480f964a5205b0a1fe3;2018-07-28 15:16:00-04:00;29.0;0.0;3.8;-1;Partially cloudy;1
183458;4b40cf3df964a5206bbb25e3;2017-11-07 19:39:00-05:00;5.1;1.695;14.8;rain;Rain, Partially cloudy;1
183458;4ec01a1ef5b93923c1a62c6d;2017-11-02 20:41:00-04:00;19.1;0.0;5.7;-1;Partially cloudy;1
183458;515abd65e4b08eda86b30e6e;2017-11-02 18:31:00-04:00;19.6;0.0;9.8;-1;Partially cloudy;1
184814;5717e72a498e6db184adce6b;2018-10-12 16:17:00-04:00;16.1;0.0;10.9;-1;Clear;1
185807;5346f0eb498e55d223a6bad3;2017-10-11 15:01:00-04:00;23.5;0.0;14.6;-1;Partially cloudy;1
185844;4b520135f964a520aa6027e3;2018-04-30 23:50:00-04:00;9.4;0.0;6.8;-1;Partially cloudy;1
186952;5201a363498ed3d5217949ba;2018-07-12 14:57:00-04:00;28.0;0.0;2.1;-1;Partially cloudy;1
187039;3fd66200f964a52053eb1ee3;2017-11-16 17:20:00-05:00;10.1;0.0;18.7;-1;Clear;1
187039;43c2d364f964a5204b2d1fe3;2017-10-25 12:42:00-04:00;17.0;0.0;4.2;-1;Partially cloudy;1
187039;4f7502e4e4b001b08c0c882f;2017-12-15 00:02:00-05:00;-4.7;0.0;12.1;snow;Clear;1
187039;53206275498eaacdaca9b857;2017-11-16 13:07:00-05:00;13.0;0.0;20.3;-1;Partially cloudy;1
187039;5385a684498e2379f61a25a1;2017-11-16 17:39:00-05:00;10.0;0.0;23.7;-1;Clear;1
187198;4b996536f964a520467835e3;2017-10-13 21:23:00-04:00;17.3;0.0;9.1;-1;Partially cloudy;1
187221;4b996536f964a520467835e3;2017-12-21 01:57:00-05:00;1.2;0.0;18.4;-1;Clear;1
187274;4a01ee7bf964a52010711fe3;2017-10-11 21:27:00-04:00;19.2;0.0;10.5;-1;Overcast;1
187274;4d2a2787b818a35d5a08a58a;2018-01-18 18:53:00-05:00;-1.2;0.0;13.0;-1;Clear;1
187291;5bc5214dda5ede002c74b6bf;2018-10-19 00:42:00-04:00;6.6;0.0;11.9;-1;Clear;1
187334;566a0e2e498e3f66212c5d9f;2018-08-11 16:03:00-04:00;23.7;0.0;5.3;-1;Overcast;1
187334;5984eeb39be522744003dee5;2018-08-11 19:45:00-04:00;23.5;0.0;2.1;-1;Overcast;1
187351;4abe7f9ef964a520068e20e3;2017-10-19 21:56:00-04:00;17.9;0.0;6.2;-1;Clear;1
187361;5467ceec498e1b95c0575e73;2018-04-15 00:10:00-04:00;7.8;0.0;25.2;-1;Overcast;1
187379;4aa6e56af964a5205d4b20e3;2017-10-28 23:09:00-04:00;17.9;0.0;9.9;-1;Partially cloudy;1
187463;4b218b72f964a5209c3d24e3;2017-12-02 19:55:00-05:00;7.2;0.0;8.7;-1;Partially cloudy;1
187662;4c35de72452620a1ba5d270f;2018-07-17 15:26:00-04:00;22.1;19.595;32.3;rain;Rain, Overcast;1
187669;4ae0f28af964a520f08321e3;2018-08-08 00:40:00-04:00;25.7;0.0;9.0;-1;Partially cloudy;2
187669;555b7016498ef57fbcc739d2;2018-08-08 02:18:00-04:00;26.0;0.0;1.8;-1;Clear;2
187669;57218ba5498eb662eaa1e121;2018-06-23 01:46:00-04:00;17.5;0.0;12.7;-1;Overcast;1
187683;42893400f964a52054231fe3;2017-12-17 18:19:00-05:00;2.1;0.0;5.8;-1;Partially cloudy;1
187782;4eb90d85722e09311d356915;2018-09-02 21:16:00-04:00;24.8;0.0;4.8;-1;Partially cloudy;1
187892;4b19b79af964a520a9e223e3;2017-12-14 18:06:00-05:00;-2.5;0.0;16.3;snow;Clear;1
187892;5018507fe4b03a729d0b40f9;2018-02-25 01:50:00-05:00;6.2;0.0;16.3;-1;Overcast;1
188053;4eb90d85722e09311d356915;2018-05-24 19:37:00-04:00;24.2;0.0;10.0;-1;Clear;1
188119;4a8d57e7f964a5207c0f20e3;2018-01-14 11:57:00-05:00;-6.1;0.0;17.2;-1;Clear;1
188174;4a871eb2f964a520b20220e3;2018-07-10 01:04:00-04:00;23.1;0.0;9.7;-1;Clear;1
188174;5941c0abf193c012d47fc4e8;2018-07-09 21:59:00-04:00;24.9;0.0;11.2;-1;Clear;1
188221;59287470ee71203352bd1df8;2018-01-01 20:23:00-05:00;-8.2;0.0;14.7;-1;Clear;1
188427;4e2b03a07d8b7deda6cbdc62;2017-10-22 02:06:00-04:00;17.2;0.0;1.2;-1;Clear;1
188463;4bc24023461576b056237d32;2017-12-30 17:51:00-05:00;-5.6;0.0;17.7;snow;Clear;1
188551;4baae71df964a520118d3ae3;2018-06-30 20:22:00-04:00;32.0;0.0;11.3;-1;Clear;1
190062;53897edd498ef93b52f5194f;2017-10-24 19:03:00-04:00;20.3;0.0;18.0;-1;Overcast;1
190394;42e82000f964a52083261fe3;2018-06-23 05:08:00-04:00;17.6;0.0;11.0;-1;Overcast;1
190540;4b6b5abff964a520fb022ce3;2017-11-01 14:34:00-04:00;13.1;0.0;10.2;-1;Partially cloudy;1
190540;4eef77e96da153687cf5fc46;2017-11-02 17:33:00-04:00;20.6;0.0;12.1;-1;Clear;1
190540;5787b68e498efcabbebba4f8;2017-11-01 18:25:00-04:00;13.6;0.0;6.8;-1;Overcast;1
190590;5abd9cd7a35dce29f4a36347;2018-09-23 13:25:00-04:00;18.1;0.0;12.3;-1;Overcast;1
190620;5314b420e4b0d805d374ad76;2017-10-14 22:25:00-04:00;20.4;0.0;0.0;-1;Overcast;1
190818;4cc60b7a82388cfad0727935;2017-10-20 22:35:00-04:00;18.1;0.0;7.1;-1;Clear;1
191614;4b40cf3df964a5206bbb25e3;2017-10-28 17:56:00-04:00;18.1;0.0;14.1;-1;Partially cloudy;1
191875;4c374bf80a71c9b6f2893ec9;2018-10-06 19:08:00-04:00;18.6;0.0;4.4;-1;Overcast;1
192631;4b40cf3df964a5206bbb25e3;2018-03-31 00:29:00-04:00;7.4;0.0;17.4;-1;Clear;1
192631;5984eeb39be522744003dee5;2018-03-31 19:06:00-04:00;9.1;0.0;15.0;-1;Partially cloudy;1
192787;42893400f964a52054231fe3;2018-01-19 18:43:00-05:00;3.1;0.0;11.7;-1;Partially cloudy;1
192787;4aa44464f964a520234620e3;2018-01-19 22:01:00-05:00;3.7;0.0;12.7;-1;Clear;1
192787;4b6b5abff964a520fb022ce3;2018-01-19 19:43:00-05:00;3.4;0.0;12.3;-1;Clear;1
193158;4eb90d85722e09311d356915;2017-10-13 00:44:00-04:00;13.4;0.0;13.9;-1;Clear;1
193261;4fd94414e4b0a048957c686f;2018-02-09 00:15:00-05:00;-2.3;0.0;14.6;-1;Clear;1
193382;47111950f964a5209e4b1fe3;2018-04-15 00:56:00-04:00;7.0;0.0;18.1;-1;Overcast;1
193382;4d9235c97b5ea1430fbdacb8;2018-04-13 23:14:00-04:00;20.9;0.0;10.9;-1;Partially cloudy;1
193491;4a4c5d60f964a52031ad1fe3;2017-12-21 23:52:00-05:00;2.8;0.0;3.7;-1;Partially cloudy;1
193579;4a15a2e8f964a520a9781fe3;2018-07-19 21:12:00-04:00;23.3;0.0;6.7;-1;Clear;1
193688;4bb67651f562ef3bde333097;2018-08-04 23:07:00-04:00;27.1;0.0;4.9;-1;Partially cloudy;1
193688;539cb56e498eb12d43c89ff7;2017-10-30 16:33:00-04:00;13.0;0.0;19.3;-1;Clear;1
193904;4c374bf80a71c9b6f2893ec9;2018-07-29 21:05:00-04:00;26.4;0.0;3.9;-1;Partially cloudy;1
193904;4ec01a1ef5b93923c1a62c6d;2018-07-29 14:55:00-04:00;27.5;0.0;9.1;-1;Partially cloudy;1
193904;559ecd00498e965ccd39ea9f;2018-07-29 14:49:00-04:00;27.5;0.0;9.1;-1;Partially cloudy;1
193904;59b70eb2fd16bb50bdeccf29;2018-07-29 14:51:00-04:00;27.5;0.0;9.1;-1;Partially cloudy;1
195609;4165d880f964a5207e1d1fe3;2018-06-05 23:11:00-04:00;18.0;0.0;10.7;-1;Clear;1
195609;4b996536f964a520467835e3;2018-06-06 02:21:00-04:00;16.5;0.0;4.3;-1;Overcast;1
195638;4a607307f964a520c7c01fe3;2017-11-12 18:07:00-05:00;6.3;0.0;7.8;-1;Partially cloudy;1
195638;4b6b5abff964a520fb022ce3;2017-11-12 14:29:00-05:00;8.0;0.0;9.0;-1;Clear;1
195638;4f22ca77e4b0ed3396a83a05;2017-11-11 23:31:00-05:00;1.1;0.0;2.9;-1;Partially cloudy;1
195638;57bc4e34498ebd714e7b8c95;2017-11-12 15:05:00-05:00;7.6;0.0;12.1;-1;Clear;1
196653;4abe7f9ef964a520068e20e3;2018-04-08 21:56:00-04:00;3.4;0.0;18.1;-1;Clear;1
197468;4a6fa0abf964a520a4d61fe3;2017-11-06 15:38:00-05:00;18.2;0.108;14.0;rain;Rain, Partially cloudy;1
197468;4abe7f9ef964a520068e20e3;2017-11-06 15:09:00-05:00;18.6;0.076;9.7;rain;Rain, Partially cloudy;1
197798;52eddc12498e40bb655e0d7a;2018-07-22 00:01:00-04:00;19.9;3.566;13.6;rain;Rain, Overcast;1
198037;42893400f964a52054231fe3;2018-01-01 21:16:00-05:00;-8.3;0.0;11.6;-1;Clear;1
198037;4bc24023461576b056237d32;2018-01-01 18:38:00-05:00;-8.2;0.0;10.8;-1;Clear;1
198037;4ec01a1ef5b93923c1a62c6d;2017-12-30 21:34:00-05:00;-5.7;0.039;14.3;snow;Snow, Partially cloudy;1
198940;42893400f964a52054231fe3;2018-04-26 18:43:00-04:00;19.8;0.0;10.7;-1;Clear;1
198940;4aa44464f964a520234620e3;2018-04-26 22:42:00-04:00;16.5;0.0;6.6;-1;Clear;1
199099;3fd66200f964a52083e61ee3;2017-10-20 16:16:00-04:00;23.1;0.0;13.9;-1;Clear;1
199318;593332f9123a1963f539daa0;2018-05-13 01:44:00-04:00;11.2;0.0;4.1;-1;Overcast;1
199386;4b6b5abff964a520fb022ce3;2018-07-04 18:48:00-04:00;27.6;0.0;6.2;-1;Overcast;1
199561;4b23f44ff964a520b75d24e3;2018-09-22 00:12:00-04:00;22.3;0.0;21.3;-1;Overcast;1
199694;4a4f8656f964a52063af1fe3;2018-02-07 02:02:00-05:00;-1.1;0.0;14.9;-1;Clear;1
199727;4cd84a313ec4b1f763cdbd3f;2018-04-27 15:01:00-04:00;11.7;0.0;7.1;-1;Overcast;1
199727;4d9db7087f9e4eb9436ea1fc;2018-04-27 02:00:00-04:00;14.6;0.0;1.2;-1;Partially cloudy;1
199727;579c12cd498e6e815b3acf50;2018-04-27 14:56:00-04:00;11.7;0.0;7.1;-1;Overcast;1
199846;4abe5120f964a520a08c20e3;2018-01-27 17:38:00-05:00;12.7;0.0;18.4;-1;Partially cloudy;1
199846;580820a638fae571fa62c326;2017-12-29 00:45:00-05:00;-11.5;0.0;14.1;-1;Partially cloudy;1
199870;49b87b8cf964a52044531fe3;2018-07-29 01:38:00-04:00;24.1;0.0;11.2;-1;Clear;1
199870;4eefd4506d86d722df8fd52e;2018-07-29 02:39:00-04:00;23.7;0.0;7.9;-1;Partially cloudy;1
200100;57dedc27498e3c1378cdfaf8;2017-12-28 01:46:00-05:00;-8.7;0.0;13.6;-1;Clear;1
200277;49ee25b6f964a5202b681fe3;2018-02-15 01:10:00-05:00;8.4;0.277;11.4;rain;Rain, Overcast;1
200471;42daf100f964a52035261fe3;2018-03-02 14:14:00-05:00;2.7;1.82;31.0;rain;Rain, Overcast;1
200977;56c3c626cd106998d2b196d0;2018-04-20 19:32:00-04:00;6.9;0.0;19.2;-1;Clear;1
200985;3fd66200f964a52067e61ee3;2018-05-11 02:19:00-04:00;16.2;0.0;4.5;-1;Clear;1
200985;4b1b13ddf964a520bbf723e3;2017-12-22 00:32:00-05:00;2.1;0.0;9.2;-1;Partially cloudy;1
200985;4dda977ad22d38ef4332c419;2017-12-21 18:04:00-05:00;3.7;0.0;8.7;-1;Partially cloudy;1
200985;59985efc6e465076273512cb;2017-11-11 19:18:00-05:00;1.8;0.0;7.8;-1;Partially cloudy;1
201502;4a675deef964a52045c91fe3;2018-04-06 22:16:00-04:00;12.9;0.0;3.7;-1;Partially cloudy;1
201502;4b240a1ff964a520b25f24e3;2018-08-05 16:59:00-04:00;32.0;0.0;2.1;-1;Partially cloudy;1
201502;4dd969f1d22d38ef4318cc65;2018-08-05 19:31:00-04:00;30.1;0.0;6.1;-1;Partially cloudy;1
201502;53b45f66498e07c53b0e01fc;2018-08-05 19:26:00-04:00;31.2;0.0;6.0;-1;Partially cloudy;1
201502;55387c1b498e4eca6482f4f5;2018-04-06 21:17:00-04:00;13.7;0.0;8.0;-1;Overcast;1
201509;42893400f964a52054231fe3;2018-08-25 17:52:00-04:00;24.4;0.0;5.7;-1;Partially cloudy;1
201509;4bddccbe6198c9b67bb911ff;2018-08-25 19:24:00-04:00;23.9;0.0;9.4;-1;Partially cloudy;1
202008;509fd01de4b070da0a9d3c24;2018-10-08 00:01:00-04:00;22.8;0.0;6.8;-1;Partially cloudy;1
202515;4b60c708f964a520d0f829e3;2018-02-27 17:05:00-05:00;11.8;0.0;7.8;-1;Clear;1
202515;564f3c88498ec41abeceef06;2018-03-23 17:35:00-04:00;8.4;0.0;11.6;-1;Overcast;2
204267;587ffcc3ea29b80cdce3468d;2017-10-28 15:56:00-04:00;19.1;0.0;18.4;-1;Partially cloudy;1
204811;40f5c900f964a520a30a1fe3;2018-04-04 17:39:00-04:00;12.0;0.0;31.9;-1;Partially cloudy;1
205436;4fd130ffe4b06145df2472b9;2018-01-18 23:41:00-05:00;-3.2;0.0;11.3;-1;Clear;1
205527;49f125dcf964a52091691fe3;2018-04-05 18:36:00-04:00;6.3;0.0;22.2;-1;Partially cloudy;1
205527;4a15a2e8f964a520a9781fe3;2018-04-06 17:39:00-04:00;16.3;0.0;24.5;-1;Partially cloudy;1
205527;4a523834f964a52068b11fe3;2018-04-06 16:45:00-04:00;16.3;0.0;22.5;-1;Partially cloudy;1
205527;4a82eea3f964a52090f91fe3;2018-04-05 17:13:00-04:00;7.2;0.0;23.0;-1;Partially cloudy;1
205971;4abe7f9ef964a520068e20e3;2018-03-16 23:06:00-04:00;0.3;0.0;18.2;-1;Clear;1
206101;559ecd00498e965ccd39ea9f;2018-05-19 16:52:00-04:00;13.4;0.0;11.0;-1;Overcast;1
206103;4b996536f964a520467835e3;2017-11-18 20:08:00-05:00;9.8;0.147;12.8;rain;Rain, Overcast;1
206377;4c374bf80a71c9b6f2893ec9;2018-03-30 19:19:00-04:00;10.5;0.0;17.8;-1;Overcast;1
206500;4a8951caf964a520df0720e3;2018-07-09 20:10:00-04:00;26.6;0.0;12.8;-1;Clear;1
206500;4abb7c09f964a520d18320e3;2018-06-07 23:38:00-04:00;16.3;0.0;4.4;-1;Partially cloudy;1
206500;4bd99fa60115c9b6c6ec7780;2018-04-23 22:20:00-04:00;10.7;0.0;8.0;-1;Partially cloudy;1
206500;5154d79a19a9a639dd70f381;2018-05-22 17:51:00-04:00;14.0;0.252;4.3;rain;Rain, Overcast;1
206572;4165d880f964a5207e1d1fe3;2018-05-22 20:50:00-04:00;14.0;0.0;3.3;-1;Overcast;1
206572;540d97b5498e05abd30fd5ca;2018-05-22 18:59:00-04:00;14.0;0.0;3.2;-1;Overcast;1
206624;515abd65e4b08eda86b30e6e;2017-11-19 21:19:00-05:00;7.0;0.0;16.2;-1;Partially cloudy;1
206711;4b40cf3df964a5206bbb25e3;2018-09-28 21:22:00-04:00;16.2;0.0;1.8;-1;Clear;1
206772;4116be80f964a520fc0b1fe3;2018-03-17 15:07:00-04:00;8.7;0.0;23.7;-1;Partially cloudy;1
206772;4cccb964c9b8468815d4bec3;2018-07-22 17:28:00-04:00;25.1;0.0;14.0;-1;Overcast;1
206772;507f06e9e4b0d2368fcbada4;2018-03-17 18:01:00-04:00;8.6;0.0;19.9;-1;Partially cloudy;1
206965;4c7d4f1b8da18cfa1afc9ece;2017-12-12 02:14:00-05:00;4.6;0.0;8.0;-1;Partially cloudy;1
206994;4e95b4a34fc6e92e3c5a6ba7;2017-12-02 15:25:00-05:00;8.4;0.0;5.8;-1;Partially cloudy;1
206994;57acc558498e036ce8f2b0b4;2017-12-02 19:13:00-05:00;7.9;0.0;7.0;-1;Partially cloudy;1
207256;5018507fe4b03a729d0b40f9;2017-10-20 22:44:00-04:00;18.1;0.0;7.1;-1;Clear;1
207256;571abec5498e9a18b35e43d4;2017-10-21 02:45:00-04:00;15.0;0.0;3.9;-1;Clear;1
207313;4b214c87f964a520c73924e3;2018-04-17 14:06:00-04:00;7.7;0.0;17.5;-1;Overcast;1
207316;4ace467ef964a5208dcf20e3;2018-02-17 18:09:00-05:00;1.1;0.605;8.9;rain,snow;Snow, Rain, Overcast;1
207316;4b40cf3df964a5206bbb25e3;2018-02-17 20:21:00-05:00;0.6;2.456;4.1;rain,snow;Snow, Rain, Overcast;1
207635;40b52f80f964a5205a001fe3;2018-01-03 17:01:00-05:00;-2.1;0.0;10.7;snow;Partially cloudy;1
207635;42daf100f964a52035261fe3;2018-01-02 21:15:00-05:00;-6.6;0.0;17.2;-1;Clear;1
207761;457d9859f964a520293f1fe3;2018-05-28 17:21:00-04:00;20.6;0.0;7.7;-1;Overcast;1
207761;515abd65e4b08eda86b30e6e;2018-09-01 18:25:00-04:00;23.7;0.0;7.0;-1;Overcast;1
207761;5991933ec0f1632f70b55347;2017-10-27 00:24:00-04:00;10.1;0.0;13.1;-1;Clear;1
207822;59822ae4e97dfb6a1519825b;2018-02-18 18:11:00-05:00;5.8;0.0;10.2;-1;Partially cloudy;1
208212;4eefd4506d86d722df8fd52e;2017-12-09 00:31:00-05:00;2.0;0.0;4.7;-1;Overcast;1
208212;52d36856498e9256064e3fe3;2017-12-08 22:36:00-05:00;2.0;0.0;15.2;-1;Overcast;1
208289;45e98bacf964a52080431fe3;2018-01-26 19:47:00-05:00;1.5;0.0;12.8;-1;Clear;1
208414;45e5c256f964a52046431fe3;2017-10-27 22:56:00-04:00;13.8;0.0;3.3;-1;Clear;1
208414;49e559cff964a520c7631fe3;2017-10-28 05:47:00-04:00;12.6;0.0;4.5;-1;Clear;1
208458;54ab15df498ee7d7723bca15;2017-12-16 18:11:00-05:00;3.9;0.0;13.4;-1;Partially cloudy;1
208599;4b40cf3df964a5206bbb25e3;2018-08-26 19:58:00-04:00;28.1;0.0;8.9;-1;Overcast;1
208599;4b6b5abff964a520fb022ce3;2018-08-26 17:18:00-04:00;27.5;0.0;9.2;-1;Overcast;1
208599;4bc24023461576b056237d32;2018-08-26 19:12:00-04:00;28.1;0.0;10.6;-1;Overcast;1
209126;4db3374590a0843f295fb69b;2017-12-20 01:39:00-05:00;10.3;0.0;15.2;-1;Partially cloudy;1
209299;4b6b5abff964a520fb022ce3;2018-05-28 20:20:00-04:00;17.1;0.0;4.5;-1;Overcast;1
209400;515abd65e4b08eda86b30e6e;2018-07-22 14:19:00-04:00;26.4;0.0;11.0;-1;Overcast;1
209833;515abd65e4b08eda86b30e6e;2017-11-10 15:22:00-05:00;1.7;0.0;21.4;-1;Clear;1
209863;4a6b17bff964a520fdcd1fe3;2018-07-15 22:07:00-04:00;26.6;0.0;5.0;-1;Clear;1
210486;4abe7f9ef964a520068e20e3;2018-06-14 00:14:00-04:00;24.5;0.0;16.5;-1;Partially cloudy;2
210486;4eb90d85722e09311d356915;2018-06-14 00:04:00-04:00;24.5;0.0;16.5;-1;Partially cloudy;1
210486;559ecd00498e965ccd39ea9f;2018-06-13 23:46:00-04:00;24.5;0.0;16.5;-1;Partially cloudy;1
212006;431f7f00f964a52085271fe3;2017-12-09 19:52:00-05:00;-0.3;0.972;10.3;rain,snow;Snow, Rain, Partially cloudy;1
212006;4b6b5abff964a520fb022ce3;2017-12-10 18:18:00-05:00;2.9;0.0;15.6;-1;Partially cloudy;1
212006;4b829e60f964a52007db30e3;2017-12-12 16:09:00-05:00;6.8;0.0;14.3;-1;Partially cloudy;1
212006;4b996536f964a520467835e3;2017-12-10 03:10:00-05:00;-0.2;0.0;7.1;rain,snow;Partially cloudy;1
212006;4e1487251f6e33e7180b619d;2017-12-10 02:43:00-05:00;-0.2;0.0;7.1;rain,snow;Partially cloudy;1
212006;4f0f47650cd695a0e54cb438;2017-12-06 13:56:00-05:00;6.0;0.0;14.8;-1;Partially cloudy;1
212006;509fd01de4b070da0a9d3c24;2017-12-07 14:15:00-05:00;6.9;0.0;21.0;-1;Clear;1
212006;538f006c498e248f6fce912f;2017-12-10 15:19:00-05:00;4.0;0.0;28.8;-1;Partially cloudy;1
212006;554194a9498e08a6e9a7fde5;2017-12-05 19:20:00-05:00;14.4;0.156;11.1;rain;Rain, Partially cloudy;1
212006;55877ae9498ee57015ef8d23;2017-12-09 20:47:00-05:00;-0.3;0.449;5.3;rain,snow;Snow, Rain, Overcast;1
212006;57fe5fb9498e0dfb586bfe58;2017-12-08 14:02:00-05:00;3.5;0.0;8.3;-1;Partially cloudy;1
212006;587ffcc3ea29b80cdce3468d;2017-12-09 16:22:00-05:00;-0.5;1.465;11.4;rain,snow;Snow, Rain, Overcast;1
212802;4eb90d85722e09311d356915;2018-05-29 13:05:00-04:00;29.7;0.0;1.7;-1;Partially cloudy;1
212802;57745985498ea83e7485bed1;2018-08-29 23:04:00-04:00;30.9;0.0;12.8;-1;Clear;1
212817;519393ce498edf62feac9c12;2018-07-04 00:51:00-04:00;25.8;0.0;3.7;-1;Partially cloudy;1
212932;3fd66200f964a520b9ea1ee3;2017-10-15 17:32:00-04:00;21.4;0.0;21.3;-1;Overcast;1
212932;49e74532f964a52081641fe3;2017-10-15 19:17:00-04:00;21.3;0.0;14.8;-1;Overcast;1
213040;49b87b8cf964a52044531fe3;2018-05-08 02:03:00-04:00;13.0;0.0;1.7;-1;Clear;1
213040;4dc5d928b0fb5556ccfc69a1;2018-05-05 22:59:00-04:00;19.4;0.0;8.5;-1;Partially cloudy;1
213040;548bafcf498e0c4238d87fe8;2018-05-07 22:51:00-04:00;14.5;0.0;4.4;-1;Clear;1
213044;3fd66200f964a520bbe61ee3;2018-06-03 17:46:00-04:00;16.8;0.0;17.1;-1;Overcast;1
213044;5547ffe8498ec8a2c668a412;2018-06-03 20:33:00-04:00;14.1;0.0;14.5;-1;Overcast;1
213066;4b4fdfc8f964a520801827e3;2018-04-21 17:38:00-04:00;16.2;0.0;14.5;-1;Partially cloudy;1
213071;42893400f964a52054231fe3;2018-06-20 17:12:00-04:00;26.4;0.0;9.3;-1;Partially cloudy;1
213071;4a9ff5d9f964a520ba3d20e3;2018-06-20 20:09:00-04:00;24.5;0.0;3.7;-1;Overcast;1
213098;519393ce498edf62feac9c12;2018-10-14 22:03:00-04:00;12.5;0.0;8.6;-1;Partially cloudy;1
213288;4a436c34f964a52085a61fe3;2017-12-16 00:44:00-05:00;-4.8;0.0;10.4;snow;Clear;1
213288;4a4baaf8f964a52091ac1fe3;2018-06-17 21:26:00-04:00;26.4;0.0;4.3;-1;Partially cloudy;1
213288;5078413372da7d9d2e0d54ca;2018-06-18 00:10:00-04:00;24.3;0.0;21.0;-1;Clear;2
213288;57c43c98498e2696b402a527;2018-07-15 18:50:00-04:00;27.8;0.0;10.8;-1;Clear;1
213288;58c1f3e97a8f044c6ea8934b;2018-07-16 23:48:00-04:00;28.0;0.0;12.2;-1;Clear;1
213364;49d7aaf5f964a5204a5d1fe3;2018-05-06 17:46:00-04:00;16.2;0.0;14.6;-1;Overcast;1
213377;4f36418ee4b017ad79b8e8a2;2017-11-03 16:51:00-04:00;23.0;0.0;12.5;-1;Partially cloudy;1
213456;4ff701aae4b0b8fda9f6b38f;2018-05-30 21:14:00-04:00;16.1;0.0;8.7;-1;Overcast;1
213526;4b96bd72f964a5207ce134e3;2018-03-16 17:08:00-04:00;3.2;0.0;26.0;-1;Partially cloudy;1
213526;4d03ae3437036dcbfba10bfb;2018-03-16 16:14:00-04:00;3.1;0.0;31.3;-1;Partially cloudy;1
213526;522d1cad11d2add48247005a;2018-03-16 16:07:00-04:00;3.1;0.0;31.3;-1;Partially cloudy;1
213805;55242cee498ef7f875331242;2018-07-14 18:58:00-04:00;31.1;0.0;14.3;-1;Partially cloudy;1
214352;42893400f964a52054231fe3;2018-04-07 18:50:00-04:00;8.0;0.0;9.7;-1;Overcast;1
214352;42daf100f964a52035261fe3;2018-04-07 21:03:00-04:00;6.3;0.0;12.6;-1;Overcast;1
214352;4b466b09f964a520452026e3;2018-04-07 15:48:00-04:00;7.9;0.0;13.3;-1;Partially cloudy;1
214352;4bcf38f6aeedef3b2a6dc598;2018-04-09 16:14:00-04:00;8.8;0.0;9.5;-1;Partially cloudy;1
214352;4bf30b89706e20a196c7a798;2018-04-14 18:39:00-04:00;12.7;0.0;15.7;-1;Partially cloudy;1
214352;4c374bf80a71c9b6f2893ec9;2018-04-10 19:20:00-04:00;8.5;0.0;14.4;-1;Partially cloudy;1
214352;4db12e95a86e63d21166092b;2018-04-12 19:32:00-04:00;14.6;0.0;12.7;-1;Partially cloudy;1
214352;559ecd00498e965ccd39ea9f;2018-04-14 19:24:00-04:00;12.7;0.0;15.7;-1;Partially cloudy;1
214352;57b9dda3498e876beb013404;2018-04-14 20:24:00-04:00;12.2;0.0;16.9;-1;Overcast;1
215032;3fd66200f964a520dbe61ee3;2017-12-03 04:02:00-05:00;6.4;0.0;7.8;-1;Overcast;1
215032;57218ba5498eb662eaa1e121;2017-12-03 23:07:00-05:00;6.4;0.0;1.2;-1;Clear;1
215032;57583641498e90001a32e13e;2018-03-28 17:45:00-04:00;10.6;0.0;7.6;-1;Overcast;1
215032;579c12cd498e6e815b3acf50;2018-03-28 20:01:00-04:00;10.3;0.0;5.0;-1;Overcast;1
215427;3fd66200f964a52070e91ee3;2017-12-08 03:13:00-05:00;2.8;0.0;12.2;-1;Partially cloudy;1
215427;57e56690498e6a859d0fb62d;2017-10-16 18:45:00-04:00;13.1;0.0;20.4;-1;Partially cloudy;1
215456;4eb90d85722e09311d356915;2017-10-27 18:20:00-04:00;14.9;0.0;5.8;-1;Clear;1
215581;49dcd4b4f964a520ad5f1fe3;2018-04-12 19:18:00-04:00;13.5;0.0;12.7;-1;Partially cloudy;1
215599;4cf021c094feb1f703420fba;2018-01-29 12:21:00-05:00;6.1;0.0;23.8;rain;Partially cloudy;1
215759;42893400f964a52054231fe3;2018-08-14 17:15:00-04:00;23.6;7.69;6.2;rain;Rain, Partially cloudy;1
215759;4a8951caf964a520df0720e3;2018-08-14 19:23:00-04:00;22.6;0.0;11.5;-1;Partially cloudy;1
215759;4a9aff11f964a520ef3320e3;2018-08-14 18:24:00-04:00;23.7;0.252;8.7;rain;Rain, Partially cloudy;1
215759;4b40cf3df964a5206bbb25e3;2018-08-12 18:29:00-04:00;27.3;0.0;13.9;-1;Partially cloudy;1
215759;4b41442ef964a5205bc425e3;2018-08-12 19:47:00-04:00;25.7;0.0;8.8;-1;Partially cloudy;1
215898;40fc6080f964a520130b1fe3;2017-10-22 13:28:00-04:00;23.8;0.0;14.3;-1;Partially cloudy;2
215898;49f201def964a520cc691fe3;2017-10-19 16:26:00-04:00;21.7;0.0;11.6;-1;Clear;1
215898;4b23f44ff964a520b75d24e3;2017-10-23 23:20:00-04:00;20.8;0.0;24.1;-1;Partially cloudy;1
215958;42893400f964a52054231fe3;2018-02-15 15:13:00-05:00;13.8;0.0;5.7;-1;Partially cloudy;1
215958;4b6b5abff964a520fb022ce3;2018-02-17 21:33:00-05:00;0.6;2.812;5.9;rain,snow;Snow, Rain, Overcast;1
215958;4efd1635f790570bcf88cbfd;2018-02-18 01:12:00-05:00;0.6;0.297;6.2;rain,snow;Snow, Rain, Overcast;1
215958;515abd65e4b08eda86b30e6e;2018-02-18 00:13:00-05:00;0.6;1.224;7.0;rain,snow;Snow, Rain, Overcast;1
217332;4c98d854d799a1cd97b6b552;2018-08-12 17:25:00-04:00;28.0;0.0;9.7;-1;Partially cloudy;1
217332;509fd01de4b070da0a9d3c24;2018-07-15 21:24:00-04:00;27.0;0.0;8.1;-1;Clear;1
218924;542b4e59498e6ff85d98370b;2018-04-26 22:21:00-04:00;17.2;0.0;7.9;-1;Clear;1
218958;501d3c31e4b0c3028609cc2b;2018-09-17 22:13:00-04:00;24.1;0.0;16.6;-1;Overcast;1
218987;574f584a498ef745feb6d25a;2018-03-19 13:19:00-04:00;5.7;0.0;9.5;-1;Clear;1
219118;4b6b5abff964a520fb022ce3;2018-08-15 20:22:00-04:00;29.1;0.0;15.9;-1;Partially cloudy;1
219118;4c35de72452620a1ba5d270f;2018-08-15 16:05:00-04:00;30.4;0.0;15.9;-1;Partially cloudy;1
219180;501d3c31e4b0c3028609cc2b;2018-06-08 17:52:00-04:00;26.3;0.0;7.1;-1;Overcast;1
219512;59e7bfa8356b4970aea1be3f;2018-08-11 19:38:00-04:00;23.5;0.0;2.1;-1;Overcast;1
219964;4abe7f9ef964a520068e20e3;2018-08-17 21:31:00-04:00;25.3;0.778;23.5;rain;Rain, Overcast;1
219964;540d97b5498e05abd30fd5ca;2017-11-28 20:52:00-05:00;11.2;0.0;17.2;-1;Clear;1
219964;57b9dda3498e876beb013404;2017-11-30 23:16:00-05:00;10.6;0.048;7.8;rain;Rain, Partially cloudy;1
220783;4c374bf80a71c9b6f2893ec9;2018-05-12 20:12:00+03:00;12.5;0.88;10.1;rain;Rain, Overcast;1
221133;47f39422f964a5209b4e1fe3;2018-01-14 20:47:00-05:00;-7.9;0.0;20.2;-1;Clear;1
221344;4b829e60f964a52007db30e3;2018-05-27 20:01:00-04:00;14.7;0.0;17.2;-1;Overcast;1
221344;4d03ae3437036dcbfba10bfb;2018-05-27 19:15:00-04:00;14.8;0.0;18.7;-1;Overcast;1
221536;40f1d480f964a5205b0a1fe3;2017-10-28 16:51:00-04:00;18.6;0.0;15.4;-1;Partially cloudy;1
221708;3fd66200f964a520a0e61ee3;2017-10-29 20:48:00-04:00;17.9;6.435;17.8;rain;Rain, Overcast;1
221880;3fd66200f964a52071e61ee3;2018-06-01 22:29:00-04:00;22.8;0.0;2.4;-1;Partially cloudy;4
221880;42055e00f964a5206e1f1fe3;2018-07-20 23:38:00-04:00;21.8;0.0;7.8;-1;Partially cloudy;1
221880;43334580f964a52013281fe3;2018-05-25 22:45:00-04:00;26.0;0.0;17.3;-1;Clear;1
221880;4a149749f964a52055781fe3;2018-08-04 20:57:00-04:00;28.5;0.0;8.9;-1;Partially cloudy;1
221880;505325e1e4b07f9d620f7b22;2018-06-03 00:31:00-04:00;19.7;0.303;15.7;rain;Rain, Overcast;1
221880;5748d802498eccc4228c7fd1;2018-08-04 19:56:00-04:00;29.3;0.0;8.8;-1;Clear;1
221896;4bf30b89706e20a196c7a798;2018-03-06 14:41:00-05:00;7.2;0.0;14.9;-1;Clear;1
221896;558b389a498eb10250dfb5c1;2018-03-06 17:05:00-05:00;5.4;0.0;19.6;-1;Partially cloudy;1
222012;56eb3953498e9efb793f206b;2017-11-25 18:21:00-05:00;13.5;0.0;11.9;-1;Overcast;1
222209;42893400f964a52054231fe3;2017-10-22 16:20:00-04:00;22.8;0.0;10.2;-1;Partially cloudy;1
222515;53611b4b498e99f52a28cb32;2017-11-16 23:06:00-05:00;7.0;0.0;14.5;-1;Partially cloudy;1
222728;43c2d364f964a5204b2d1fe3;2018-02-08 22:52:00-05:00;-1.8;0.0;15.4;-1;Clear;1
222728;4aa44464f964a520234620e3;2018-02-08 17:48:00-05:00;-0.6;0.0;10.1;-1;Overcast;1
223161;57e086e5498e63392523069f;2017-12-15 20:54:00-05:00;-3.7;0.0;12.1;snow;Partially cloudy;1
223367;50129be3e4b0f164329daa1a;2018-01-18 21:02:00-05:00;-2.0;0.0;18.0;-1;Clear;1
223814;4f22ca77e4b0ed3396a83a05;2018-03-20 22:24:00-04:00;3.4;0.0;17.4;-1;Overcast;1
223917;42893400f964a52054231fe3;2018-02-03 17:38:00-05:00;-1.2;0.0;12.1;-1;Partially cloudy;1
224051;4eb90d85722e09311d356915;2017-11-16 04:40:00-05:00;11.5;0.16;10.6;rain;Rain, Partially cloudy;1
224200;4c17aac8f256a593dceaec3e;2018-04-29 00:14:00-04:00;12.1;0.3;6.1;rain;Rain, Overcast;1
224204;4b4e031df964a52016de26e3;2018-06-08 12:32:00-04:00;27.1;0.0;4.1;-1;Partially cloudy;1
224699;4abfd214f964a520739220e3;2017-12-13 21:55:00-05:00;-2.6;0.0;12.1;snow;Partially cloudy;1
224699;507453f7e4b0cfa6347259bb;2017-11-16 16:35:00-05:00;10.1;0.0;18.7;-1;Clear;1
224699;56f1c2a6498e96c5d9e9a31e;2018-02-08 16:33:00-05:00;-0.4;0.0;11.6;-1;Partially cloudy;1
224699;580820a638fae571fa62c326;2017-11-16 18:01:00-05:00;10.0;0.0;23.7;-1;Clear;1
224699;580f8f7438fa03649d3c2e64;2017-11-16 19:55:00-05:00;8.6;0.0;18.8;-1;Clear;1
224711;4b1b13ddf964a520bbf723e3;2017-11-22 23:03:00-05:00;2.5;0.0;21.5;-1;Clear;1
224711;4b27f94df964a5201f8d24e3;2017-11-25 14:18:00-05:00;13.3;0.0;5.1;-1;Clear;1
224711;515abd65e4b08eda86b30e6e;2017-11-25 16:52:00-05:00;13.4;0.0;9.6;-1;Partially cloudy;1
224711;57a240f1cd10ed172db51626;2017-11-24 15:38:00-05:00;9.7;0.0;7.5;-1;Clear;1
225099;4a807ab1f964a52067f51fe3;2018-09-12 02:12:00-04:00;22.8;0.0;2.9;-1;Overcast;1
225099;4d950c78647d8cfa5a2a973d;2018-09-09 17:08:00-04:00;15.7;0.813;17.7;rain;Rain, Overcast;1
225099;4f7f47b1754a7bf483d742d0;2018-09-12 02:30:00-04:00;22.8;0.0;2.9;-1;Overcast;1
225130;4ae8906ef964a52071b021e3;2018-05-12 23:31:00-04:00;11.6;0.0;8.9;-1;Overcast;1
225164;3fd66200f964a520d8f11ee3;2018-07-03 17:12:00-04:00;28.1;0.0;11.0;-1;Partially cloudy;1
225164;42893400f964a52054231fe3;2018-07-03 20:14:00-04:00;26.4;0.0;2.9;-1;Partially cloudy;1
225164;42daf100f964a52035261fe3;2018-07-03 17:58:00-04:00;26.8;0.048;4.1;rain;Rain, Partially cloudy;1
225164;431f7f00f964a52085271fe3;2018-07-03 15:51:00-04:00;29.2;0.0;13.3;-1;Partially cloudy;1
225164;4abe7f9ef964a520068e20e3;2018-07-03 15:26:00-04:00;29.0;0.145;7.1;rain;Rain, Partially cloudy;1
225164;4bddccbe6198c9b67bb911ff;2018-07-03 20:55:00-04:00;26.5;0.0;3.0;-1;Partially cloudy;1
225164;4c2ba1f857a9c9b67138f667;2018-07-03 19:52:00-04:00;26.4;0.0;2.9;-1;Partially cloudy;1
225164;4c35de72452620a1ba5d270f;2018-07-03 19:36:00-04:00;26.4;0.0;2.9;-1;Partially cloudy;1
225164;59b70eb2fd16bb50bdeccf29;2018-07-03 15:36:00-04:00;29.2;0.0;13.3;-1;Partially cloudy;1
225184;3fd66200f964a5202ce71ee3;2018-08-17 00:00:00-04:00;28.2;0.0;8.3;-1;Partially cloudy;1
225255;3fd66200f964a520d7e41ee3;2017-11-12 20:48:00-05:00;6.2;0.0;4.8;-1;Partially cloudy;1
225255;57218ba5498eb662eaa1e121;2017-11-12 18:13:00-05:00;6.3;0.0;7.8;-1;Partially cloudy;1
225361;4a675deef964a52045c91fe3;2018-06-27 20:18:00-04:00;21.6;0.0;14.2;-1;Overcast;1
225361;4dd91850c65bee535ada5fdf;2018-06-27 17:59:00-04:00;22.1;0.0;13.0;-1;Overcast;1
225603;4b6b5abff964a520fb022ce3;2018-10-09 18:05:00-04:00;23.1;0.0;9.4;-1;Partially cloudy;1
225630;4b996536f964a520467835e3;2018-09-19 18:24:00-04:00;25.8;0.0;7.4;-1;Clear;1
225630;4c374bf80a71c9b6f2893ec9;2018-10-07 00:48:00-04:00;20.1;0.0;11.6;-1;Overcast;1
225630;4d0400598620224be873a640;2018-06-14 16:22:00-04:00;28.9;0.0;21.1;-1;Clear;1
225663;4c9d482e46978cfa8247967f;2017-10-29 02:17:00-04:00;18.3;0.0;14.0;-1;Overcast;1
225663;503fffabe4b05e5c0eace385;2017-10-29 03:17:00-04:00;17.6;0.0;19.6;-1;Partially cloudy;1
225663;5953e0555c683860ffa4e0cd;2017-10-29 01:11:00-04:00;18.3;0.0;8.8;-1;Overcast;1
225874;559ecd00498e965ccd39ea9f;2017-11-17 16:44:00-05:00;7.5;0.0;27.9;-1;Clear;1
226476;4a7655b0f964a520dce21fe3;2018-09-04 17:46:00-04:00;32.0;0.0;5.0;-1;Partially cloudy;1
226476;54f9d808498eaa73550d399c;2018-09-04 19:42:00-04:00;30.4;0.0;8.1;-1;Partially cloudy;1
226698;4b1b13ddf964a520bbf723e3;2017-12-29 22:15:00-05:00;-7.7;0.0;13.4;-1;Clear;1
228368;41e46880f964a520d41e1fe3;2018-07-03 04:31:00-04:00;26.2;0.0;1.2;-1;Clear;1
228368;43334580f964a52013281fe3;2018-07-03 18:06:00-04:00;26.8;0.048;4.1;rain;Rain, Partially cloudy;1
228368;57583641498e90001a32e13e;2018-07-02 17:17:00-04:00;31.7;0.0;14.9;-1;Clear;1
228828;50c28307e4b0c5b6f33ec0e1;2018-08-07 20:45:00-04:00;24.2;0.365;10.8;rain;Rain, Partially cloudy;1
228966;49f7456af964a5207b6c1fe3;2018-04-20 23:25:00-04:00;5.8;0.0;7.1;-1;Clear;1
228966;4b8d4e62f964a52056f332e3;2018-01-31 18:19:00-05:00;-0.2;0.0;10.3;-1;Partially cloudy;1
228966;5521c2ff498ebe2368634187;2018-04-21 01:23:00-04:00;4.7;0.0;13.1;-1;Clear;1
229058;42893400f964a52054231fe3;2017-12-29 16:30:00-05:00;-6.1;0.0;18.8;-1;Partially cloudy;1
229076;3fd66200f964a520d8e41ee3;2017-11-14 21:54:00-05:00;5.1;0.0;8.5;-1;Partially cloudy;1
229076;4abe7f9ef964a520068e20e3;2017-11-09 21:07:00-05:00;12.0;0.0;9.8;-1;Overcast;1
229076;5521c2ff498ebe2368634187;2018-09-29 16:51:00-04:00;21.9;0.0;8.2;-1;Partially cloudy;1
229195;53ecff6c498e4189764e35ec;2018-07-15 00:16:00-04:00;27.9;0.0;7.7;-1;Partially cloudy;1
229585;4eb90d85722e09311d356915;2017-10-27 00:47:00-04:00;10.1;0.0;10.0;-1;Clear;1
229585;56c4b5facd10824dac9e062e;2017-12-24 02:23:00-05:00;4.0;0.0;18.5;-1;Clear;1
229635;4b40cf3df964a5206bbb25e3;2018-01-07 01:05:00-05:00;-14.1;0.0;19.6;-1;Clear;1
229865;4a44cd95f964a5208fa71fe3;2017-10-27 19:31:00-04:00;14.3;0.0;8.7;-1;Clear;1
229865;4c35de72452620a1ba5d270f;2017-10-27 16:28:00-04:00;17.0;0.0;12.4;-1;Clear;1
229865;4c374bf80a71c9b6f2893ec9;2017-10-28 19:06:00-04:00;18.0;0.0;14.2;-1;Partially cloudy;1
230332;4b6b5abff964a520fb022ce3;2018-03-10 19:20:00-05:00;3.7;0.0;17.4;-1;Overcast;1
231605;5893aa7e1e1de501d95e372e;2017-10-23 19:26:00-04:00;20.9;0.0;21.3;-1;Partially cloudy;1
231897;4c374bf80a71c9b6f2893ec9;2018-09-07 18:10:00-04:00;22.6;0.0;15.9;-1;Overcast;1
232192;4b40cf3df964a5206bbb25e3;2018-07-26 22:19:00-04:00;28.2;0.0;10.2;-1;Clear;1
232192;4bcf9774a8b3a5939497625f;2018-07-26 22:31:00-04:00;27.4;0.0;8.0;-1;Clear;1
232192;559ecd00498e965ccd39ea9f;2018-07-26 19:13:00-04:00;28.5;0.0;7.5;-1;Partially cloudy;1
232296;579607a3498e62c81b38aa75;2017-12-19 23:40:00-05:00;10.6;0.0;19.5;-1;Clear;1
232624;4c0a69f1a1b32d7fb43899f0;2018-04-16 16:16:00-04:00;14.0;0.0;22.1;-1;Partially cloudy;1
232624;4e307390c65bcc8d7754de9d;2018-04-16 14:17:00-04:00;13.2;0.0;25.2;-1;Overcast;1
232786;4a1013b6f964a5208d761fe3;2018-10-06 22:34:00-04:00;19.6;0.0;5.1;-1;Overcast;1
232786;4d03ae3437036dcbfba10bfb;2018-09-15 17:42:00-04:00;24.3;0.0;13.0;-1;Clear;1
232815;507f06e9e4b0d2368fcbada4;2017-10-24 17:09:00-04:00;20.4;0.308;29.1;rain;Rain, Overcast;1
232874;4b6b5abff964a520fb022ce3;2017-11-18 20:44:00-05:00;10.4;0.252;8.4;rain;Rain, Partially cloudy;1
232955;4a871eb2f964a520b20220e3;2018-07-29 20:01:00-04:00;26.9;0.0;9.1;-1;Overcast;1
232955;4b40cf3df964a5206bbb25e3;2018-07-29 19:26:00-04:00;27.2;0.0;9.3;-1;Partially cloudy;1
232998;4a05ea5cf964a5209b721fe3;2018-06-17 18:49:00-04:00;27.8;0.0;11.6;-1;Partially cloudy;1
232998;4a149749f964a52055781fe3;2018-06-18 01:32:00-04:00;23.6;0.0;11.1;-1;Partially cloudy;1
232998;4bc10965abf49521296bc093;2018-09-30 02:43:00-04:00;14.6;0.0;6.0;-1;Clear;1
232998;4fadc40de4b0efef5e702b95;2018-06-17 21:11:00-04:00;26.4;0.0;4.3;-1;Partially cloudy;1
232998;56dcacb9498e12e3c47eb759;2018-09-30 02:24:00-04:00;15.3;0.0;2.9;-1;Clear;1
233101;42893400f964a52054231fe3;2017-11-03 18:22:00-04:00;21.9;0.0;14.8;-1;Overcast;1
233101;4a44cd95f964a5208fa71fe3;2017-11-03 17:01:00-04:00;23.0;0.0;12.5;-1;Partially cloudy;1
233101;4b6b5abff964a520fb022ce3;2017-10-28 17:05:00-04:00;18.6;0.0;15.4;-1;Partially cloudy;1
233101;58ed71a915fb43399eff3fcb;2018-01-23 17:46:00-05:00;11.4;0.0;15.8;-1;Overcast;1
233108;3fd66200f964a520d7e41ee3;2018-04-13 21:51:00-04:00;22.0;0.0;8.0;-1;Partially cloudy;1
233266;4c757abb3adda1432e7707af;2018-05-24 13:08:00-04:00;26.6;0.0;5.2;-1;Clear;1
233399;4a675deef964a52045c91fe3;2018-09-24 21:05:00-04:00;16.4;0.0;20.6;-1;Overcast;1
233501;4f32c89319836c91c7fa2f84;2017-12-11 01:00:00-05:00;2.2;0.0;10.8;-1;Overcast;1
233503;4a50f472f964a52051b01fe3;2017-10-22 17:21:00-04:00;21.4;0.0;10.3;-1;Partially cloudy;1
233566;3fd66200f964a52037e31ee3;2018-02-04 00:54:00-05:00;-1.1;0.0;11.8;-1;Overcast;1
233566;4d03ae3437036dcbfba10bfb;2018-02-04 02:06:00-05:00;-0.7;0.0;8.6;-1;Overcast;1
233611;4a537663f964a5204cb21fe3;2017-12-04 00:28:00-05:00;6.5;0.0;3.3;-1;Clear;1
233611;4b996536f964a520467835e3;2017-12-03 23:57:00-05:00;6.5;0.0;3.3;-1;Clear;1
234216;507e0b2e011ca7f458d10d2f;2018-07-02 21:22:00-04:00;28.5;0.0;3.6;-1;Clear;1
234232;4fd38a04e4b065401a9aaf88;2017-11-30 23:52:00-05:00;10.0;0.653;7.5;rain;Rain, Partially cloudy;1
234232;549481f3498e855d5f51cb66;2017-12-03 21:55:00-05:00;7.1;0.0;6.2;-1;Partially cloudy;1
234232;5547ffe8498ec8a2c668a412;2017-11-30 18:16:00-05:00;8.6;0.0;6.2;-1;Partially cloudy;1
234232;59bdbf214c9be611fb5eae24;2017-12-01 03:09:00-05:00;9.5;0.0;4.8;-1;Overcast;1
234647;3fd66200f964a52091e61ee3;2017-11-10 03:53:00-05:00;8.5;0.0;14.2;-1;Clear;1
234647;4a523834f964a52068b11fe3;2017-11-18 01:37:00-05:00;2.9;0.0;6.6;-1;Clear;2
234647;4b43c3dff964a5200ce925e3;2017-11-09 23:45:00-05:00;11.2;0.0;11.7;-1;Partially cloudy;1
235849;50e7557719a987828f27bd89;2018-06-05 23:22:00-04:00;18.0;0.0;10.7;-1;Clear;1
235849;55103583498eed2d409b549a;2018-06-05 23:21:00-04:00;18.0;0.0;10.7;-1;Clear;1
236100;42893400f964a52054231fe3;2018-09-23 19:18:00-04:00;17.7;0.0;7.9;-1;Overcast;1
236364;3fd66200f964a520daf11ee3;2018-06-17 14:30:00-04:00;31.6;0.0;6.9;-1;Partially cloudy;1
236364;4baae71df964a520118d3ae3;2018-06-17 14:35:00-04:00;32.1;0.0;8.0;-1;Partially cloudy;1
236364;58ab3a6a53f5bb4b6b267ad1;2018-06-22 22:42:00-04:00;19.8;0.048;14.0;rain;Rain, Overcast;1
236364;58c9b84a0319b81f32a8bd37;2018-03-11 17:14:00-04:00;7.0;0.0;11.2;-1;Clear;1
236364;5a5a4767c9a51738665829cf;2018-03-11 16:40:00-04:00;7.0;0.0;11.2;-1;Clear;1
236557;431f7f00f964a52085271fe3;2018-09-20 15:36:00-04:00;21.8;0.0;7.2;-1;Partially cloudy;1
236666;42daf100f964a52035261fe3;2018-08-18 18:02:00-04:00;27.3;0.0;23.4;-1;Overcast;1
236818;45719c4bf964a520693e1fe3;2018-02-22 22:29:00-05:00;3.5;0.0;14.9;-1;Overcast;1
236818;4ab7a271f964a520477a20e3;2018-02-22 19:45:00-05:00;3.6;0.0;17.2;-1;Overcast;1
236818;50e6eae5e4b06de013260a31;2018-02-24 02:36:00-05:00;6.3;0.0;10.0;-1;Overcast;1
236906;431e2d80f964a52079271fe3;2018-06-27 18:42:00-04:00;22.1;0.0;13.7;-1;Overcast;1
236906;4eefd4506d86d722df8fd52e;2017-11-05 23:35:00-05:00;15.6;0.0;4.3;-1;Partially cloudy;1
236906;52ad100d498eb6c1fda53c28;2018-07-22 20:39:00-04:00;24.5;3.832;16.6;rain;Rain, Overcast;1
236906;58ed71a915fb43399eff3fcb;2017-11-05 23:13:00-05:00;15.8;0.0;8.0;-1;Partially cloudy;1
237022;3fd66200f964a520d8f11ee3;2017-10-25 15:38:00-04:00;18.0;0.0;0.0;-1;Partially cloudy;1
237022;42893400f964a52054231fe3;2017-10-25 13:26:00-04:00;17.0;0.0;4.2;-1;Partially cloudy;1
237022;431f7f00f964a52085271fe3;2017-10-24 18:15:00-04:00;20.3;0.0;20.8;-1;Overcast;1
237022;49ff62f9f964a52013701fe3;2017-10-24 16:55:00-04:00;20.4;0.308;29.1;rain;Rain, Overcast;1
237022;4b6b5abff964a520fb022ce3;2017-10-24 13:10:00-04:00;22.2;0.0;31.1;-1;Partially cloudy;1
237022;4db5b2bb81543d71da5dd719;2017-10-24 18:06:00-04:00;20.3;0.0;20.8;-1;Overcast;1
237030;4b1b13ddf964a520bbf723e3;2017-10-23 12:36:00-04:00;22.5;0.0;15.3;-1;Partially cloudy;1
237030;4d63b18c1a83f04d4009762b;2017-10-23 17:46:00-04:00;21.2;0.0;15.9;-1;Partially cloudy;1
237107;4abe7f9ef964a520068e20e3;2017-12-22 18:45:00-05:00;8.8;0.0;5.3;-1;Overcast;1
237107;4b996536f964a520467835e3;2017-12-22 23:34:00-05:00;4.3;0.0;11.7;-1;Partially cloudy;1
237627;4c374bf80a71c9b6f2893ec9;2018-09-09 19:43:00-04:00;15.0;0.608;16.0;rain;Rain, Overcast;1
238140;509fd01de4b070da0a9d3c24;2018-02-16 19:41:00-05:00;5.7;0.0;24.8;-1;Partially cloudy;1
238452;59f38be7175562651c451266;2017-11-09 23:49:00-05:00;11.2;0.0;11.7;-1;Partially cloudy;1
238801;4e4e4c83bd4101d0d7a725d5;2017-11-06 04:21:00-05:00;16.1;0.0;9.0;-1;Overcast;1
238851;59d69082a423620b88f91b63;2018-01-11 18:18:00-05:00;8.2;0.0;10.6;-1;Partially cloudy;1
238858;3fd66200f964a5206be61ee3;2018-04-21 23:02:00-04:00;12.5;0.0;9.3;-1;Partially cloudy;1
238858;5675c52c498e2f30a978b6fb;2018-04-22 01:06:00-04:00;11.3;0.0;10.6;-1;Partially cloudy;1
238873;4a942a25f964a520972020e3;2018-01-24 18:46:00-05:00;0.8;0.0;17.8;-1;Clear;1
239403;3fd66200f964a52033eb1ee3;2018-01-20 23:06:00-05:00;7.1;0.0;9.2;-1;Clear;1
239403;58d2d521fb549a39850b04f6;2018-01-20 23:37:00-05:00;6.6;0.0;9.1;-1;Clear;1
240462;4a9442e3f964a520f92020e3;2017-10-24 18:39:00-04:00;20.3;0.0;18.0;-1;Overcast;1
240484;4ba7cbcaf964a5200fb439e3;2017-10-24 20:05:00-04:00;20.0;0.225;11.2;rain;Rain, Overcast;1
240484;564f3c88498ec41abeceef06;2017-11-10 22:44:00-05:00;-3.0;0.0;13.9;-1;Clear;1
240601;4ae8906ef964a52071b021e3;2017-10-26 14:58:00-04:00;14.1;0.0;14.8;-1;Partially cloudy;1
240761;56560a58498ea43ab5ffb24d;2017-11-12 23:09:00-05:00;6.2;0.0;2.9;-1;Partially cloudy;1
240761;59174f98ba4a647db918bfb5;2018-04-14 02:03:00-04:00;19.1;0.0;9.6;-1;Clear;1
240876;4165d880f964a5207e1d1fe3;2018-01-03 23:02:00-05:00;-1.9;0.0;10.7;rain,snow;Overcast;1
241035;5ab51b6aa4b51b3dc096ed68;2018-08-10 21:34:00-04:00;27.2;0.0;3.4;-1;Overcast;1
241196;4fd38a04e4b065401a9aaf88;2017-11-12 00:49:00-05:00;0.4;0.0;7.6;-1;Partially cloudy;1
241196;5521c2ff498ebe2368634187;2017-11-12 02:48:00-05:00;0.7;0.0;2.6;-1;Partially cloudy;1
241196;560d1028498eee2df9f982f0;2017-11-08 20:06:00-05:00;8.3;0.0;8.3;-1;Overcast;1
242142;4eb13d68e5e8c0f5bd2fd983;2018-02-16 19:14:00-05:00;6.4;0.0;22.9;-1;Partially cloudy;1
242264;4b9c4d34f964a520765d36e3;2018-05-23 14:43:00-04:00;25.7;0.0;9.8;-1;Clear;1
242511;4e307390c65bcc8d7754de9d;2018-01-04 01:42:00-05:00;-2.1;0.0;16.4;snow;Overcast;1
243195;42893400f964a52054231fe3;2017-12-14 15:37:00-05:00;-1.3;0.0;23.7;rain,snow;Clear;1
243195;4a44cd95f964a5208fa71fe3;2017-12-14 17:11:00-05:00;-1.9;0.0;14.9;rain,snow;Clear;1
243195;4c35de72452620a1ba5d270f;2017-12-14 15:06:00-05:00;-0.5;0.0;20.9;rain,snow;Partially cloudy;1
243474;4b40cf3df964a5206bbb25e3;2017-12-11 20:57:00-05:00;3.6;0.0;2.6;-1;Overcast;1
243474;4b6b5abff964a520fb022ce3;2017-12-10 18:12:00-05:00;2.9;0.0;15.6;-1;Partially cloudy;1
243474;58d2d521fb549a39850b04f6;2017-12-11 22:14:00-05:00;3.9;0.0;7.0;-1;Overcast;1
243474;5984eeb39be522744003dee5;2017-12-10 18:01:00-05:00;2.9;0.0;15.6;-1;Partially cloudy;1
243662;40f1d480f964a5205b0a1fe3;2018-01-24 14:07:00-05:00;4.1;0.0;23.9;-1;Partially cloudy;1
243662;556f7cd9498e61f524645bcf;2018-01-24 19:32:00-05:00;0.1;0.0;21.2;-1;Clear;1
243829;51fd65922fc6e0f97bffb0b7;2018-03-19 20:29:00-04:00;5.8;0.0;9.6;-1;Partially cloudy;1
243829;58801864cc5b6a14dedce689;2018-03-19 20:25:00-04:00;5.8;0.0;9.6;-1;Partially cloudy;1
244495;49e644c6f964a5202f641fe3;2017-12-24 21:21:00-05:00;3.8;0.0;17.8;-1;Overcast;1
244495;4ad78220f964a520960b21e3;2017-12-24 22:06:00-05:00;3.2;0.0;19.3;-1;Overcast;1
244495;4b68f12cf964a5201f942be3;2017-12-24 21:47:00-05:00;3.2;0.0;19.3;-1;Overcast;1
244495;5772e0d5cd10a42d05ed11a5;2017-12-24 21:10:00-05:00;3.8;0.0;17.8;-1;Overcast;1
244495;58f9ec44eb645b5ea0ecdb64;2017-10-26 21:56:00-04:00;11.3;0.0;14.9;-1;Clear;1
244633;42893400f964a52054231fe3;2018-08-30 13:36:00-04:00;31.6;0.0;15.4;-1;Partially cloudy;1
244817;431f7f00f964a52085271fe3;2018-09-28 18:37:00-04:00;16.4;0.0;3.7;-1;Partially cloudy;1
244956;4c374bf80a71c9b6f2893ec9;2017-11-11 23:36:00-05:00;1.1;0.0;2.9;-1;Partially cloudy;1
245563;4e5ecc4a52b1425a3776f4db;2018-06-23 16:23:00-04:00;18.6;0.0;12.7;-1;Overcast;1
245563;53861e0d498ec1985aa8b0a2;2018-06-24 23:01:00-04:00;22.6;0.039;3.6;rain;Rain, Partially cloudy;1
245781;42893400f964a52054231fe3;2017-11-23 19:04:00-05:00;5.1;0.0;11.7;-1;Partially cloudy;1
245781;42daf100f964a52035261fe3;2017-11-23 18:37:00-05:00;5.1;0.0;11.7;-1;Partially cloudy;1
245781;4bddccbe6198c9b67bb911ff;2017-11-23 20:35:00-05:00;4.1;0.0;7.9;-1;Clear;1
245886;4b957a85f964a520b7a434e3;2017-10-27 14:27:00-04:00;16.3;0.0;7.7;-1;Partially cloudy;1
246443;42893400f964a52054231fe3;2017-10-30 15:19:00-04:00;13.2;0.0;30.6;-1;Partially cloudy;1
246443;4abe7f9ef964a520068e20e3;2017-10-30 20:29:00-04:00;11.8;0.0;12.6;-1;Clear;1
246443;4fb3fc99e4b000a6da54687f;2017-10-30 19:21:00-04:00;12.0;0.0;18.7;-1;Clear;1
246501;53506fd9498ebca706a7c170;2017-11-14 01:01:00-05:00;4.3;0.0;8.3;-1;Clear;1
246905;5484890c498e985cf4e3c076;2017-11-02 02:39:00-04:00;14.9;0.0;4.2;-1;Overcast;1
247054;579c12cd498e6e815b3acf50;2018-08-19 19:00:00-04:00;22.1;0.0;8.2;-1;Overcast;1
247054;581605b838faae96e66a8903;2018-04-01 20:38:00-04:00;9.0;0.0;15.7;rain;Partially cloudy;1
247054;5984eeb39be522744003dee5;2018-08-19 18:02:00-04:00;22.1;0.0;5.0;-1;Overcast;2
247896;4ae8906ef964a52071b021e3;2018-01-25 21:42:00-05:00;-1.4;0.0;12.6;-1;Partially cloudy;1
247896;4b6b5abff964a520fb022ce3;2018-01-26 00:51:00-05:00;-1.9;0.0;7.6;-1;Overcast;1
247896;515abd65e4b08eda86b30e6e;2018-01-25 23:49:00-05:00;-1.5;0.0;3.6;-1;Overcast;1
248973;54295f79498e5383362811c5;2017-10-28 13:05:00-04:00;20.2;0.0;14.1;-1;Partially cloudy;1
248973;55fc18b1498e2c019ea4e3b3;2017-10-28 14:49:00-04:00;20.3;0.0;23.1;-1;Partially cloudy;1
249192;515abd65e4b08eda86b30e6e;2018-03-28 22:58:00-04:00;9.9;0.0;11.7;-1;Overcast;1
249474;57b49df2498e4991755e961f;2018-03-16 21:38:00-04:00;0.4;0.0;20.3;-1;Clear;1
249474;57c43c98498e2696b402a527;2018-03-16 20:26:00-04:00;1.4;0.0;25.1;-1;Clear;1
249474;5984eeb39be522744003dee5;2018-03-15 14:28:00-04:00;6.9;0.0;24.9;-1;Partially cloudy;1
249640;50bcb93ae4b0efcb4c84d434;2017-11-29 02:42:00-05:00;10.3;0.0;8.2;-1;Clear;1
249640;515abd65e4b08eda86b30e6e;2017-11-28 23:30:00-05:00;10.8;0.0;13.9;-1;Clear;1
249694;53a5f4f0498e1d1f0be9ad8e;2018-06-30 15:46:00-04:00;33.4;0.0;7.4;-1;Clear;1
249769;4b23f44ff964a520b75d24e3;2017-11-09 18:19:00-05:00;11.4;0.0;5.1;-1;Partially cloudy;1
249828;549430f6498edcbb09ab35c0;2018-03-31 01:44:00-04:00;6.3;0.0;16.7;-1;Overcast;1
249896;4d9b730b913a236a30a49f08;2018-03-27 20:21:00-04:00;5.4;0.0;4.5;-1;Overcast;1
249896;557b7c4d498e8dd0400168e8;2018-03-27 20:12:00-04:00;5.4;0.0;4.5;-1;Overcast;1
249921;42893400f964a52054231fe3;2017-11-08 16:47:00-05:00;9.0;0.0;8.7;-1;Partially cloudy;1
249921;4eb90d85722e09311d356915;2017-11-04 19:49:00-04:00;11.1;0.0;11.1;-1;Partially cloudy;1
251520;4eb90d85722e09311d356915;2017-12-28 20:21:00-05:00;-9.2;0.0;25.2;-1;Clear;1
251651;4bcf9774a8b3a5939497625f;2017-11-02 17:40:00-04:00;20.6;0.0;12.1;-1;Clear;1
251651;56e7f585498ed6598b4030cd;2017-11-02 14:20:00-04:00;22.3;0.0;13.9;-1;Partially cloudy;1
251704;431f7f00f964a52085271fe3;2017-11-14 03:13:00-05:00;3.6;0.0;10.4;-1;Clear;1
251812;3fd66200f964a520bbe61ee3;2018-08-25 12:56:00-04:00;26.1;0.0;6.0;-1;Partially cloudy;1
251939;4eb90d85722e09311d356915;2017-10-29 19:36:00-04:00;18.5;3.152;19.2;rain;Rain, Overcast;1
251939;5362a2ae498e3b18c22334be;2017-10-29 18:25:00-04:00;18.1;3.914;14.2;rain;Rain, Overcast;1
252175;42893400f964a52054231fe3;2018-07-23 19:12:00-04:00;25.9;0.0;13.5;-1;Overcast;1
252175;42daf100f964a52035261fe3;2018-07-23 17:46:00-04:00;26.8;0.0;13.7;-1;Overcast;1
252262;4b9146f5f964a52058af33e3;2018-04-07 00:06:00-04:00;11.4;0.0;6.4;-1;Overcast;1
252470;4a675deef964a52045c91fe3;2018-06-10 12:31:00-04:00;20.8;0.0;4.4;-1;Partially cloudy;1
252470;4b40cf3df964a5206bbb25e3;2018-06-17 13:37:00-04:00;31.6;0.0;6.9;-1;Partially cloudy;1
252470;559ecd00498e965ccd39ea9f;2018-06-10 19:15:00-04:00;18.3;0.0;2.1;-1;Overcast;1
253040;4b829e60f964a52007db30e3;2017-11-03 18:48:00-04:00;19.3;0.0;20.1;-1;Partially cloudy;1
253040;4c35de72452620a1ba5d270f;2017-11-02 19:06:00-04:00;19.6;0.0;9.8;-1;Partially cloudy;1
253040;4c5d7ac6d25320a175ffc57a;2017-11-02 22:55:00-04:00;18.1;0.0;6.8;-1;Partially cloudy;1
253040;524f650e11d2b2e01dc964f8;2017-11-04 00:22:00-04:00;11.4;0.0;15.6;-1;Clear;1
253040;57470da2498ed71d9912da41;2017-11-03 21:32:00-04:00;13.5;0.0;17.3;-1;Clear;1
253040;57f4fb59498efaaab7345b34;2017-11-02 22:25:00-04:00;18.5;0.0;4.6;-1;Partially cloudy;1
253242;4a8d57e7f964a5207c0f20e3;2018-01-04 02:17:00-05:00;-2.1;0.0;16.4;snow;Overcast;1
253603;55103583498eed2d409b549a;2018-05-27 17:29:00-04:00;15.4;0.0;23.9;-1;Overcast;1
254554;49f220a3f964a520ee691fe3;2017-11-02 19:47:00-04:00;19.3;0.0;10.3;-1;Partially cloudy;1
254562;4b6b5abff964a520fb022ce3;2017-11-03 21:22:00-04:00;14.5;0.0;23.3;-1;Clear;1
254703;4c35de72452620a1ba5d270f;2018-06-15 19:32:00-04:00;22.5;0.0;3.7;-1;Clear;1
254703;59bd506ce2d4aa3d68b99a88;2018-06-15 22:35:00-04:00;20.8;0.0;3.4;-1;Partially cloudy;1
254879;3fd66200f964a5202be61ee3;2018-03-17 14:28:00-04:00;7.6;0.0;31.9;-1;Partially cloudy;1
254879;4a24510af964a520107e1fe3;2018-03-19 11:42:00-04:00;4.9;0.0;15.4;-1;Clear;2
254879;4abcf921f964a520e68720e3;2018-03-19 12:45:00-04:00;5.7;0.0;9.5;-1;Clear;1
254879;4ad29877f964a52054e220e3;2018-03-19 11:50:00-04:00;4.9;0.0;15.4;-1;Clear;2
254879;4b3b9f27f964a5203a7725e3;2018-03-17 14:25:00-04:00;7.6;0.0;31.9;-1;Partially cloudy;1
254879;4d99fc29daec224bca036c3e;2018-03-19 11:41:00-04:00;4.9;0.0;15.4;-1;Clear;2
254879;5053d510e4b0719d67706d96;2018-03-16 11:38:00-04:00;3.8;0.0;26.0;-1;Overcast;1
254879;53251a06498e490f58a865dc;2018-03-19 12:38:00-04:00;5.7;0.0;9.5;-1;Clear;2
254879;53ab0af5498e13bffddb8d96;2018-03-19 11:48:00-04:00;4.9;0.0;15.4;-1;Clear;1
254879;5568b82e498e0aec0de3eac5;2018-03-19 11:45:00-04:00;4.9;0.0;15.4;-1;Clear;2
254983;57fd74cb498ecd4ccc2510ee;2017-11-04 00:47:00-04:00;10.9;0.0;16.6;-1;Clear;1
254985;4c35de72452620a1ba5d270f;2018-03-17 21:48:00-04:00;5.4;0.0;14.9;-1;Clear;1
255026;4a00def5f964a520b9701fe3;2018-08-30 21:09:00-04:00;28.7;0.0;9.2;-1;Clear;1
255026;4b40cf3df964a5206bbb25e3;2018-08-30 20:15:00-04:00;29.1;0.0;8.5;-1;Clear;1
255026;4b996536f964a520467835e3;2018-08-30 21:30:00-04:00;28.7;0.0;9.2;-1;Clear;1
255026;4ba29b87f964a520c20838e3;2018-08-30 22:21:00-04:00;28.0;0.0;9.8;-1;Partially cloudy;1
255026;4e5ecc4a52b1425a3776f4db;2018-08-30 19:40:00-04:00;29.1;0.0;8.5;-1;Clear;1
255026;4eb90d85722e09311d356915;2018-08-29 00:27:00-04:00;30.0;0.0;12.0;-1;Clear;1
255026;541a2341498e51ce1037963a;2018-08-12 23:40:00-04:00;24.9;0.0;8.9;-1;Overcast;1
255190;4eb90d85722e09311d356915;2017-11-26 23:07:00-05:00;4.6;0.0;13.1;-1;Partially cloudy;1
255205;42893400f964a52054231fe3;2018-03-17 18:08:00-04:00;8.6;0.0;19.9;-1;Partially cloudy;1
255205;4bddccbe6198c9b67bb911ff;2018-03-17 19:41:00-04:00;7.7;0.0;13.7;-1;Clear;1
255205;515abd65e4b08eda86b30e6e;2018-03-15 19:10:00-04:00;5.9;0.0;15.3;-1;Partially cloudy;1
255456;4bc7ab4c14d79521c6e367e9;2018-10-07 14:10:00-04:00;25.0;0.0;8.4;-1;Partially cloudy;1
255874;501d3c31e4b0c3028609cc2b;2018-06-24 19:01:00-04:00;29.1;0.0;11.6;-1;Partially cloudy;1
256201;42893400f964a52054231fe3;2018-04-15 19:37:00-04:00;3.6;3.255;20.6;rain;Rain, Overcast;1
256201;4aec28cdf964a5206bc521e3;2018-04-14 22:56:00-04:00;9.3;0.0;21.6;-1;Overcast;1
256237;3fd66200f964a520d7e41ee3;2018-05-06 18:36:00-04:00;15.7;0.0;8.0;-1;Overcast;1
256237;4abe7f9ef964a520068e20e3;2018-05-06 18:09:00-04:00;16.2;0.0;14.6;-1;Overcast;1
256247;42893400f964a52054231fe3;2018-04-06 17:01:00-04:00;16.3;0.0;22.5;-1;Partially cloudy;1
256247;4b996536f964a520467835e3;2018-04-07 17:18:00-04:00;8.5;0.0;9.5;-1;Partially cloudy;1
256247;5970df4d4a7aae59a88d4d63;2018-04-07 16:45:00-04:00;8.5;0.0;9.5;-1;Partially cloudy;1
256509;515abd65e4b08eda86b30e6e;2018-06-17 16:11:00-04:00;31.5;0.0;12.3;-1;Partially cloudy;1
257435;431e2d80f964a52079271fe3;2018-01-19 04:59:00-05:00;-3.4;0.0;13.6;-1;Clear;1
257976;5447e0b2498e49ee7c7b1dc0;2017-11-10 23:43:00-05:00;-3.6;0.0;15.4;-1;Clear;1
257976;5969763a5455b223c7a8371d;2017-11-11 01:44:00-05:00;-3.6;0.0;15.7;-1;Clear;1
258007;49e7ce15f964a5201d651fe3;2018-06-11 23:54:00-04:00;15.3;0.0;3.0;-1;Clear;1
258007;4dda977ad22d38ef4332c419;2018-06-11 23:04:00-04:00;15.9;0.0;9.7;-1;Clear;1
258039;42893400f964a52054231fe3;2018-05-27 02:26:00-04:00;26.7;0.0;1.2;-1;Partially cloudy;1
258136;3fd66200f964a52006e61ee3;2017-11-09 01:16:00-05:00;5.9;0.0;9.2;-1;Clear;1
258136;3fd66200f964a52070e91ee3;2017-11-08 19:57:00-05:00;8.3;0.0;8.3;-1;Overcast;1
258282;4a675deef964a52045c91fe3;2017-11-07 00:42:00-05:00;8.1;0.0;10.7;-1;Clear;1
258282;4b6b5abff964a520fb022ce3;2017-11-07 01:25:00-05:00;8.1;0.0;10.7;-1;Clear;1
258282;4c374bf80a71c9b6f2893ec9;2017-11-07 00:02:00-05:00;8.6;0.0;19.6;-1;Clear;1
258319;49b7aefcf964a5202d531fe3;2018-04-13 16:13:00-04:00;27.5;0.0;16.4;-1;Partially cloudy;1
258598;4ad35d08f964a520fae320e3;2018-09-05 00:22:00-04:00;27.8;0.0;3.0;-1;Clear;1
259162;4a9ff5d9f964a520ba3d20e3;2018-05-07 20:39:00-04:00;16.7;0.0;8.1;-1;Overcast;1
259162;57ae102d498e12fa1c146652;2018-05-07 21:18:00-04:00;16.7;0.0;8.1;-1;Overcast;1
259767;42e82000f964a52083261fe3;2018-09-16 21:58:00-04:00;23.1;0.0;8.8;-1;Partially cloudy;1
260169;4165d880f964a5207e1d1fe3;2018-07-20 21:38:00-04:00;22.4;0.0;7.8;-1;Partially cloudy;1
260903;4b6b5abff964a520fb022ce3;2017-11-13 22:06:00-05:00;5.1;0.0;9.2;-1;Clear;1
261457;579607a3498e62c81b38aa75;2018-09-17 16:43:00-04:00;24.2;0.0;17.4;-1;Partially cloudy;1
262004;56b536df498e79d32247a3d1;2018-07-28 18:26:00-04:00;28.2;0.0;9.3;-1;Partially cloudy;1
262034;4eb90d85722e09311d356915;2018-01-15 19:32:00-05:00;-3.5;0.0;12.8;-1;Clear;1
262493;49e7ce15f964a5201d651fe3;2017-12-17 21:31:00-05:00;2.2;0.0;9.5;-1;Overcast;1
262493;5419c024498e81544e23eee9;2017-12-16 19:24:00-05:00;3.7;0.0;14.5;-1;Overcast;1
262493;577a8f47498ebddf91b56bbd;2017-12-09 17:56:00-05:00;-0.4;0.574;13.5;rain,snow;Snow, Rain, Overcast;1
262493;57acc558498e036ce8f2b0b4;2017-12-10 00:48:00-05:00;-0.4;0.0;8.9;rain,snow;Partially cloudy;1
262493;57c86b6a498e43a03acd849f;2017-12-17 19:26:00-05:00;2.4;0.0;2.5;-1;Partially cloudy;1
262531;4c374bf80a71c9b6f2893ec9;2018-08-14 22:01:00-04:00;22.3;0.0;14.8;-1;Partially cloudy;1
262531;566c9c87498ef09a2940e605;2018-08-14 18:17:00-04:00;23.7;0.252;8.7;rain;Rain, Partially cloudy;1
262583;3fd66200f964a52067e61ee3;2018-03-16 19:22:00-04:00;1.6;0.0;24.4;-1;Partially cloudy;1
262583;515abd65e4b08eda86b30e6e;2018-03-17 00:10:00-04:00;-0.4;0.0;24.3;-1;Clear;1
262750;52eddc12498e40bb655e0d7a;2017-12-30 21:50:00-05:00;-5.7;0.039;14.3;snow;Snow, Partially cloudy;1
262980;49cf9efbf964a520b05a1fe3;2018-05-27 17:58:00-04:00;15.4;0.0;23.0;-1;Overcast;1
263214;4eb13d68e5e8c0f5bd2fd983;2018-03-06 17:32:00-05:00;4.7;0.0;19.9;-1;Partially cloudy;1
263318;59f38be7175562651c451266;2017-11-09 18:51:00-05:00;11.5;0.0;8.4;-1;Partially cloudy;1
264181;4b996536f964a520467835e3;2018-02-08 18:41:00-05:00;-1.1;0.0;14.6;-1;Overcast;1
264181;57470da2498ed71d9912da41;2018-02-08 18:48:00-05:00;-1.1;0.0;14.6;-1;Overcast;1
264197;58801864cc5b6a14dedce689;2018-09-15 16:07:00-04:00;25.1;0.0;5.5;-1;Overcast;1
264531;4b6b5abff964a520fb022ce3;2017-12-20 17:52:00-05:00;4.6;0.0;18.6;-1;Clear;1
264531;4ce41f161594236ac316fb49;2017-12-20 18:11:00-05:00;4.6;0.0;18.6;-1;Clear;1
264602;42893400f964a52054231fe3;2017-12-06 20:35:00-05:00;4.6;0.0;10.0;-1;Partially cloudy;1
264602;4b6b5abff964a520fb022ce3;2017-12-04 19:31:00-05:00;9.5;0.0;4.8;-1;Overcast;1
264602;4bc24023461576b056237d32;2017-12-04 18:52:00-05:00;9.5;0.0;7.1;-1;Partially cloudy;1
264602;560d1028498eee2df9f982f0;2018-08-03 23:03:00-04:00;25.4;0.0;4.4;-1;Clear;1
264621;4a86e69ff964a5208a0120e3;2017-11-18 18:11:00-05:00;8.8;0.931;3.3;rain;Rain, Overcast;1
264621;4aad466df964a5206f5f20e3;2017-11-18 16:04:00-05:00;10.7;0.039;10.7;rain;Rain, Partially cloudy;1
264621;4ba4fa44f964a5204dcb38e3;2017-11-18 19:45:00-05:00;9.8;0.147;12.8;rain;Rain, Overcast;1
264621;50474d91e4b0ea030c26e87b;2017-11-18 16:06:00-05:00;10.7;0.039;10.7;rain;Rain, Partially cloudy;1
264868;42893400f964a52054231fe3;2018-07-10 21:19:00-04:00;30.8;0.0;9.1;-1;Partially cloudy;1
264868;4a675deef964a52045c91fe3;2018-07-12 17:44:00-04:00;26.2;0.0;9.1;-1;Partially cloudy;1
265285;507453f7e4b0cfa6347259bb;2017-11-14 17:08:00-05:00;6.9;0.0;10.9;-1;Partially cloudy;1
265620;55959609498ebeaf9aaf0d07;2017-12-03 03:18:00-05:00;5.9;0.0;7.8;-1;Partially cloudy;1
265621;431f7f00f964a52085271fe3;2018-09-30 14:42:00-04:00;20.5;0.0;13.7;-1;Partially cloudy;1
265621;4abe7f9ef964a520068e20e3;2018-09-30 15:20:00-04:00;20.5;0.0;13.7;-1;Partially cloudy;1
265621;587ffcc3ea29b80cdce3468d;2018-09-30 15:18:00-04:00;20.5;0.0;13.7;-1;Partially cloudy;1
265621;5984eeb39be522744003dee5;2018-09-30 15:25:00-04:00;20.5;0.0;13.7;-1;Partially cloudy;1
265711;42893400f964a52054231fe3;2018-02-21 19:59:00-05:00;20.1;0.0;18.5;-1;Overcast;1
265711;42daf100f964a52035261fe3;2018-02-21 17:33:00-05:00;23.5;0.0;12.9;-1;Clear;1
265711;4a97f535f964a520f92920e3;2018-02-21 22:13:00-05:00;15.3;1.005;13.7;rain;Rain, Overcast;1
265711;4ab7a271f964a520477a20e3;2018-02-21 21:50:00-05:00;15.3;1.005;13.7;rain;Rain, Overcast;1
265711;4c2ba1f857a9c9b67138f667;2018-02-21 19:20:00-05:00;23.1;0.0;12.8;-1;Clear;1
265711;4e5a735bb993732579f6ce0c;2018-02-21 16:59:00-05:00;25.5;0.0;14.4;-1;Clear;1
265809;55b7dd92498e88a1ea18d3f8;2018-09-25 17:22:00-04:00;23.3;1.652;8.9;rain;Rain, Overcast;1
265809;59d2188d7247503e69259f80;2017-12-27 21:12:00-05:00;-6.8;0.0;20.9;-1;Clear;1
266413;431f7f00f964a52085271fe3;2017-11-24 01:49:00-05:00;2.3;0.0;6.6;-1;Clear;1
266413;4bddccbe6198c9b67bb911ff;2017-11-23 20:52:00-05:00;4.1;0.0;7.9;-1;Clear;1
266549;4c49e55a1b430f4722e129c4;2018-01-19 15:07:00-05:00;2.9;0.0;12.0;-1;Partially cloudy;1
267306;3fd66200f964a5202ce71ee3;2017-11-17 00:01:00-05:00;6.8;0.0;12.1;-1;Partially cloudy;1
267306;4b0d8b6bf964a520b14a23e3;2017-11-14 00:17:00-05:00;4.2;0.0;7.1;-1;Clear;1
267892;42893400f964a52054231fe3;2018-10-01 19:15:00-04:00;22.7;0.0;8.3;-1;Partially cloudy;1
267917;4c374bf80a71c9b6f2893ec9;2017-11-14 05:11:00-05:00;3.2;0.0;9.6;-1;Clear;1
267917;558b389a498eb10250dfb5c1;2018-01-30 03:12:00-05:00;-0.6;0.261;11.7;rain,snow;Snow, Rain, Overcast;17
268229;4e4e4c83bd4101d0d7a725d5;2018-09-06 01:41:00-04:00;25.8;0.0;7.7;-1;Clear;1
268229;5787b68e498efcabbebba4f8;2018-09-05 17:26:00-04:00;29.8;0.0;10.8;-1;Clear;1
268743;54c265fd498e342726a93932;2017-11-10 20:11:00-05:00;-2.3;0.0;33.5;-1;Clear;1
269987;3fd66200f964a520c3e81ee3;2018-03-08 18:44:00-05:00;3.1;0.0;15.2;-1;Overcast;1
269995;40f5c900f964a520a30a1fe3;2018-07-08 18:31:00-04:00;25.0;0.0;6.4;-1;Clear;1
269995;4c374bf80a71c9b6f2893ec9;2018-07-08 18:20:00-04:00;25.8;0.0;12.8;-1;Clear;1
270369;4165d880f964a5207e1d1fe3;2018-05-28 17:48:00-04:00;20.0;0.0;6.1;-1;Overcast;1
271138;579c12cd498e6e815b3acf50;2018-09-21 00:10:00-04:00;19.7;0.0;5.7;-1;Overcast;1
271368;4c2ba1f857a9c9b67138f667;2018-09-19 16:16:00-04:00;27.0;0.0;13.4;-1;Partially cloudy;1
271368;515abd65e4b08eda86b30e6e;2018-09-19 21:49:00-04:00;21.9;0.0;5.2;-1;Overcast;1
271582;42893400f964a52054231fe3;2018-07-02 19:02:00-04:00;30.1;0.0;17.7;-1;Clear;1
271582;559ecd00498e965ccd39ea9f;2018-07-02 21:23:00-04:00;28.5;0.0;3.6;-1;Clear;1
271701;59f38be7175562651c451266;2018-01-05 19:00:00-05:00;-9.8;0.0;26.5;-1;Clear;1
272309;4b6b5abff964a520fb022ce3;2018-06-11 17:36:00-04:00;20.5;0.0;10.5;-1;Clear;1
273460;5970df4d4a7aae59a88d4d63;2018-04-20 19:45:00-04:00;6.9;0.0;19.2;-1;Clear;1
274186;4b16bee8f964a520dcbc23e3;2018-03-01 22:35:00-05:00;6.8;3.134;11.3;rain;Rain, Overcast;1
274186;5355a5ca498e506aae75edb7;2018-03-02 00:03:00-05:00;6.9;2.846;17.2;rain;Rain, Overcast;1
274186;579c12cd498e6e815b3acf50;2018-03-01 23:22:00-05:00;6.8;3.134;11.3;rain;Rain, Overcast;1
274186;5ab51b6aa4b51b3dc096ed68;2018-07-21 23:21:00-04:00;19.2;3.891;17.4;rain;Rain, Overcast;1
275258;4b829e60f964a52007db30e3;2018-04-26 17:34:00-04:00;20.8;0.0;13.2;-1;Partially cloudy;1
275314;4eb90d85722e09311d356915;2017-11-20 04:46:00-05:00;3.1;0.0;13.4;-1;Partially cloudy;1
275497;5227e38d11d20c833c575320;2018-05-19 21:06:00-04:00;13.2;0.0;2.9;-1;Overcast;1
276281;4b40cf3df964a5206bbb25e3;2018-02-19 19:31:00-05:00;8.7;0.312;1.7;rain;Rain, Overcast;1
276572;4d03ae3437036dcbfba10bfb;2018-03-06 03:20:00-05:00;1.5;0.0;10.5;-1;Clear;1
276572;57acc558498e036ce8f2b0b4;2018-03-06 00:36:00-05:00;2.0;0.0;5.8;-1;Clear;1
276674;49e24ccbf964a52007621fe3;2018-08-29 20:41:00-04:00;32.2;0.0;11.8;-1;Clear;1
276674;4a6b17bff964a520fdcd1fe3;2018-08-25 22:57:00-04:00;22.0;0.0;4.8;-1;Partially cloudy;1
276674;4b6b5abff964a520fb022ce3;2018-08-30 13:46:00-04:00;31.6;0.0;15.4;-1;Partially cloudy;1
276674;4e70a36d922e8e01baadf45c;2018-08-30 13:49:00-04:00;31.6;0.0;15.4;-1;Partially cloudy;1
276674;4eb13d68e5e8c0f5bd2fd983;2018-08-29 17:39:00-04:00;33.3;0.0;17.4;-1;Clear;2
276674;55103583498eed2d409b549a;2018-08-29 20:54:00-04:00;32.2;0.0;11.8;-1;Clear;1
276674;55e1c16f498e3be4f7108cab;2018-08-26 16:14:00-04:00;27.6;0.0;12.2;-1;Partially cloudy;1
276674;590a00e74febd55af43a8267;2018-08-25 17:44:00-04:00;24.4;0.0;5.7;-1;Partially cloudy;1
276674;59713cc87564f739c83beee8;2018-08-27 18:16:00-04:00;30.0;0.0;11.0;-1;Partially cloudy;1
276737;584067e6b50d521817d726a1;2017-11-16 18:16:00-05:00;10.0;0.0;23.7;-1;Clear;1
276849;40fb0f00f964a520db0a1fe3;2017-11-16 23:24:00-05:00;7.0;0.0;14.5;-1;Partially cloudy;1
276849;4b6b5abff964a520fb022ce3;2017-11-16 20:07:00-05:00;8.6;0.0;18.8;-1;Clear;1
277071;538e0830498ef7fef432f005;2018-09-08 18:30:00-04:00;18.2;0.0;15.6;-1;Overcast;1
277121;4eb90d85722e09311d356915;2017-11-17 21:07:00-05:00;4.8;0.0;14.0;-1;Clear;1
278479;42893400f964a52054231fe3;2018-06-24 16:10:00-04:00;27.6;0.0;13.2;-1;Partially cloudy;1
278479;4b40cf3df964a5206bbb25e3;2018-07-15 16:34:00-04:00;28.6;0.0;7.9;-1;Partially cloudy;1
278479;4b996536f964a520467835e3;2018-07-15 18:05:00-04:00;28.7;0.0;11.0;-1;Partially cloudy;1
278676;515abd65e4b08eda86b30e6e;2018-07-14 00:47:00-04:00;22.7;0.0;10.7;-1;Clear;1
279423;4a6e331af964a52031d41fe3;2017-11-18 15:20:00-05:00;10.4;0.028;11.9;rain;Rain, Partially cloudy;1
279423;50b516ebe4b0e6a87400cafd;2017-11-18 16:01:00-05:00;10.7;0.039;10.7;rain;Rain, Partially cloudy;1
279452;579e5513498e9ffc61b6ad8e;2018-06-30 17:11:00-04:00;33.1;0.0;11.3;-1;Clear;1
279570;45e3ee77f964a5203a431fe3;2017-12-07 02:46:00-05:00;4.1;0.0;18.1;-1;Partially cloudy;1
279674;4abe7f9ef964a520068e20e3;2018-07-04 15:35:00-04:00;28.3;0.0;7.2;-1;Partially cloudy;1
279674;4eb90d85722e09311d356915;2018-07-04 17:18:00-04:00;28.3;0.0;6.1;-1;Partially cloudy;1
279716;4b1c1e9bf964a520830224e3;2017-12-05 22:27:00-05:00;14.3;4.06;14.9;rain;Rain, Partially cloudy;1
279716;59f38be7175562651c451266;2017-11-18 20:19:00-05:00;9.8;0.147;12.8;rain;Rain, Overcast;1
279809;49e7ce15f964a5201d651fe3;2017-11-19 20:51:00-05:00;7.0;0.0;16.2;-1;Partially cloudy;1
279809;54d8f562498e06a504cb5c47;2017-11-19 23:21:00-05:00;3.8;0.0;13.7;-1;Partially cloudy;1
279824;515abd65e4b08eda86b30e6e;2018-05-05 18:45:00-04:00;21.1;0.0;9.9;-1;Partially cloudy;1
280219;48c91543f964a520e4511fe3;2018-01-13 00:32:00-05:00;13.3;0.028;13.1;rain;Rain, Overcast;1
280219;59480a78f62e090a3b4d6eb7;2018-01-15 01:21:00-05:00;-8.8;0.0;17.0;-1;Partially cloudy;1
280952;507f06e9e4b0d2368fcbada4;2018-06-30 16:35:00-04:00;33.1;0.0;11.3;-1;Clear;1
280952;515abd65e4b08eda86b30e6e;2018-06-30 14:25:00-04:00;32.8;0.0;10.4;-1;Clear;1
280952;559ecd00498e965ccd39ea9f;2018-06-30 15:45:00-04:00;33.4;0.0;7.4;-1;Clear;1
282140;42893400f964a52054231fe3;2018-09-16 23:07:00-04:00;22.9;0.0;10.4;-1;Partially cloudy;1
282208;4b6b5abff964a520fb022ce3;2017-11-26 16:15:00-05:00;7.5;0.0;15.1;-1;Partially cloudy;1
282577;42893400f964a52054231fe3;2018-02-10 16:51:00-05:00;8.0;0.108;5.4;rain;Rain, Overcast;1
282600;59822ae4e97dfb6a1519825b;2017-11-22 04:23:00-05:00;11.7;0.0;4.4;-1;Partially cloudy;1
283096;52eddc12498e40bb655e0d7a;2018-04-01 22:01:00-04:00;8.3;0.0;17.9;rain;Partially cloudy;1
283980;51b77ea1454a57610205b352;2017-11-24 21:25:00-05:00;8.0;0.0;10.5;-1;Clear;1
284237;5843e11b2980db2ff897ba51;2018-01-14 05:26:00-05:00;-8.7;0.0;17.7;-1;Clear;1
284908;53a5f4f0498e1d1f0be9ad8e;2017-12-22 21:05:00-05:00;6.3;0.0;13.4;-1;Partially cloudy;1
284908;561b24e5498ec9037e2ed048;2017-12-22 20:28:00-05:00;7.6;0.0;10.3;-1;Partially cloudy;1
285443;4b6b5abff964a520fb022ce3;2017-12-31 18:12:00-05:00;-10.6;0.0;19.9;-1;Clear;1
286175;4b40cf3df964a5206bbb25e3;2018-04-02 20:16:00-04:00;5.0;0.0;1.5;-1;Partially cloudy;1
286604;4b6b5abff964a520fb022ce3;2017-12-27 21:50:00-05:00;-7.3;0.0;13.9;-1;Clear;1
286750;54d29f57498eeabebcc63817;2018-01-07 04:00:00-05:00;-14.3;0.0;16.9;-1;Clear;1
286901;58ae412372714f32e282e2d7;2017-12-01 00:15:00-05:00;10.0;0.653;7.5;rain;Rain, Partially cloudy;1
286901;59bd506ce2d4aa3d68b99a88;2017-11-30 20:00:00-05:00;11.1;0.0;10.6;-1;Partially cloudy;1
287669;4d01634c527e236ac073c285;2017-11-26 19:04:00-05:00;5.8;0.0;10.2;-1;Clear;1
287721;5a189f73dab4b138e5cf44c6;2017-11-29 19:48:00-05:00;9.2;0.0;11.9;-1;Clear;1
289041;4bd1af599854d13a3ff3f94d;2018-09-04 21:47:00-04:00;28.8;0.0;5.3;-1;Partially cloudy;1
289421;4bfb0ac865fbc9b660e8906c;2018-08-28 21:04:00-04:00;32.1;0.0;14.7;-1;Clear;1
289421;59bd506ce2d4aa3d68b99a88;2018-08-03 17:29:00-04:00;24.6;0.0;5.8;-1;Partially cloudy;1
290043;3fd66200f964a520daf11ee3;2018-10-13 21:54:00-04:00;10.5;0.0;8.6;-1;Clear;1
290044;4a675deef964a52045c91fe3;2018-07-18 20:36:00-04:00;26.3;0.0;9.6;-1;Clear;1
290044;4a8d57e7f964a5207c0f20e3;2018-07-18 20:21:00-04:00;27.1;0.0;9.0;-1;Clear;1
290044;4b2ac07af964a520ecae24e3;2018-07-16 21:28:00-04:00;28.3;0.0;8.3;-1;Partially cloudy;1
290044;4eb90d85722e09311d356915;2018-07-18 19:46:00-04:00;27.1;0.0;9.0;-1;Clear;1
290044;5074abbc5262942a6abb84ae;2018-07-16 21:42:00-04:00;28.5;0.0;5.3;-1;Partially cloudy;1
290044;5547ffe8498ec8a2c668a412;2018-07-16 21:53:00-04:00;28.5;0.0;5.3;-1;Partially cloudy;1
291841;49c65aa8f964a52038571fe3;2017-12-07 23:24:00-05:00;4.6;0.0;6.5;-1;Partially cloudy;1
291841;4dfaacb9d4c01451df566572;2017-12-08 00:00:00-05:00;4.1;0.0;17.4;-1;Partially cloudy;1
292221;59f38be7175562651c451266;2017-12-18 18:18:00-05:00;8.0;0.0;12.6;-1;Overcast;1
292374;515abd65e4b08eda86b30e6e;2018-05-21 23:23:00-04:00;18.0;0.0;11.5;-1;Partially cloudy;1
292518;57acc558498e036ce8f2b0b4;2018-09-16 22:05:00-04:00;23.1;0.0;8.8;-1;Partially cloudy;1
292650;4bab56aff964a5209ea13ae3;2018-08-11 03:13:00-04:00;23.5;1.316;5.2;rain;Rain, Overcast;1
292830;4b576d3df964a520173728e3;2018-03-30 17:54:00-04:00;10.7;0.535;16.6;rain;Rain, Overcast;1
293277;4ad35d08f964a520fae320e3;2017-12-16 22:16:00-05:00;2.4;0.0;10.9;-1;Overcast;1
293816;3fd66200f964a52093ea1ee3;2017-12-04 18:15:00-05:00;9.0;0.0;11.1;-1;Partially cloudy;1
294478;4b6b5abff964a520fb022ce3;2018-10-07 17:51:00-04:00;25.9;0.0;3.9;-1;Overcast;1
294478;507f06e9e4b0d2368fcbada4;2018-04-11 23:46:00-04:00;8.0;0.0;7.0;-1;Overcast;1
294501;507f06e9e4b0d2368fcbada4;2017-12-09 23:44:00-05:00;-0.7;0.0;11.5;rain,snow;Partially cloudy;1
294892;4a675deef964a52045c91fe3;2018-08-20 18:46:00-04:00;22.3;0.0;4.0;-1;Partially cloudy;1
294914;52eddc12498e40bb655e0d7a;2018-05-12 21:49:00-04:00;12.1;0.0;11.2;-1;Overcast;1
295010;595805658173cb5b6fa964d9;2017-12-08 22:42:00-05:00;2.0;0.0;15.2;-1;Overcast;1
295018;515f81d0e4b05d6decaaed19;2017-12-21 01:43:00-05:00;1.2;0.0;18.4;-1;Clear;1
295018;522664d311d2cee66613afbc;2017-12-21 00:11:00-05:00;1.4;0.0;12.6;-1;Clear;1
296288;49ff62f9f964a52013701fe3;2017-12-08 22:36:00-05:00;2.0;0.0;15.2;-1;Overcast;1
296288;52474974498ed4486b4e1f68;2018-01-16 19:39:00-05:00;1.0;0.0;9.8;-1;Overcast;1
296288;57acc558498e036ce8f2b0b4;2017-12-08 20:43:00-05:00;2.4;0.0;16.1;-1;Partially cloudy;1
296288;59d828f0916bc1155fde2c04;2018-01-16 21:46:00-05:00;1.0;0.0;7.2;-1;Partially cloudy;1
297145;43334580f964a52013281fe3;2017-12-20 23:06:00-05:00;2.0;0.0;12.7;-1;Partially cloudy;1
297190;3fd66200f964a52071e61ee3;2017-12-09 17:17:00-05:00;-0.5;0.884;14.4;rain,snow;Snow, Rain, Partially cloudy;1
297190;55387c1b498e4eca6482f4f5;2017-12-09 21:42:00-05:00;-0.5;0.366;10.8;rain,snow;Snow, Rain, Overcast;1
297870;42893400f964a52054231fe3;2018-04-02 17:55:00-04:00;5.7;0.0;6.7;-1;Partially cloudy;1
299182;4ae8906ef964a52071b021e3;2018-05-27 15:33:00-04:00;15.9;0.0;22.8;-1;Overcast;1
299227;4ac3f3a5f964a520989d20e3;2018-03-25 23:53:00-04:00;3.4;0.0;11.4;-1;Clear;1
299599;3fd66200f964a520d9f11ee3;2017-12-13 20:30:00-05:00;-2.5;0.0;23.9;snow;Partially cloudy;1
299599;4a807ab1f964a52067f51fe3;2017-12-13 17:33:00-05:00;-1.6;0.0;18.9;rain,snow;Clear;1
299599;501841ede4b09f5054d7bfd1;2017-12-15 22:03:00-05:00;-4.3;0.0;17.4;snow;Clear;1
299599;577c4a4a498e2c214c8f57e1;2017-12-15 17:28:00-05:00;-4.3;1.134;7.1;snow;Snow, Overcast;1
299790;4165d880f964a5207e1d1fe3;2017-12-30 20:26:00-05:00;-5.6;0.0;19.2;snow;Clear;1
299790;559ecd00498e965ccd39ea9f;2017-12-30 18:57:00-05:00;-5.6;0.0;12.0;snow;Clear;1
300315;501d3c31e4b0c3028609cc2b;2018-08-10 23:05:00-04:00;26.6;0.0;2.6;-1;Partially cloudy;1
300337;4de7987e1fc7fcfe04ac252b;2018-08-25 20:35:00-04:00;22.8;0.0;10.2;-1;Partially cloudy;1
300337;530603cd498e8a2b85eb8e50;2018-08-25 21:01:00-04:00;22.8;0.0;10.2;-1;Partially cloudy;1
300892;42893400f964a52054231fe3;2018-02-25 17:33:00-05:00;6.0;0.0;2.9;-1;Overcast;1
300892;42daf100f964a52035261fe3;2018-02-25 19:28:00-05:00;6.3;0.0;1.2;-1;Overcast;1
300892;4ab7a271f964a520477a20e3;2018-02-25 20:13:00-05:00;6.4;0.0;7.2;-1;Overcast;1
300892;4aea76b3f964a520abbb21e3;2018-02-25 21:45:00-05:00;6.3;0.0;2.4;-1;Overcast;1
300892;4afc3ba3f964a520bb2022e3;2018-02-21 01:09:00-05:00;15.3;0.0;9.8;-1;Partially cloudy;1
300892;4b40cf3df964a5206bbb25e3;2018-02-21 01:23:00-05:00;15.3;0.0;9.8;-1;Partially cloudy;1
300892;4bc72ae7af07a593909c7e2d;2018-02-25 22:26:00-05:00;6.3;0.0;2.4;-1;Overcast;1
300892;4e0e6318ae603a50b542b4ca;2018-02-21 01:19:00-05:00;15.3;0.0;9.8;-1;Partially cloudy;1
300892;4e91b8cf550342b5a4b1ad78;2018-02-25 17:35:00-05:00;6.0;0.0;2.9;-1;Overcast;1
300892;5148a373e4b06af4b8cb2a80;2018-02-25 21:37:00-05:00;6.3;0.0;2.4;-1;Overcast;1
300892;524c5b8111d22181bdd20690;2018-02-21 01:01:00-05:00;15.3;0.0;9.8;-1;Partially cloudy;1
300892;56439a7538fa2ce64d09447e;2018-02-25 21:17:00-05:00;6.3;0.0;6.0;-1;Overcast;1
300892;571fc242498ead274d034e90;2018-02-21 01:42:00-05:00;13.3;0.0;4.2;-1;Partially cloudy;1
300892;5a8cc103c0cacb230546293d;2018-02-21 00:45:00-05:00;15.3;0.0;9.8;-1;Partially cloudy;1
301824;54e771c8498e750b0dee9579;2017-12-16 21:53:00-05:00;2.4;0.0;10.9;-1;Overcast;1
301982;4a9ff5d9f964a520ba3d20e3;2017-12-18 16:50:00-05:00;7.9;0.0;6.6;-1;Overcast;1
302697;4a871eb2f964a520b20220e3;2018-06-05 17:46:00-04:00;22.5;0.0;14.8;-1;Partially cloudy;1
302697;4c128a4b1b5cef3b75c5edc4;2018-06-05 14:38:00-04:00;22.0;0.0;18.4;-1;Overcast;1
303137;4abe7f9ef964a520068e20e3;2017-12-19 18:13:00-05:00;12.7;0.0;15.3;-1;Partially cloudy;1
303137;4eb90d85722e09311d356915;2017-12-19 18:06:00-05:00;12.7;0.0;15.3;-1;Partially cloudy;1
303540;4af8f40cf964a520ab1022e3;2018-10-06 03:03:00-04:00;18.0;0.0;2.5;-1;Overcast;1
303540;4baae71df964a520118d3ae3;2018-07-21 00:53:00-04:00;22.0;0.0;11.5;-1;Partially cloudy;1
303540;4bc24023461576b056237d32;2018-06-23 03:01:00-04:00;17.6;0.0;16.1;-1;Overcast;1
303540;4c2caafb8ef52d7f823a33ba;2018-08-26 08:03:00-04:00;21.9;0.0;8.4;-1;Clear;1
303540;4fb7ef4b7b0cd3a686313d43;2017-12-22 03:29:00-05:00;2.1;0.0;3.7;-1;Partially cloudy;1
303540;52d36856498e9256064e3fe3;2017-12-29 02:48:00-05:00;-11.5;0.0;15.6;-1;Partially cloudy;1
303984;40fb0f00f964a520db0a1fe3;2017-12-30 23:48:00-05:00;-6.6;0.562;14.6;snow;Snow;1
303984;507f06e9e4b0d2368fcbada4;2017-12-31 01:38:00-05:00;-6.8;0.0;14.5;snow;Clear;1
304600;3fd66200f964a520c3e81ee3;2017-12-28 20:05:00-05:00;-9.2;0.0;25.2;-1;Clear;1
304600;50bcb93ae4b0efcb4c84d434;2017-12-27 21:17:00-05:00;-6.8;0.0;20.9;-1;Clear;1
304600;5362a2ae498e3b18c22334be;2017-12-28 17:05:00-05:00;-8.1;0.0;19.3;-1;Clear;1
304600;5467ceec498e1b95c0575e73;2017-12-27 21:50:00-05:00;-7.3;0.0;13.9;-1;Clear;1
304605;4b6b5abff964a520fb022ce3;2017-12-31 17:25:00-05:00;-10.4;0.0;14.6;-1;Clear;1
304605;4eb90d85722e09311d356915;2017-12-31 16:22:00-05:00;-9.9;0.0;19.9;-1;Partially cloudy;1
304605;515abd65e4b08eda86b30e6e;2017-12-31 17:19:00-05:00;-10.4;0.0;14.6;-1;Clear;1
305274;42893400f964a52054231fe3;2018-05-26 18:21:00-04:00;30.9;0.0;7.3;-1;Partially cloudy;1
305274;4ae9c4eaf964a52039b621e3;2018-05-26 23:17:00-04:00;26.5;0.0;0.9;-1;Partially cloudy;1
307037;4b6b5abff964a520fb022ce3;2018-02-25 17:47:00-05:00;6.0;0.0;2.9;-1;Overcast;1
307037;58801864cc5b6a14dedce689;2018-02-25 17:29:00-05:00;6.0;0.0;10.6;-1;Overcast;1
307998;4a6b17bff964a520fdcd1fe3;2018-08-09 18:01:00-04:00;30.7;0.0;13.5;-1;Partially cloudy;1
308129;42daf100f964a52035261fe3;2018-10-13 19:41:00-04:00;12.0;0.0;19.5;-1;Clear;1
308188;4eb13d68e5e8c0f5bd2fd983;2017-12-28 13:47:00-05:00;-8.0;0.0;19.7;-1;Clear;1
308301;45ae08b6f964a52079411fe3;2017-12-29 20:36:00-05:00;-7.3;0.0;17.8;-1;Clear;1
308301;560d1028498eee2df9f982f0;2018-01-21 18:57:00-05:00;9.7;0.0;4.0;-1;Overcast;1
308455;55103583498eed2d409b549a;2018-10-06 20:27:00-04:00;19.0;0.0;5.2;-1;Overcast;1
308667;42893400f964a52054231fe3;2018-09-14 13:11:00-04:00;23.1;0.0;19.9;-1;Overcast;1
308667;4a44cd95f964a5208fa71fe3;2018-09-14 14:20:00-04:00;23.4;0.0;18.0;-1;Overcast;1
308667;4a524983f964a5207fb11fe3;2018-09-14 22:13:00-04:00;22.4;0.0;9.7;-1;Overcast;1
308667;4b40cf3df964a5206bbb25e3;2018-09-08 19:22:00-04:00;17.5;0.185;12.9;rain;Rain, Overcast;1
308667;4bfacc665ec320a1932a8cd3;2018-09-13 12:13:00-04:00;22.6;0.0;14.0;-1;Overcast;1
308667;5984eeb39be522744003dee5;2018-09-14 19:25:00-04:00;23.1;0.0;14.3;-1;Overcast;1
309100;49c69954f964a52063571fe3;2018-08-08 21:15:00-04:00;28.6;0.0;4.4;-1;Partially cloudy;1
309100;4aca45d0f964a52028c120e3;2018-08-08 22:10:00-04:00;28.4;0.0;9.9;-1;Partially cloudy;1
310546;4afd9156f964a520a82822e3;2018-03-30 17:46:00-04:00;10.7;0.535;16.6;rain;Rain, Overcast;1
310546;515abd65e4b08eda86b30e6e;2018-04-01 15:51:00-04:00;13.0;0.0;16.1;rain;Partially cloudy;1
310546;5941c0abf193c012d47fc4e8;2018-03-30 15:32:00-04:00;14.1;0.0;6.5;-1;Overcast;1
310712;3fd66200f964a52034eb1ee3;2018-05-27 14:36:00-04:00;16.0;0.0;24.8;-1;Overcast;1
310712;50bcb93ae4b0efcb4c84d434;2018-05-27 20:27:00-04:00;14.7;0.0;17.2;-1;Overcast;1
310882;4bc24023461576b056237d32;2018-05-25 18:06:00-04:00;30.0;0.0;16.9;-1;Partially cloudy;1
310882;53737e92498e33fbc10950b8;2018-05-25 18:42:00-04:00;29.6;0.0;31.2;-1;Clear;1
311368;49e7ce15f964a5201d651fe3;2018-03-25 20:10:00-04:00;5.0;0.0;10.3;-1;Partially cloudy;1
311368;4dda977ad22d38ef4332c419;2018-06-22 01:38:00-04:00;21.3;0.0;9.1;-1;Partially cloudy;2
311368;539cb56e498eb12d43c89ff7;2018-08-29 22:05:00-04:00;31.2;0.0;9.2;-1;Clear;2
311368;5a27f9bcf193c025540fafb9;2018-06-21 19:29:00-04:00;27.6;0.0;8.4;-1;Partially cloudy;1
311777;4a607307f964a520c7c01fe3;2018-05-17 19:09:00-04:00;21.6;0.0;3.3;-1;Partially cloudy;1
311788;431f7f00f964a52085271fe3;2018-02-02 16:53:00-05:00;-4.6;0.0;24.9;-1;Partially cloudy;1
311788;4a97f535f964a520f92920e3;2018-02-02 16:52:00-05:00;-4.6;0.0;24.9;-1;Partially cloudy;1
311969;4a59f31df964a52095b91fe3;2018-08-13 14:31:00-04:00;23.1;0.0;19.0;-1;Overcast;1
311969;4bc24023461576b056237d32;2018-08-12 02:07:00-04:00;23.3;0.0;3.0;-1;Partially cloudy;1
311969;510ad6e2e4b0a2ecec03b322;2018-08-11 19:42:00-04:00;23.5;0.0;2.1;-1;Overcast;1
311969;57acc558498e036ce8f2b0b4;2018-08-14 00:39:00-04:00;22.8;0.0;2.4;-1;Partially cloudy;1
312011;56e7f585498ed6598b4030cd;2018-04-24 17:32:00-04:00;15.7;0.0;12.9;-1;Overcast;1
313938;42893400f964a52054231fe3;2018-06-20 19:59:00-04:00;24.5;0.0;3.7;-1;Overcast;1
313938;4c374bf80a71c9b6f2893ec9;2018-06-21 19:30:00-04:00;27.6;0.0;8.4;-1;Partially cloudy;1
313938;4eb90d85722e09311d356915;2018-06-21 17:37:00-04:00;29.0;0.0;1.8;-1;Partially cloudy;1
316283;5787b68e498efcabbebba4f8;2018-02-21 19:05:00-05:00;23.1;0.0;12.8;-1;Clear;1
316402;4aa82d21f964a520d94f20e3;2018-01-10 23:44:00-05:00;4.8;0.0;7.5;-1;Partially cloudy;1
316402;4b6d9298f964a520607d2ce3;2018-03-25 06:23:00-04:00;1.2;0.0;15.3;-1;Partially cloudy;1
316402;57218ba5498eb662eaa1e121;2018-01-11 00:38:00-05:00;5.4;0.0;6.2;-1;Partially cloudy;1
316402;5748d802498eccc4228c7fd1;2018-03-24 20:06:00-04:00;7.6;0.0;6.7;-1;Clear;1
316422;3fd66200f964a520d5e31ee3;2018-01-31 17:49:00-05:00;-0.2;0.0;10.3;-1;Partially cloudy;1
316432;42893400f964a52054231fe3;2018-03-16 18:16:00-04:00;2.5;0.0;27.0;-1;Partially cloudy;1
316432;4abe7f9ef964a520068e20e3;2018-03-16 15:03:00-04:00;3.5;0.0;25.7;-1;Partially cloudy;1
316432;4ae8906ef964a52071b021e3;2018-03-16 14:53:00-04:00;3.5;0.0;25.7;-1;Partially cloudy;1
316432;4b40cf3df964a5206bbb25e3;2018-03-16 20:12:00-04:00;1.4;0.0;25.1;-1;Clear;1
316432;4b6b5abff964a520fb022ce3;2018-03-16 15:08:00-04:00;3.5;0.0;25.7;-1;Partially cloudy;1
317137;5a3edca30a08ab7b812b8d5c;2018-01-11 16:40:00-05:00;8.8;0.0;6.3;-1;Overcast;1
317845;4137b400f964a520d11a1fe3;2018-01-13 05:33:00-05:00;13.2;0.0;14.0;-1;Overcast;1
318433;59ee2c6162420b39d0974c61;2018-01-13 18:15:00-05:00;-3.6;0.0;23.5;-1;Clear;1
319116;53a7307a498e56d9917d8f32;2018-01-14 19:08:00-05:00;-6.5;0.0;14.4;-1;Clear;1
319218;4abe7f9ef964a520068e20e3;2018-03-06 16:05:00-05:00;6.6;0.0;14.3;-1;Clear;1
320312;4b6b5abff964a520fb022ce3;2018-01-19 15:51:00-05:00;3.1;0.0;10.5;-1;Partially cloudy;1
320420;5a600bfb1acf117e45e9231d;2018-01-18 15:29:00-05:00;-0.2;0.0;16.1;-1;Clear;1
320453;4d25497a903c8cfadc33cd25;2018-02-03 01:43:00-05:00;-8.7;0.0;14.6;-1;Clear;1
320453;5591c747498e45ec0b8171f1;2018-02-03 02:23:00-05:00;-8.7;0.0;14.6;-1;Clear;1
320572;4c28c07b9fb5d13a79059a57;2018-02-07 21:31:00-05:00;3.9;0.067;20.8;rain;Rain, Overcast;1
320600;42893400f964a52054231fe3;2018-06-13 03:58:00-04:00;18.4;0.0;7.0;-1;Overcast;1
320600;57b9dda3498e876beb013404;2018-06-12 18:03:00-04:00;21.5;0.0;23.1;-1;Partially cloudy;1
320769;40fb0f00f964a520db0a1fe3;2018-01-19 23:25:00-05:00;3.9;0.0;13.1;-1;Clear;1
321321;57a240f1cd10ed172db51626;2018-08-15 20:24:00-04:00;29.1;0.0;15.9;-1;Partially cloudy;1
321421;40f1d480f964a5205b0a1fe3;2018-03-24 20:22:00-04:00;7.6;0.0;6.7;-1;Clear;1
321421;4a9bcc2ff964a5203b3520e3;2018-03-24 20:07:00-04:00;7.6;0.0;6.7;-1;Clear;1
321569;507f06e9e4b0d2368fcbada4;2018-10-11 17:44:00-04:00;21.8;5.612;3.2;rain;Rain, Overcast;1
321569;53eba911498e9b26cc64bdff;2018-10-11 17:46:00-04:00;21.8;5.612;3.2;rain;Rain, Overcast;1
321993;49fe2f8af964a5207b6f1fe3;2018-01-23 13:14:00-05:00;13.3;1.118;11.7;rain;Rain, Overcast;1
322024;4b6b5abff964a520fb022ce3;2018-10-06 18:53:00-04:00;18.6;0.0;4.4;-1;Overcast;1
322230;4af8d13cf964a520201022e3;2018-03-06 01:50:00-05:00;1.5;0.0;12.2;-1;Clear;1
322230;57c43c98498e2696b402a527;2018-03-04 21:47:00-05:00;1.5;0.0;16.1;-1;Clear;1
322230;58bb32417220e6425c43d0f4;2018-01-24 00:25:00-05:00;6.8;0.0;18.5;-1;Clear;1
322230;596fd1c94c9be6633dca5248;2018-03-06 00:25:00-05:00;2.3;0.0;12.8;-1;Clear;1
323304;4abe7f9ef964a520068e20e3;2018-07-06 12:46:00-04:00;25.2;0.867;10.2;rain;Rain, Overcast;1
323304;576c2212498e72c8c38f1ddd;2018-07-06 17:59:00-04:00;26.9;0.0;18.9;-1;Partially cloudy;1
323733;42893400f964a52054231fe3;2018-08-13 22:26:00-04:00;23.1;0.0;0.0;-1;Overcast;1
323733;4b1d6c55f964a520551024e3;2018-08-13 22:28:00-04:00;23.1;0.0;0.0;-1;Overcast;1
323741;5387d2e2498ee7f0fb1c5b41;2018-02-04 04:04:00-05:00;-0.2;0.0;23.8;-1;Overcast;1
323836;4a86e69ff964a5208a0120e3;2018-04-13 12:51:00-04:00;24.1;0.0;13.4;-1;Partially cloudy;1
323836;4beb0c83246fb713dff8abdf;2018-07-07 22:31:00-04:00;18.9;0.0;4.1;-1;Clear;1
324297;500d3cede4b0f6804faa90a8;2018-01-26 20:07:00-05:00;1.5;0.0;12.8;-1;Clear;1
324297;540d97b5498e05abd30fd5ca;2018-01-26 20:57:00-05:00;1.2;0.0;11.5;-1;Clear;1
325335;4adce358f964a520416221e3;2018-02-06 16:18:00-05:00;3.0;0.0;9.5;-1;Overcast;2
325335;4b8bd401f964a5205cad32e3;2018-02-02 00:16:00-05:00;4.7;0.721;3.0;rain;Rain, Overcast;1
325335;4d9fad057ec88cfa681c8a5a;2018-02-06 21:44:00-05:00;1.2;0.0;8.4;-1;Partially cloudy;1
325335;58a253c830ecc66c9e5b40a0;2018-01-28 14:51:00-05:00;9.8;0.0;3.6;-1;Overcast;2
325340;4a6fa0abf964a520a4d61fe3;2018-01-27 19:30:00-05:00;12.9;0.0;13.9;-1;Partially cloudy;1
325340;4abe7f9ef964a520068e20e3;2018-01-27 19:18:00-05:00;12.9;0.0;13.9;-1;Partially cloudy;1
325459;4abe7f9ef964a520068e20e3;2018-04-26 22:38:00-04:00;16.5;0.0;6.6;-1;Clear;1
325459;57f81d3c498e4e964cfff584;2018-04-26 22:56:00-04:00;16.5;0.0;6.6;-1;Clear;1
325997;5894c9a15e56b417cf79e553;2018-01-28 22:39:00-05:00;7.6;0.0;8.4;-1;Partially cloudy;1
326054;444e0033f964a52090321fe3;2018-05-28 21:51:00-04:00;16.7;0.0;4.2;-1;Overcast;1
326734;4b520135f964a520aa6027e3;2018-01-30 16:23:00-05:00;1.4;0.0;18.2;-1;Partially cloudy;1
326734;57489345498e5d2282f54eac;2018-01-30 17:46:00-05:00;-0.7;0.0;29.2;-1;Overcast;1
326817;4bbb9dbded7776b0e1ad3e51;2018-01-30 23:04:00-05:00;-3.6;0.0;15.3;-1;Clear;1
326817;50bcb93ae4b0efcb4c84d434;2018-01-31 03:48:00-05:00;-6.5;0.0;21.2;-1;Clear;1
326817;5748d802498eccc4228c7fd1;2018-01-31 01:21:00-05:00;-4.7;0.0;18.1;-1;Clear;1
327705;4c37d0f493db0f47db922092;2018-03-06 01:57:00-05:00;1.5;0.0;12.2;-1;Clear;1
327960;4b2ac07af964a520ecae24e3;2018-02-02 15:28:00-05:00;-3.4;0.0;31.0;-1;Partially cloudy;1
328624;52a5f60811d2996ed917d0c4;2018-04-18 21:28:00-04:00;10.7;0.0;13.8;-1;Clear;1
328624;53b042cf498e396ed84d1344;2018-03-29 16:06:00-04:00;11.3;0.0;8.0;-1;Overcast;1
328624;582dbaabd21e031c1a35423d;2018-03-29 14:23:00-04:00;10.4;0.0;7.5;-1;Overcast;1
328732;52eddc12498e40bb655e0d7a;2018-02-03 23:52:00-05:00;-1.1;0.0;17.4;-1;Overcast;1
328813;49f50c47f964a520896b1fe3;2018-02-19 02:30:00-05:00;2.2;0.0;6.8;-1;Clear;1
328813;4ae4bf7ef964a520bf9d21e3;2018-03-11 22:14:00-04:00;4.6;0.0;11.1;-1;Clear;1
328813;58b096c25804ea3ce7671d47;2018-02-28 19:20:00-05:00;13.4;0.0;11.7;-1;Clear;1
328857;56ddc1f8cd1028ec415bf35a;2018-03-18 23:49:00-04:00;3.5;0.0;2.7;-1;Clear;1
329283;5197cbc1498ec577cfeb6fc2;2018-04-21 15:47:00-04:00;16.4;0.0;16.7;-1;Partially cloudy;1
330273;5afe1a97c62b49002c806600;2018-07-17 16:42:00-04:00;22.4;1.879;1.2;rain;Rain, Overcast;1
330910;42893400f964a52054231fe3;2018-02-11 15:07:00-05:00;10.6;0.923;12.0;rain;Rain, Overcast;1
330910;431f7f00f964a52085271fe3;2018-02-10 16:29:00-05:00;7.8;1.688;1.7;rain;Rain, Overcast;1
330910;4b6b5abff964a520fb022ce3;2018-02-11 16:21:00-05:00;12.7;0.417;11.7;rain;Rain, Overcast;1
330910;4bddccbe6198c9b67bb911ff;2018-02-11 15:31:00-05:00;12.7;0.417;11.7;rain;Rain, Overcast;1
330910;4bfe7ed8e529c9289567bc8c;2018-02-11 17:42:00-05:00;13.9;0.866;3.3;rain;Rain, Overcast;1
330910;4c35de72452620a1ba5d270f;2018-02-11 15:50:00-05:00;12.7;0.417;11.7;rain;Rain, Overcast;1
330910;4d77976f6af42d43120282f7;2018-02-11 16:10:00-05:00;12.7;0.417;11.7;rain;Rain, Overcast;1
330910;4f392567be770642eaf79a85;2018-02-11 16:11:00-05:00;12.7;0.417;11.7;rain;Rain, Overcast;1
331188;4a2c0e75f964a52014971fe3;2018-02-10 20:52:00-05:00;7.0;2.304;1.7;rain;Rain, Overcast;1
331188;4cfbe34afeec6dcb5f344936;2018-02-10 20:35:00-05:00;7.0;2.304;1.7;rain;Rain, Overcast;1
331188;57e5755838faf76930372ec4;2018-02-10 14:34:00-05:00;7.3;2.334;6.1;rain;Rain, Overcast;1
331962;3fd66200f964a520d5e31ee3;2018-02-24 17:33:00-05:00;8.0;0.252;4.1;rain;Rain, Overcast;1
331962;4e5ecc4a52b1425a3776f4db;2018-02-24 18:29:00-05:00;8.0;0.252;4.1;rain;Rain, Overcast;1
332137;4abe7f9ef964a520068e20e3;2018-07-22 18:37:00-04:00;24.0;6.993;20.0;rain;Rain, Overcast;1
332491;4bcc5dcd3740b713d5d86365;2018-06-15 15:55:00-04:00;23.8;0.0;9.7;-1;Partially cloudy;1
332491;4bf844095ec320a1147588d3;2018-06-15 15:05:00-04:00;23.8;0.0;6.9;-1;Partially cloudy;1
332491;54295f79498e5383362811c5;2018-06-17 14:10:00-04:00;31.6;0.0;6.9;-1;Partially cloudy;1
332491;593332f9123a1963f539daa0;2018-06-15 16:23:00-04:00;23.8;0.0;9.7;-1;Partially cloudy;1
332496;5984eeb39be522744003dee5;2018-04-04 17:53:00-04:00;12.0;0.0;31.9;-1;Partially cloudy;1
332500;4116be80f964a520fc0b1fe3;2018-02-16 06:57:00-05:00;13.2;0.048;10.4;rain;Rain, Overcast;1
333131;4a81c3c6f964a52080f71fe3;2018-03-09 00:21:00-05:00;0.8;0.0;12.9;-1;Overcast;1
333387;540d97b5498e05abd30fd5ca;2018-04-22 23:56:00-04:00;10.6;0.0;3.7;-1;Clear;1
335043;3fd66200f964a5203eea1ee3;2018-02-17 23:51:00-05:00;0.6;1.224;7.0;rain,snow;Snow, Rain, Overcast;1
335043;50bcb93ae4b0efcb4c84d434;2018-02-17 22:16:00-05:00;0.6;2.812;5.9;rain,snow;Snow, Rain, Overcast;1
335535;4bddccbe6198c9b67bb911ff;2018-10-02 15:16:00-04:00;25.3;0.0;7.9;-1;Partially cloudy;1
335535;4d3a0ea9325ff04d4a491845;2018-10-02 14:49:00-04:00;25.3;0.0;7.9;-1;Partially cloudy;1
335540;4b41442ef964a5205bc425e3;2018-02-25 16:13:00-05:00;5.7;0.0;17.0;-1;Overcast;1
336511;54b9346d498ef55d203d8696;2018-02-22 00:12:00-05:00;14.9;0.0;11.5;-1;Overcast;1
336543;49ccd495f964a52091591fe3;2018-02-22 14:06:00-05:00;5.8;0.208;17.8;rain;Rain, Overcast;1
336726;4abe7f9ef964a520068e20e3;2018-03-23 20:15:00-04:00;7.0;0.0;19.8;-1;Overcast;1
337420;4c374bf80a71c9b6f2893ec9;2018-09-17 16:59:00-04:00;24.2;0.0;17.4;-1;Partially cloudy;1
337420;4ee3cf579a52c1dad9af95b5;2018-09-17 23:44:00-04:00;24.1;0.185;7.0;rain;Rain, Overcast;1
337523;4f22ca77e4b0ed3396a83a05;2018-05-12 16:33:00-04:00;14.4;0.0;10.5;-1;Overcast;1
337523;515abd65e4b08eda86b30e6e;2018-05-12 14:34:00-04:00;14.5;0.0;9.2;-1;Overcast;1
337523;559ecd00498e965ccd39ea9f;2018-05-12 18:25:00-04:00;13.5;0.143;12.2;rain;Rain, Overcast;1
340083;583af456ce593d41644bd7a6;2018-04-08 14:39:00-04:00;6.7;0.0;18.4;-1;Partially cloudy;1
340997;4a5d19b7f964a52032bd1fe3;2018-03-06 03:17:00-05:00;1.5;0.0;10.5;-1;Clear;1
340997;4a5e6955f964a52085be1fe3;2018-03-05 19:03:00-05:00;4.0;0.0;14.8;-1;Clear;1
340997;507f06e9e4b0d2368fcbada4;2018-03-05 22:16:00-05:00;3.0;0.0;13.9;-1;Clear;1
340997;574456e5498e39c73d234da1;2018-03-05 20:21:00-05:00;3.5;0.0;14.9;-1;Clear;1
341035;42893400f964a52054231fe3;2018-03-16 15:44:00-04:00;3.1;0.0;31.3;-1;Partially cloudy;1
341037;4a4f8656f964a52063af1fe3;2018-03-20 01:22:00-04:00;2.4;0.0;10.0;-1;Partially cloudy;1
341037;4ad603f1f964a520790421e3;2018-03-19 18:14:00-04:00;7.6;0.0;12.0;-1;Partially cloudy;2
341037;4af8f40cf964a520ab1022e3;2018-03-20 02:09:00-04:00;1.7;0.0;12.3;-1;Partially cloudy;2
341037;59614fc15c68383973e85d14;2018-03-15 18:03:00-04:00;6.4;0.0;18.7;-1;Partially cloudy;1
341936;3fd66200f964a5206fe61ee3;2018-05-12 21:32:00-04:00;12.1;0.0;11.2;-1;Overcast;1
342273;431f7f00f964a52085271fe3;2018-09-27 13:33:00-04:00;21.2;0.0;5.3;-1;Partially cloudy;1
342273;49c02175f964a5204b551fe3;2018-09-27 14:07:00-04:00;21.2;0.0;5.3;-1;Partially cloudy;1
342273;4ab7a271f964a520477a20e3;2018-09-27 13:57:00-04:00;21.2;0.0;5.3;-1;Partially cloudy;1
342363;480f463ef964a5202a4f1fe3;2018-03-10 22:42:00-05:00;2.4;0.0;12.7;-1;Partially cloudy;1
344144;509fd01de4b070da0a9d3c24;2018-07-01 18:35:00-04:00;32.8;0.0;9.4;-1;Clear;1
345423;4a623abff964a52071c31fe3;2018-09-15 19:52:00-04:00;22.5;0.0;7.7;-1;Clear;1
345423;4ae8906ef964a52071b021e3;2018-09-15 20:02:00-04:00;22.5;0.0;7.7;-1;Clear;1
345423;4c374bf80a71c9b6f2893ec9;2018-09-15 19:16:00-04:00;23.2;0.0;11.8;-1;Clear;1
345485;4b6c221df964a52070252ce3;2018-03-14 12:23:00-04:00;3.9;0.0;20.1;-1;Partially cloudy;1
345485;4cdac798d6656a315f36fc3e;2018-03-14 12:11:00-04:00;3.9;0.0;20.1;-1;Partially cloudy;1
347982;4b6b5abff964a520fb022ce3;2018-08-11 17:18:00-04:00;23.3;0.952;9.2;rain;Rain, Overcast;1
348001;52eddc12498e40bb655e0d7a;2018-05-06 01:12:00-04:00;19.1;0.0;10.9;-1;Overcast;1
349530;4b996536f964a520467835e3;2018-05-23 16:15:00-04:00;26.0;0.0;7.5;-1;Partially cloudy;1
349607;42893400f964a52054231fe3;2018-04-05 16:09:00-04:00;7.3;0.0;32.7;-1;Partially cloudy;1
349607;5941c0abf193c012d47fc4e8;2018-04-04 14:33:00-04:00;12.9;0.067;29.1;rain;Rain, Overcast;1
350519;4b40cf3df964a5206bbb25e3;2018-03-31 14:58:00-04:00;13.4;0.0;14.6;-1;Clear;1
350519;4b996536f964a520467835e3;2018-03-31 14:55:00-04:00;13.4;0.0;14.6;-1;Clear;1
350519;4bd716bd6798ef3b382c668d;2018-03-27 18:28:00-04:00;5.6;0.0;10.2;-1;Partially cloudy;1
350519;4c374bf80a71c9b6f2893ec9;2018-03-31 14:30:00-04:00;12.7;0.0;7.2;-1;Clear;1
350519;515abd65e4b08eda86b30e6e;2018-03-27 19:23:00-04:00;5.4;0.0;7.4;-1;Overcast;1
350560;4b6b5abff964a520fb022ce3;2018-03-27 20:04:00-04:00;5.4;0.0;4.5;-1;Overcast;1
350560;579c12cd498e6e815b3acf50;2018-03-27 20:14:00-04:00;5.4;0.0;4.5;-1;Overcast;1
351369;579c12cd498e6e815b3acf50;2018-07-22 16:41:00-04:00;25.1;0.0;14.0;-1;Overcast;1
352093;4a8d57e7f964a5207c0f20e3;2018-05-17 04:07:00-04:00;13.2;0.08;9.6;rain;Rain, Overcast;1
352880;4b4a5eb9f964a5209a8526e3;2018-04-06 21:31:00-04:00;12.9;0.0;3.7;-1;Partially cloudy;1
352880;4bff2f9b369476b0ba8a8d1f;2018-04-21 23:52:00-04:00;11.9;0.0;14.1;-1;Partially cloudy;1
352880;4c77e85ad3296dcb095d5366;2018-04-06 21:37:00-04:00;12.9;0.0;3.7;-1;Partially cloudy;1
352880;554a4688498eca79568879dd;2018-04-23 12:48:00-04:00;17.0;0.0;12.2;-1;Clear;3
352880;56c4a2bdcd10152bd6e1f17f;2018-04-23 14:33:00-04:00;17.6;0.0;10.7;-1;Clear;3
352880;5a442062a9fe12411afbc20c;2018-04-19 21:36:00-04:00;4.7;0.0;16.6;-1;Partially cloudy;1
353099;4bf844095ec320a1147588d3;2018-04-05 20:15:00-04:00;5.8;0.0;16.7;-1;Clear;1
353099;507e0b2e011ca7f458d10d2f;2018-04-05 17:55:00-04:00;6.8;0.0;17.4;-1;Partially cloudy;1
353388;42893400f964a52054231fe3;2018-04-14 18:45:00-04:00;12.7;0.0;15.7;-1;Partially cloudy;1
353388;4c42383fff711b8dbe381305;2018-04-14 16:54:00-04:00;18.0;0.0;19.1;-1;Clear;1
353634;4a663a8ef964a5203ec81fe3;2018-07-31 18:30:00-04:00;24.7;0.0;18.4;-1;Partially cloudy;1
354517;579607a3498e62c81b38aa75;2018-04-21 21:29:00-04:00;14.0;0.0;11.3;-1;Partially cloudy;1
354856;4abe7f9ef964a520068e20e3;2018-04-09 21:48:00-04:00;6.1;0.0;13.7;-1;Overcast;1
354856;4bc72ae7af07a593909c7e2d;2018-04-09 19:16:00-04:00;5.2;0.0;6.1;-1;Overcast;1
355153;42daf100f964a52035261fe3;2018-04-28 16:17:00-04:00;18.3;0.0;12.7;-1;Clear;1
355153;49f220a3f964a520ee691fe3;2018-04-28 22:00:00-04:00;12.5;0.42;12.1;rain;Rain, Overcast;1
355153;4a372daef964a5203a9e1fe3;2018-05-12 20:37:00-04:00;12.4;0.0;9.3;-1;Overcast;1
355578;4c7c5699aa3ba0938c9eaa74;2018-05-03 23:58:00-04:00;23.3;0.0;2.6;-1;Partially cloudy;1
355578;53f8bf14498e7dfcd2d9df48;2018-04-29 16:20:00-04:00;13.4;0.0;19.3;-1;Partially cloudy;1
355578;56ad8486498e66c8883eaf32;2018-04-14 00:47:00-04:00;19.2;0.0;11.7;-1;Clear;1
355578;57470da2498ed71d9912da41;2018-05-05 14:22:00-04:00;23.4;0.0;3.2;-1;Partially cloudy;1
355578;58fdf5ec6cf01a4f54c7792b;2018-05-05 15:26:00-04:00;23.7;0.0;1.8;-1;Partially cloudy;1
355665;564a86c8498ea245a802f0d1;2018-05-03 18:36:00-04:00;31.4;0.0;16.6;-1;Partially cloudy;1
355665;579607a3498e62c81b38aa75;2018-05-17 00:25:00-04:00;13.6;0.023;4.8;rain;Rain, Overcast;1
355986;5b5ca54722d490002c8d4de5;2018-09-03 21:58:00-04:00;28.9;0.0;8.1;-1;Clear;1
356272;521cad4011d2a9c6e2c198ae;2018-04-20 23:06:00-04:00;5.8;0.0;7.1;-1;Clear;1
356747;5385a684498e2379f61a25a1;2018-06-06 13:28:00-04:00;21.0;0.0;8.8;-1;Partially cloudy;1
356747;55552421498e3fa10a74e4e6;2018-04-22 19:28:00-04:00;13.8;0.0;15.2;-1;Clear;1
356747;57218ba5498eb662eaa1e121;2018-04-22 21:02:00-04:00;12.0;0.0;11.3;-1;Clear;1
356747;5925bd2d4c954c35f9757608;2018-05-21 15:15:00-04:00;25.4;0.0;5.4;-1;Partially cloudy;1
356760;3fd66200f964a52095e61ee3;2018-04-14 21:44:00-04:00;10.3;0.0;18.5;-1;Overcast;1
356760;45e5c256f964a52046431fe3;2018-04-14 20:36:00-04:00;11.2;0.0;23.9;-1;Overcast;1
357382;4b0c5736f964a5207a3b23e3;2018-04-23 16:26:00-04:00;16.7;0.0;14.5;-1;Clear;1
357382;4bd763f30b779c74411005a0;2018-04-23 17:46:00-04:00;13.5;0.0;18.4;-1;Clear;1
357382;4c545b1b479fc9280e360293;2018-04-23 15:06:00-04:00;17.6;0.0;10.7;-1;Clear;1
357681;4a149749f964a52055781fe3;2018-07-15 15:31:00-04:00;27.3;0.0;9.5;-1;Partially cloudy;1
357681;4b929790f964a5209a0734e3;2018-07-15 17:54:00-04:00;28.7;0.0;11.0;-1;Partially cloudy;1
357698;42893400f964a52054231fe3;2018-05-31 21:36:00-04:00;18.4;0.0;3.3;-1;Overcast;1
358094;57a240f1cd10ed172db51626;2018-04-19 15:52:00-04:00;6.9;0.351;17.0;rain;Rain, Partially cloudy;1
358094;57f4fb59498efaaab7345b34;2018-04-19 15:06:00-04:00;5.8;1.131;21.8;rain;Rain, Overcast;1
358483;4abe7f9ef964a520068e20e3;2018-04-20 20:09:00-04:00;6.9;0.0;19.2;-1;Clear;1
358514;4b60c708f964a520d0f829e3;2018-04-21 02:43:00-04:00;4.6;0.0;10.6;-1;Clear;1
358521;4a663a8ef964a5203ec81fe3;2018-08-03 20:39:00-04:00;25.9;0.0;8.7;-1;Partially cloudy;1
358521;4b6b5abff964a520fb022ce3;2018-08-03 19:13:00-04:00;25.8;0.0;8.8;-1;Partially cloudy;1
361320;4abe7f9ef964a520068e20e3;2018-06-09 10:46:00-04:00;24.0;0.0;6.8;-1;Clear;1
361365;4b6b5abff964a520fb022ce3;2018-05-12 19:48:00-04:00;12.5;0.88;10.1;rain;Rain, Overcast;1
361403;501d3c31e4b0c3028609cc2b;2018-05-02 13:43:00-04:00;31.2;0.0;19.2;-1;Partially cloudy;1
361650;4a675deef964a52045c91fe3;2018-05-02 20:11:00-04:00;28.7;0.0;16.5;-1;Partially cloudy;1
361650;4c35de72452620a1ba5d270f;2018-05-02 17:23:00-04:00;31.4;0.0;20.0;-1;Partially cloudy;1
362030;42893400f964a52054231fe3;2018-08-19 14:38:00-04:00;21.7;0.0;10.6;-1;Overcast;1
362030;42daf100f964a52035261fe3;2018-08-19 14:04:00-04:00;21.8;0.0;12.1;-1;Overcast;1
362281;4a3c088df964a5200ba11fe3;2018-07-05 16:59:00-04:00;30.0;0.0;13.1;-1;Clear;1
362281;4fbbd9ede4b0756c0d4c2364;2018-07-05 14:20:00-04:00;31.2;0.0;8.1;-1;Partially cloudy;1
363462;4f22cc3fe4b0e1207fe7c676;2018-06-01 18:11:00-04:00;26.7;0.0;7.7;-1;Partially cloudy;1
363462;537b5258498e262a54b47216;2018-06-15 12:09:00-04:00;22.0;0.0;11.9;-1;Overcast;2
363462;5703eda0498eeba8f55d5bb8;2018-06-01 18:16:00-04:00;26.7;0.0;7.7;-1;Partially cloudy;1
363462;5b84007ba2c00b002c54b592;2018-08-28 18:26:00-04:00;33.3;0.0;14.8;-1;Partially cloudy;1
363536;540d97b5498e05abd30fd5ca;2018-05-08 19:48:00-04:00;16.4;0.0;10.7;-1;Clear;1
363536;5474aaee498e92bfb294f15c;2018-05-08 18:28:00-04:00;19.3;0.0;10.7;-1;Clear;2
363536;570f9d9f498e2930e33ef486;2018-05-08 14:06:00-04:00;21.6;0.0;14.8;-1;Clear;2
363536;57ae0be1cd100274743d07df;2018-05-08 14:18:00-04:00;21.6;0.0;14.8;-1;Clear;1
363751;49bd4d49f964a52065541fe3;2018-05-20 15:27:00-04:00;27.2;0.0;11.2;-1;Partially cloudy;1
363751;528d3763498e3be0efe0d555;2018-08-08 22:27:00-04:00;28.4;0.0;9.9;-1;Partially cloudy;1
363751;52ac8847498e1390ec3ab77e;2018-05-19 12:08:00-04:00;11.9;0.747;13.3;rain;Rain, Overcast;2
363751;53c6bdaf498e69023fc5ff4f;2018-05-20 14:30:00-04:00;26.7;0.0;16.7;-1;Overcast;1
363991;4a149749f964a52055781fe3;2018-09-26 16:46:00-04:00;27.7;0.0;7.4;-1;Partially cloudy;1
363991;4b6b5abff964a520fb022ce3;2018-09-26 13:39:00-04:00;26.6;0.0;14.2;-1;Overcast;1
364214;4d01634c527e236ac073c285;2018-05-09 21:33:00-04:00;14.5;0.0;3.9;-1;Clear;1
364714;480f463ef964a5202a4f1fe3;2018-05-11 03:02:00-04:00;16.3;0.0;2.5;-1;Partially cloudy;1
364848;42893400f964a52054231fe3;2018-05-12 18:13:00-04:00;13.5;0.143;12.2;rain;Rain, Overcast;1
364848;4bb92a9453649c74dacb47fb;2018-05-12 22:14:00-04:00;12.1;0.0;11.2;-1;Overcast;1
364848;4c35de72452620a1ba5d270f;2018-05-12 15:17:00-04:00;14.5;0.0;9.2;-1;Overcast;1
365742;4a6fa0abf964a520a4d61fe3;2018-06-22 21:37:00-04:00;19.9;0.0;6.2;-1;Partially cloudy;1
365742;4c35de72452620a1ba5d270f;2018-06-22 17:52:00-04:00;21.8;0.0;13.6;-1;Partially cloudy;1
365742;576c2212498e72c8c38f1ddd;2018-06-22 21:35:00-04:00;19.9;0.0;6.2;-1;Partially cloudy;1
365742;593a877b6fd6265aed8d8ac9;2018-06-22 17:32:00-04:00;21.8;0.0;13.6;-1;Partially cloudy;1
366785;503fffabe4b05e5c0eace385;2018-07-29 01:28:00-04:00;24.7;0.0;7.0;-1;Partially cloudy;1
366785;5771fda2498e387fcf93d765;2018-07-28 18:11:00-04:00;28.2;0.0;9.3;-1;Partially cloudy;1
367626;5362a2ae498e3b18c22334be;2018-05-26 00:08:00-04:00;25.7;0.0;18.9;-1;Clear;1
367626;5a5a4767c9a51738665829cf;2018-05-26 00:16:00-04:00;25.7;0.0;18.9;-1;Clear;1
367993;4ae8906ef964a52071b021e3;2018-05-25 17:58:00-04:00;30.0;0.0;16.9;-1;Partially cloudy;1
367993;5ae107ba4c9be6002c090b33;2018-05-28 14:31:00-04:00;19.6;0.0;6.3;-1;Overcast;1
369011;4a2f3322f964a520b6981fe3;2018-06-13 00:52:00-04:00;18.3;0.0;11.6;-1;Partially cloudy;1
369809;5260016311d2841d5c2d7cb7;2018-06-01 23:07:00-04:00;22.3;0.0;2.1;-1;Partially cloudy;1
369830;4c98d854d799a1cd97b6b552;2018-06-02 00:36:00-04:00;22.0;4.243;2.6;rain;Rain, Partially cloudy;1
369830;58801864cc5b6a14dedce689;2018-06-02 14:52:00-04:00;30.4;0.0;13.9;-1;Partially cloudy;1
369901;4b6d9298f964a520607d2ce3;2018-06-02 01:30:00-04:00;22.0;4.243;2.6;rain;Rain, Partially cloudy;1
370735;54f27deb498e47a670f5e399;2018-06-16 16:24:00-04:00;28.7;0.0;7.2;-1;Clear;1
371109;4a6dea38f964a52052d31fe3;2018-08-18 16:06:00-04:00;29.6;0.067;14.2;rain;Rain, Partially cloudy;1
373177;4aedf3c0f964a52096d021e3;2018-06-15 14:41:00-04:00;23.8;0.0;6.9;-1;Partially cloudy;1
373677;3fd66200f964a5202ce71ee3;2018-08-18 20:21:00-04:00;23.6;0.312;4.2;rain;Rain, Overcast;1
373677;4a96f137f964a520a02720e3;2018-06-16 14:58:00-04:00;28.4;0.0;12.9;-1;Clear;1
373677;4b829e60f964a52007db30e3;2018-08-18 17:44:00-04:00;27.3;0.0;23.4;-1;Overcast;1
373677;4ba4215ff964a5208f8438e3;2018-07-15 19:30:00-04:00;27.8;0.0;10.8;-1;Clear;1
373677;5930b23fa0215b58b023f230;2018-06-16 18:21:00-04:00;28.9;0.0;4.5;-1;Partially cloudy;1
374310;42893400f964a52054231fe3;2018-06-17 20:37:00-04:00;26.4;0.0;4.3;-1;Partially cloudy;1
374834;5a25d4e6e65d0c0638925679;2018-06-27 21:29:00-04:00;21.6;0.0;18.7;-1;Overcast;1
374864;4c7d4f1b8da18cfa1afc9ece;2018-08-16 23:30:00-04:00;28.5;0.0;5.1;-1;Clear;1
374960;4a75e7aef964a52098e11fe3;2018-06-23 15:18:00-04:00;17.9;0.0;11.9;-1;Overcast;1
374960;53b2aa81498e6744c355ec9f;2018-06-29 17:18:00-04:00;31.7;0.0;15.6;-1;Clear;1
374960;58fd2804f79faa1c9cb04e81;2018-06-23 15:48:00-04:00;18.6;0.0;12.7;-1;Overcast;1
375812;3fd66200f964a52044e91ee3;2018-07-22 20:11:00-04:00;23.8;0.115;14.2;rain;Rain, Overcast;1
375812;49c65f17f964a5203c571fe3;2018-07-09 01:31:00-04:00;20.2;0.0;6.9;-1;Clear;1
375812;4bd9259267b49c7480832214;2018-06-24 15:54:00-04:00;27.6;0.0;13.2;-1;Partially cloudy;1
375812;534812c9498ea391fbd552eb;2018-07-22 20:41:00-04:00;24.5;3.832;16.6;rain;Rain, Overcast;2
375812;5a382327dee7707dd4842ab8;2018-06-23 18:24:00-04:00;18.7;0.0;7.1;-1;Overcast;1
376414;3fd66200f964a52037e31ee3;2018-08-08 04:21:00-04:00;25.1;0.0;3.3;-1;Clear;2
376414;4d03ae3437036dcbfba10bfb;2018-07-27 04:08:00-04:00;25.4;0.0;8.4;-1;Clear;1
376465;4d0a945ef2c1236a74ccfc56;2018-06-29 13:33:00-04:00;31.0;0.0;12.8;-1;Clear;1
376465;4e0f2be5c65ba20da2275120;2018-06-29 19:21:00-04:00;30.6;0.0;13.4;-1;Partially cloudy;1
376465;56d1c7e2cd105fe2c5c705b6;2018-06-29 20:01:00-04:00;30.3;0.0;6.2;-1;Clear;1
376465;596e8fbd6f706a4c51646b72;2018-06-29 21:36:00-04:00;28.2;0.0;8.8;-1;Partially cloudy;1
377367;4a47e9f5f964a52048aa1fe3;2018-06-28 23:12:00-04:00;24.5;0.0;9.5;-1;Clear;1
377367;4ac2d629f964a520d79a20e3;2018-06-28 23:28:00-04:00;24.5;0.0;9.5;-1;Clear;1
377367;57755749498ea36b4bc9a775;2018-06-28 23:06:00-04:00;24.5;0.0;9.5;-1;Clear;1
377850;3fd66200f964a520b2ea1ee3;2018-07-24 23:10:00-04:00;25.1;0.0;12.2;-1;Overcast;1
377926;42893400f964a52054231fe3;2018-06-30 17:40:00-04:00;33.7;0.0;9.2;-1;Clear;1
377926;4a44cd95f964a5208fa71fe3;2018-06-30 20:21:00-04:00;32.0;0.0;11.3;-1;Clear;1
378663;4d617fdfb6b9a1cd8d098851;2018-07-04 21:25:00-04:00;26.6;0.0;7.7;-1;Partially cloudy;1
378663;5459292b498e72e209527504;2018-07-03 10:49:00-04:00;31.7;0.0;7.1;-1;Clear;1
378941;57acc558498e036ce8f2b0b4;2018-07-04 17:41:00-04:00;28.2;0.0;5.0;-1;Partially cloudy;1
379394;42893400f964a52054231fe3;2018-09-02 21:56:00-04:00;24.7;0.0;4.8;-1;Partially cloudy;1
379394;4a00def5f964a520b9701fe3;2018-08-26 21:29:00-04:00;27.5;0.0;12.2;-1;Partially cloudy;1
379394;4bd8feaae914a593356d55fa;2018-09-02 21:38:00-04:00;24.7;0.0;4.8;-1;Partially cloudy;1
379658;5b05dae2ee628b002d09c160;2018-09-15 14:04:00-04:00;25.7;0.0;7.6;-1;Partially cloudy;1
380329;40f5c900f964a520a30a1fe3;2018-08-11 20:26:00-04:00;23.5;0.0;2.1;-1;Overcast;1
380538;564145c5498eaae7ad4028da;2018-10-16 23:03:00-04:00;10.8;0.0;19.9;-1;Partially cloudy;1
380538;57470da2498ed71d9912da41;2018-10-19 18:49:00-04:00;13.7;0.0;23.7;-1;Partially cloudy;1
380931;4a118d01f964a52023771fe3;2018-08-18 21:25:00-04:00;23.6;0.067;6.9;rain;Rain, Overcast;1
380931;4b996536f964a520467835e3;2018-08-18 21:31:00-04:00;23.5;0.0;10.1;-1;Overcast;1
380931;59287ec99cadd905284e4052;2018-09-29 19:52:00-04:00;19.2;0.0;9.5;-1;Partially cloudy;1
380931;59822ae4e97dfb6a1519825b;2018-09-29 18:07:00-04:00;21.2;0.0;14.8;-1;Partially cloudy;2
381270;57ab90ca498e7d61e13a6985;2018-08-04 02:07:00-04:00;25.0;0.0;12.1;-1;Partially cloudy;1
381449;49f220a3f964a520ee691fe3;2018-07-15 17:13:00-04:00;28.6;0.0;7.9;-1;Partially cloudy;1
381449;4ad35d08f964a520fae320e3;2018-07-15 18:53:00-04:00;27.8;0.0;10.8;-1;Clear;1
381500;4b6b5abff964a520fb022ce3;2018-07-21 20:18:00-04:00;21.2;0.08;22.5;rain;Rain, Overcast;1
381500;50ca02c7245f2d4aa8c2cc9b;2018-07-22 14:52:00-04:00;26.2;0.0;14.0;-1;Overcast;1
381500;510ad6e2e4b0a2ecec03b322;2018-07-22 03:25:00-04:00;22.6;2.39;38.4;rain;Rain, Overcast;1
381794;4b40cf3df964a5206bbb25e3;2018-08-07 21:34:00-04:00;24.2;0.0;7.5;-1;Partially cloudy;1
381794;559ecd00498e965ccd39ea9f;2018-08-07 19:22:00-04:00;29.6;0.0;7.0;-1;Partially cloudy;1
382024;4abe7f9ef964a520068e20e3;2018-10-19 18:00:00-04:00;13.5;0.0;17.9;-1;Partially cloudy;1
382024;58801864cc5b6a14dedce689;2018-10-19 19:51:00-04:00;13.5;0.0;19.6;-1;Partially cloudy;1
382264;4a807ab1f964a52067f51fe3;2018-09-18 02:17:00-04:00;24.0;0.0;8.2;-1;Overcast;1
384032;42893400f964a52054231fe3;2018-07-30 02:06:00-04:00;23.7;0.0;3.3;-1;Clear;1
385219;43334580f964a52013281fe3;2018-08-02 18:16:00-04:00;29.7;0.0;6.6;-1;Partially cloudy;1
385453;49bc236af964a5201b541fe3;2018-07-31 00:08:00-04:00;21.5;0.0;1.7;-1;Clear;1
385794;4a675deef964a52045c91fe3;2018-09-01 19:45:00-04:00;22.5;0.0;6.4;-1;Partially cloudy;1
385794;4b3abe48f964a520b96d25e3;2018-09-01 22:13:00-04:00;22.0;0.0;7.0;-1;Overcast;1
385794;4e70a36d922e8e01baadf45c;2018-09-01 18:55:00-04:00;23.3;0.0;5.9;-1;Overcast;1
385919;4abe7f9ef964a520068e20e3;2018-08-20 21:49:00-04:00;22.0;0.0;3.3;-1;Overcast;1
385919;4b996536f964a520467835e3;2018-08-20 19:56:00-04:00;21.7;0.0;2.6;-1;Partially cloudy;1
385919;4c1164576e5dc9b69506b02d;2018-08-20 22:37:00-04:00;21.6;0.0;7.6;-1;Partially cloudy;1
386604;4f22ca77e4b0ed3396a83a05;2018-08-04 21:46:00-04:00;27.6;0.0;8.2;-1;Partially cloudy;1
386604;4fadc40de4b0efef5e702b95;2018-08-04 22:54:00-04:00;27.1;0.0;4.9;-1;Partially cloudy;1
386604;556cb8c6498e751e51fbcf41;2018-08-04 22:05:00-04:00;27.6;0.0;8.2;-1;Partially cloudy;1
387076;571fc242498ead274d034e90;2018-08-08 20:00:00-04:00;28.6;0.0;8.7;-1;Partially cloudy;1
388492;4a4115a8f964a520c0a41fe3;2018-08-12 18:58:00-04:00;26.4;0.0;10.0;-1;Partially cloudy;1
388511;4c154c9a77cea593c401d260;2018-09-26 22:30:00-04:00;22.8;1.782;16.8;rain;Rain, Overcast;1
388511;4c374bf80a71c9b6f2893ec9;2018-10-03 19:20:00-04:00;21.5;0.0;8.2;-1;Clear;2
388511;5453da03498eb158b5bbb37d;2018-09-18 18:01:00-04:00;22.2;0.0;8.1;-1;Partially cloudy;1
388511;560d1028498eee2df9f982f0;2018-10-04 18:58:00-04:00;23.3;0.0;3.0;-1;Overcast;1
388511;57224166498e768a5d14d00e;2018-09-27 15:32:00-04:00;22.1;0.0;10.3;-1;Partially cloudy;3
388511;575dea4c498e2739e43a27e2;2018-08-19 23:48:00-04:00;21.9;0.0;12.5;-1;Overcast;1
388511;5824f9a470fc420660d82754;2018-09-23 20:00:00-04:00;18.1;0.0;3.8;-1;Overcast;1
388511;584067e6b50d521817d726a1;2018-09-25 18:39:00-04:00;22.8;1.517;4.0;rain;Rain, Overcast;1
388511;590a00e74febd55af43a8267;2018-09-21 22:59:00-04:00;22.0;0.0;9.4;-1;Overcast;1
390302;4a4eb977f964a520f8ae1fe3;2018-09-03 00:08:00-04:00;25.0;0.0;9.1;-1;Overcast;1
390302;4f6a28d5e4b085e9a4b3c5e1;2018-10-07 19:55:00-04:00;25.0;0.0;0.9;-1;Clear;1
390302;5418490f498e4d3bb75c7bcc;2018-10-14 16:04:00-04:00;14.1;0.0;13.3;-1;Partially cloudy;1
390302;5b09e1d459c423002c07fe5a;2018-09-05 17:45:00-04:00;29.0;0.0;11.9;-1;Clear;1
391124;3fd66200f964a52033eb1ee3;2018-09-11 23:38:00-04:00;22.9;0.0;1.2;-1;Overcast;1
391124;3fd66200f964a5206be61ee3;2018-08-26 03:56:00-04:00;21.7;0.0;2.9;-1;Partially cloudy;1
391124;3fd66200f964a520ede41ee3;2018-09-11 22:57:00-04:00;22.8;0.0;2.6;-1;Overcast;2
391124;49c65aa8f964a52038571fe3;2018-08-26 01:31:00-04:00;21.5;0.0;5.4;-1;Partially cloudy;1
391124;49f39795f964a520bd6a1fe3;2018-08-29 20:39:00-04:00;32.2;0.0;11.8;-1;Clear;1
391124;4b40cf3df964a5206bbb25e3;2018-08-30 22:08:00-04:00;28.0;0.0;9.8;-1;Partially cloudy;1
391124;4b55cd09f964a520acf027e3;2018-08-30 22:40:00-04:00;27.4;0.0;10.0;-1;Partially cloudy;1
391124;4bf1ae60324cc9b6b652cc92;2018-09-12 22:34:00-04:00;22.5;0.0;14.3;-1;Overcast;1
391124;53a5f4f0498e1d1f0be9ad8e;2018-08-29 19:24:00-04:00;33.1;0.0;15.0;-1;Clear;1
391124;560d4a8e498e4a741d8a2c89;2018-08-31 22:02:00-04:00;22.4;0.0;19.3;-1;Overcast;1
391124;59ad9de7d3cce86105d77b45;2018-09-13 00:47:00-04:00;21.9;0.0;15.9;-1;Overcast;1
391124;59bbdbda26659b702aa26472;2018-09-11 21:28:00-04:00;22.6;0.0;2.4;-1;Overcast;1
391585;4ae8906ef964a52071b021e3;2018-09-27 16:52:00-04:00;20.8;0.0;11.0;-1;Partially cloudy;1
391585;4c374bf80a71c9b6f2893ec9;2018-10-17 16:51:00-04:00;16.4;0.0;30.3;-1;Partially cloudy;1
391585;5824f9a470fc420660d82754;2018-09-30 23:11:00-04:00;18.6;0.0;4.0;-1;Clear;1
391585;5985db5e4420d80bedd5e6ef;2018-09-13 17:37:00-04:00;23.6;0.0;14.8;-1;Overcast;1
391880;4a59f31df964a52095b91fe3;2018-08-30 11:36:00-04:00;30.3;0.0;24.1;-1;Partially cloudy;1
391880;4e11f28ed1647a0fff851926;2018-08-30 16:27:00-04:00;30.8;0.0;15.6;-1;Partially cloudy;1
391880;4e1bc07fa809bd1305bff584;2018-08-30 16:44:00-04:00;30.7;0.0;10.1;-1;Clear;1
391880;540dad2e498ee75cf362403a;2018-08-30 12:20:00-04:00;30.3;0.0;24.1;-1;Partially cloudy;1
392719;431f7f00f964a52085271fe3;2018-10-03 14:55:00-04:00;23.5;0.0;11.3;-1;Partially cloudy;2
392719;5984eeb39be522744003dee5;2018-10-01 22:32:00-04:00;22.2;0.0;3.4;-1;Overcast;1
393003;49d14433f964a5206c5b1fe3;2018-09-10 21:33:00-04:00;17.8;0.913;18.8;rain;Rain, Overcast;1
393003;57470da2498ed71d9912da41;2018-09-10 22:06:00-04:00;17.8;0.913;18.8;rain;Rain, Overcast;1
393134;4e1afc327d8bb17ec6399698;2018-09-11 17:56:00-04:00;23.1;0.0;7.3;-1;Overcast;1
393240;4ad46a75f964a520cde720e3;2018-09-06 15:59:00-04:00;33.7;0.0;24.6;-1;Partially cloudy;1
393412;4bc24023461576b056237d32;2018-09-13 15:53:00-04:00;23.6;0.0;16.9;-1;Overcast;1
393412;4ddd27fe22713339cd2601e9;2018-09-13 15:44:00-04:00;23.6;0.0;16.9;-1;Overcast;1
393820;509fd01de4b070da0a9d3c24;2018-09-09 19:10:00-04:00;15.0;0.923;15.7;rain;Rain, Overcast;1
395212;59d51784396de03135fa2a9e;2018-09-20 01:53:00-04:00;20.2;0.0;12.8;-1;Overcast;1
395663;3fd66200f964a5202ce71ee3;2018-09-25 00:49:00-04:00;16.3;0.0;18.9;-1;Overcast;1
395809;4e4190fafa762ad6d846f883;2018-09-23 14:48:00-04:00;18.6;0.0;4.4;-1;Partially cloudy;1
395809;58fe4e1d6bd36b2d9d5c44ce;2018-09-23 17:59:00-04:00;18.3;0.0;5.7;-1;Overcast;1
396788;56340350498e3714da69b1a4;2018-09-29 18:51:00-04:00;20.0;0.0;10.2;-1;Partially cloudy;1
396788;5bac05134b78c5002c40ac63;2018-09-29 17:53:00-04:00;21.2;0.0;14.8;-1;Partially cloudy;1
397001;4e5ecc4a52b1425a3776f4db;2018-10-13 01:33:00-04:00;11.0;0.0;11.8;-1;Partially cloudy;1
397001;5b4169604a1cc0002c9bdb7c;2018-10-12 23:43:00-04:00;11.1;0.0;5.0;-1;Partially cloudy;1
397201;57c43c98498e2696b402a527;2018-10-04 01:20:00-04:00;17.3;0.0;1.2;-1;Clear;2
397967;42893400f964a52054231fe3;2018-10-06 21:16:00-04:00;19.0;0.0;5.3;-1;Overcast;1
