trail_id;user_id;venue_id;timestamp;temp;precip;windspeed;preciptype;conditions
1201;83;4eb90d85722e09311d356915;2018-02-27T22:48:00-05:00;8.4;0.0;12.1;nan;Clear
1201;83;4db739d841592dd82ee2b3dd;2018-02-27T23:48:00-05:00;7.4;0.0;10.0;nan;Clear
1780;109;59287ec99cadd905284e4052;2017-10-18T22:14:00-04:00;17.7;0.0;11.6;nan;Clear
1780;109;59822ae4e97dfb6a1519825b;2017-10-18T22:32:00-04:00;17.5;0.0;12.6;nan;Clear
1789;109;4bc24023461576b056237d32;2017-10-28T21:03:00-04:00;17.9;0.0;11.8;nan;Partially cloudy
1789;109;3fd66200f964a520daf11ee3;2017-10-28T21:08:00-04:00;17.9;0.0;11.8;nan;Partially cloudy
1789;109;57218ba5498eb662eaa1e121;2017-10-28T21:56:00-04:00;17.7;0.0;7.0;nan;Partially cloudy
1792;109;57ab90ca498e7d61e13a6985;2017-11-02T16:26:00-04:00;21.9;0.0;7.1;nan;Clear
1798;109;555ba8d9498eae864d326936;2017-11-13T17:52:00-05:00;6.7;0.0;9.3;nan;Clear
1801;109;4b44a049f964a5201cf825e3;2017-11-17T02:59:00-05:00;6.0;0.0;20.9;nan;Partially cloudy
1807;109;49f75667f964a5208b6c1fe3;2017-11-25T21:45:00-05:00;11.8;0.0;12.1;nan;Partially cloudy
1811;109;4a411ea5f964a520cba41fe3;2017-12-02T22:58:00-05:00;6.8;0.0;3.4;nan;Partially cloudy
1820;109;4bc72ae7af07a593909c7e2d;2017-12-18T17:49:00-05:00;8.0;0.0;12.6;nan;Overcast
1826;109;57218ba5498eb662eaa1e121;2017-12-28T20:04:00-05:00;-9.2;0.0;25.2;nan;Clear
4507;240;4eb90d85722e09311d356915;2017-12-23T18:17:00-05:00;9.1;0.3;4.2;rain;Rain, Overcast
4507;240;58f9ec44eb645b5ea0ecdb64;2017-12-23T19:59:00-05:00;8.2;0.592;12.2;rain;Rain, Overcast
8022;432;4c374bf80a71c9b6f2893ec9;2017-10-25T14:44:00-04:00;18.1;0.0;2.1;nan;Partially cloudy
8022;432;3fd66200f964a52005e71ee3;2017-10-25T17:12:00-04:00;17.7;0.0;3.3;nan;Partially cloudy
8024;432;4bc72ae7af07a593909c7e2d;2017-11-01T16:07:00-04:00;13.1;0.0;9.4;nan;Partially cloudy
8024;432;57a240f1cd10ed172db51626;2017-11-01T16:37:00-04:00;13.7;0.0;8.8;nan;Partially cloudy
8026;432;4bc72ae7af07a593909c7e2d;2017-11-04T17:12:00-04:00;12.5;0.0;10.1;nan;Partially cloudy
8034;432;4bab56aff964a5209ea13ae3;2017-11-28T20:29:00-05:00;11.5;0.0;12.5;nan;Clear
8034;432;42893400f964a52054231fe3;2017-11-28T21:00:00-05:00;11.2;0.0;17.2;nan;Clear
8038;432;4bc24023461576b056237d32;2017-12-20T00:01:00-05:00;10.6;0.0;19.5;nan;Clear
8042;432;4bc24023461576b056237d32;2017-12-30T13:20:00-05:00;-6.1;0.3;3.7;snow;Snow, Partially cloudy
8049;432;50708c91e4b0d7b67f10bcaf;2018-05-06T22:39:00-04:00;14.3;0.0;3.8;nan;Overcast
8049;432;4bc24023461576b056237d32;2018-05-06T23:05:00-04:00;14.3;0.0;3.8;nan;Overcast
8536;463;4abe7f9ef964a520068e20e3;2017-10-12T16:19:00-04:00;17.5;0.0;21.0;nan;Partially cloudy
8536;463;4eb90d85722e09311d356915;2017-10-12T18:05:00-04:00;16.8;0.0;12.8;nan;Clear
8536;463;4a6fa0abf964a520a4d61fe3;2017-10-12T18:45:00-04:00;16.7;0.0;12.9;nan;Clear
8536;463;538a25cb498e3f763f518ab2;2017-10-12T19:04:00-04:00;16.7;0.0;12.9;nan;Clear
8536;463;4165d880f964a5207e1d1fe3;2017-10-12T20:21:00-04:00;16.1;0.0;12.0;nan;Clear
9294;512;4aad466df964a5206f5f20e3;2017-10-03T20:36:00-04:00;15.9;0.0;8.4;nan;Partially cloudy
9295;512;4ae8906ef964a52071b021e3;2017-10-04T19:39:00-04:00;22.0;0.0;13.2;nan;Clear
9295;512;4abe7f9ef964a520068e20e3;2017-10-04T20:45:00-04:00;21.5;0.0;23.1;nan;Clear
9295;512;4b831a73f964a520d7f730e3;2017-10-04T22:31:00-04:00;20.0;0.0;14.8;nan;Clear
14384;741;4b9146f5f964a52058af33e3;2018-03-03T19:41:00-05:00;5.1;0.0;25.5;nan;Overcast
14384;741;4b6b5abff964a520fb022ce3;2018-03-03T21:19:00-05:00;5.1;0.0;21.0;nan;Overcast
16100;820;4bc24023461576b056237d32;2018-10-13T12:44:00-04:00;11.3;0.0;19.6;nan;Overcast
16100;820;4b0c402af964a520c33923e3;2018-10-13T13:13:00-04:00;11.3;0.0;19.6;nan;Overcast
16100;820;4a675deef964a52045c91fe3;2018-10-14T01:06:00-04:00;9.8;0.0;10.7;nan;Clear
16100;820;59b8c291a795bd49fe94b6b3;2018-10-14T01:28:00-04:00;9.8;0.0;10.7;nan;Clear
16100;820;50bcb93ae4b0efcb4c84d434;2018-10-14T02:14:00-04:00;9.7;0.0;11.5;nan;Clear
16100;820;53eba911498e9b26cc64bdff;2018-10-14T03:12:00-04:00;9.5;0.0;14.0;nan;Clear
16101;820;4b44c958f964a52026fc25e3;2018-10-14T15:06:00-04:00;14.3;0.0;15.8;nan;Partially cloudy
16446;829;3fd66200f964a520daf11ee3;2017-12-20T20:00:00-05:00;3.2;0.0;9.1;nan;Partially cloudy
16446;829;597fd9ab1fa7630c4194e9d3;2017-12-21T00:19:00-05:00;1.4;0.0;12.6;nan;Clear
18932;944;4b6b5abff964a520fb022ce3;2017-10-07T00:58:00-04:00;22.5;0.0;0.0;nan;Partially cloudy
19386;971;4db3374590a0843f295fb69b;2017-10-04T17:31:00-04:00;22.8;0.0;19.3;nan;Clear
19390;971;52b0a990498eb3a992b89573;2017-10-10T14:50:00-04:00;26.5;0.0;18.9;nan;Partially cloudy
19390;971;578692f4498e1054905dbde7;2017-10-10T15:57:00-04:00;26.5;0.0;5.5;nan;Partially cloudy
19390;971;509dc336e4b05e06b48870c0;2017-10-10T17:00:00-04:00;26.6;0.0;9.6;nan;Clear
19391;971;576eab51cd10ae8e59db0250;2017-10-11T14:13:00-04:00;23.8;0.0;13.6;nan;Partially cloudy
19392;971;4ae5afa0f964a52076a121e3;2017-10-13T17:54:00-04:00;18.2;0.0;11.8;nan;Overcast
19392;971;4db3374590a0843f295fb69b;2017-10-14T02:08:00-04:00;16.8;0.0;9.8;nan;Partially cloudy
19393;971;59777632a0215b656ce48629;2017-10-14T19:59:00-04:00;21.3;0.0;7.4;nan;Overcast
19393;971;57fe5fb9498e0dfb586bfe58;2017-10-14T22:20:00-04:00;20.4;0.0;0.0;nan;Overcast
23643;1167;52c5e4dd498e975917e6221f;2017-10-04T13:03:00-04:00;22.0;0.0;11.4;nan;Clear
23643;1167;4b78360df964a520a7bc2ee3;2017-10-05T05:31:00-04:00;18.4;0.0;11.0;nan;Partially cloudy
23643;1167;4c35de72452620a1ba5d270f;2017-10-05T13:05:00-04:00;26.8;0.0;12.9;nan;Partially cloudy
23643;1167;42893400f964a52054231fe3;2017-10-05T14:04:00-04:00;27.2;0.0;14.8;nan;Partially cloudy
23643;1167;4a44cd95f964a5208fa71fe3;2017-10-05T14:59:00-04:00;27.5;0.0;10.4;nan;Partially cloudy
23643;1167;4a675deef964a52045c91fe3;2017-10-05T16:59:00-04:00;27.6;0.0;20.5;nan;Partially cloudy
23643;1167;4ae8fd76f964a520e1b321e3;2017-10-06T02:55:00-04:00;21.3;0.0;3.4;nan;Partially cloudy
23643;1167;54f9d808498eaa73550d399c;2017-10-06T03:05:00-04:00;21.3;0.0;3.4;nan;Partially cloudy
25608;1257;55b7dd92498e88a1ea18d3f8;2017-10-03T14:59:00-04:00;20.4;0.0;9.8;nan;Clear
25611;1257;3fd66200f964a520a0e61ee3;2017-10-09T23:13:00-04:00;24.9;0.0;14.2;nan;Partially cloudy
26885;1340;501d3c31e4b0c3028609cc2b;2018-08-26T17:36:00-04:00;27.4;0.0;15.3;nan;Overcast
26886;1340;3fd66200f964a5202ce71ee3;2018-09-07T01:31:00-04:00;23.9;0.0;4.7;nan;Partially cloudy
30134;1485;5a02358350a6f00537bba695;2017-12-21T02:01:00-05:00;1.2;0.0;18.4;nan;Clear
30153;1485;3fd66200f964a520e6e81ee3;2018-04-29T00:02:00-04:00;12.1;0.3;6.1;rain;Rain, Overcast
30153;1485;4ad35d08f964a520fae320e3;2018-04-29T00:55:00-04:00;11.9;0.268;2.1;rain;Rain, Overcast
32803;1571;4bc7ab4c14d79521c6e367e9;2017-12-24T19:26:00-05:00;3.4;0.0;16.7;nan;Overcast
32804;1571;4bc7ab4c14d79521c6e367e9;2017-12-27T03:20:00-05:00;-6.1;0.0;11.1;nan;Overcast
41335;1903;4bc743d68b7c9c74df1536cf;2017-11-25T19:08:00-05:00;13.4;0.0;20.7;nan;Partially cloudy
58889;2743;4bac00a1f964a52025dd3ae3;2017-12-23T20:57:00-05:00;7.5;0.0;13.5;nan;Partially cloudy
58898;2743;3fd66200f964a52070e91ee3;2018-01-15T03:28:00-05:00;-8.8;0.0;13.5;nan;Partially cloudy
64227;3015;4c35de72452620a1ba5d270f;2018-06-23T19:38:00-04:00;18.9;0.0;3.0;nan;Overcast
64227;3015;593ff60bdd12f81d39923b41;2018-06-23T21:38:00-04:00;18.8;0.0;3.0;nan;Overcast
64229;3015;4b40cf3df964a5206bbb25e3;2018-06-26T16:09:00-04:00;24.0;0.0;12.2;nan;Partially cloudy
64229;3015;4a871eb2f964a520b20220e3;2018-06-26T17:41:00-04:00;23.0;0.0;19.5;nan;Partially cloudy
64896;3054;4a0c627df964a52028751fe3;2018-01-31T22:43:00-05:00;-0.1;0.0;21.6;nan;Partially cloudy
64896;3054;52eddc12498e40bb655e0d7a;2018-02-01T01:34:00-05:00;0.8;0.0;5.9;nan;Partially cloudy
64898;3054;4a5bbb14f964a520b3bb1fe3;2018-02-10T04:40:00-05:00;4.8;0.0;4.5;nan;Overcast
70742;3284;3fd66200f964a52095e61ee3;2017-10-28T22:27:00-04:00;17.7;0.0;7.0;nan;Partially cloudy
70742;3284;50ca875ce4b03ff32d7dc696;2017-10-28T23:39:00-04:00;18.2;0.0;8.8;nan;Partially cloudy
75973;3545;4f0cddf6e4b0dd892fd87c03;2018-07-17T22:35:00-04:00;22.7;0.0;16.9;nan;Overcast
75974;3545;54655d1c498e343fe4e77239;2018-07-28T23:30:00-04:00;26.3;0.0;14.0;nan;Clear
76959;3589;4eb90d85722e09311d356915;2017-12-11T17:38:00-05:00;3.6;0.0;7.9;nan;Partially cloudy
76971;3589;59987406603d2a70195e62e1;2018-04-01T21:12:00-04:00;9.0;0.0;15.7;rain;Partially cloudy
78644;3662;4bc24023461576b056237d32;2017-11-03T15:18:00-04:00;23.2;0.0;12.5;nan;Partially cloudy
78699;3662;5400dc65498e3831aab00327;2018-05-12T15:12:00-04:00;14.5;0.0;9.2;nan;Overcast
78705;3662;5400dc65498e3831aab00327;2018-05-25T00:35:00-04:00;20.8;0.0;9.9;nan;Clear
78705;3662;5227e38d11d20c833c575320;2018-05-25T02:02:00-04:00;20.6;0.0;13.4;nan;Clear
78708;3662;5400dc65498e3831aab00327;2018-06-07T22:07:00-04:00;16.8;0.0;9.1;nan;Partially cloudy
78716;3662;5400dc65498e3831aab00327;2018-06-29T01:08:00-04:00;24.2;0.0;3.3;nan;Clear
78720;3662;5400dc65498e3831aab00327;2018-07-13T00:01:00-04:00;22.4;0.0;2.9;nan;Clear
78722;3662;522664d311d2cee66613afbc;2018-07-29T18:08:00-04:00;27.3;0.0;10.9;nan;Partially cloudy
78724;3662;5400dc65498e3831aab00327;2018-08-03T02:06:00-04:00;24.6;0.0;3.0;nan;Partially cloudy
78727;3662;5400dc65498e3831aab00327;2018-08-17T01:38:00-04:00;27.8;0.0;10.7;nan;Clear
78728;3662;4bcf4cfe9854d13a18caf54d;2018-08-17T19:01:00-04:00;28.9;0.0;14.3;nan;Partially cloudy
83018;3880;509fd01de4b070da0a9d3c24;2017-10-03T15:59:00-04:00;19.6;0.0;8.6;nan;Clear
83022;3880;509fd01de4b070da0a9d3c24;2017-10-07T19:49:00-04:00;23.0;0.0;14.5;nan;Clear
83024;3880;509fd01de4b070da0a9d3c24;2017-10-14T22:18:00-04:00;20.4;0.0;0.0;nan;Overcast
87976;4092;4af5fb3af964a520c4ff21e3;2018-04-22T19:04:00-04:00;13.8;0.0;15.2;nan;Clear
87978;4092;521cad4011d2a9c6e2c198ae;2018-04-26T19:42:00-04:00;18.6;0.0;12.2;nan;Clear
93144;4326;4eb90d85722e09311d356915;2017-12-27T15:11:00-05:00;-4.3;0.0;13.7;nan;Clear
93144;4326;4b6b5abff964a520fb022ce3;2017-12-27T16:01:00-05:00;-4.2;0.0;16.0;nan;Clear
93144;4326;5362a2ae498e3b18c22334be;2017-12-27T19:20:00-05:00;-6.0;0.0;17.5;nan;Clear
93684;4338;54cad0b2498ea68d80401cbd;2018-06-09T21:49:00-04:00;22.6;0.0;2.1;nan;Partially cloudy
93887;4352;4bc21f2bb492d13af4ffa660;2018-03-09T23:21:00-05:00;2.0;0.0;16.0;nan;Clear
94825;4388;5355a5ca498e506aae75edb7;2017-10-20T16:36:00-04:00;22.7;0.0;16.0;nan;Clear
94828;4388;4cf9b6072d80a1439bf13fd8;2017-11-02T16:30:00-04:00;21.9;0.0;7.1;nan;Clear
94834;4388;4b59e21df964a520209e28e3;2017-11-15T18:18:00-05:00;9.2;0.0;13.3;nan;Partially cloudy
94834;4388;4c9d89017ada199cf0a493bc;2017-11-15T22:31:00-05:00;9.8;0.0;9.1;nan;Partially cloudy
94834;4388;4a4a9f62f964a52003ac1fe3;2017-11-15T23:54:00-05:00;10.7;0.0;10.7;nan;Overcast
95916;4446;4c3665a93849c928b900bcb1;2017-10-03T18:54:00-04:00;16.6;0.0;9.9;nan;Clear
95917;4446;4c3665a93849c928b900bcb1;2017-10-04T13:17:00-04:00;22.0;0.0;11.4;nan;Clear
95919;4446;4c07e45e6071a5936660db32;2017-10-06T17:39:00-04:00;23.8;0.0;9.4;nan;Clear
95923;4446;4bdb4c1563c5c9b694402768;2017-10-10T19:11:00-04:00;24.7;0.0;4.6;nan;Clear
95923;4446;4c3665a93849c928b900bcb1;2017-10-10T19:56:00-04:00;24.3;0.0;4.8;nan;Clear
95926;4446;4c3665a93849c928b900bcb1;2017-10-13T20:17:00-04:00;17.5;0.0;8.9;nan;Overcast
95929;4446;4c3665a93849c928b900bcb1;2017-10-16T12:30:00-04:00;13.5;0.0;19.0;nan;Partially cloudy
95931;4446;4c3665a93849c928b900bcb1;2017-10-18T10:31:00-04:00;15.4;0.0;8.0;nan;Clear
95931;4446;4b9a6aaaf964a5207fb335e3;2017-10-18T16:52:00-04:00;21.4;0.0;11.2;nan;Clear
95934;4446;4c3665a93849c928b900bcb1;2017-10-23T16:51:00-04:00;21.7;0.0;13.1;nan;Partially cloudy
95935;4446;4c3665a93849c928b900bcb1;2017-10-24T11:07:00-04:00;23.1;0.0;24.8;nan;Partially cloudy
95936;4446;4c3665a93849c928b900bcb1;2017-10-25T19:17:00-04:00;17.4;0.0;1.8;nan;Partially cloudy
95938;4446;4c3665a93849c928b900bcb1;2017-10-27T18:41:00-04:00;14.8;0.0;4.2;nan;Clear
99161;4588;4b3a50c6f964a520796425e3;2017-10-16T17:28:00-04:00;13.5;0.0;13.6;nan;Partially cloudy
99161;4588;56c4fa3bcd10a5d646e306a9;2017-10-16T21:01:00-04:00;11.5;0.0;13.8;nan;Clear
99289;4593;4165d880f964a5207e1d1fe3;2017-12-29T22:46:00-05:00;-7.9;0.0;13.1;nan;Clear
99469;4610;4eb90d85722e09311d356915;2017-11-25T22:39:00-05:00;11.4;0.0;13.2;nan;Partially cloudy
100584;4639;4eef9dfe6c25c7f9d47c80b4;2018-06-09T23:29:00-04:00;23.0;0.0;1.2;nan;Partially cloudy
100584;4639;5377d929498e0cd133758783;2018-06-09T23:31:00-04:00;22.6;0.0;0.0;nan;Partially cloudy
100933;4652;42daf100f964a52035261fe3;2017-10-06T14:20:00-04:00;27.4;0.0;10.9;nan;Partially cloudy
100933;4652;4c36228418e72d7f004f14f5;2017-10-06T15:55:00-04:00;26.6;0.0;11.9;nan;Clear
102115;4706;4165d880f964a5207e1d1fe3;2017-12-30T19:45:00-05:00;-5.6;0.0;19.2;snow;Clear
102115;4706;5984eeb39be522744003dee5;2017-12-30T22:44:00-05:00;-6.1;0.902;17.0;snow;Snow, Partially cloudy
103993;4800;49e74532f964a52081641fe3;2017-11-06T01:24:00-05:00;15.6;0.0;8.0;nan;Partially cloudy
106927;4933;51b3c734498e2c9c744309e6;2018-03-04T20:52:00-05:00;2.0;0.0;34.8;nan;Clear
106927;4933;57c640ad498e74977f98372f;2018-03-04T20:54:00-05:00;2.0;0.0;34.8;nan;Clear
107764;4970;5ad935682f97ec3e4b21e927;2018-04-20T00:39:00-04:00;3.6;0.0;18.7;nan;Clear
107764;4970;5547ffe8498ec8a2c668a412;2018-04-20T01:54:00-04:00;3.1;0.0;16.9;nan;Clear
113623;5235;4bfdcd3ae529c928a589bb8c;2017-10-03T15:52:00-04:00;19.6;0.0;8.6;nan;Clear
113623;5235;4a9eb0e7f964a520e43a20e3;2017-10-03T16:45:00-04:00;18.7;0.0;8.6;nan;Clear
113625;5235;56fd4c5e498e389de05f8b85;2017-10-06T01:31:00-04:00;21.5;0.0;7.8;nan;Partially cloudy
113626;5235;53a5f4f0498e1d1f0be9ad8e;2017-10-08T19:45:00-04:00;24.6;0.0;10.9;nan;Partially cloudy
113626;5235;549dabec498eb47afce47921;2017-10-08T20:24:00-04:00;24.6;0.0;10.9;nan;Partially cloudy
113628;5235;4aac0035f964a520825b20e3;2017-10-10T17:16:00-04:00;26.6;0.0;9.6;nan;Clear
113628;5235;57c43c98498e2696b402a527;2017-10-10T17:53:00-04:00;25.6;0.0;5.6;nan;Clear
113629;5235;4a667506f964a52093c81fe3;2017-10-11T20:45:00-04:00;19.2;0.0;10.5;nan;Overcast
113629;5235;4e6b7aabb61cc3728e0b96af;2017-10-11T21:00:00-04:00;19.2;0.0;10.5;nan;Overcast
113630;5235;3fd66200f964a520b1ea1ee3;2017-10-13T04:50:00-04:00;11.2;0.0;13.3;nan;Partially cloudy
113631;5235;549481f3498e855d5f51cb66;2017-10-13T18:56:00-04:00;17.7;0.0;11.3;nan;Overcast
113631;5235;49e7ce15f964a5201d651fe3;2017-10-13T20:32:00-04:00;17.3;0.0;9.1;nan;Partially cloudy
113631;5235;5904e291286fda74dee6d5f9;2017-10-14T00:02:00-04:00;16.9;0.0;8.5;nan;Partially cloudy
113632;5235;49f50c47f964a520896b1fe3;2017-10-14T18:11:00-04:00;21.5;0.0;1.2;nan;Partially cloudy
113632;5235;561a8cd8498ed81f4384d0aa;2017-10-14T19:31:00-04:00;21.3;0.0;7.4;nan;Overcast
113632;5235;57928c69498e1dae12e71019;2017-10-14T20:04:00-04:00;21.3;0.0;7.4;nan;Overcast
113633;5235;56fd4c5e498e389de05f8b85;2017-10-15T20:04:00-04:00;20.8;0.0;11.6;nan;Overcast
113637;5235;49e7ce15f964a5201d651fe3;2017-10-20T18:50:00-04:00;20.6;0.0;10.3;nan;Clear
113637;5235;56fd4c5e498e389de05f8b85;2017-10-20T23:55:00-04:00;17.9;0.0;8.4;nan;Clear
113638;5235;4a5a1de7f964a520bcb91fe3;2017-10-22T18:03:00-04:00;19.7;0.0;16.6;nan;Partially cloudy
113638;5235;5945575cf62e090a3b220883;2017-10-22T19:04:00-04:00;18.7;0.0;7.3;nan;Partially cloudy
113638;5235;59346c72603d2a55fc344b20;2017-10-22T20:12:00-04:00;18.3;0.0;9.4;nan;Partially cloudy
113638;5235;59d7799486f4cc7f7d35d325;2017-10-22T20:37:00-04:00;18.0;0.0;8.7;nan;Partially cloudy
113638;5235;54ad49af498e3a16f0ec29f8;2017-10-22T21:17:00-04:00;18.0;0.0;8.7;nan;Partially cloudy
113639;5235;549481f3498e855d5f51cb66;2017-10-23T18:54:00-04:00;20.9;0.0;21.3;nan;Partially cloudy
113640;5235;49e7ce15f964a5201d651fe3;2017-10-24T18:43:00-04:00;20.3;0.0;18.0;nan;Overcast
113640;5235;57c871ca498ecc3fd7379718;2017-10-24T21:20:00-04:00;19.8;0.18;8.3;rain;Rain, Overcast
113641;5235;57b49df2498e4991755e961f;2017-10-25T21:24:00-04:00;16.5;0.0;6.6;nan;Partially cloudy
113641;5235;53ab0af5498e13bffddb8d96;2017-10-25T21:41:00-04:00;16.5;0.0;5.6;nan;Partially cloudy
113642;5235;51b1bfad498e29a54a7fb5ef;2017-10-26T20:44:00-04:00;12.0;0.0;16.1;nan;Clear
113642;5235;53a5f4f0498e1d1f0be9ad8e;2017-10-26T21:00:00-04:00;12.0;0.0;16.1;nan;Clear
113643;5235;549481f3498e855d5f51cb66;2017-10-27T21:11:00-04:00;14.1;0.0;8.0;nan;Clear
113644;5235;57928c69498e1dae12e71019;2017-10-28T21:08:00-04:00;17.9;0.0;11.8;nan;Partially cloudy
113644;5235;49b87b8cf964a52044531fe3;2017-10-29T02:24:00-04:00;18.3;0.0;14.0;nan;Overcast
113645;5235;549481f3498e855d5f51cb66;2017-10-30T20:16:00-04:00;11.8;0.0;12.6;nan;Clear
113645;5235;56fd4c5e498e389de05f8b85;2017-10-31T03:52:00-04:00;10.1;0.0;11.9;nan;Overcast
113647;5235;549481f3498e855d5f51cb66;2017-11-01T19:22:00-04:00;13.5;0.0;12.1;nan;Overcast
113648;5235;4ff8eb10e4b01ead02ed30c2;2017-11-02T17:56:00-04:00;20.6;0.0;12.1;nan;Clear
113648;5235;57928c69498e1dae12e71019;2017-11-02T18:17:00-04:00;20.6;0.0;12.1;nan;Clear
113651;5235;49e7ce15f964a5201d651fe3;2017-11-10T03:27:00-05:00;9.0;0.0;13.2;nan;Clear
113652;5235;549dabec498eb47afce47921;2017-11-10T21:16:00-05:00;-2.8;0.0;19.5;nan;Clear
113653;5235;4a4115a8f964a520c0a41fe3;2017-11-11T21:40:00-05:00;1.4;0.0;6.3;nan;Partially cloudy
113653;5235;53a5f4f0498e1d1f0be9ad8e;2017-11-11T22:04:00-05:00;1.4;0.0;6.3;nan;Partially cloudy
113654;5235;4555bea7f964a520253d1fe3;2017-11-13T20:38:00-05:00;5.7;0.0;11.8;nan;Clear
113654;5235;49e7ce15f964a5201d651fe3;2017-11-13T21:36:00-05:00;5.1;0.0;9.2;nan;Clear
113654;5235;49bc3b0af964a52020541fe3;2017-11-14T00:39:00-05:00;4.3;0.0;8.3;nan;Clear
113655;5235;53ab0af5498e13bffddb8d96;2017-11-14T20:50:00-05:00;5.5;0.0;12.7;nan;Partially cloudy
113655;5235;4e6b7aabb61cc3728e0b96af;2017-11-14T21:06:00-05:00;5.5;0.0;12.7;nan;Partially cloudy
113655;5235;4dda977ad22d38ef4332c419;2017-11-15T01:53:00-05:00;4.4;0.0;12.4;nan;Overcast
113655;5235;49e7ce15f964a5201d651fe3;2017-11-15T02:15:00-05:00;4.4;0.0;12.4;nan;Overcast
113656;5235;49f50c47f964a520896b1fe3;2017-11-16T18:59:00-05:00;9.5;0.0;23.1;nan;Clear
113656;5235;49ee25b6f964a5202b681fe3;2017-11-16T21:32:00-05:00;8.1;0.0;22.0;nan;Partially cloudy
113657;5235;44acde31f964a52013351fe3;2017-11-17T19:48:00-05:00;5.7;0.0;15.5;nan;Clear
113657;5235;3fd66200f964a520e7e51ee3;2017-11-18T01:43:00-05:00;2.9;0.0;6.6;nan;Clear
113657;5235;56fd4c5e498e389de05f8b85;2017-11-18T08:25:00-05:00;4.0;0.0;0.0;nan;Partially cloudy
113658;5235;49ee25b6f964a5202b681fe3;2017-11-21T17:40:00-05:00;12.1;0.0;2.1;nan;Partially cloudy
113658;5235;4a5a1de7f964a520bcb91fe3;2017-11-22T04:49:00-05:00;12.1;0.0;1.7;nan;Partially cloudy
113659;5235;49e7ce15f964a5201d651fe3;2017-11-27T22:29:00-05:00;5.3;0.0;12.8;nan;Partially cloudy
113659;5235;4dda977ad22d38ef4332c419;2017-11-28T00:20:00-05:00;4.4;0.0;7.7;nan;Clear
113660;5235;57c43c98498e2696b402a527;2017-11-28T20:10:00-05:00;11.5;0.0;12.5;nan;Clear
113660;5235;59346c72603d2a55fc344b20;2017-11-28T20:43:00-05:00;11.2;0.0;17.2;nan;Clear
113660;5235;53ab0af5498e13bffddb8d96;2017-11-28T21:30:00-05:00;11.2;0.0;17.2;nan;Clear
113660;5235;49e7ce15f964a5201d651fe3;2017-11-29T00:08:00-05:00;10.4;0.0;11.3;nan;Clear
113664;5235;53ab0af5498e13bffddb8d96;2017-12-09T23:47:00-05:00;-0.7;0.0;11.5;rain,snow;Partially cloudy
113666;5235;53ab0af5498e13bffddb8d96;2017-12-18T13:17:00-05:00;5.6;0.0;9.8;nan;Partially cloudy
113667;5235;4bfdcd3ae529c928a589bb8c;2017-12-20T01:01:00-05:00;10.1;0.0;22.6;nan;Clear
113668;5235;49f50c47f964a520896b1fe3;2017-12-20T23:57:00-05:00;1.4;0.0;12.6;nan;Clear
113669;5235;49ee25b6f964a5202b681fe3;2017-12-21T23:53:00-05:00;2.8;0.0;3.7;nan;Partially cloudy
113670;5235;53ab0af5498e13bffddb8d96;2017-12-24T01:11:00-05:00;4.4;0.0;17.4;nan;Clear
113673;5235;56fd4c5e498e389de05f8b85;2018-01-01T06:59:00-05:00;-13.8;0.0;18.4;nan;Clear
113674;5235;53ab0af5498e13bffddb8d96;2018-01-01T19:43:00-05:00;-8.2;0.0;14.7;nan;Clear
113674;5235;564a86c8498ea245a802f0d1;2018-01-01T20:31:00-05:00;-8.3;0.0;11.6;nan;Clear
113676;5235;56fd4c5e498e389de05f8b85;2018-01-03T20:18:00-05:00;-2.2;0.0;2.6;snow;Partially cloudy
113677;5235;57b77dd8498e2dc8c17f94c2;2018-01-06T19:21:00-05:00;-12.0;0.0;21.3;nan;Clear
113677;5235;49ee25b6f964a5202b681fe3;2018-01-06T20:10:00-05:00;-12.6;0.0;22.5;nan;Clear
113678;5235;4a6fa0abf964a520a4d61fe3;2018-01-07T21:12:00-05:00;-7.8;0.0;13.0;nan;Overcast
113678;5235;4a01ee7bf964a52010711fe3;2018-01-07T21:22:00-05:00;-7.8;0.0;13.0;nan;Overcast
113678;5235;49e7ce15f964a5201d651fe3;2018-01-07T23:31:00-05:00;-8.2;0.0;16.6;nan;Overcast
113678;5235;49bc3b0af964a52020541fe3;2018-01-08T02:20:00-05:00;-7.6;0.0;15.0;nan;Overcast
113682;5235;4a1dd407f964a5209c7b1fe3;2018-01-11T21:51:00-05:00;8.2;0.0;7.0;nan;Partially cloudy
113682;5235;4a73515ef964a5201edc1fe3;2018-01-12T00:14:00-05:00;8.7;0.0;5.4;nan;Overcast
113684;5235;5a35edc9c0f16360b91621fe;2018-01-15T05:32:00-05:00;-7.7;0.0;17.4;nan;Overcast
113684;5235;3fd66200f964a52037e31ee3;2018-01-15T07:51:00-05:00;-7.9;0.0;17.4;nan;Partially cloudy
113685;5235;3fd66200f964a52023e61ee3;2018-01-16T20:29:00-05:00;1.0;0.0;9.8;nan;Overcast
113685;5235;564a86c8498ea245a802f0d1;2018-01-17T01:20:00-05:00;1.9;0.0;7.1;nan;Overcast
113686;5235;56fd4c5e498e389de05f8b85;2018-01-18T01:23:00-05:00;-6.0;0.0;15.9;snow;Clear
113686;5235;57f4fb59498efaaab7345b34;2018-01-18T03:25:00-05:00;-6.5;0.0;18.0;snow;Clear
113687;5235;3fd66200f964a520ede41ee3;2018-01-18T20:36:00-05:00;-2.0;0.0;18.0;nan;Clear
113687;5235;4a4115a8f964a520c0a41fe3;2018-01-18T21:23:00-05:00;-2.0;0.0;18.0;nan;Clear
113687;5235;54f9d808498eaa73550d399c;2018-01-19T01:51:00-05:00;-3.9;0.0;8.8;nan;Clear
113692;5235;549dabec498eb47afce47921;2018-02-08T23:06:00-05:00;-1.8;0.0;15.4;nan;Clear
113695;5235;4a73515ef964a5201edc1fe3;2018-02-15T23:05:00-05:00;14.0;1.116;12.3;rain;Rain, Overcast
113696;5235;3fd66200f964a520b1ea1ee3;2018-02-16T23:02:00-05:00;3.1;0.0;22.7;nan;Clear
113696;5235;4b538edff964a52032a227e3;2018-02-17T00:26:00-05:00;2.4;0.0;17.5;nan;Clear
113697;5235;4f22ca77e4b0ed3396a83a05;2018-02-18T23:01:00-05:00;3.2;0.0;6.4;nan;Clear
113697;5235;49e7ce15f964a5201d651fe3;2018-02-19T04:44:00-05:00;2.6;0.0;8.0;nan;Partially cloudy
113698;5235;3fd66200f964a52023e61ee3;2018-02-20T21:07:00-05:00;16.4;0.0;6.1;nan;Partially cloudy
113698;5235;4ba25f2ef964a52051f237e3;2018-02-20T23:19:00-05:00;16.2;0.0;10.1;nan;Partially cloudy
113700;5235;5159c4d3e4b03f6bce970619;2018-02-22T22:44:00-05:00;3.5;0.0;15.3;nan;Overcast
113701;5235;3fd66200f964a520ede41ee3;2018-02-23T20:37:00-05:00;4.9;0.0;7.8;nan;Overcast
113701;5235;57928c69498e1dae12e71019;2018-02-23T21:41:00-05:00;5.0;0.0;4.3;nan;Overcast
113704;5235;50ba9119e4b071a4bae6dc10;2018-03-10T20:53:00-05:00;3.4;0.0;15.2;nan;Partially cloudy
113704;5235;49e7ce15f964a5201d651fe3;2018-03-10T22:12:00-05:00;3.0;0.0;12.3;nan;Partially cloudy
113705;5235;4c68988cfff7c9b6148647ef;2018-03-18T16:56:00-04:00;6.0;0.0;20.7;nan;Clear
113706;5235;5237264111d27e8e90c10357;2018-03-20T00:40:00-04:00;2.4;0.0;10.0;nan;Partially cloudy
113706;5235;3fd66200f964a5206fe61ee3;2018-03-20T02:50:00-04:00;1.1;0.0;12.8;nan;Partially cloudy
113708;5235;3fd66200f964a52023e61ee3;2018-03-21T20:54:00-04:00;0.1;1.003;18.1;rain,snow;Snow, Rain, Overcast
113709;5235;3fd66200f964a520b1ea1ee3;2018-03-30T04:31:00-04:00;8.8;0.0;4.5;nan;Partially cloudy
113710;5235;49e7ce15f964a5201d651fe3;2018-04-02T21:08:00-04:00;5.0;0.0;8.0;nan;Partially cloudy
113710;5235;4dda977ad22d38ef4332c419;2018-04-03T00:27:00-04:00;4.1;0.0;3.0;nan;Clear
113711;5235;3fd66200f964a520e7e51ee3;2018-04-03T20:50:00-04:00;4.9;0.0;14.5;nan;Overcast
113712;5235;49e7ce15f964a5201d651fe3;2018-04-05T17:56:00-04:00;6.8;0.0;17.4;nan;Partially cloudy
113712;5235;53ab0af5498e13bffddb8d96;2018-04-05T21:47:00-04:00;4.6;0.0;15.2;nan;Clear
113713;5235;5159c4d3e4b03f6bce970619;2018-04-06T19:52:00-04:00;14.8;0.0;11.7;nan;Overcast
113715;5235;4dda977ad22d38ef4332c419;2018-04-10T20:01:00-04:00;8.0;0.0;16.8;nan;Partially cloudy
113715;5235;49e7ce15f964a5201d651fe3;2018-04-10T20:35:00-04:00;7.2;0.0;11.3;nan;Clear
113716;5235;5755aeda498e848fd0ae617b;2018-04-13T04:42:00-04:00;16.5;0.0;21.4;nan;Partially cloudy
113719;5235;44acde31f964a52013351fe3;2018-04-17T20:41:00-04:00;5.2;0.0;15.9;nan;Overcast
113724;5235;49e7ce15f964a5201d651fe3;2018-05-14T23:03:00-04:00;15.2;0.0;7.4;nan;Partially cloudy
113724;5235;49bc3b0af964a52020541fe3;2018-05-15T01:32:00-04:00;16.2;0.0;2.1;nan;Overcast
113727;5235;3fd66200f964a520b1ea1ee3;2018-05-23T03:03:00-04:00;14.9;0.658;4.2;rain;Rain, Overcast
113728;5235;3fd66200f964a5206ce91ee3;2018-06-10T18:31:00-04:00;18.3;0.0;2.1;nan;Overcast
113728;5235;4ba0e4e3f964a520498537e3;2018-06-10T18:59:00-04:00;18.3;0.0;2.1;nan;Overcast
113728;5235;49e7ce15f964a5201d651fe3;2018-06-10T20:13:00-04:00;17.7;0.0;2.6;nan;Overcast
113728;5235;4a6fa0abf964a520a4d61fe3;2018-06-10T22:39:00-04:00;16.6;48.0;2.9;rain;Rain, Overcast
113729;5235;4b0d784cf964a520fb4823e3;2018-06-26T18:09:00-04:00;23.0;0.0;19.5;nan;Partially cloudy
113732;5235;3fd66200f964a5206ce91ee3;2018-08-19T18:23:00-04:00;22.1;0.0;5.0;nan;Overcast
113733;5235;4a5a1de7f964a520bcb91fe3;2018-09-08T19:51:00-04:00;17.4;252.0;11.1;rain;Rain, Overcast
113736;5235;3fd66200f964a520b1ea1ee3;2018-09-20T20:10:00-04:00;19.7;0.0;6.7;nan;Overcast
115045;5287;52ad100d498eb6c1fda53c28;2017-10-21T16:29:00-04:00;24.5;0.0;9.8;nan;Partially cloudy
115045;5287;515abd65e4b08eda86b30e6e;2017-10-21T18:25:00-04:00;21.5;0.0;4.5;nan;Partially cloudy
115428;5313;598c7e633b83073f81f4a4e6;2017-10-14T20:19:00-04:00;21.3;0.0;7.4;nan;Overcast
115435;5313;5772e0d5cd10a42d05ed11a5;2017-11-24T22:57:00-05:00;7.0;0.0;8.1;nan;Clear
115435;5313;57479cca38fad4925dcb8298;2017-11-24T23:00:00-05:00;7.0;0.0;8.1;nan;Clear
116394;5367;3fd66200f964a52070e91ee3;2018-01-19T22:01:00-05:00;3.7;0.0;12.7;nan;Clear
116395;5367;515abd65e4b08eda86b30e6e;2018-01-20T21:37:00-05:00;7.0;0.0;4.4;nan;Clear
116395;5367;4b6b5abff964a520fb022ce3;2018-01-20T22:23:00-05:00;7.0;0.0;4.4;nan;Clear
117709;5421;4b2ac07af964a520ecae24e3;2017-10-08T21:43:00-04:00;24.9;0.0;1.2;nan;Partially cloudy
117709;5421;4c2a2a6ab1ddc9b674a452fb;2017-10-08T21:52:00-04:00;24.9;0.0;1.2;nan;Partially cloudy
118898;5478;4c374bf80a71c9b6f2893ec9;2018-01-14T22:06:00-05:00;-8.2;0.0;15.3;nan;Clear
118899;5478;4c374bf80a71c9b6f2893ec9;2018-01-20T22:00:00-05:00;7.0;0.0;4.4;nan;Clear
118903;5478;4ad68c35f964a520c20721e3;2018-02-16T22:07:00-05:00;4.0;0.0;23.2;nan;Clear
118903;5478;3fd66200f964a520bbe61ee3;2018-02-17T01:23:00-05:00;1.3;0.0;18.2;nan;Clear
118908;5478;5787b68e498efcabbebba4f8;2018-03-27T01:02:00-04:00;3.4;0.0;5.9;nan;Clear
118912;5478;4c374bf80a71c9b6f2893ec9;2018-05-28T22:15:00-04:00;16.7;0.0;4.2;nan;Overcast
118913;5478;3fd66200f964a52094e61ee3;2018-06-09T21:13:00-04:00;22.5;0.0;2.1;nan;Partially cloudy
123128;5704;4d9f36cb47ad3704baec4be5;2018-04-14T15:14:00-04:00;23.1;0.0;18.5;nan;Clear
123128;5704;4bddccbe6198c9b67bb911ff;2018-04-14T15:36:00-04:00;21.1;0.0;21.5;nan;Clear
126233;5884;4bb3596714cfd13a98e415ab;2017-10-12T15:11:00-04:00;17.3;0.0;25.9;nan;Partially cloudy
126246;5884;4c28c07b9fb5d13a79059a57;2017-11-08T22:35:00-05:00;6.3;0.0;7.9;nan;Clear
126247;5884;4a954328f964a520cf2220e3;2017-11-15T14:38:00-05:00;9.0;0.0;6.9;nan;Overcast
127980;5975;58801864cc5b6a14dedce689;2017-10-23T13:41:00-04:00;23.2;0.0;18.8;nan;Partially cloudy
127980;5975;587ffcc3ea29b80cdce3468d;2017-10-23T13:44:00-04:00;23.2;0.0;18.8;nan;Partially cloudy
130434;6098;4a8ec238f964a520961220e3;2017-10-03T16:04:00-04:00;19.6;0.0;8.6;nan;Clear
130434;6098;4b6b51b7f964a520a1002ce3;2017-10-03T16:10:00-04:00;19.6;0.0;8.6;nan;Clear
130434;6098;554a4688498eca79568879dd;2017-10-06T17:04:00-04:00;25.7;0.0;10.8;nan;Clear
130450;6101;56253720498eafa9acbe4f14;2017-10-04T17:34:00-04:00;22.8;0.0;19.3;nan;Clear
130450;6101;4edec6e40e01ed773a8ddf4e;2017-10-04T23:05:00-04:00;20.0;0.0;14.8;nan;Clear
130450;6101;4cc60b7a82388cfad0727935;2017-10-05T03:06:00-04:00;18.9;0.0;13.9;nan;Overcast
131816;6168;4eb90d85722e09311d356915;2017-10-17T21:26:00-04:00;12.4;0.0;8.5;nan;Clear
131816;6168;4b6b5abff964a520fb022ce3;2017-10-17T21:37:00-04:00;12.7;0.0;17.3;nan;Clear
131816;6168;4c98d854d799a1cd97b6b552;2017-10-17T22:27:00-04:00;12.7;0.0;17.3;nan;Clear
133699;6252;4bc72ae7af07a593909c7e2d;2018-01-03T17:21:00-05:00;-2.1;0.0;10.7;snow;Partially cloudy
133699;6252;4b6b5abff964a520fb022ce3;2018-01-03T21:55:00-05:00;-2.3;0.0;8.7;snow;Partially cloudy
133699;6252;49ff62f9f964a52013701fe3;2018-01-03T22:11:00-05:00;-2.3;0.0;8.7;snow;Partially cloudy
133701;6252;4165d880f964a5207e1d1fe3;2018-01-05T16:15:00-05:00;-8.6;0.0;23.8;nan;Clear
133701;6252;4c35de72452620a1ba5d270f;2018-01-05T19:27:00-05:00;-9.8;0.0;26.5;nan;Clear
133701;6252;42893400f964a52054231fe3;2018-01-05T20:11:00-05:00;-10.4;0.0;31.1;nan;Partially cloudy
134479;6300;4d03ae3437036dcbfba10bfb;2018-04-13T14:28:00-04:00;26.5;0.0;9.8;nan;Partially cloudy
134479;6300;515abd65e4b08eda86b30e6e;2018-04-13T16:43:00-04:00;27.4;0.0;15.2;nan;Partially cloudy
134480;6300;4165d880f964a5207e1d1fe3;2018-04-14T22:54:00-04:00;9.3;0.0;21.6;nan;Overcast
134480;6300;42893400f964a52054231fe3;2018-04-15T00:06:00-04:00;7.8;0.0;25.2;nan;Overcast
143439;6739;4f0f47650cd695a0e54cb438;2017-10-04T15:43:00-04:00;23.6;0.0;21.3;nan;Clear
143439;6739;42893400f964a52054231fe3;2017-10-04T19:03:00-04:00;22.3;0.0;16.6;nan;Clear
143439;6739;4a5d19b7f964a52032bd1fe3;2017-10-04T19:17:00-04:00;22.3;0.0;16.6;nan;Clear
147785;6968;52698f5911d23c1c66d64564;2017-10-07T22:36:00-04:00;22.3;0.0;11.9;nan;Partially cloudy
148470;6995;52ce0173498e800c8e2dcc50;2017-11-14T23:31:00-05:00;4.9;0.0;12.5;nan;Overcast
148675;7003;509fd01de4b070da0a9d3c24;2017-12-16T18:41:00-05:00;3.7;0.0;14.5;nan;Overcast
148675;7003;4e57cc89b0fb4c4d61f5cd69;2017-12-16T18:59:00-05:00;3.7;0.0;14.5;nan;Overcast
148676;7003;3fd66200f964a520c5e91ee3;2017-12-18T00:35:00-05:00;1.9;0.0;9.5;nan;Overcast
149357;7039;49cf9efbf964a520b05a1fe3;2018-01-11T17:38:00-05:00;8.2;0.0;10.6;nan;Partially cloudy
149359;7039;431e2d80f964a52079271fe3;2018-03-22T18:24:00-04:00;10.1;0.0;17.2;nan;Partially cloudy
149569;7049;57c98c00498ede2ae6ad9755;2018-10-17T19:39:00-04:00;12.7;0.0;30.3;nan;Clear
162014;7670;4a6fa0abf964a520a4d61fe3;2018-05-31T18:02:00-04:00;19.7;0.0;6.9;nan;Overcast
162014;7670;579c12cd498e6e815b3acf50;2018-05-31T18:22:00-04:00;19.7;0.0;6.9;nan;Overcast
162016;7670;4e8afe84b63423c020f0e7f7;2018-06-02T13:49:00-04:00;27.6;128.0;12.4;rain;Rain, Partially cloudy
162016;7670;5a705f36c62b49492c99942f;2018-06-02T13:57:00-04:00;27.6;128.0;12.4;rain;Rain, Partially cloudy
162016;7670;579c12cd498e6e815b3acf50;2018-06-02T19:23:00-04:00;27.5;0.0;23.0;nan;Partially cloudy
163663;7712;59f38be7175562651c451266;2017-11-06T21:11:00-05:00;11.3;0.0;15.3;nan;Overcast
163672;7712;4bb617b2f562ef3b379a2f97;2017-11-28T18:54:00-05:00;11.5;0.0;13.2;nan;Clear
163672;7712;4a6fa0abf964a520a4d61fe3;2017-11-28T22:19:00-05:00;11.1;0.0;14.0;nan;Clear
163672;7712;55a19208498ee495c38658a5;2017-11-28T22:39:00-05:00;10.8;0.0;13.9;nan;Clear
163673;7712;59d2c4ec1f8ed658b1f4fb03;2017-12-02T02:08:00-05:00;4.7;0.0;6.3;nan;Partially cloudy
163674;7712;56e87081498e9d491a35cba6;2017-12-05T14:54:00-05:00;15.7;0.0;13.0;nan;Partially cloudy
163680;7712;56e87081498e9d491a35cba6;2017-12-20T14:57:00-05:00;6.4;0.0;13.2;nan;Partially cloudy
163680;7712;3fd66200f964a520daf11ee3;2017-12-20T21:23:00-05:00;2.6;0.0;14.3;nan;Clear
163683;7712;59f38be7175562651c451266;2017-12-31T16:15:00-05:00;-9.9;0.0;19.9;nan;Partially cloudy
163683;7712;509fd01de4b070da0a9d3c24;2017-12-31T18:58:00-05:00;-11.0;0.0;18.7;nan;Clear
163691;7712;56165c9c498ea2274c5e519c;2018-01-31T17:41:00-05:00;-0.2;0.0;10.3;nan;Partially cloudy
163691;7712;4eb13d68e5e8c0f5bd2fd983;2018-01-31T22:19:00-05:00;-0.1;0.0;10.7;nan;Partially cloudy
163701;7712;4e345b98d22d86185a608ab8;2018-02-21T15:43:00-05:00;25.8;0.0;17.6;nan;Clear
163715;7712;553fe924498e6d51a2613e09;2018-04-10T14:17:00-04:00;8.7;0.0;13.9;nan;Partially cloudy
163717;7712;49d55b3bf964a5208d5c1fe3;2018-04-14T22:01:00-04:00;10.3;0.0;18.5;nan;Overcast
163735;7712;59d2c4ec1f8ed658b1f4fb03;2018-05-15T22:39:00-04:00;19.6;0.0;7.0;nan;Overcast
163735;7712;4afc3ba3f964a520bb2022e3;2018-05-16T02:15:00-04:00;17.3;0.0;5.2;nan;Overcast
163739;7712;4bc24023461576b056237d32;2018-05-21T18:10:00-04:00;23.0;0.0;13.6;nan;Partially cloudy
163739;7712;4a5d19b7f964a52032bd1fe3;2018-05-21T18:41:00-04:00;21.5;0.0;11.0;nan;Partially cloudy
163741;7712;4c13afaaa9c220a19222569d;2018-05-24T14:52:00-04:00;27.5;0.0;1.2;nan;Clear
163741;7712;5ab9171f6bd36b0874dc4061;2018-05-24T18:36:00-04:00;25.2;0.0;12.0;nan;Clear
163747;7712;553fe924498e6d51a2613e09;2018-06-12T14:41:00-04:00;23.2;0.0;13.9;nan;Partially cloudy
163752;7712;4e345b98d22d86185a608ab8;2018-06-20T14:46:00-04:00;27.7;0.0;4.2;nan;Partially cloudy
163752;7712;4a5d19b7f964a52032bd1fe3;2018-06-20T21:53:00-04:00;24.3;0.0;9.2;nan;Overcast
163753;7712;564cb0ca498ead34d3419c48;2018-06-27T13:49:00-04:00;22.8;0.0;21.7;nan;Overcast
163756;7712;49d55b3bf964a5208d5c1fe3;2018-06-30T19:48:00-04:00;32.0;0.0;11.3;nan;Clear
163759;7712;4f3573ab754abbd0219cb7b5;2018-07-13T01:30:00-04:00;22.4;0.0;6.5;nan;Clear
163765;7712;4bcdb0448920b7137312a0dc;2018-07-24T22:35:00-04:00;25.1;0.0;12.2;nan;Overcast
163765;7712;57b4d7d7498e0b675b71f653;2018-07-25T00:51:00-04:00;25.1;0.0;12.5;nan;Overcast
170219;7975;4ad78220f964a520960b21e3;2017-10-07T20:41:00-04:00;22.4;0.0;18.9;nan;Clear
170582;8002;4b40cf3df964a5206bbb25e3;2017-12-28T00:13:00-05:00;-8.2;0.0;15.3;nan;Clear
170583;8002;42893400f964a52054231fe3;2017-12-28T12:44:00-05:00;-7.7;0.0;30.8;nan;Clear
170584;8002;4abe7f9ef964a520068e20e3;2017-12-29T12:41:00-05:00;-6.1;0.0;12.2;nan;Partially cloudy
171152;8019;4abe7f9ef964a520068e20e3;2018-02-21T19:49:00-05:00;20.1;0.0;18.5;nan;Overcast
171152;8019;4eb90d85722e09311d356915;2018-02-21T20:23:00-05:00;20.1;0.0;18.5;nan;Overcast
171153;8019;4d7e17308700370485256a99;2018-02-22T19:19:00-05:00;3.5;0.0;17.7;nan;Overcast
175479;8266;4a6e331af964a52031d41fe3;2017-11-07T12:12:00-05:00;8.9;0.0;11.7;nan;Overcast
175479;8266;4a6eff92f964a5202cd51fe3;2017-11-07T17:36:00-05:00;5.1;3.456;11.7;rain;Rain, Overcast
175484;8266;4a6e331af964a52031d41fe3;2017-12-07T22:51:00-05:00;4.6;0.0;6.5;nan;Partially cloudy
175484;8266;5568b788498e7fe0873d2bf0;2017-12-08T00:48:00-05:00;3.9;0.0;12.5;nan;Partially cloudy
175485;8266;541a2341498e51ce1037963a;2017-12-11T22:06:00-05:00;3.9;0.0;7.0;nan;Overcast
175490;8266;53ecff6c498e4189764e35ec;2018-01-06T18:14:00-05:00;-11.5;0.0;20.5;nan;Clear
175490;8266;4a149749f964a52055781fe3;2018-01-06T22:27:00-05:00;-13.2;0.0;23.8;nan;Clear
175491;8266;58167e4c38fa462c38c36daf;2018-01-12T22:53:00-05:00;13.2;1.273;15.6;rain;Rain, Overcast
175497;8266;3fd66200f964a52073e31ee3;2018-03-09T02:12:00-05:00;0.3;0.0;12.3;nan;Overcast
175503;8266;4a6e331af964a52031d41fe3;2018-05-22T23:12:00-04:00;14.7;0.0;1.2;nan;Overcast
175737;8277;59d55307d48ec12ba0df430e;2017-10-05T14:26:00-04:00;27.2;0.0;14.8;nan;Partially cloudy
176506;8296;50fb43f5e4b020b55da8a766;2018-07-15T00:19:00-04:00;27.9;0.0;7.7;nan;Partially cloudy
176506;8296;55907c16498e6019fd1c14c1;2018-07-15T00:39:00-04:00;21.7;7.618;3.5;rain;Rain, Overcast
181511;8498;4dd1251b1f6eb12270badf68;2017-10-15T18:51:00-04:00;21.3;0.0;14.8;nan;Overcast
182112;8547;54aed577498ee5fc196739f7;2017-10-05T21:56:00-04:00;24.3;0.0;10.1;nan;Partially cloudy
182113;8547;54aed577498ee5fc196739f7;2017-10-07T04:44:00-04:00;20.0;0.0;5.4;nan;Partially cloudy
182144;8547;579607a3498e62c81b38aa75;2018-04-28T03:20:00-04:00;11.2;0.0;2.1;nan;Partially cloudy
183700;8613;4b6b5abff964a520fb022ce3;2017-10-17T23:00:00-04:00;12.1;0.0;11.0;nan;Clear
183700;8613;4a01ee7bf964a52010711fe3;2017-10-18T00:24:00-04:00;11.4;0.0;8.4;nan;Clear
183706;8613;570f9d9f498e2930e33ef486;2017-12-05T22:46:00-05:00;14.5;2.106;21.3;rain;Rain, Partially cloudy
187072;8809;3fd66200f964a52023e61ee3;2018-02-10T17:27:00-05:00;8.0;0.108;5.4;rain;Rain, Overcast
191811;9056;57c43c98498e2696b402a527;2017-11-25T17:05:00-05:00;13.4;0.0;9.6;nan;Partially cloudy
191818;9056;4b6b5abff964a520fb022ce3;2018-06-12T15:00:00-04:00;23.2;0.0;13.9;nan;Partially cloudy
194599;9173;5a0f6c9fb04056129d570bce;2017-12-03T05:41:00-05:00;6.5;0.0;2.9;nan;Overcast
196913;9286;4165d880f964a5207e1d1fe3;2018-06-03T18:50:00-04:00;15.7;0.0;14.7;nan;Partially cloudy
197166;9309;3fd66200f964a52033eb1ee3;2017-11-01T20:24:00-04:00;13.2;0.0;8.5;nan;Partially cloudy
200465;9464;515abd65e4b08eda86b30e6e;2017-11-03T15:34:00-04:00;23.2;0.0;15.2;nan;Partially cloudy
203675;9648;4db3374590a0843f295fb69b;2017-10-09T17:19:00-04:00;23.6;0.185;10.0;rain;Rain, Overcast
203677;9648;57218ba5498eb662eaa1e121;2017-10-14T23:40:00-04:00;20.1;0.0;2.6;nan;Partially cloudy
203680;9648;58c2e736bf1a6d6b31fa57fa;2017-10-27T01:15:00-04:00;10.1;0.0;10.0;nan;Clear
203692;9648;4cb0889739458cfa1d8103a0;2017-11-19T20:06:00-05:00;7.5;0.0;11.6;nan;Overcast
203692;9648;4b930784f964a520fd2f34e3;2017-11-19T21:41:00-05:00;6.3;0.0;20.6;nan;Partially cloudy
203694;9648;5761c709498e111b3b231d10;2017-11-22T23:13:00-05:00;2.5;0.0;21.5;nan;Clear
203694;9648;57a240f1cd10ed172db51626;2017-11-22T23:15:00-05:00;2.5;0.0;21.5;nan;Clear
203695;9648;50bcb93ae4b0efcb4c84d434;2017-11-25T17:42:00-05:00;13.5;0.0;11.9;nan;Overcast
203695;9648;3fd66200f964a5203eea1ee3;2017-11-25T20:25:00-05:00;12.5;0.0;6.4;nan;Partially cloudy
203700;9648;4af8f40cf964a520ab1022e3;2017-12-14T04:25:00-05:00;-3.5;0.0;8.5;snow;Partially cloudy
203702;9648;506fee82582f92ce91c67a12;2017-12-22T19:13:00-05:00;8.8;0.0;5.3;nan;Overcast
203706;9648;5a0f6c9fb04056129d570bce;2017-12-29T23:17:00-05:00;-7.9;0.0;13.1;nan;Clear
203706;9648;542074d8498e537b40b198ac;2017-12-30T02:35:00-05:00;-7.8;0.0;5.7;nan;Partially cloudy
203712;9648;58fdf5ec6cf01a4f54c7792b;2018-02-06T16:03:00-05:00;3.0;0.0;9.5;nan;Overcast
203728;9648;528bf16711d2b7722da6b51c;2018-03-28T17:12:00-04:00;10.8;0.0;8.5;nan;Overcast
203738;9648;4165d880f964a5207e1d1fe3;2018-05-05T22:07:00-04:00;20.2;0.0;9.5;nan;Overcast
203743;9648;506fee82582f92ce91c67a12;2018-05-30T18:22:00-04:00;21.4;0.0;10.4;nan;Partially cloudy
203744;9648;57583641498e90001a32e13e;2018-06-07T18:23:00-04:00;19.0;0.0;22.0;nan;Clear
203744;9648;51700d54e4b0acce0b30e37c;2018-06-07T19:12:00-04:00;18.4;0.0;19.2;nan;Clear
203744;9648;50bcb93ae4b0efcb4c84d434;2018-06-07T19:46:00-04:00;17.5;0.0;11.3;nan;Clear
203751;9648;506fee82582f92ce91c67a12;2018-06-20T16:55:00-04:00;26.4;0.0;9.3;nan;Partially cloudy
203754;9648;4af8f40cf964a520ab1022e3;2018-06-28T01:51:00-04:00;21.9;0.0;9.7;nan;Overcast
203754;9648;47f39422f964a5209b4e1fe3;2018-06-28T02:36:00-04:00;21.9;0.504;7.4;rain;Rain, Overcast
204290;9688;42893400f964a52054231fe3;2017-10-04T14:26:00-04:00;23.5;0.0;12.2;nan;Clear
206044;9764;4b3b7483f964a5201c7425e3;2018-03-16T19:07:00-04:00;1.6;0.0;24.4;nan;Partially cloudy
207076;9837;57583641498e90001a32e13e;2017-10-04T00:20:00-04:00;15.1;0.0;2.4;nan;Clear
207080;9837;4ba3a8dbf964a5202c5138e3;2017-10-09T13:42:00-04:00;22.6;2.407;31.7;rain;Rain, Overcast
207080;9837;50129be3e4b0f164329daa1a;2017-10-09T13:52:00-04:00;22.6;2.407;31.7;rain;Rain, Overcast
207081;9837;45697387f964a520e53d1fe3;2017-10-12T22:12:00-04:00;14.1;0.0;18.4;nan;Partially cloudy
207082;9837;4ba3a8dbf964a5202c5138e3;2017-10-19T14:03:00-04:00;21.4;0.0;16.3;nan;Clear
207082;9837;50129be3e4b0f164329daa1a;2017-10-19T14:11:00-04:00;21.4;0.0;16.3;nan;Clear
207083;9837;4ba3a8dbf964a5202c5138e3;2017-10-25T13:27:00-04:00;17.0;0.0;4.2;nan;Partially cloudy
207084;9837;4ba3a8dbf964a5202c5138e3;2017-10-26T13:27:00-04:00;13.0;0.0;13.4;nan;Partially cloudy
207084;9837;59775b88b2958f58e4c74a17;2017-10-26T14:03:00-04:00;13.5;0.0;14.2;nan;Partially cloudy
207086;9837;4ba3a8dbf964a5202c5138e3;2017-10-30T13:20:00-04:00;13.2;0.0;33.1;nan;Partially cloudy
207086;9837;50129be3e4b0f164329daa1a;2017-10-30T13:29:00-04:00;13.2;0.0;33.1;nan;Partially cloudy
207086;9837;4ade00b1f964a5203f6721e3;2017-11-01T16:25:00-04:00;13.1;0.0;9.4;nan;Partially cloudy
207088;9837;50cfb5cfe4b0d08f2142fbbf;2017-11-08T00:08:00-05:00;4.5;0.592;15.7;rain;Rain, Partially cloudy
207092;9837;4ba3a8dbf964a5202c5138e3;2017-11-15T14:33:00-05:00;9.0;0.0;6.9;nan;Overcast
207092;9837;50129be3e4b0f164329daa1a;2017-11-15T14:39:00-05:00;9.0;0.0;6.9;nan;Overcast
208611;9907;4b6b5abff964a520fb022ce3;2017-11-04T22:43:00-04:00;11.8;0.0;10.6;nan;Overcast
208611;9907;515abd65e4b08eda86b30e6e;2017-11-04T23:10:00-04:00;11.8;0.0;10.6;nan;Overcast
208613;9907;509fd01de4b070da0a9d3c24;2017-11-11T21:30:00-05:00;1.2;0.0;6.8;nan;Partially cloudy
208613;9907;579c12cd498e6e815b3acf50;2017-11-11T21:46:00-05:00;1.4;0.0;6.3;nan;Partially cloudy
209429;9947;4ba0e817f964a520248637e3;2018-06-12T16:23:00-04:00;22.2;0.0;19.8;nan;Partially cloudy
209429;9947;4ad35d08f964a520fae320e3;2018-06-12T17:17:00-04:00;21.7;0.0;19.3;nan;Partially cloudy
210729;10024;41e46880f964a520d41e1fe3;2017-10-04T00:02:00-04:00;15.1;0.0;2.4;nan;Clear
210729;10024;4bc10965abf49521296bc093;2017-10-04T00:34:00-04:00;14.5;0.0;7.1;nan;Clear
211150;10039;515abd65e4b08eda86b30e6e;2018-04-13T17:25:00-04:00;27.4;0.0;15.2;nan;Partially cloudy
212541;10115;5484890c498e985cf4e3c076;2017-10-03T17:06:00-04:00;18.7;0.0;8.6;nan;Clear
212546;10115;5431872b498eec43384fd39d;2017-10-12T20:45:00-04:00;15.3;0.0;13.8;nan;Partially cloudy
212546;10115;50524857e4b0bdd5e90ea0ee;2017-10-13T09:46:00-04:00;14.0;0.0;13.0;nan;Partially cloudy
212548;10115;55cb3cc3498e6c04b99f3539;2017-11-03T15:02:00-04:00;23.2;0.0;12.5;nan;Partially cloudy
212567;10115;4ba047e3f964a520006637e3;2018-01-30T13:54:00-05:00;2.0;0.075;15.3;rain,snow;Snow, Rain, Overcast
212568;10115;5a5e03e9b3d8e2301f68ff83;2018-01-31T20:30:00-05:00;0.0;0.0;15.6;nan;Partially cloudy
212568;10115;59bbdbda26659b702aa26472;2018-01-31T22:47:00-05:00;-0.1;0.0;21.6;nan;Partially cloudy
212569;10115;4b16bee8f964a520dcbc23e3;2018-02-02T17:54:00-05:00;-4.9;0.0;43.5;nan;Partially cloudy
212585;10115;566c9c87498ef09a2940e605;2018-05-23T12:35:00-04:00;22.3;0.0;18.2;nan;Overcast
212587;10115;521cad4011d2a9c6e2c198ae;2018-06-11T12:57:00-04:00;21.0;0.0;14.2;nan;Partially cloudy
212587;10115;566c9c87498ef09a2940e605;2018-06-11T17:46:00-04:00;20.5;0.0;10.5;nan;Clear
212592;10115;58ed1f759435a97c1d8010e7;2018-06-22T16:30:00-04:00;23.1;0.0;12.1;nan;Partially cloudy
212598;10115;5ae90bde9de23b002c8af3fc;2018-08-10T11:47:00-04:00;29.4;0.0;14.2;nan;Clear
212598;10115;5138e26de4b0288547418d4d;2018-08-10T13:48:00-04:00;30.1;0.0;6.8;nan;Partially cloudy
212600;10115;5a7865572f97ec520747ea43;2018-08-21T15:51:00-04:00;24.5;0.0;11.9;nan;Partially cloudy
213693;10161;4c97adba58d4b60c55484529;2017-10-11T14:30:00-04:00;23.8;0.0;13.6;nan;Partially cloudy
213695;10161;4c70029f9c6d6dcbd424d17a;2017-10-14T18:50:00-04:00;21.4;0.0;6.3;nan;Partially cloudy
213697;10161;569b21af498e3013c904d8b5;2017-10-18T22:40:00-04:00;17.5;0.0;12.6;nan;Clear
213701;10161;4c97adba58d4b60c55484529;2017-10-26T13:56:00-04:00;13.5;0.0;14.2;nan;Partially cloudy
213701;10161;4b5d9155f964a520d06129e3;2017-10-26T14:13:00-04:00;13.5;0.0;14.2;nan;Partially cloudy
213705;10161;4b829e60f964a52007db30e3;2017-11-16T21:19:00-05:00;8.1;0.0;15.9;nan;Clear
213705;10161;53611b4b498e99f52a28cb32;2017-11-17T00:35:00-05:00;6.6;0.0;19.7;nan;Partially cloudy
213705;10161;3fd66200f964a52071e61ee3;2017-11-17T06:29:00-05:00;4.9;0.0;26.5;nan;Partially cloudy
213709;10161;4b996536f964a520467835e3;2018-02-13T16:48:00-05:00;1.1;0.0;12.0;nan;Partially cloudy
213709;10161;4fe6fbe8e4b0ed119ccc032d;2018-02-13T17:31:00-05:00;0.1;0.0;12.8;nan;Partially cloudy
213709;10161;4b6b5abff964a520fb022ce3;2018-02-13T21:23:00-05:00;1.1;0.0;7.6;nan;Overcast
213711;10161;5a2864cd772fbc56e9d467fd;2018-04-03T19:24:00-04:00;4.6;0.208;14.5;rain;Rain, Overcast
213712;10161;58c15cad4287c9455ad33fc8;2018-04-24T22:02:00-04:00;13.4;0.0;12.8;nan;Overcast
213713;10161;5787b68e498efcabbebba4f8;2018-08-14T19:22:00-04:00;22.6;0.0;11.5;nan;Partially cloudy
214301;10200;4af180a2f964a52027e121e3;2018-03-30T23:13:00-04:00;8.0;0.0;20.1;nan;Clear
214834;10227;3fd66200f964a52010e61ee3;2017-11-22T18:32:00-05:00;5.4;0.0;25.5;nan;Overcast
215330;10258;3fd66200f964a5209fe61ee3;2017-10-05T00:20:00-04:00;19.3;0.0;16.5;nan;Clear
215332;10258;56e46150498ec3afc0d567a8;2017-10-07T18:36:00-04:00;23.1;0.0;13.0;nan;Partially cloudy
215332;10258;549481f3498e855d5f51cb66;2017-10-07T21:52:00-04:00;22.4;0.0;11.3;nan;Partially cloudy
215332;10258;57fe5fb9498e0dfb586bfe58;2017-10-07T22:28:00-04:00;22.4;0.0;11.3;nan;Partially cloudy
215332;10258;59822ae4e97dfb6a1519825b;2017-10-08T00:56:00-04:00;22.7;0.0;11.1;nan;Partially cloudy
215332;10258;59287ec99cadd905284e4052;2017-10-08T03:03:00-04:00;22.7;0.0;6.2;nan;Overcast
215332;10258;4b40cf3df964a5206bbb25e3;2017-10-08T04:50:00-04:00;22.8;0.0;11.6;nan;Overcast
217793;10376;4b6b5abff964a520fb022ce3;2017-10-07T21:06:00-04:00;22.4;0.0;18.9;nan;Clear
218047;10379;4b40cf3df964a5206bbb25e3;2018-05-30T01:25:00-04:00;22.2;0.0;7.0;nan;Clear
218050;10379;5a0e16d5e4c4590cfe273e38;2018-06-10T22:26:00-04:00;17.0;0.0;5.9;nan;Partially cloudy
218051;10379;509fd01de4b070da0a9d3c24;2018-06-11T21:07:00-04:00;17.0;0.0;10.9;nan;Clear
221070;10533;4c23c9aca852c9283c11e26c;2018-05-12T01:40:00-04:00;16.9;0.0;9.8;nan;Overcast
221139;10535;4bc24023461576b056237d32;2018-02-02T17:31:00-05:00;-4.9;0.0;43.5;nan;Partially cloudy
221139;10535;582472d6ef085e607efc254e;2018-02-02T22:59:00-05:00;-8.2;0.0;19.4;nan;Clear
221139;10535;57acc558498e036ce8f2b0b4;2018-02-02T23:31:00-05:00;-8.2;0.0;21.4;nan;Clear
221139;10535;57b61f2a498ed8856425737c;2018-02-03T04:20:00-05:00;-8.3;0.0;19.3;nan;Clear
221141;10535;522bbabb11d23cc6c6a5d12c;2018-02-04T17:21:00-05:00;3.9;0.367;6.7;rain;Rain, Overcast
225346;10730;590a00e74febd55af43a8267;2017-10-11T20:45:00-04:00;19.2;0.0;10.5;nan;Overcast
225745;10755;4e57cc89b0fb4c4d61f5cd69;2017-10-04T12:43:00-04:00;22.0;0.0;11.4;nan;Clear
225745;10755;570ba761498e3b4e81fcfcd3;2017-10-04T13:51:00-04:00;23.5;0.0;12.2;nan;Clear
225746;10755;51cde558011c221bf79219a0;2017-10-05T00:34:00-04:00;19.0;0.0;16.3;nan;Partially cloudy
225747;10755;570ba761498e3b4e81fcfcd3;2017-10-05T15:27:00-04:00;27.5;0.0;10.4;nan;Partially cloudy
225747;10755;4bc24023461576b056237d32;2017-10-06T02:09:00-04:00;21.5;0.0;7.8;nan;Partially cloudy
225747;10755;49ff62f9f964a52013701fe3;2017-10-06T13:25:00-04:00;26.4;0.0;11.2;nan;Clear
225937;10765;464451e5f964a52076461fe3;2017-11-18T23:02:00-05:00;12.2;0.0;10.2;nan;Partially cloudy
225955;10765;4e0cb1c918509581f763fea2;2018-04-28T21:51:00-04:00;12.5;0.42;12.1;rain;Rain, Overcast
225955;10765;519391a5498e6060a4d82ced;2018-04-28T23:20:00-04:00;12.3;0.587;11.1;rain;Rain, Overcast
225956;10765;5984eeb39be522744003dee5;2018-04-29T19:21:00-04:00;10.8;0.0;19.2;nan;Overcast
225956;10765;4a8ec960f964a520a51220e3;2018-04-29T19:56:00-04:00;9.7;0.0;33.8;nan;Partially cloudy
240146;11476;4b6ad328f964a5201ee22be3;2018-04-13T16:05:00-04:00;27.5;0.0;16.4;nan;Partially cloudy
240146;11476;4a04ba93f964a52023721fe3;2018-04-13T16:45:00-04:00;27.4;0.0;15.2;nan;Partially cloudy
242718;11623;4b3a50c6f964a520796425e3;2018-01-03T22:40:00-05:00;-1.9;0.0;10.7;rain,snow;Overcast
243437;11668;537d3c23498e08214a884752;2017-10-03T17:32:00-04:00;17.6;0.0;11.1;nan;Clear
243437;11668;4b7bfd18f964a52045772fe3;2017-10-03T19:52:00-04:00;16.1;0.0;8.7;nan;Partially cloudy
243438;11668;4cb9953bbac93704db37e57c;2017-10-04T12:49:00-04:00;22.0;0.0;11.4;nan;Clear
243438;11668;596e8fbd6f706a4c51646b72;2017-10-04T20:59:00-04:00;21.5;0.0;23.1;nan;Clear
253131;12182;4bbb9dbded7776b0e1ad3e51;2017-10-26T23:04:00-04:00;10.8;0.0;13.0;nan;Clear
256355;12358;59b3113a06fb6043c3fa17d4;2017-10-16T16:15:00-04:00;13.7;0.0;22.7;nan;Partially cloudy
256355;12358;4eb13d68e5e8c0f5bd2fd983;2017-10-16T17:49:00-04:00;13.5;0.0;13.8;nan;Partially cloudy
256458;12361;4abe7f9ef964a520068e20e3;2017-11-24T15:58:00-05:00;9.7;0.0;7.5;nan;Clear
257154;12406;4165d880f964a5207e1d1fe3;2017-10-15T16:03:00-04:00;22.5;0.0;13.9;nan;Overcast
261059;12600;526ac1b611d206c487db6d17;2018-05-18T22:34:00-04:00;13.9;0.0;6.1;nan;Overcast
261060;12600;54e21d97498e7cf9d3f29b3c;2018-05-19T13:31:00-04:00;12.4;5.326;11.4;rain;Rain, Overcast
261061;12600;58801864cc5b6a14dedce689;2018-05-20T15:22:00-04:00;27.2;0.0;11.2;nan;Partially cloudy
261062;12600;55387c1b498e4eca6482f4f5;2018-05-21T22:50:00-04:00;18.0;0.0;11.5;nan;Partially cloudy
261063;12600;54e21d97498e7cf9d3f29b3c;2018-05-22T11:43:00-04:00;18.2;0.0;9.2;nan;Overcast
264202;12756;4eb90d85722e09311d356915;2018-09-10T18:11:00-04:00;16.4;855.0;16.4;rain;Rain, Overcast
269173;13012;4a4fd823f964a520c5af1fe3;2017-10-05T13:58:00-04:00;27.2;0.0;14.8;nan;Partially cloudy
269173;13012;54e4c205498e81ce0129b6d1;2017-10-05T16:02:00-04:00;28.2;0.0;11.8;nan;Partially cloudy
269176;13012;4a4fd823f964a520c5af1fe3;2017-10-12T14:07:00-04:00;17.0;0.0;17.6;nan;Partially cloudy
269176;13012;54e4c205498e81ce0129b6d1;2017-10-12T16:50:00-04:00;17.3;0.0;17.9;nan;Clear
269180;13012;4a4fd823f964a520c5af1fe3;2017-10-19T14:32:00-04:00;21.7;0.0;12.6;nan;Clear
269180;13012;54e4c205498e81ce0129b6d1;2017-10-19T16:29:00-04:00;21.7;0.0;11.6;nan;Clear
269184;13012;4a4fd823f964a520c5af1fe3;2017-10-26T14:06:00-04:00;13.5;0.0;14.2;nan;Partially cloudy
269191;13012;54e4c205498e81ce0129b6d1;2017-11-06T16:10:00-05:00;18.2;0.108;14.0;rain;Rain, Partially cloudy
269193;13012;54e4c205498e81ce0129b6d1;2017-11-09T15:58:00-05:00;12.3;0.0;9.3;nan;Partially cloudy
269194;13012;57218ba5498eb662eaa1e121;2017-11-10T17:28:00-05:00;-0.1;0.0;25.6;nan;Clear
269195;13012;53399f0f498e0f3923a03a4a;2017-11-12T16:13:00-05:00;7.6;0.0;8.3;nan;Clear
269204;13012;54e4c205498e81ce0129b6d1;2017-11-30T15:42:00-05:00;9.0;0.0;7.5;nan;Partially cloudy
269210;13012;54e4c205498e81ce0129b6d1;2017-12-07T15:42:00-05:00;6.8;0.0;14.7;nan;Clear
269224;13012;54e4c205498e81ce0129b6d1;2018-02-08T16:12:00-05:00;-0.1;0.0;9.6;nan;Partially cloudy
269229;13012;54e4c205498e81ce0129b6d1;2018-02-22T16:14:00-05:00;4.2;0.315;16.0;rain;Rain, Overcast
269230;13012;54e4c205498e81ce0129b6d1;2018-03-01T17:34:00-05:00;13.2;0.0;14.0;nan;Overcast
269306;13012;54e4c205498e81ce0129b6d1;2018-08-29T14:54:00-04:00;33.8;0.0;22.6;nan;Clear
269308;13012;54e4c205498e81ce0129b6d1;2018-09-12T15:11:00-04:00;24.7;0.0;12.2;nan;Overcast
269710;13028;4b6ece0bf964a52051cb2ce3;2018-02-06T04:52:00-05:00;-2.3;0.0;2.1;nan;Partially cloudy
269711;13028;4b6b5abff964a520fb022ce3;2018-02-06T15:07:00-05:00;2.9;0.0;9.9;nan;Overcast
269711;13028;4b6ece0bf964a52051cb2ce3;2018-02-07T01:16:00-05:00;-0.4;0.0;12.8;nan;Partially cloudy
269712;13028;4b6ece0bf964a52051cb2ce3;2018-02-08T04:31:00-05:00;-2.0;0.0;19.3;nan;Partially cloudy
269713;13028;4abe7f9ef964a520068e20e3;2018-02-08T23:06:00-05:00;-1.8;0.0;15.4;nan;Clear
269713;13028;4b6ece0bf964a52051cb2ce3;2018-02-09T03:29:00-05:00;-2.8;0.0;11.3;nan;Partially cloudy
269714;13028;4b6ece0bf964a52051cb2ce3;2018-02-11T12:44:00-05:00;7.7;3.359;8.1;rain;Rain, Overcast
270353;13063;4a510034f964a52066b01fe3;2017-12-23T18:13:00-05:00;9.1;0.3;4.2;rain;Rain, Overcast
270370;13063;4abfd214f964a520739220e3;2018-05-12T17:10:00-04:00;14.4;0.0;10.5;nan;Overcast
270387;13063;4d0a945ef2c1236a74ccfc56;2018-06-14T13:43:00-04:00;27.6;0.0;29.5;nan;Clear
270389;13063;4d0a945ef2c1236a74ccfc56;2018-06-16T15:25:00-04:00;28.4;0.0;12.9;nan;Clear
270397;13063;4bd9259267b49c7480832214;2018-06-24T16:48:00-04:00;26.9;0.0;10.9;nan;Overcast
270762;13079;5467ceec498e1b95c0575e73;2018-10-07T15:21:00-04:00;26.1;0.0;6.3;nan;Partially cloudy
270762;13079;4a675deef964a52045c91fe3;2018-10-07T15:22:00-04:00;26.1;0.0;6.3;nan;Partially cloudy
270762;13079;49ccd495f964a52091591fe3;2018-10-07T21:44:00-04:00;23.7;0.0;1.7;nan;Partially cloudy
270762;13079;3fd66200f964a52050e61ee3;2018-10-07T21:49:00-04:00;23.7;0.0;1.7;nan;Partially cloudy
270763;13079;4ae9c4eaf964a52039b621e3;2018-10-08T15:54:00-04:00;18.5;0.0;12.0;nan;Overcast
270763;13079;426d8480f964a52064211fe3;2018-10-08T20:26:00-04:00;18.0;0.0;9.8;nan;Overcast
271281;13110;515abd65e4b08eda86b30e6e;2018-03-10T15:41:00-05:00;4.0;0.0;20.4;nan;Overcast
271283;13110;4eb13d68e5e8c0f5bd2fd983;2018-03-12T16:06:00-04:00;5.2;0.0;20.6;nan;Overcast
272413;13183;56636f30498e1a6142bb79f2;2017-10-03T21:49:00-04:00;15.4;0.0;5.9;nan;Clear
277521;13397;521cad4011d2a9c6e2c198ae;2017-10-07T17:41:00-04:00;24.3;0.0;13.4;nan;Clear
280083;13535;4612961ff964a52037451fe3;2017-10-03T23:40:00-04:00;15.1;0.0;2.4;nan;Clear
280083;13535;3fd66200f964a52094e61ee3;2017-10-04T00:31:00-04:00;14.5;0.0;7.1;nan;Clear
280083;13535;59b4898de1f0aa6d9ec6d507;2017-10-04T01:22:00-04:00;14.5;0.0;7.1;nan;Clear
280083;13535;522664d311d2cee66613afbc;2017-10-04T02:37:00-04:00;14.3;0.0;7.6;nan;Clear
280093;13535;55e1c16f498e3be4f7108cab;2017-11-05T19:19:00-05:00;15.8;0.0;3.6;nan;Overcast
280093;13535;4dadcb124df0522cc5622202;2017-11-05T20:43:00-05:00;16.3;0.0;6.5;nan;Partially cloudy
280093;13535;3fd66200f964a520dde41ee3;2017-11-05T21:39:00-05:00;16.1;0.0;3.2;nan;Overcast
282645;13666;42daf100f964a52035261fe3;2017-11-09T17:55:00-05:00;11.4;0.0;5.1;nan;Partially cloudy
282645;13666;4b6b5abff964a520fb022ce3;2017-11-09T19:48:00-05:00;11.7;0.0;10.4;nan;Partially cloudy
283633;13734;59d2c4ec1f8ed658b1f4fb03;2017-10-04T00:05:00-04:00;15.1;0.0;2.4;nan;Clear
283634;13734;515f81d0e4b05d6decaaed19;2017-10-07T18:04:00-04:00;24.3;0.0;13.4;nan;Clear
283636;13734;4b03020cf964a520d74b22e3;2017-10-13T14:51:00-04:00;18.4;0.0;14.8;nan;Partially cloudy
283636;13734;4a942a25f964a520972020e3;2017-10-13T16:43:00-04:00;18.5;0.0;12.5;nan;Overcast
283636;13734;49dad010f964a520b15e1fe3;2017-10-13T17:16:00-04:00;18.5;0.0;12.5;nan;Overcast
283638;13734;5591c747498e45ec0b8171f1;2017-10-16T18:08:00-04:00;13.5;0.0;13.8;nan;Partially cloudy
283638;13734;59d2c4ec1f8ed658b1f4fb03;2017-10-16T23:27:00-04:00;9.7;0.0;19.8;nan;Clear
283639;13734;4b8177d3f964a52026a830e3;2017-10-20T17:33:00-04:00;22.0;0.0;12.7;nan;Clear
283640;13734;57fe5fb9498e0dfb586bfe58;2017-10-23T18:15:00-04:00;21.2;0.0;15.9;nan;Partially cloudy
283641;13734;5953e0555c683860ffa4e0cd;2017-10-25T00:51:00-04:00;19.7;0.0;8.9;nan;Partially cloudy
283642;13734;5953e0555c683860ffa4e0cd;2017-10-30T23:12:00-04:00;11.3;0.0;15.4;nan;Clear
283643;13734;59f38be7175562651c451266;2017-10-31T18:50:00-04:00;11.6;0.0;9.7;nan;Clear
283643;13734;56d8c0f8498edb854f926e6a;2017-10-31T19:16:00-04:00;11.6;0.0;9.7;nan;Clear
283648;13734;49bc236af964a5201b541fe3;2017-11-13T18:20:00-05:00;6.7;0.0;9.3;nan;Clear
283651;13734;5953e0555c683860ffa4e0cd;2017-12-01T00:36:00-05:00;10.0;0.0;6.4;nan;Overcast
283651;13734;564a86c8498ea245a802f0d1;2017-12-01T01:53:00-05:00;9.6;0.0;7.3;nan;Overcast
283652;13734;4a8b0693f964a520350b20e3;2017-12-03T23:54:00-05:00;6.5;0.0;3.3;nan;Clear
283653;13734;57fe5fb9498e0dfb586bfe58;2017-12-09T18:04:00-05:00;-0.4;0.574;13.5;rain,snow;Snow, Rain, Overcast
283653;13734;57583641498e90001a32e13e;2017-12-09T19:03:00-05:00;-0.3;0.515;10.3;rain,snow;Snow, Rain, Overcast
283654;13734;49bc236af964a5201b541fe3;2017-12-10T16:42:00-05:00;3.1;0.0;17.3;nan;Partially cloudy
283654;13734;49cf9efbf964a520b05a1fe3;2017-12-10T17:15:00-05:00;3.1;0.0;17.3;nan;Partially cloudy
283656;13734;4efd1635f790570bcf88cbfd;2017-12-17T02:39:00-05:00;0.9;0.0;3.3;nan;Overcast
283663;13734;49e7ce15f964a5201d651fe3;2018-01-15T20:28:00-05:00;-3.5;0.0;12.8;nan;Clear
283663;13734;55148c66498e987ed9d8e394;2018-01-15T23:02:00-05:00;-4.1;0.0;9.1;nan;Overcast
283664;13734;53399f0f498e0f3923a03a4a;2018-01-20T16:59:00-05:00;9.2;0.0;12.6;nan;Partially cloudy
283664;13734;5953e0555c683860ffa4e0cd;2018-01-20T23:02:00-05:00;7.1;0.0;9.2;nan;Clear
283668;13734;59287ec99cadd905284e4052;2018-02-06T00:23:00-05:00;-3.2;0.0;0.9;nan;Clear
288776;13986;4fda7413e4b040870382d8fe;2017-10-06T00:08:00-04:00;22.4;0.0;15.1;nan;Partially cloudy
288780;13986;5467ceec498e1b95c0575e73;2017-10-10T16:01:00-04:00;26.5;0.0;5.5;nan;Partially cloudy
288789;13986;52681085498e16a8ac061157;2017-10-24T20:14:00-04:00;20.0;0.225;11.2;rain;Rain, Overcast
288789;13986;49c02175f964a5204b551fe3;2017-10-24T23:09:00-04:00;20.0;0.0;7.0;nan;Partially cloudy
288796;13986;4a528be8f964a520b0b11fe3;2017-11-01T20:09:00-04:00;13.2;0.0;8.5;nan;Partially cloudy
288796;13986;4bac00a1f964a52025dd3ae3;2017-11-01T21:01:00-04:00;12.9;0.0;8.4;nan;Partially cloudy
288796;13986;48636f02f964a520e3501fe3;2017-11-02T00:55:00-04:00;14.5;0.0;8.1;nan;Overcast
288808;13986;52681085498e16a8ac061157;2017-11-27T19:17:00-05:00;8.1;0.0;9.4;nan;Clear
288816;13986;52d36856498e9256064e3fe3;2018-01-17T01:30:00-05:00;1.9;0.0;7.1;nan;Overcast
288832;13986;5467ceec498e1b95c0575e73;2018-03-08T23:17:00-05:00;1.2;0.0;10.0;nan;Overcast
288837;13986;52681085498e16a8ac061157;2018-03-19T18:39:00-04:00;6.4;0.0;8.9;nan;Partially cloudy
288843;13986;56b8e1c2498ecd75c8e1dbda;2018-04-04T23:34:00-04:00;5.4;0.0;25.5;nan;Clear
288865;13986;49c7e0b7f964a520cc571fe3;2018-05-10T20:23:00-04:00;17.3;0.0;10.7;nan;Partially cloudy
288865;13986;52681085498e16a8ac061157;2018-05-10T20:55:00-04:00;16.9;0.203;9.1;rain;Rain, Partially cloudy
288879;13986;4f917cdde4b02081d14944d5;2018-06-12T22:58:00-04:00;18.0;0.0;9.8;nan;Partially cloudy
288881;13986;52681085498e16a8ac061157;2018-06-15T18:59:00-04:00;23.3;0.0;11.4;nan;Clear
288884;13986;5467ceec498e1b95c0575e73;2018-06-18T17:01:00-04:00;32.8;0.0;15.4;nan;Partially cloudy
290471;14055;4a995dbdf964a520fb2d20e3;2017-12-09T19:57:00-05:00;-0.3;0.972;10.3;rain,snow;Snow, Rain, Partially cloudy
290773;14058;59f38be7175562651c451266;2017-12-22T22:42:00-05:00;4.9;0.0;9.6;nan;Overcast
301706;14636;42893400f964a52054231fe3;2018-03-15T14:58:00-04:00;8.2;0.0;20.5;nan;Clear
301707;14636;4abe7f9ef964a520068e20e3;2018-03-16T13:33:00-04:00;3.8;0.0;30.0;nan;Overcast
301707;14636;559ecd00498e965ccd39ea9f;2018-03-16T14:38:00-04:00;3.5;0.0;25.7;nan;Partially cloudy
302337;14675;4c154c9a77cea593c401d260;2017-10-06T17:11:00-04:00;25.7;0.0;10.8;nan;Clear
302337;14675;4b22833df964a520174824e3;2017-10-06T17:27:00-04:00;25.7;0.0;10.8;nan;Clear
306526;14913;5355a5ca498e506aae75edb7;2017-12-17T00:17:00-05:00;1.3;0.0;10.5;nan;Partially cloudy
308323;15013;4e2b03a07d8b7deda6cbdc62;2017-10-07T02:15:00-04:00;21.9;0.0;2.5;nan;Partially cloudy
308511;15018;56e7f585498ed6598b4030cd;2018-01-02T20:55:00-05:00;-6.6;0.0;17.2;nan;Clear
308512;15018;4c374bf80a71c9b6f2893ec9;2018-01-03T15:37:00-05:00;-1.5;0.0;2.6;rain,snow;Partially cloudy
308512;15018;566ccc9e498e30e477702118;2018-01-03T19:10:00-05:00;-2.7;0.0;8.0;snow;Partially cloudy
308514;15018;4c374bf80a71c9b6f2893ec9;2018-01-05T16:37:00-05:00;-9.2;0.0;22.6;nan;Clear
308517;15018;4c374bf80a71c9b6f2893ec9;2018-01-08T15:40:00-05:00;-1.0;0.235;10.3;rain,snow;Snow, Rain, Overcast
308517;15018;582ce83e7ff1e423c65a482b;2018-01-08T16:39:00-05:00;-1.5;1.544;10.6;rain,snow;Snow, Rain, Overcast
308517;15018;4c000585daf9c9b64220fbef;2018-01-08T19:42:00-05:00;-1.2;0.0;15.8;nan;Overcast
308519;15018;4c374bf80a71c9b6f2893ec9;2018-01-10T15:41:00-05:00;3.6;0.0;13.0;nan;Partially cloudy
308519;15018;3fd66200f964a520e7e51ee3;2018-01-10T17:51:00-05:00;3.2;0.0;9.1;nan;Partially cloudy
308525;15018;4c374bf80a71c9b6f2893ec9;2018-01-16T15:07:00-05:00;1.6;0.0;9.5;nan;Overcast
308525;15018;49e644c6f964a5202f641fe3;2018-01-16T15:36:00-05:00;1.6;0.0;8.1;nan;Overcast
308525;15018;4b40cf3df964a5206bbb25e3;2018-01-16T18:45:00-05:00;0.6;0.0;9.8;nan;Overcast
308525;15018;576eab51cd10ae8e59db0250;2018-01-16T20:58:00-05:00;1.0;0.0;10.0;nan;Overcast
308526;15018;4b3abe48f964a520b96d25e3;2018-01-17T16:31:00-05:00;-1.4;0.0;18.0;rain,snow;Overcast
308526;15018;5198dfb02fc6fc86d451ef2e;2018-01-17T18:12:00-05:00;-1.7;0.0;16.9;rain,snow;Overcast
308527;15018;574456e5498e39c73d234da1;2018-01-18T19:26:00-05:00;-1.2;0.0;13.0;nan;Clear
308527;15018;4c93d860f7cfa1cd5331ae15;2018-01-18T21:36:00-05:00;-2.6;0.0;14.6;nan;Clear
308527;15018;5198dfb02fc6fc86d451ef2e;2018-01-18T22:34:00-05:00;-3.2;0.0;12.0;nan;Clear
308527;15018;593332f9123a1963f539daa0;2018-01-18T23:30:00-05:00;-3.2;0.0;12.0;nan;Clear
308528;15018;4c374bf80a71c9b6f2893ec9;2018-01-19T18:23:00-05:00;2.7;0.0;9.2;nan;Partially cloudy
308528;15018;4a57b809f964a520a9b61fe3;2018-01-19T18:38:00-05:00;3.1;0.0;11.7;nan;Partially cloudy
308533;15018;4b78360df964a520a7bc2ee3;2018-01-24T16:34:00-05:00;2.0;0.0;16.7;nan;Partially cloudy
308533;15018;3fd66200f964a520aae61ee3;2018-01-24T18:10:00-05:00;1.3;0.0;19.7;nan;Clear
308533;15018;4edd43af7bebc29455367992;2018-01-24T19:19:00-05:00;0.8;0.0;17.8;nan;Clear
308533;15018;4ad76597f964a5200e0a21e3;2018-01-24T23:34:00-05:00;-2.6;0.0;20.6;nan;Clear
308628;15018;4b57b0dff964a520293c28e3;2018-07-07T16:22:00-04:00;24.5;0.0;12.2;nan;Clear
308628;15018;4c374bf80a71c9b6f2893ec9;2018-07-07T19:21:00-04:00;21.8;0.0;9.8;nan;Clear
308630;15018;4cc1bf0001fb236a32789aba;2018-07-09T17:09:00-04:00;29.5;0.0;14.9;nan;Clear
308630;15018;57a240f1cd10ed172db51626;2018-07-09T19:13:00-04:00;27.4;0.0;12.5;nan;Clear
308630;15018;49bc236af964a5201b541fe3;2018-07-09T23:23:00-04:00;24.3;0.0;9.7;nan;Clear
308631;15018;4c374bf80a71c9b6f2893ec9;2018-07-10T15:06:00-04:00;33.6;0.0;18.7;nan;Clear
308631;15018;49e644c6f964a5202f641fe3;2018-07-10T16:09:00-04:00;34.1;0.0;13.2;nan;Clear
308631;15018;4ad78220f964a520960b21e3;2018-07-10T21:06:00-04:00;30.8;0.0;9.1;nan;Partially cloudy
308631;15018;4b3abe48f964a520b96d25e3;2018-07-10T23:27:00-04:00;28.7;0.0;6.9;nan;Partially cloudy
308632;15018;55f0b6b0498e1b4c64e412aa;2018-07-11T16:23:00-04:00;30.6;0.0;16.9;nan;Partially cloudy
308634;15018;4aabc152f964a520f15920e3;2018-07-14T00:58:00-04:00;22.7;0.0;10.7;nan;Clear
309739;15070;4d6ab0f79f4b6dcbf9d16628;2017-10-27T17:53:00-04:00;14.9;0.0;5.8;nan;Clear
312335;15208;5a53ecb9d69ed05523198af9;2018-01-08T22:14:00-05:00;-0.6;0.0;11.9;nan;Overcast
315251;15355;42474900f964a52080201fe3;2017-12-19T20:11:00-05:00;11.7;0.0;17.7;nan;Clear
315297;15355;58191674ded8f8626ed70af0;2018-03-14T23:02:00-04:00;0.8;0.185;21.0;rain,snow;Snow, Rain, Overcast
315297;15355;57f0689d498e7d49d9189369;2018-03-15T02:40:00-04:00;0.4;0.0;22.2;nan;Overcast
315302;15355;56377427498ef690cfe35b1a;2018-03-22T18:07:00-04:00;10.1;0.0;17.2;nan;Partially cloudy
315330;15355;4ba0e528f964a5205c8537e3;2018-05-01T22:08:00-04:00;23.0;0.0;15.2;nan;Clear
315330;15355;5822759cc0633a2cd29b6d32;2018-05-02T01:21:00-04:00;20.7;0.0;11.2;nan;Clear
315339;15355;47f39422f964a5209b4e1fe3;2018-05-17T02:14:00-04:00;13.2;0.3;8.4;rain;Rain, Overcast
315366;15355;3fd66200f964a52094e61ee3;2018-06-15T21:06:00-04:00;22.1;0.0;2.1;nan;Partially cloudy
317675;15458;582ce83e7ff1e423c65a482b;2018-10-10T19:24:00-04:00;23.1;0.0;8.9;nan;Partially cloudy
321668;15595;4b8c5081f964a52015ca32e3;2018-02-08T23:38:00-05:00;-2.3;0.0;14.6;nan;Clear
321668;15595;49c65aa8f964a52038571fe3;2018-02-09T00:59:00-05:00;-2.9;0.0;14.3;nan;Clear
322595;15662;42daf100f964a52035261fe3;2017-10-04T17:03:00-04:00;23.8;0.0;11.9;nan;Clear
328843;15974;57c640ad498e74977f98372f;2017-10-27T18:49:00-04:00;14.8;0.0;4.2;nan;Clear
328847;15974;49b15042f964a520d4521fe3;2017-11-06T23:30:00-05:00;9.0;0.0;13.9;nan;Clear
328851;15974;58389efb8f0be46bca889667;2017-11-15T18:05:00-05:00;9.2;0.0;13.3;nan;Partially cloudy
328861;15974;4fd244dce4b03e7cee3dd4b1;2017-12-06T22:37:00-05:00;4.4;0.0;11.6;nan;Partially cloudy
328879;15974;53d6e988498e6bfb2355d2ac;2018-01-25T00:56:00-05:00;-3.5;0.0;14.9;nan;Partially cloudy
328879;15974;3fd66200f964a520c1e81ee3;2018-01-25T02:21:00-05:00;-4.2;0.0;15.6;nan;Partially cloudy
328879;15974;4bc24023461576b056237d32;2018-01-25T03:01:00-05:00;-4.2;0.0;16.7;nan;Clear
328884;15974;557c335b498ec492c5d567dd;2018-02-02T18:27:00-05:00;-4.9;0.0;43.5;nan;Partially cloudy
328884;15974;4b342e93f964a520dd2525e3;2018-02-02T18:44:00-05:00;-6.0;0.0;26.1;nan;Partially cloudy
329827;16008;5998e49dc666662a7e02525e;2017-10-26T02:11:00-04:00;13.9;0.0;15.5;nan;Overcast
329838;16008;4fb7ef4b7b0cd3a686313d43;2017-12-07T20:25:00-05:00;5.6;0.0;11.9;nan;Partially cloudy
331000;16065;4a9ae597f964a520763320e3;2017-10-22T19:09:00-04:00;18.7;0.0;7.3;nan;Partially cloudy
331008;16065;4a9ae597f964a520763320e3;2017-11-17T00:02:00-05:00;6.8;0.0;12.1;nan;Partially cloudy
331019;16065;4a9ae597f964a520763320e3;2017-12-15T01:11:00-05:00;-5.4;0.0;15.0;snow;Clear
331025;16065;49dad010f964a520b15e1fe3;2017-12-28T20:51:00-05:00;-10.4;0.0;19.1;nan;Clear
331045;16065;4a9ae597f964a520763320e3;2018-02-15T19:10:00-05:00;15.2;0.0;6.8;nan;Partially cloudy
331049;16065;57b49df2498e4991755e961f;2018-02-21T21:59:00-05:00;15.3;1.005;13.7;rain;Rain, Overcast
331051;16065;4b9fc725f964a520cd3d37e3;2018-03-04T17:52:00-05:00;4.5;0.0;17.9;nan;Partially cloudy
331060;16065;4a411ea5f964a520cba41fe3;2018-03-23T22:46:00-04:00;5.8;0.0;17.2;nan;Overcast
331060;16065;4ddef29818388714bb5ce52d;2018-03-23T23:38:00-04:00;5.1;0.0;14.7;nan;Overcast
331060;16065;59cede02b23dfa246fee7545;2018-03-24T01:37:00-04:00;3.6;0.0;17.6;nan;Partially cloudy
331066;16065;40b52f80f964a5205a001fe3;2018-04-07T01:05:00-04:00;9.3;0.0;18.2;nan;Partially cloudy
331068;16065;4a9ae597f964a520763320e3;2018-04-13T00:19:00-04:00;14.4;0.0;13.7;nan;Partially cloudy
331072;16065;5640d0efcd10fc89308b5869;2018-04-27T01:37:00-04:00;14.6;0.0;1.2;nan;Partially cloudy
331072;16065;4116be80f964a520fc0b1fe3;2018-04-27T03:03:00-04:00;14.2;0.0;8.1;nan;Partially cloudy
331075;16065;4a9ae597f964a520763320e3;2018-05-05T20:39:00-04:00;20.3;0.0;6.2;nan;Partially cloudy
331076;16065;4a9ae597f964a520763320e3;2018-05-10T23:57:00-04:00;16.5;0.0;4.2;nan;Partially cloudy
331079;16065;3fd66200f964a52071e61ee3;2018-05-18T00:59:00-04:00;19.3;0.0;1.2;nan;Partially cloudy
331083;16065;4aca45d0f964a52028c120e3;2018-06-02T21:22:00-04:00;25.3;0.0;9.9;nan;Overcast
331083;16065;4a9ae597f964a520763320e3;2018-06-02T21:59:00-04:00;24.4;23.0;6.8;rain;Rain, Overcast
331090;16065;3fd66200f964a52071e61ee3;2018-07-13T00:51:00-04:00;22.4;0.0;6.5;nan;Clear
331094;16065;3fd66200f964a52071e61ee3;2018-08-10T01:08:00-04:00;25.3;0.0;8.7;nan;Clear
331099;16065;5b2d49ad6f706a002c52d50b;2018-09-08T22:05:00-04:00;17.1;0.0;10.7;nan;Overcast
331106;16065;4a9ae597f964a520763320e3;2018-10-10T19:25:00-04:00;23.1;0.0;8.9;nan;Partially cloudy
331787;16103;5547ffe8498ec8a2c668a412;2018-03-05T03:15:00-05:00;1.3;0.0;20.2;nan;Overcast
332293;16134;5787b68e498efcabbebba4f8;2018-04-12T18:49:00-04:00;13.5;0.0;12.7;nan;Partially cloudy
334304;16241;4c374bf80a71c9b6f2893ec9;2017-10-17T16:24:00-04:00;15.0;0.0;7.2;nan;Clear
334304;16241;50002274e4b0deb8db4eea3b;2017-10-17T16:31:00-04:00;14.8;0.0;4.2;nan;Clear
335690;16300;4e7a6b82e4cdb52fab16711f;2017-11-17T23:11:00-05:00;4.0;0.0;4.3;nan;Clear
335822;16314;431f7f00f964a52085271fe3;2017-10-18T13:15:00-04:00;20.7;0.0;1.2;nan;Clear
335822;16314;4165d880f964a5207e1d1fe3;2017-10-18T14:52:00-04:00;22.0;0.0;4.8;nan;Clear
335822;16314;42daf100f964a52035261fe3;2017-10-18T15:32:00-04:00;22.3;0.0;8.2;nan;Clear
335822;16314;42893400f964a52054231fe3;2017-10-18T17:37:00-04:00;19.6;0.0;16.6;nan;Clear
335822;16314;4bddccbe6198c9b67bb911ff;2017-10-18T17:44:00-04:00;19.6;0.0;16.6;nan;Clear
335822;16314;50bcb93ae4b0efcb4c84d434;2017-10-18T19:37:00-04:00;18.1;0.0;8.0;nan;Clear
335824;16314;4b829e60f964a52007db30e3;2017-10-21T15:54:00-04:00;24.5;0.0;9.8;nan;Partially cloudy
338468;16435;5aa85a8f3af9886c61cf2e8f;2018-03-17T22:18:00-04:00;5.4;0.0;14.9;nan;Clear
338468;16435;4b11a5e0f964a5205c8123e3;2018-03-18T00:57:00-04:00;3.2;0.0;4.7;nan;Clear
338468;16435;4b6d9298f964a520607d2ce3;2018-03-18T03:08:00-04:00;2.0;0.0;10.7;nan;Clear
338468;16435;4d7e74cde7e1721ef8cfe00b;2018-03-18T03:09:00-04:00;2.0;0.0;10.7;nan;Clear
338890;16446;4abe7f9ef964a520068e20e3;2017-10-13T17:12:00-04:00;18.5;0.0;12.5;nan;Overcast
338891;16446;47111950f964a5209e4b1fe3;2017-10-15T02:08:00-04:00;20.0;0.0;3.7;nan;Overcast
338892;16446;3fd66200f964a520ece31ee3;2017-10-15T17:33:00-04:00;21.4;0.0;21.3;nan;Overcast
341710;16578;570ba761498e3b4e81fcfcd3;2017-10-05T18:46:00-04:00;26.3;0.0;11.2;nan;Partially cloudy
341711;16578;4b9ea289f964a520a1f536e3;2017-10-24T15:55:00-04:00;20.4;0.8;17.7;rain;Rain, Overcast
341713;16578;50129be3e4b0f164329daa1a;2017-12-22T17:48:00-05:00;9.3;0.0;2.4;nan;Partially cloudy
341713;16578;49dad010f964a520b15e1fe3;2017-12-22T18:46:00-05:00;8.8;0.0;5.3;nan;Overcast
341714;16578;4b520135f964a520aa6027e3;2018-01-02T23:25:00-05:00;-7.0;0.0;14.8;nan;Clear
341719;16578;56f58275498eefdb60642bc9;2018-02-28T18:31:00-05:00;13.4;0.0;11.7;nan;Clear
341719;16578;51bb9282498e56a7521f9983;2018-02-28T23:24:00-05:00;13.2;0.0;8.6;nan;Overcast
341721;16578;4b520135f964a520aa6027e3;2018-03-10T14:26:00-05:00;3.7;0.0;20.6;nan;Overcast
341723;16578;4b60c708f964a520d0f829e3;2018-03-29T20:18:00-04:00;10.0;0.0;4.3;nan;Overcast
341724;16578;4b9ea289f964a520a1f536e3;2018-05-04T16:22:00-04:00;27.7;0.0;22.8;nan;Partially cloudy
341725;16578;570ba761498e3b4e81fcfcd3;2018-05-09T14:57:00-04:00;21.4;0.0;11.8;nan;Partially cloudy
341727;16578;5882565d89151d6db39f50d7;2018-09-18T16:40:00-04:00;21.7;3301.0;13.1;rain;Rain, Overcast
342157;16615;5939da3ff427de5f7ffab579;2018-05-11T00:40:00-04:00;16.1;0.0;1.2;nan;Clear
346843;16859;4b44a1cbf964a52033f825e3;2018-02-09T20:26:00-05:00;2.1;0.0;12.5;nan;Partially cloudy
346843;16859;4abe7f9ef964a520068e20e3;2018-02-09T21:10:00-05:00;2.3;0.0;11.4;nan;Overcast
346843;16859;540d97b5498e05abd30fd5ca;2018-02-09T23:24:00-05:00;3.6;0.0;9.8;nan;Partially cloudy
348273;16944;3fd66200f964a52005e71ee3;2018-06-15T02:56:00-04:00;20.3;0.0;10.0;nan;Clear
348316;16947;57583641498e90001a32e13e;2017-10-04T00:37:00-04:00;14.5;0.0;7.1;nan;Clear
348540;16962;4ae2eb64f964a520b28f21e3;2017-11-15T02:28:00-05:00;4.4;0.0;12.4;nan;Overcast
350248;17038;3fd66200f964a520daf11ee3;2017-10-28T13:48:00-04:00;20.0;0.0;14.8;nan;Partially cloudy
355007;17290;4a455daff964a52014a81fe3;2018-06-16T23:45:00-04:00;22.8;0.0;7.9;nan;Clear
355728;17324;4f0f47650cd695a0e54cb438;2017-10-28T23:57:00-04:00;18.2;0.0;8.8;nan;Partially cloudy
355741;17324;568dd8f0498e49b9d660021b;2018-05-26T14:23:00-04:00;32.0;0.0;6.7;nan;Partially cloudy
356147;17344;4b996536f964a520467835e3;2018-03-19T18:45:00-04:00;6.4;0.0;8.9;nan;Partially cloudy
356147;17344;579c12cd498e6e815b3acf50;2018-03-19T20:02:00-04:00;5.8;0.0;9.6;nan;Partially cloudy
356148;17344;42893400f964a52054231fe3;2018-03-20T15:50:00-04:00;3.2;0.0;20.1;nan;Overcast
356148;17344;4a44cd95f964a5208fa71fe3;2018-03-20T16:55:00-04:00;3.0;0.0;17.0;nan;Overcast
361878;17673;42893400f964a52054231fe3;2018-02-09T15:17:00-05:00;1.0;0.0;5.7;nan;Overcast
363835;17769;5217e0dd11d2b33a2d55a11c;2017-12-27T21:10:00-05:00;-6.8;0.0;20.9;nan;Clear
364182;17780;4ad35d08f964a520fae320e3;2017-10-11T13:12:00-04:00;22.4;0.0;13.0;nan;Partially cloudy
364400;17791;5547ffe8498ec8a2c668a412;2018-06-19T20:59:00-04:00;27.5;0.0;10.9;nan;Clear
366084;17874;48c91543f964a520e4511fe3;2018-02-23T04:39:00-05:00;2.5;0.0;13.9;nan;Overcast
366084;17874;4b4fdfc8f964a520801827e3;2018-02-23T07:11:00-05:00;2.7;0.0;16.8;nan;Overcast
366164;17876;576c2212498e72c8c38f1ddd;2018-03-23T22:08:00-04:00;6.0;0.0;18.5;nan;Overcast
366167;17876;4b829e60f964a52007db30e3;2018-04-01T18:53:00-04:00;12.4;0.0;17.0;rain;Partially cloudy
371063;18117;56560a58498ea43ab5ffb24d;2018-07-13T21:08:00-04:00;24.3;0.0;6.7;nan;Clear
371063;18117;4555bea7f964a520253d1fe3;2018-07-13T21:38:00-04:00;24.0;0.0;10.3;nan;Clear
378413;18552;579c12cd498e6e815b3acf50;2017-11-20T01:23:00-05:00;4.6;0.0;17.8;nan;Partially cloudy
383777;18818;49eb223ff964a520a6661fe3;2017-10-29T13:55:00-04:00;17.3;11.845;11.5;rain;Rain, Overcast
384297;18853;4c2caafb8ef52d7f823a33ba;2018-05-29T17:07:00-04:00;29.0;0.0;11.1;nan;Partially cloudy
384301;18853;4b6b5abff964a520fb022ce3;2018-07-14T20:05:00-04:00;30.6;0.0;15.4;nan;Partially cloudy
384740;18871;545d602b498e50ade1906a6e;2018-09-19T18:09:00-04:00;25.8;0.0;7.4;nan;Clear
384740;18871;5b2819b1c876c8002cabbadc;2018-09-19T19:21:00-04:00;23.9;0.0;5.2;nan;Partially cloudy
384740;18871;5b15aeda916bc10039b21f08;2018-09-19T19:46:00-04:00;22.4;0.0;8.2;nan;Partially cloudy
386513;18961;4abe7f9ef964a520068e20e3;2017-12-09T22:45:00-05:00;-0.6;0.108;6.4;rain,snow;Snow, Rain, Partially cloudy
393280;19285;542b4e59498e6ff85d98370b;2018-04-11T22:19:00-04:00;7.7;0.0;8.7;nan;Partially cloudy
393328;19285;4b5211e9f964a520736527e3;2018-08-26T18:27:00-04:00;27.4;0.0;15.3;nan;Overcast
393328;19285;49ee25b6f964a5202b681fe3;2018-08-26T18:51:00-04:00;28.1;0.0;10.6;nan;Overcast
393334;19285;4a871eb2f964a520b20220e3;2018-09-22T00:42:00-04:00;22.4;0.0;7.0;nan;Overcast
393334;19285;4b1c3950f964a520970424e3;2018-09-22T01:49:00-04:00;22.6;0.0;13.6;nan;Overcast
396135;19410;47f39422f964a5209b4e1fe3;2017-10-22T02:16:00-04:00;17.2;0.0;1.2;nan;Clear
396136;19410;57ab90ca498e7d61e13a6985;2017-10-25T02:15:00-04:00;19.0;0.0;9.6;nan;Partially cloudy
396136;19410;50bcb93ae4b0efcb4c84d434;2017-10-25T02:38:00-04:00;18.4;0.0;4.5;nan;Clear
396149;19410;57ab90ca498e7d61e13a6985;2017-12-17T04:00:00-05:00;0.8;0.0;3.6;nan;Overcast
396153;19410;533d9866498ebb34ff92d1ed;2017-12-29T20:22:00-05:00;-7.0;0.0;14.1;nan;Clear
396161;19410;59bdbf214c9be611fb5eae24;2018-02-04T04:40:00-05:00;0.0;0.0;6.5;nan;Overcast
396163;19410;59bca892bcbf7a6bb65b3c63;2018-02-21T01:18:00-05:00;15.3;0.0;9.8;nan;Partially cloudy
396163;19410;522dfe8b7e4826517408a264;2018-02-21T01:37:00-05:00;13.3;0.0;4.2;nan;Partially cloudy
397297;19476;4acf2596f964a52087d220e3;2017-10-06T00:49:00-04:00;22.0;0.0;5.7;nan;Partially cloudy
397368;19476;4a718a5af964a52041d91fe3;2018-07-17T14:09:00-04:00;30.4;0.0;13.8;nan;Partially cloudy
397368;19476;4dadcb124df0522cc5622202;2018-07-17T18:07:00-04:00;22.7;3.305;4.7;rain;Rain, Overcast
399372;19562;4bc24023461576b056237d32;2017-10-04T11:08:00-04:00;18.7;0.0;7.0;nan;Clear
399536;19571;4c2404a0c11dc9b64ade2424;2017-10-03T21:10:00-04:00;15.9;0.0;8.4;nan;Partially cloudy
399547;19571;59558c9b75cb8c11482ea9b6;2017-12-02T01:33:00-05:00;4.7;0.0;6.3;nan;Partially cloudy
399550;19571;4e19d9b91f6eb9559887594f;2017-12-22T21:40:00-05:00;5.4;0.0;15.4;nan;Partially cloudy
400626;19645;4b78360df964a520a7bc2ee3;2018-10-05T17:37:00-04:00;19.0;0.0;3.8;nan;Partially cloudy
400626;19645;5b9400f7b6b04b002c0c38f2;2018-10-05T20:33:00-04:00;18.2;0.0;4.4;nan;Overcast
401471;19676;585c15782b04f80cdd0e9711;2017-10-04T17:10:00-04:00;23.8;0.0;11.9;nan;Clear
401472;19676;5474aaee498e92bfb294f15c;2017-10-06T16:36:00-04:00;25.7;0.0;10.8;nan;Clear
401474;19676;5474aaee498e92bfb294f15c;2017-10-11T17:22:00-04:00;21.8;0.0;12.0;nan;Partially cloudy
401475;19676;5474aaee498e92bfb294f15c;2017-10-17T17:16:00-04:00;14.8;0.0;4.2;nan;Clear
401476;19676;53e929d5498e60742357fb87;2017-10-18T17:04:00-04:00;21.4;0.0;11.2;nan;Clear
401479;19676;4a82f013f964a52096f91fe3;2017-10-24T17:10:00-04:00;20.4;0.308;29.1;rain;Rain, Overcast
401480;19676;52ad100d498eb6c1fda53c28;2017-10-25T17:09:00-04:00;17.7;0.0;3.3;nan;Partially cloudy
401481;19676;5474aaee498e92bfb294f15c;2017-10-27T17:10:00-04:00;16.0;0.0;11.0;nan;Clear
401482;19676;4a0c627df964a52028751fe3;2017-11-10T18:10:00-05:00;-0.8;0.0;20.3;nan;Clear
401484;19676;5474aaee498e92bfb294f15c;2017-11-22T18:07:00-05:00;6.4;0.0;19.9;nan;Partially cloudy
401485;19676;585c15782b04f80cdd0e9711;2017-11-30T18:07:00-05:00;8.6;0.0;6.2;nan;Partially cloudy
401492;19676;4a455daff964a52014a81fe3;2018-01-17T18:10:00-05:00;-1.7;0.0;16.9;rain,snow;Overcast
401496;19676;5474aaee498e92bfb294f15c;2018-01-24T18:08:00-05:00;1.3;0.0;19.7;nan;Clear
401500;19676;4a523834f964a52068b11fe3;2018-02-08T18:07:00-05:00;-0.6;0.0;10.1;nan;Overcast
401502;19676;57ae0be1cd100274743d07df;2018-02-13T18:07:00-05:00;0.1;0.0;12.8;nan;Partially cloudy
401503;19676;4ce56fbd5bf68cfa65f23c17;2018-02-15T18:10:00-05:00;15.1;0.0;6.6;nan;Partially cloudy
401505;19676;585c15782b04f80cdd0e9711;2018-02-23T18:09:00-05:00;4.4;0.297;5.4;rain;Rain, Overcast
401507;19676;5474aaee498e92bfb294f15c;2018-02-26T18:04:00-05:00;11.0;0.0;12.1;nan;Partially cloudy
401508;19676;45719c4bf964a520693e1fe3;2018-03-01T18:15:00-05:00;13.2;0.0;14.0;nan;Overcast
401509;19676;57ae0be1cd100274743d07df;2018-03-08T14:45:00-05:00;4.0;0.0;15.4;nan;Overcast
401509;19676;5474aaee498e92bfb294f15c;2018-03-08T18:26:00-05:00;3.6;0.0;13.9;nan;Overcast
401512;19676;585c15782b04f80cdd0e9711;2018-03-19T17:09:00-04:00;7.9;0.0;12.1;nan;Partially cloudy
401513;19676;5474aaee498e92bfb294f15c;2018-03-27T17:15:00-04:00;6.3;0.0;5.0;nan;Partially cloudy
401514;19676;4a455daff964a52014a81fe3;2018-03-30T17:11:00-04:00;12.1;0.252;19.4;rain;Rain, Overcast
401514;19676;57ab90ca498e7d61e13a6985;2018-03-30T21:21:00-04:00;9.5;0.0;11.8;nan;Overcast
401517;19676;585c15782b04f80cdd0e9711;2018-04-13T17:11:00-04:00;27.4;0.0;15.2;nan;Partially cloudy
401519;19676;50bcb93ae4b0efcb4c84d434;2018-04-18T17:01:00-04:00;12.0;0.0;16.4;nan;Clear
401521;19676;585c15782b04f80cdd0e9711;2018-04-24T17:06:00-04:00;16.5;0.0;13.1;nan;Partially cloudy
402977;19757;4ad76597f964a5200e0a21e3;2017-11-12T19:03:00-05:00;6.8;0.0;2.9;nan;Partially cloudy
402977;19757;4bc24023461576b056237d32;2017-11-12T19:32:00-05:00;6.3;0.0;2.6;nan;Partially cloudy
402977;19757;4b6b5abff964a520fb022ce3;2017-11-12T19:41:00-05:00;6.3;0.0;2.6;nan;Partially cloudy
402977;19757;515abd65e4b08eda86b30e6e;2017-11-12T21:22:00-05:00;6.2;0.0;4.8;nan;Partially cloudy
403096;19761;4165d880f964a5207e1d1fe3;2017-10-21T11:12:00-04:00;19.8;0.0;3.3;nan;Clear
403122;19761;507f06e9e4b0d2368fcbada4;2017-12-22T22:30:00-05:00;5.4;0.0;15.4;nan;Partially cloudy
403394;19772;5787b68e498efcabbebba4f8;2018-01-07T20:43:00-05:00;-7.8;0.0;13.0;nan;Overcast
403394;19772;4abe7f9ef964a520068e20e3;2018-01-07T21:50:00-05:00;-8.2;0.0;14.8;nan;Partially cloudy
403396;19772;5418490f498e4d3bb75c7bcc;2018-01-09T18:31:00-05:00;3.7;0.0;20.5;nan;Clear
403398;19772;4f53d65de4b0b589399898a1;2018-01-13T16:03:00-05:00;-0.4;0.0;19.3;nan;Clear
404295;19816;548bafcf498e0c4238d87fe8;2018-01-29T01:10:00-05:00;7.1;0.0;9.0;nan;Partially cloudy
404298;19816;4eb90d85722e09311d356915;2018-02-10T20:19:00-05:00;7.0;3.755;6.8;rain;Rain, Overcast
404299;19816;4bc72ae7af07a593909c7e2d;2018-02-24T17:21:00-05:00;8.5;0.248;13.2;rain;Rain, Overcast
404299;19816;54aed577498ee5fc196739f7;2018-02-24T17:28:00-05:00;8.5;0.248;13.2;rain;Rain, Overcast
404299;19816;49ff62f9f964a52013701fe3;2018-02-24T20:10:00-05:00;8.3;0.0;1.2;nan;Overcast
404539;19821;57c43c98498e2696b402a527;2018-06-22T14:43:00-04:00;23.1;0.0;10.1;nan;Partially cloudy
406295;19903;4e6a4045b993d5439f253b45;2018-03-05T15:32:00-05:00;5.7;0.0;16.2;nan;Overcast
406295;19903;4a623abff964a52071c31fe3;2018-03-05T16:31:00-05:00;5.7;0.0;16.0;nan;Overcast
406295;19903;4eb90d85722e09311d356915;2018-03-05T16:49:00-05:00;5.7;0.0;16.0;nan;Overcast
415845;20326;509fd01de4b070da0a9d3c24;2017-12-06T17:28:00-05:00;5.9;0.0;22.6;nan;Partially cloudy
415845;20326;4a675deef964a52045c91fe3;2017-12-06T17:43:00-05:00;5.9;0.0;12.3;nan;Partially cloudy
415845;20326;42893400f964a52054231fe3;2017-12-06T18:44:00-05:00;5.7;0.0;14.8;nan;Partially cloudy
415845;20326;4a44cd95f964a5208fa71fe3;2017-12-06T19:46:00-05:00;5.1;0.0;13.2;nan;Partially cloudy
415847;20326;4b40cf3df964a5206bbb25e3;2017-12-08T16:05:00-05:00;3.0;0.0;5.6;nan;Partially cloudy
415847;20326;4b996536f964a520467835e3;2017-12-08T17:02:00-05:00;3.0;0.0;10.4;nan;Partially cloudy
415847;20326;59d2c4ec1f8ed658b1f4fb03;2017-12-08T17:36:00-05:00;2.5;0.0;13.4;nan;Overcast
420753;20580;45719c4bf964a520693e1fe3;2017-10-18T19:14:00-04:00;18.5;0.0;8.7;nan;Clear
420753;20580;42daf100f964a52035261fe3;2017-10-18T20:07:00-04:00;18.1;0.0;8.0;nan;Clear
420753;20580;528d0c85498e4ce54c3d7c2c;2017-10-18T20:13:00-04:00;18.1;0.0;8.0;nan;Clear
420753;20580;3fd66200f964a520d8e41ee3;2017-10-18T20:50:00-04:00;17.8;0.0;6.9;nan;Clear
420763;20580;4b08b795f964a5204b1123e3;2017-11-12T23:07:00-05:00;6.2;0.0;2.9;nan;Partially cloudy
422559;20673;59f38be7175562651c451266;2017-11-18T23:53:00-05:00;13.1;0.0;7.6;nan;Partially cloudy
422907;20688;553527eb498e43895e4c1805;2017-10-07T13:50:00-04:00;26.7;0.0;9.1;nan;Partially cloudy
422907;20688;585488d35804ea5d622e2bec;2017-10-07T15:34:00-04:00;24.6;0.0;12.0;nan;Partially cloudy
422909;20688;51bb9282498e56a7521f9983;2017-10-13T21:19:00-04:00;17.3;0.0;9.1;nan;Partially cloudy
422910;20688;57b08c2c498ef31f02f8fcb4;2017-10-14T17:59:00-04:00;21.5;0.0;1.2;nan;Partially cloudy
422916;20688;51bb9282498e56a7521f9983;2017-10-31T21:23:00-04:00;10.1;0.0;16.3;nan;Clear
422918;20688;51bb9282498e56a7521f9983;2017-11-02T22:12:00-04:00;18.5;0.0;4.6;nan;Partially cloudy
422926;20688;553527eb498e43895e4c1805;2017-11-18T14:49:00-05:00;10.4;0.028;11.9;rain;Rain, Partially cloudy
422933;20688;51bb9282498e56a7521f9983;2017-12-08T22:22:00-05:00;2.0;0.0;11.1;nan;Overcast
422934;20688;553527eb498e43895e4c1805;2017-12-09T16:21:00-05:00;-0.5;1.465;11.4;rain,snow;Snow, Rain, Overcast
422938;20688;553527eb498e43895e4c1805;2017-12-16T14:49:00-05:00;3.0;0.0;17.7;nan;Partially cloudy
422940;20688;51f0ff3a498ead51c8860c75;2017-12-20T23:11:00-05:00;2.0;0.0;12.7;nan;Partially cloudy
422942;20688;553527eb498e43895e4c1805;2017-12-23T14:54:00-05:00;7.3;0.0;1.2;nan;Overcast
422949;20688;553527eb498e43895e4c1805;2018-01-06T21:57:00-05:00;-13.2;0.0;23.8;nan;Clear
422950;20688;53b042cf498e396ed84d1344;2018-01-07T16:44:00-05:00;-8.2;0.0;11.7;nan;Partially cloudy
422950;20688;55103583498eed2d409b549a;2018-01-07T17:30:00-05:00;-8.2;0.0;11.7;nan;Partially cloudy
422954;20688;572926cecd10b412d636855d;2018-01-17T00:02:00-05:00;1.5;0.0;9.2;nan;Overcast
422962;20688;4a7ca51ff964a52012ed1fe3;2018-01-27T13:51:00-05:00;12.6;0.0;17.8;nan;Partially cloudy
422962;20688;49de7429f964a52053601fe3;2018-01-27T15:16:00-05:00;12.5;0.0;14.6;nan;Partially cloudy
422966;20688;4a7ca51ff964a52012ed1fe3;2018-02-03T15:46:00-05:00;-1.0;0.0;15.4;nan;Partially cloudy
422966;20688;5991933ec0f1632f70b55347;2018-02-03T18:10:00-05:00;-1.2;0.0;12.1;nan;Partially cloudy
422967;20688;59b4898de1f0aa6d9ec6d507;2018-02-04T17:03:00-05:00;3.9;0.367;6.7;rain;Rain, Overcast
422974;20688;5521c2ff498ebe2368634187;2018-02-16T23:15:00-05:00;3.1;0.0;22.7;nan;Clear
422980;20688;553527eb498e43895e4c1805;2018-02-26T12:27:00-05:00;8.4;0.0;7.7;nan;Partially cloudy
422993;20688;51bb9282498e56a7521f9983;2018-03-22T21:16:00-04:00;7.4;0.0;11.4;nan;Partially cloudy
422995;20688;4fd38a04e4b065401a9aaf88;2018-03-24T23:13:00-04:00;5.3;0.0;11.2;nan;Partially cloudy
423002;20688;553527eb498e43895e4c1805;2018-04-06T21:47:00-04:00;12.9;0.0;3.7;nan;Partially cloudy
425300;20809;55e1c16f498e3be4f7108cab;2017-10-04T15:54:00-04:00;23.6;0.0;21.3;nan;Clear
425996;20840;5602e4df498ec4005a607535;2018-01-26T21:35:00-05:00;1.1;0.0;13.6;nan;Clear
427691;20904;4abe7f9ef964a520068e20e3;2017-12-03T17:55:00-05:00;8.5;0.0;4.1;nan;Partially cloudy
431268;21100;4e01da4f22717718d3a196d1;2017-10-20T20:04:00-04:00;20.3;0.0;5.8;nan;Clear
431268;21100;4b6d9298f964a520607d2ce3;2017-10-20T22:28:00-04:00;17.9;0.0;3.8;nan;Clear
431290;21100;588251d3ac13691c90477561;2018-06-27T17:33:00-04:00;22.1;0.0;13.0;nan;Overcast
431290;21100;3fd66200f964a520c1e81ee3;2018-06-27T18:05:00-04:00;22.1;0.0;13.0;nan;Overcast
432492;21181;4b6b5abff964a520fb022ce3;2017-10-20T20:19:00-04:00;20.3;0.0;5.8;nan;Clear
432492;21181;4c90ef9757e5b60c584b5c1c;2017-10-20T21:53:00-04:00;17.9;0.0;3.8;nan;Clear
433184;21209;4bab56aff964a5209ea13ae3;2017-12-03T22:00:00-05:00;7.1;0.0;6.2;nan;Partially cloudy
433187;21209;524aeb0111d2ae4d1b1eea62;2018-02-17T20:13:00-05:00;0.6;2.456;4.1;rain,snow;Snow, Rain, Overcast
434826;21287;50d860c3e4b09e2e672abce3;2018-01-25T17:24:00-05:00;0.4;0.0;19.0;nan;Clear
440912;21570;42daf100f964a52035261fe3;2018-06-02T13:54:00-04:00;27.6;128.0;12.4;rain;Rain, Partially cloudy
440932;21570;4b1319b4f964a520189423e3;2018-09-17T21:12:00-04:00;24.1;0.0;16.9;nan;Partially cloudy
440932;21570;4165d880f964a5207e1d1fe3;2018-09-17T22:08:00-04:00;24.1;0.0;16.6;nan;Overcast
441140;21580;56d8c0f8498edb854f926e6a;2017-11-13T16:21:00-05:00;8.7;0.0;11.8;nan;Partially cloudy
441140;21580;581605b838faae96e66a8903;2017-11-13T18:55:00-05:00;6.4;0.0;12.1;nan;Clear
441705;21603;5547ffe8498ec8a2c668a412;2017-10-04T03:45:00-04:00;14.1;0.0;9.4;nan;Clear
441707;21603;5547ffe8498ec8a2c668a412;2017-10-05T12:33:00-04:00;26.8;0.0;12.9;nan;Partially cloudy
441707;21603;530cfc59498e616734984498;2017-10-05T20:28:00-04:00;25.4;0.0;14.1;nan;Partially cloudy
441708;21603;4a60ff5bf964a520a4c11fe3;2017-10-06T17:15:00-04:00;25.7;0.0;10.8;nan;Clear
442345;21626;4ba0e4e3f964a520498537e3;2018-05-06T20:00:00-04:00;15.0;0.0;7.9;nan;Overcast
443705;21709;5984eeb39be522744003dee5;2018-04-22T00:16:00-04:00;11.9;0.0;14.1;nan;Partially cloudy
443705;21709;4b55cd09f964a520acf027e3;2018-04-22T02:39:00-04:00;9.0;0.0;14.7;nan;Partially cloudy
444755;21789;59287ec99cadd905284e4052;2017-10-10T23:49:00-04:00;21.1;0.0;7.5;nan;Clear
444755;21789;59822ae4e97dfb6a1519825b;2017-10-10T23:55:00-04:00;21.1;0.0;7.5;nan;Clear
444756;21789;547495e7498e5a7d3d740f2d;2017-10-11T13:05:00-04:00;22.4;0.0;13.0;nan;Partially cloudy
444756;21789;58d160a5e309e1483f78f385;2017-10-11T14:20:00-04:00;23.8;0.0;13.6;nan;Partially cloudy
444756;21789;582e6365debdf603fff720ab;2017-10-11T22:18:00-04:00;18.5;0.0;17.2;nan;Partially cloudy
444757;21789;547495e7498e5a7d3d740f2d;2017-10-12T12:08:00-04:00;16.1;0.0;21.7;nan;Partially cloudy
444762;21789;593332f9123a1963f539daa0;2017-10-29T17:57:00-04:00;18.1;3.914;14.2;rain;Rain, Overcast
444763;21789;516dfc13498e616e4c78b107;2017-10-30T17:30:00-04:00;13.0;0.0;19.3;nan;Clear
444764;21789;570bffa8cd10a48a0f5d0cf3;2017-10-31T14:02:00-04:00;13.6;0.0;29.4;nan;Clear
445233;21826;5787b68e498efcabbebba4f8;2018-01-13T22:05:00-05:00;-6.1;0.0;14.9;nan;Clear
450157;22053;4eefd4506d86d722df8fd52e;2017-10-14T00:20:00-04:00;16.9;0.0;8.5;nan;Partially cloudy
450170;22053;431e2d80f964a52079271fe3;2018-03-04T02:23:00-05:00;4.5;0.0;22.7;nan;Overcast
450616;22077;4a8b0693f964a520350b20e3;2017-11-18T23:48:00-05:00;13.1;0.0;7.6;nan;Partially cloudy
450621;22077;4c154c9a77cea593c401d260;2017-12-19T18:54:00-05:00;12.1;0.0;19.0;nan;Partially cloudy
450624;22077;51fab1fb498eceabcac64d0a;2018-01-18T23:04:00-05:00;-3.2;0.0;12.0;nan;Clear
450625;22077;512a6086e4b023dd9c27e82d;2018-01-23T01:48:00-05:00;3.3;0.0;4.5;nan;Overcast
450628;22077;3fd66200f964a520d8f11ee3;2018-01-30T17:52:00-05:00;-0.7;0.0;29.2;nan;Overcast
450629;22077;42055e00f964a5206e1f1fe3;2018-02-02T22:39:00-05:00;-8.2;0.0;19.4;nan;Clear
450633;22077;4ebdba4e29c25ce5a107be6c;2018-02-24T00:07:00-05:00;5.8;0.0;11.4;nan;Overcast
450648;22077;3fd66200f964a52044e91ee3;2018-04-21T21:19:00-04:00;14.0;0.0;11.3;nan;Partially cloudy
450666;22077;49da4a35f964a5206f5e1fe3;2018-07-31T16:47:00-04:00;25.6;0.0;15.5;nan;Partially cloudy
455994;22330;53506fd9498ebca706a7c170;2017-12-19T03:02:00-05:00;7.9;0.0;7.0;nan;Overcast
456343;22352;509fd01de4b070da0a9d3c24;2017-12-24T22:24:00-05:00;3.2;0.0;19.3;nan;Overcast
456596;22364;4ae8906ef964a52071b021e3;2018-04-06T19:47:00-04:00;14.8;0.0;11.7;nan;Overcast
460083;22567;4db5fbfe43a1369cb5dc2a1f;2017-11-29T00:48:00-05:00;10.4;0.0;16.5;nan;Clear
460101;22567;3fd66200f964a520e6e81ee3;2018-03-30T03:21:00-04:00;8.6;0.0;2.5;nan;Partially cloudy
460111;22567;4d3f624e90f9224bef9ffc1d;2018-06-13T16:49:00-04:00;24.4;0.0;10.2;nan;Overcast
460111;22567;539f180f498e718f89bb5369;2018-06-13T21:24:00-04:00;24.9;0.0;10.6;nan;Partially cloudy
461228;22641;56c7640ccd104ef5361e0728;2017-10-11T16:14:00-04:00;22.3;0.0;16.3;nan;Partially cloudy
461228;22641;4a04ba93f964a52023721fe3;2017-10-11T21:15:00-04:00;19.2;0.0;10.5;nan;Overcast
461230;22641;4a04ba93f964a52023721fe3;2017-10-13T16:17:00-04:00;18.7;0.0;12.8;nan;Partially cloudy
461230;22641;49bc3b0af964a52020541fe3;2017-10-13T16:26:00-04:00;18.7;0.0;12.8;nan;Partially cloudy
461233;22641;4cd84a313ec4b1f763cdbd3f;2017-10-18T15:21:00-04:00;22.0;0.0;4.8;nan;Clear
461233;22641;4a04ba93f964a52023721fe3;2017-10-18T21:32:00-04:00;17.7;0.0;11.6;nan;Clear
461233;22641;49bc3b0af964a52020541fe3;2017-10-18T21:49:00-04:00;17.7;0.0;11.6;nan;Clear
461236;22641;4b252930f964a520266d24e3;2017-10-23T12:18:00-04:00;22.8;0.0;8.1;nan;Partially cloudy
461236;22641;4be32919660ec9287c4fcb3b;2017-10-23T13:54:00-04:00;23.2;0.0;18.8;nan;Partially cloudy
461238;22641;56c7640ccd104ef5361e0728;2017-10-30T16:10:00-04:00;12.7;0.0;13.8;nan;Clear
461239;22641;56c7640ccd104ef5361e0728;2017-11-03T16:08:00-04:00;23.2;0.0;15.2;nan;Partially cloudy
461248;22641;56c7640ccd104ef5361e0728;2017-11-20T17:13:00-05:00;7.4;0.0;18.4;nan;Partially cloudy
461256;22641;56c7640ccd104ef5361e0728;2017-12-02T17:08:00-05:00;8.0;0.0;5.4;nan;Partially cloudy
461258;22641;56c7640ccd104ef5361e0728;2017-12-04T17:10:00-05:00;9.0;0.0;12.8;nan;Partially cloudy
461259;22641;56c7640ccd104ef5361e0728;2017-12-06T17:09:00-05:00;5.9;0.0;22.6;nan;Partially cloudy
461263;22641;4b252930f964a520266d24e3;2017-12-11T17:10:00-05:00;4.1;0.0;3.9;nan;Partially cloudy
461264;22641;56c7640ccd104ef5361e0728;2017-12-12T17:22:00-05:00;6.4;0.0;19.2;nan;Partially cloudy
461265;22641;56c7640ccd104ef5361e0728;2017-12-14T17:10:00-05:00;-1.9;0.0;14.9;rain,snow;Clear
461266;22641;56c7640ccd104ef5361e0728;2017-12-16T17:11:00-05:00;3.5;0.0;18.2;nan;Overcast
461269;22641;4e7a3d3f775b9ed4d3854ca6;2017-12-29T17:25:00-05:00;-6.1;0.0;18.2;nan;Partially cloudy
461269;22641;4b52a06df964a5204e8427e3;2017-12-29T22:23:00-05:00;-7.7;0.0;13.4;nan;Clear
461276;22641;4e7a3d3f775b9ed4d3854ca6;2018-01-17T17:08:00-05:00;-1.4;0.0;18.0;rain,snow;Overcast
461276;22641;4a04ba93f964a52023721fe3;2018-01-17T22:49:00-05:00;-5.0;0.0;11.8;snow;Partially cloudy
461276;22641;4bcc638d68f976b06d7a6283;2018-01-17T23:29:00-05:00;-5.0;0.0;11.8;snow;Partially cloudy
461280;22641;56c7640ccd104ef5361e0728;2018-01-24T17:32:00-05:00;1.3;0.0;19.7;nan;Clear
461281;22641;4a04ba93f964a52023721fe3;2018-01-26T17:21:00-05:00;2.1;0.0;11.6;nan;Clear
461284;22641;56c7640ccd104ef5361e0728;2018-01-29T17:07:00-05:00;5.9;0.0;15.2;rain;Overcast
461285;22641;56c7640ccd104ef5361e0728;2018-01-30T17:25:00-05:00;0.1;0.0;21.1;nan;Overcast
461288;22641;4e7a3d3f775b9ed4d3854ca6;2018-02-02T17:15:00-05:00;-4.6;0.0;24.9;nan;Partially cloudy
461292;22641;4e7a3d3f775b9ed4d3854ca6;2018-02-08T17:35:00-05:00;-0.6;0.0;10.1;nan;Overcast
461294;22641;56c7640ccd104ef5361e0728;2018-02-12T17:09:00-05:00;6.8;0.0;17.5;nan;Partially cloudy
461295;22641;56c7640ccd104ef5361e0728;2018-02-13T17:16:00-05:00;1.1;0.0;12.0;nan;Partially cloudy
461296;22641;4bf8343f4a67c9285ffb24cf;2018-02-14T22:04:00-05:00;9.9;0.0;9.5;nan;Overcast
461297;22641;4e7a3d3f775b9ed4d3854ca6;2018-02-16T17:25:00-05:00;8.4;0.468;24.0;rain;Rain, Overcast
461299;22641;4a04ba93f964a52023721fe3;2018-02-18T20:43:00-05:00;4.3;0.0;4.2;nan;Clear
461301;22641;4bcc638d68f976b06d7a6283;2018-02-21T23:21:00-05:00;15.5;0.0;12.1;nan;Overcast
461305;22641;56c7640ccd104ef5361e0728;2018-03-05T17:25:00-05:00;5.7;0.0;16.0;nan;Overcast
461310;22641;56c7640ccd104ef5361e0728;2018-03-13T16:26:00-04:00;4.6;0.0;24.7;nan;Overcast
461313;22641;4e7a3d3f775b9ed4d3854ca6;2018-03-23T16:23:00-04:00;8.7;0.0;13.6;nan;Overcast
462143;22676;4ab04d91f964a520f86620e3;2017-10-04T13:55:00-04:00;23.5;0.0;12.2;nan;Clear
462143;22676;4ab27744f964a520486b20e3;2017-10-04T20:56:00-04:00;21.5;0.0;23.1;nan;Clear
462144;22676;4a561d04f964a52077b41fe3;2017-10-05T17:53:00-04:00;27.0;0.0;11.5;nan;Partially cloudy
462889;22727;4eb90d85722e09311d356915;2018-01-07T22:54:00-05:00;-8.3;0.0;20.4;nan;Partially cloudy
463628;22755;4ae8906ef964a52071b021e3;2018-02-19T14:09:00-05:00;8.5;0.0;10.9;nan;Overcast
463628;22755;49dcd4b4f964a520ad5f1fe3;2018-02-19T17:50:00-05:00;8.7;0.087;6.8;rain;Rain, Overcast
463690;22766;42893400f964a52054231fe3;2017-10-07T17:36:00-04:00;24.3;0.0;13.4;nan;Clear
463761;22773;3fd66200f964a520c7e61ee3;2017-10-18T23:09:00-04:00;17.5;0.0;12.6;nan;Clear
463761;22773;521cad4011d2a9c6e2c198ae;2017-10-19T00:14:00-04:00;16.6;0.0;10.7;nan;Clear
463790;22773;4a75edcff964a520b3e11fe3;2018-09-29T23:15:00-04:00;17.3;0.0;0.9;nan;Clear
463801;22775;577c4a4a498e2c214c8f57e1;2018-03-05T19:10:00-05:00;4.0;0.0;14.8;nan;Clear
463811;22775;49cebdeaf964a520815a1fe3;2018-04-25T22:51:00-04:00;13.1;0.0;2.1;nan;Overcast
463811;22775;49f7456af964a5207b6c1fe3;2018-04-26T00:47:00-04:00;12.8;4.991;0.0;rain;Rain, Overcast
463812;22775;4b3b9824f964a520a87625e3;2018-05-04T20:24:00-04:00;27.6;0.0;12.1;nan;Partially cloudy
465947;22887;4165d880f964a5207e1d1fe3;2017-10-08T11:04:00-04:00;22.9;0.312;13.6;rain;Rain, Partially cloudy
465949;22887;4bb76b8146d4a593de6ec7c0;2017-10-10T22:03:00-04:00;23.2;0.0;6.9;nan;Clear
465952;22887;4aaa4e0ef964a520ad5520e3;2017-10-18T22:51:00-04:00;17.5;0.0;12.6;nan;Clear
465960;22887;4165d880f964a5207e1d1fe3;2017-11-05T12:14:00-05:00;13.5;0.0;11.7;nan;Overcast
465990;22887;4ae8fd76f964a520e1b321e3;2018-03-23T19:06:00-04:00;8.0;0.0;25.5;nan;Overcast
466063;22892;4b40cf3df964a5206bbb25e3;2017-10-06T18:31:00-04:00;22.4;0.0;11.8;nan;Clear
466462;22904;4a82eea3f964a52090f91fe3;2018-09-12T23:07:00-04:00;22.5;0.0;14.3;nan;Overcast
466462;22904;5419c024498e81544e23eee9;2018-09-13T00:24:00-04:00;21.9;0.0;15.1;nan;Overcast
466948;22928;504e3873e4b054854305eff0;2017-10-25T21:52:00-04:00;16.5;0.0;5.6;nan;Partially cloudy
466948;22928;5772e0d5cd10a42d05ed11a5;2017-10-25T23:16:00-04:00;15.9;0.0;13.0;nan;Overcast
467557;22949;4ba0e528f964a5205c8537e3;2017-10-07T16:20:00-04:00;24.6;0.0;12.0;nan;Partially cloudy
467558;22949;56377427498ef690cfe35b1a;2017-10-20T13:31:00-04:00;22.5;0.0;15.7;nan;Clear
467558;22949;4a6fa0abf964a520a4d61fe3;2017-10-20T16:20:00-04:00;23.1;0.0;13.9;nan;Clear
469657;23042;538c7c1d498ef911b52f886c;2017-11-09T17:29:00-05:00;11.4;0.0;10.5;nan;Overcast
469657;23042;5797bfdd498ef80c3149949d;2017-11-09T22:23:00-05:00;12.2;0.0;9.0;nan;Partially cloudy
470427;23098;4b6b5abff964a520fb022ce3;2017-11-21T15:49:00-05:00;13.5;0.0;13.8;nan;Partially cloudy
470427;23098;4a675deef964a52045c91fe3;2017-11-21T19:28:00-05:00;11.6;0.0;7.3;nan;Partially cloudy
472763;23234;4165d880f964a5207e1d1fe3;2018-01-07T17:44:00-05:00;-8.2;0.0;17.5;nan;Partially cloudy
472796;23234;4f19bd72e4b0808f629111d1;2018-06-22T23:27:00-04:00;19.8;0.048;14.0;rain;Rain, Overcast
475090;23367;45e5c256f964a52046431fe3;2018-05-05T22:16:00-04:00;20.2;0.0;9.5;nan;Overcast
475555;23390;518455a0498e0b8ab38ed574;2018-07-26T21:46:00-04:00;28.2;0.0;10.2;nan;Clear
475947;23416;49dcd4b4f964a520ad5f1fe3;2018-06-11T23:59:00-04:00;15.3;0.0;3.0;nan;Clear
475948;23416;4eb90d85722e09311d356915;2018-06-12T13:29:00-04:00;22.9;0.0;21.0;nan;Clear
475948;23416;53910122498ebdced55ff0ee;2018-06-12T16:50:00-04:00;21.7;0.0;19.3;nan;Partially cloudy
475948;23416;515abd65e4b08eda86b30e6e;2018-06-12T17:54:00-04:00;21.5;0.0;23.1;nan;Partially cloudy
479053;23559;3fd66200f964a52050e61ee3;2017-10-06T17:11:00-04:00;25.7;0.0;10.8;nan;Clear
479057;23559;49e7ce15f964a5201d651fe3;2017-10-22T19:06:00-04:00;18.7;0.0;7.3;nan;Partially cloudy
479058;23559;4dda977ad22d38ef4332c419;2017-10-28T00:13:00-04:00;14.1;0.0;12.1;nan;Clear
479058;23559;49e7ce15f964a5201d651fe3;2017-10-28T01:02:00-04:00;13.5;0.0;12.1;nan;Clear
479061;23559;4b5b6ddcf964a5205ffd28e3;2017-11-26T20:31:00-05:00;5.0;0.0;12.4;nan;Clear
479061;23559;571fc242498ead274d034e90;2017-11-26T20:46:00-05:00;5.0;0.0;12.4;nan;Clear
479074;23559;3fd66200f964a52093ea1ee3;2018-01-21T00:57:00-05:00;6.0;0.0;7.8;nan;Clear
479531;23591;4ec4407382313b672fccf581;2018-07-27T22:20:00-04:00;21.9;1.948;2.3;rain;Rain, Overcast
481573;23684;4b7bfd18f964a52045772fe3;2018-01-17T19:17:00-05:00;-2.6;0.0;19.7;snow;Partially cloudy
481573;23684;5984eeb39be522744003dee5;2018-01-17T19:48:00-05:00;-3.6;0.0;19.0;snow;Partially cloudy
481841;23698;45a38e32f964a520ee401fe3;2018-03-05T23:59:00-05:00;2.3;0.0;12.8;nan;Clear
482648;23734;4ad46a75f964a520cde720e3;2017-10-04T20:16:00-04:00;22.0;0.0;13.2;nan;Clear
482660;23736;4eb90d85722e09311d356915;2018-01-01T15:58:00-05:00;-7.5;0.0;18.2;nan;Clear
482662;23736;51c4cc34498e6bf2ab80ae5b;2018-01-30T13:43:00-05:00;2.0;0.075;15.3;rain,snow;Snow, Rain, Overcast
482662;23736;3fd66200f964a520d7e41ee3;2018-01-30T20:38:00-05:00;-2.5;0.0;20.8;nan;Partially cloudy
482665;23736;51cde558011c221bf79219a0;2018-04-02T20:00:00-04:00;5.0;0.0;1.5;nan;Partially cloudy
483737;23790;501d3c31e4b0c3028609cc2b;2018-07-21T17:07:00-04:00;23.3;0.0;17.5;nan;Partially cloudy
485161;23875;3fd66200f964a52037e31ee3;2018-04-15T02:21:00-04:00;6.9;0.0;22.8;nan;Overcast
486138;23932;4a1dd407f964a5209c7b1fe3;2017-10-20T17:51:00-04:00;22.0;0.0;12.7;nan;Clear
486138;23932;575034ba498e362147f173e2;2017-10-20T20:15:00-04:00;20.3;0.0;5.8;nan;Clear
486138;23932;52ac8847498e1390ec3ab77e;2017-10-20T22:35:00-04:00;18.1;0.0;7.1;nan;Clear
486138;23932;5387d2e2498ee7f0fb1c5b41;2017-10-21T02:17:00-04:00;16.3;0.0;7.8;nan;Clear
486155;23932;4b636db6f964a52019792ae3;2017-12-19T19:28:00-05:00;12.1;0.0;19.0;nan;Partially cloudy
486171;23932;4a7ca51ff964a52012ed1fe3;2018-05-08T19:31:00-04:00;16.4;0.0;10.7;nan;Clear
487449;23994;50098a81e4b090cb2559381d;2017-10-30T20:40:00-04:00;11.9;0.0;14.6;nan;Clear
489217;24098;49bc3b0af964a52020541fe3;2018-05-16T17:36:00-04:00;14.8;1.697;9.6;rain;Rain, Overcast
489219;24098;579c12cd498e6e815b3acf50;2018-05-18T23:28:00-04:00;13.9;0.0;6.1;nan;Overcast
489220;24098;509fd01de4b070da0a9d3c24;2018-05-20T13:13:00-04:00;27.1;0.0;18.5;nan;Partially cloudy
489220;24098;540d97b5498e05abd30fd5ca;2018-05-20T13:33:00-04:00;26.7;0.0;16.7;nan;Overcast
489274;24100;58801864cc5b6a14dedce689;2017-10-07T00:06:00-04:00;22.4;0.0;1.7;nan;Partially cloudy
489542;24111;3fd66200f964a5206be61ee3;2018-05-19T16:45:00-04:00;13.4;0.0;11.0;nan;Overcast
489553;24111;4b55cd09f964a520acf027e3;2018-08-12T15:33:00-04:00;27.6;0.0;11.8;nan;Partially cloudy
489554;24111;4a1d6741f964a520727b1fe3;2018-08-25T16:59:00-04:00;25.0;0.0;4.9;nan;Partially cloudy
489938;24144;4c374bf80a71c9b6f2893ec9;2018-04-13T15:26:00-04:00;27.3;0.0;15.7;nan;Partially cloudy
489938;24144;4b6b5abff964a520fb022ce3;2018-04-13T16:31:00-04:00;27.4;0.0;15.2;nan;Partially cloudy
489938;24144;49df5807f964a520c0601fe3;2018-04-13T18:32:00-04:00;23.1;0.0;8.5;nan;Partially cloudy
489938;24144;45719c4bf964a520693e1fe3;2018-04-13T20:03:00-04:00;20.2;0.0;6.5;nan;Partially cloudy
489941;24144;4a675deef964a52045c91fe3;2018-04-17T12:58:00-04:00;8.0;0.0;29.4;nan;Overcast
489941;24144;4a44cd95f964a5208fa71fe3;2018-04-17T16:23:00-04:00;7.5;0.0;19.7;nan;Overcast
490720;24175;3fd66200f964a520dbe61ee3;2017-12-03T04:31:00-05:00;6.3;0.0;2.4;nan;Overcast
490720;24175;50bcb93ae4b0efcb4c84d434;2017-12-03T08:13:00-05:00;7.0;0.0;3.7;nan;Overcast
490728;24175;536a6d07498e75a5077ea194;2018-01-07T18:00:00-05:00;-8.2;0.0;17.5;nan;Partially cloudy
490731;24175;564a86c8498ea245a802f0d1;2018-01-27T23:19:00-05:00;12.0;0.0;15.2;nan;Partially cloudy
492352;24222;4be7f1a4947820a1c23fb4db;2017-10-06T18:07:00-04:00;23.8;0.0;9.4;nan;Clear
492668;24235;3fd66200f964a520b9e81ee3;2018-04-24T02:02:00-04:00;10.6;0.0;5.0;nan;Clear
493369;24281;3fd66200f964a520ece31ee3;2017-10-21T23:07:00-04:00;18.6;0.0;9.4;nan;Partially cloudy
493671;24300;5b6d04e4446ea6002c788c6c;2018-10-12T19:06:00-04:00;13.7;0.0;8.1;nan;Clear
494045;24335;4ce147cadf986ea84ebfeb16;2017-10-16T15:46:00-04:00;13.7;0.0;22.7;nan;Partially cloudy
494046;24335;5579bd46498e582e6b9df6c0;2017-11-08T13:39:00-05:00;9.1;0.0;7.3;nan;Partially cloudy
494052;24335;5579bd46498e582e6b9df6c0;2018-01-08T10:55:00-05:00;-4.3;0.0;11.7;nan;Partially cloudy
494052;24335;4bd716bd6798ef3b382c668d;2018-01-08T17:31:00-05:00;-1.5;1.791;12.9;rain,snow;Snow, Rain, Overcast
494064;24335;50c28307e4b0c5b6f33ec0e1;2018-09-27T16:02:00-04:00;22.1;0.0;10.3;nan;Partially cloudy
494974;24380;59e13fc9e4c459524ae462a9;2017-10-14T23:00:00-04:00;20.1;0.0;0.9;nan;Partially cloudy
494986;24380;46712cd5f964a520c8471fe3;2017-11-12T17:39:00-05:00;6.3;0.0;7.8;nan;Partially cloudy
495662;24405;46712cd5f964a520c8471fe3;2017-12-19T16:07:00-05:00;13.0;0.0;14.9;nan;Partially cloudy
495662;24405;4c1125b56b7e2d7fc6c72835;2017-12-19T16:31:00-05:00;12.7;0.0;19.3;nan;Partially cloudy
495662;24405;4b996536f964a520467835e3;2017-12-19T19:03:00-05:00;12.1;0.0;19.0;nan;Partially cloudy
495662;24405;40fb0f00f964a520db0a1fe3;2017-12-19T19:09:00-05:00;12.1;0.0;19.0;nan;Partially cloudy
495662;24405;3fd66200f964a520bce61ee3;2017-12-19T20:12:00-05:00;11.7;0.0;17.7;nan;Clear
496200;24423;59f38be7175562651c451266;2017-12-16T20:35:00-05:00;3.0;0.0;10.2;nan;Overcast
496913;24455;5acfe184c0cacb295c29d99b;2018-04-13T17:01:00-04:00;27.4;0.0;15.2;nan;Partially cloudy
496914;24455;5acfe184c0cacb295c29d99b;2018-04-15T20:09:00-04:00;3.6;3.255;20.6;rain;Rain, Overcast
496914;24455;58d2d521fb549a39850b04f6;2018-04-15T21:23:00-04:00;3.6;2.886;19.7;rain;Rain, Overcast
496915;24455;4eb13d68e5e8c0f5bd2fd983;2018-04-19T14:55:00-04:00;5.8;1.131;21.8;rain;Rain, Overcast
496916;24455;4eb13d68e5e8c0f5bd2fd983;2018-04-26T16:00:00-04:00;20.1;0.0;24.3;nan;Clear
496918;24455;57470da2498ed71d9912da41;2018-05-18T22:52:00-04:00;13.9;0.0;6.1;nan;Overcast
496919;24455;597a8e3675a6ea23e92b1414;2018-05-24T15:15:00-04:00;27.5;0.0;1.2;nan;Clear
496919;24455;59713cc87564f739c83beee8;2018-05-24T17:23:00-04:00;28.0;0.0;8.7;nan;Clear
496924;24455;5a20c25f178a2a17a813e933;2018-09-13T15:05:00-04:00;24.0;0.0;15.1;nan;Overcast
496925;24455;53aee20d498e6744c341c483;2018-09-15T16:56:00-04:00;25.1;0.0;16.1;nan;Clear
496925;24455;5a3464f8838e597257915d3b;2018-09-15T16:57:00-04:00;25.1;0.0;16.1;nan;Clear
496926;24455;4eb13d68e5e8c0f5bd2fd983;2018-09-16T14:00:00-04:00;28.3;0.0;7.6;nan;Partially cloudy
496928;24455;4b9580fff964a52045a634e3;2018-09-22T15:01:00-04:00;21.3;0.0;11.6;nan;Partially cloudy
497736;24490;5696a83d498e36e88b989783;2017-10-06T00:30:00-04:00;22.4;0.0;15.1;nan;Partially cloudy
497736;24490;58d2d521fb549a39850b04f6;2017-10-06T01:00:00-04:00;22.0;0.0;5.7;nan;Partially cloudy
497738;24490;59e13fc9e4c459524ae462a9;2017-10-14T18:57:00-04:00;21.4;0.0;6.3;nan;Partially cloudy
497738;24490;59c6af0635f98307199fbc40;2017-10-14T19:11:00-04:00;21.4;0.0;6.3;nan;Partially cloudy
497765;24492;4bbb9dbded7776b0e1ad3e51;2017-10-03T23:34:00-04:00;15.1;0.0;2.4;nan;Clear
497765;24492;4afc3ba3f964a520bb2022e3;2017-10-04T00:36:00-04:00;14.5;0.0;7.1;nan;Clear
498876;24567;59d1414eaa6c9536b0a5d33d;2017-10-05T23:21:00-04:00;22.3;0.0;9.5;nan;Partially cloudy
498876;24567;49ef8a3df964a520c9681fe3;2017-10-06T01:52:00-04:00;21.5;0.0;7.8;nan;Partially cloudy
499495;24596;4b6b5abff964a520fb022ce3;2017-10-08T15:37:00-04:00;25.4;0.0;22.0;nan;Partially cloudy
501559;24657;40b52f80f964a5205a001fe3;2018-02-17T01:08:00-05:00;1.3;0.0;18.2;nan;Clear
501559;24657;56bbc58e498eed7b2c402556;2018-02-17T01:57:00-05:00;0.7;0.0;16.4;nan;Clear
501559;24657;4d03ae3437036dcbfba10bfb;2018-02-17T03:38:00-05:00;-0.6;0.0;12.7;nan;Clear
501609;24657;59174f98ba4a647db918bfb5;2018-05-04T21:31:00-04:00;27.4;0.0;15.2;nan;Partially cloudy
501677;24657;3fd66200f964a52094e61ee3;2018-09-20T23:54:00-04:00;19.7;0.0;5.7;nan;Overcast
502402;24688;4b6b5abff964a520fb022ce3;2017-12-31T18:21:00-05:00;-10.6;0.0;19.9;nan;Clear
502403;24688;4b40cf3df964a5206bbb25e3;2018-01-01T21:59:00-05:00;-8.3;0.0;19.1;nan;Clear
505445;24823;4a67204ef964a520f0c81fe3;2018-06-19T14:02:00-04:00;30.7;0.0;12.2;nan;Partially cloudy
505551;24836;559ecd00498e965ccd39ea9f;2018-03-30T15:23:00-04:00;15.2;0.0;13.1;nan;Partially cloudy
506653;24903;422b9980f964a520d31f1fe3;2017-10-20T01:51:00-04:00;16.5;0.0;12.4;nan;Clear
506663;24903;503fffabe4b05e5c0eace385;2018-03-21T00:37:00-04:00;3.4;0.0;19.3;nan;Overcast
506663;24903;4fd38a04e4b065401a9aaf88;2018-03-21T03:16:00-04:00;4.0;0.0;17.2;nan;Overcast
506666;24903;4b6d9298f964a520607d2ce3;2018-04-13T18:16:00-04:00;25.3;0.0;13.4;nan;Partially cloudy
507552;24942;50bcb93ae4b0efcb4c84d434;2017-10-07T03:11:00-04:00;20.6;0.0;7.1;nan;Partially cloudy
507552;24942;57b61f2a498ed8856425737c;2017-10-07T04:41:00-04:00;20.0;0.0;5.4;nan;Partially cloudy
507553;24942;4c2b3de98abca59321ceff1f;2017-10-07T13:45:00-04:00;26.7;0.0;9.1;nan;Partially cloudy
508595;25006;4adc900ef964a520422d21e3;2018-03-01T18:20:00-05:00;13.2;0.0;14.0;nan;Overcast
508595;25006;43c2d364f964a5204b2d1fe3;2018-03-01T18:58:00-05:00;13.0;0.0;14.2;nan;Overcast
508597;25006;528d3763498e3be0efe0d555;2018-03-11T00:47:00-05:00;1.7;0.0;12.4;nan;Partially cloudy
508597;25006;4b2ac07af964a520ecae24e3;2018-03-11T03:07:00-05:00;1.5;0.0;10.8;nan;Partially cloudy
508597;25006;4aa6e56af964a5205d4b20e3;2018-03-11T03:36:00-05:00;1.3;0.0;11.7;nan;Partially cloudy
508608;25006;4b0c402af964a520c33923e3;2018-06-30T16:19:00-04:00;33.4;0.0;7.4;nan;Clear
508608;25006;4b6b5abff964a520fb022ce3;2018-06-30T17:54:00-04:00;33.7;0.0;9.2;nan;Clear
508608;25006;4ea82375722e38f634dafc04;2018-06-30T18:16:00-04:00;33.7;0.0;9.2;nan;Clear
508608;25006;4a397f7ef964a520839f1fe3;2018-06-30T18:41:00-04:00;33.2;0.0;8.6;nan;Clear
508608;25006;4b4cc07ef964a5204abd26e3;2018-06-30T18:43:00-04:00;33.2;0.0;8.6;nan;Clear
508763;25017;4eb13d68e5e8c0f5bd2fd983;2017-12-11T13:12:00-05:00;4.7;0.0;9.9;nan;Clear
510933;25124;56b536df498e79d32247a3d1;2017-12-18T19:15:00-05:00;8.0;0.0;16.0;nan;Overcast
510937;25124;4cd1ae08bcab95217f073a15;2018-05-16T15:45:00-04:00;15.6;0.832;11.4;rain;Rain, Overcast
510937;25124;4555bea7f964a520253d1fe3;2018-05-16T16:12:00-04:00;15.6;0.832;11.4;rain;Rain, Overcast
511115;25148;590a00e74febd55af43a8267;2018-02-17T18:49:00-05:00;0.6;1.528;8.0;rain,snow;Snow, Rain, Overcast
512294;25235;4b1b13ddf964a520bbf723e3;2018-01-16T04:04:00-05:00;-3.5;0.0;6.7;nan;Overcast
512295;25235;42daf100f964a52035261fe3;2018-02-08T14:32:00-05:00;-0.3;0.0;9.1;nan;Partially cloudy
512295;25235;42893400f964a52054231fe3;2018-02-08T15:30:00-05:00;-0.3;0.0;9.1;nan;Partially cloudy
512295;25235;515abd65e4b08eda86b30e6e;2018-02-08T18:25:00-05:00;-0.6;0.0;10.1;nan;Overcast
514051;25320;49e7ce15f964a5201d651fe3;2017-11-24T23:59:00-05:00;6.3;0.0;10.9;nan;Clear
514051;25320;4efd1635f790570bcf88cbfd;2017-11-25T02:43:00-05:00;6.0;0.0;8.6;nan;Clear
516149;25411;59f38be7175562651c451266;2017-11-20T19:38:00-05:00;6.7;0.0;24.4;nan;Clear
516150;25411;4a8b0693f964a520350b20e3;2017-11-25T23:41:00-05:00;10.8;0.0;12.4;nan;Partially cloudy
516153;25411;528bf16711d2b7722da6b51c;2017-12-26T19:08:00-05:00;-3.4;0.0;12.8;nan;Clear
518803;25539;3fd66200f964a52006e61ee3;2018-07-29T20:42:00-04:00;26.4;0.0;3.9;nan;Partially cloudy
518804;25539;49c65f17f964a5203c571fe3;2018-08-12T05:53:00-04:00;22.6;0.0;4.3;nan;Overcast
520927;25642;591e2db56fa81f3c8c6c8954;2018-01-27T22:35:00-05:00;12.0;0.0;15.2;nan;Partially cloudy
520929;25642;4eefd4506d86d722df8fd52e;2018-03-25T02:41:00-04:00;2.0;0.0;20.0;nan;Partially cloudy
520930;25642;43db9775f964a520922e1fe3;2018-04-08T01:22:00-04:00;3.0;0.0;23.8;nan;Partially cloudy
522699;25735;5748d802498eccc4228c7fd1;2017-10-07T00:11:00-04:00;22.4;0.0;1.7;nan;Partially cloudy
522700;25735;5748d802498eccc4228c7fd1;2017-10-08T00:31:00-04:00;22.7;0.0;11.1;nan;Partially cloudy
522700;25735;4fabfa87e4b0be1a3d9c955b;2017-10-08T04:32:00-04:00;22.8;0.0;11.6;nan;Overcast
522708;25735;5748d802498eccc4228c7fd1;2017-10-20T22:41:00-04:00;18.1;0.0;7.1;nan;Clear
522713;25735;5748d802498eccc4228c7fd1;2017-10-27T23:07:00-04:00;13.8;0.0;3.3;nan;Clear
522729;25735;4cd89eeb6e8b5941660c64d2;2017-11-18T00:15:00-05:00;3.6;0.0;10.6;nan;Clear
522730;25735;5748d802498eccc4228c7fd1;2017-11-19T01:25:00-05:00;13.8;0.0;10.0;nan;Partially cloudy
522737;25735;5748d802498eccc4228c7fd1;2017-11-30T01:17:00-05:00;5.3;0.0;13.4;nan;Clear
522743;25735;4b89e8e5f964a5208f5532e3;2017-12-08T02:38:00-05:00;2.8;0.0;12.2;nan;Partially cloudy
522779;25735;5823d69af2c98b32f07ac65a;2018-01-26T23:54:00-05:00;1.7;0.0;3.0;nan;Clear
522801;25735;555ba8d9498eae864d326936;2018-03-01T17:19:00-05:00;13.0;0.0;11.0;nan;Partially cloudy
522803;25735;57928c69498e1dae12e71019;2018-03-04T00:30:00-05:00;5.0;0.0;19.5;nan;Overcast
522803;25735;3fd66200f964a52006e61ee3;2018-03-04T02:49:00-05:00;4.5;0.0;15.8;nan;Overcast
522807;25735;4cfe786a47699eb0fcb71715;2018-03-10T17:26:00-05:00;4.0;0.0;22.5;nan;Overcast
522810;25735;4cfe786a47699eb0fcb71715;2018-03-16T19:24:00-04:00;1.6;0.0;24.4;nan;Partially cloudy
522814;25735;4ead9998e5fad025f83226a7;2018-03-24T03:53:00-04:00;3.1;0.0;11.7;nan;Partially cloudy
522828;25735;5748d802498eccc4228c7fd1;2018-04-14T22:42:00-04:00;9.3;0.0;21.6;nan;Overcast
522840;25735;5748d802498eccc4228c7fd1;2018-05-03T02:33:00-04:00;23.1;0.0;13.1;nan;Clear
522850;25735;4abd1344f964a520508820e3;2018-05-17T18:42:00-04:00;21.6;0.0;3.3;nan;Partially cloudy
522856;25735;4abd1344f964a520508820e3;2018-05-24T20:57:00-04:00;23.5;0.0;9.9;nan;Clear
522857;25735;5748d802498eccc4228c7fd1;2018-05-26T22:55:00-04:00;26.5;0.0;0.9;nan;Partially cloudy
522859;25735;5748d802498eccc4228c7fd1;2018-05-28T23:55:00-04:00;17.0;0.0;4.8;nan;Overcast
522859;25735;52e2f72a498e1de9bce745b0;2018-05-29T02:07:00-04:00;17.8;0.0;4.0;nan;Overcast
522867;25735;53b2aa81498e6744c355ec9f;2018-06-07T23:16:00-04:00;16.4;0.0;4.8;nan;Partially cloudy
522870;25735;57f0689d498e7d49d9189369;2018-06-13T00:16:00-04:00;18.4;0.0;10.0;nan;Partially cloudy
522870;25735;41ddd100f964a520c21e1fe3;2018-06-13T02:12:00-04:00;17.9;0.0;9.2;nan;Partially cloudy
522880;25735;49cf9efbf964a520b05a1fe3;2018-06-30T21:05:00-04:00;30.9;0.0;11.7;nan;Clear
522880;25735;5748d802498eccc4228c7fd1;2018-07-01T01:11:00-04:00;28.7;0.0;8.7;nan;Clear
522883;25735;578692f4498e1054905dbde7;2018-07-04T23:14:00-04:00;26.3;0.0;4.5;nan;Overcast
522884;25735;46e53f29f964a520b74a1fe3;2018-07-07T02:12:00-04:00;20.0;0.0;20.2;nan;Clear
522894;25735;4cdac798d6656a315f36fc3e;2018-07-22T21:45:00-04:00;23.9;0.477;10.2;rain;Rain, Overcast
522912;25735;43db9775f964a520922e1fe3;2018-08-25T05:32:00-04:00;20.9;0.0;1.2;nan;Partially cloudy
523785;25769;4b2ac07af964a520ecae24e3;2017-10-21T01:03:00-04:00;16.8;0.0;1.7;nan;Clear
525297;25843;579c12cd498e6e815b3acf50;2018-04-04T21:53:00-04:00;7.3;0.0;25.8;nan;Clear
525297;25843;49f125dcf964a52091691fe3;2018-04-05T02:39:00-04:00;3.5;0.0;23.3;nan;Partially cloudy
526741;25928;4ea89e6702d5b8174e85e65e;2017-10-04T00:12:00-04:00;15.1;0.0;2.4;nan;Clear
526742;25928;4adb46d8f964a5207c2521e3;2017-10-05T01:20:00-04:00;19.0;0.0;16.3;nan;Partially cloudy
526743;25928;3fd66200f964a5203eea1ee3;2017-10-08T01:20:00-04:00;22.7;0.0;11.1;nan;Partially cloudy
526744;25928;4adb46d8f964a5207c2521e3;2017-10-08T23:30:00-04:00;24.7;0.0;6.7;nan;Partially cloudy
526744;25928;57b61f2a498ed8856425737c;2017-10-09T01:24:00-04:00;24.2;0.0;6.3;nan;Partially cloudy
526746;25928;3fd66200f964a5203eea1ee3;2017-10-15T00:59:00-04:00;19.9;0.0;2.1;nan;Overcast
526748;25928;3fd66200f964a5203eea1ee3;2017-10-21T01:41:00-04:00;16.3;0.0;7.8;nan;Clear
526749;25928;3fd66200f964a5203eea1ee3;2017-10-23T01:04:00-04:00;16.7;0.0;4.5;nan;Partially cloudy
526752;25928;3fd66200f964a5203eea1ee3;2017-10-29T00:52:00-04:00;18.3;0.0;8.8;nan;Overcast
526752;25928;4b11a5e0f964a5205c8123e3;2017-10-29T01:44:00-04:00;18.3;0.0;14.0;nan;Overcast
526753;25928;4adb46d8f964a5207c2521e3;2017-10-29T22:29:00-04:00;17.5;9.893;18.8;rain;Rain, Overcast
526773;25928;5431872b498eec43384fd39d;2017-12-31T18:33:00-05:00;-11.0;0.0;18.7;nan;Clear
526825;25931;50524857e4b0bdd5e90ea0ee;2017-12-18T11:49:00-05:00;5.4;0.0;7.2;nan;Partially cloudy
526826;25931;4aad744bf964a520606020e3;2017-12-21T18:35:00-05:00;3.5;0.0;11.6;nan;Overcast
526826;25931;4fbbd9ede4b0756c0d4c2364;2017-12-21T18:39:00-05:00;3.5;0.0;11.6;nan;Overcast
526835;25931;43a69d3ef964a5205d2c1fe3;2018-04-29T20:23:00-04:00;9.7;0.0;33.8;nan;Partially cloudy
526835;25931;54f9d808498eaa73550d399c;2018-04-29T21:34:00-04:00;8.5;0.0;14.6;nan;Partially cloudy
526872;25935;4ac35065f964a520239b20e3;2017-10-04T13:39:00-04:00;23.5;0.0;12.2;nan;Clear
528540;26016;58447d1ba19e9066cdc9d8a2;2017-10-09T23:24:00-04:00;24.9;0.0;14.2;nan;Partially cloudy
528540;26016;57b64641498e30ab69639892;2017-10-09T23:38:00-04:00;24.6;0.0;18.4;nan;Partially cloudy
528541;26016;4a6fa0abf964a520a4d61fe3;2017-10-12T23:13:00-04:00;13.9;0.0;16.3;nan;Clear
528546;26016;49ff4e3df964a52004701fe3;2017-11-13T15:31:00-05:00;8.7;0.0;11.8;nan;Partially cloudy
528546;26016;55148c66498e987ed9d8e394;2017-11-13T18:47:00-05:00;6.4;0.0;12.1;nan;Clear
528548;26016;4bc7ab4c14d79521c6e367e9;2017-11-23T00:30:00-05:00;2.0;0.0;17.0;nan;Clear
528549;26016;4a2f3322f964a520b6981fe3;2017-11-24T16:24:00-05:00;9.7;0.0;7.5;nan;Clear
528549;26016;4eb0244ff7900d57e4ac27a3;2017-11-25T01:21:00-05:00;5.8;0.0;7.7;nan;Clear
528550;26016;521fba5511d2065bc4051370;2017-11-25T18:03:00-05:00;13.5;0.0;11.9;nan;Overcast
528550;26016;521b898a8bbdce5bf8e95c58;2017-11-25T19:57:00-05:00;12.5;0.0;6.4;nan;Partially cloudy
528551;26016;3fd66200f964a520dde81ee3;2017-11-27T01:08:00-05:00;4.1;0.0;11.3;nan;Partially cloudy
528552;26016;49ff62f9f964a52013701fe3;2017-11-28T02:10:00-05:00;3.9;0.0;3.0;nan;Clear
528552;26016;4d70421f766da143df754bad;2017-11-28T02:23:00-05:00;3.9;0.0;3.0;nan;Clear
528553;26016;4a5f5a54f964a52071bf1fe3;2017-12-03T19:17:00-05:00;7.6;0.0;3.3;nan;Partially cloudy
528553;26016;51abad1c7dd28f673d21bbf4;2017-12-03T23:59:00-05:00;6.5;0.0;3.3;nan;Clear
528554;26016;3fd66200f964a520dde81ee3;2017-12-05T20:18:00-05:00;14.5;4.318;5.6;rain;Rain, Partially cloudy
528554;26016;4df9ef0d8877b30c398631f9;2017-12-06T02:35:00-05:00;14.3;0.0;5.8;nan;Partially cloudy
528556;26016;49ff62f9f964a52013701fe3;2017-12-12T00:27:00-05:00;4.0;0.0;11.3;nan;Partially cloudy
528556;26016;514de197e4b0c471f020c47e;2017-12-12T01:33:00-05:00;4.6;0.0;8.0;nan;Partially cloudy
529030;26028;572a6dbe498e942a150da631;2018-01-20T17:31:00-05:00;8.6;0.0;18.9;nan;Partially cloudy
529032;26028;4aad466df964a5206f5f20e3;2018-04-14T14:08:00-04:00;23.4;0.0;17.8;nan;Clear
529408;26047;4b41442ef964a5205bc425e3;2018-05-03T02:20:00-04:00;23.3;0.0;9.4;nan;Clear
530222;26104;556a0923498eb674bc49512c;2018-06-12T18:56:00-04:00;20.3;0.0;24.7;nan;Partially cloudy
530222;26104;4b76d3f4f964a52041622ee3;2018-06-12T21:11:00-04:00;18.6;0.0;9.2;nan;Partially cloudy
530222;26104;4d23c75ffdfb236ae3af7367;2018-06-12T21:35:00-04:00;18.1;0.0;8.1;nan;Partially cloudy
530223;26104;49f61fe9f964a520046c1fe3;2018-06-15T23:56:00-04:00;20.0;0.0;4.1;nan;Clear
530224;26104;49f61fe9f964a520046c1fe3;2018-06-20T23:23:00-04:00;23.7;0.0;4.1;nan;Overcast
530226;26104;4ce147cadf986ea84ebfeb16;2018-06-26T14:17:00-04:00;24.6;0.0;15.5;nan;Partially cloudy
530226;26104;4a84eb0af964a520e1fd1fe3;2018-06-26T16:45:00-04:00;23.2;0.0;13.4;nan;Partially cloudy
530228;26104;49f61fe9f964a520046c1fe3;2018-07-06T00:31:00-04:00;26.8;0.0;21.3;nan;Clear
530228;26104;5b14956ce7a237002cc1c10c;2018-07-06T00:33:00-04:00;26.8;0.0;21.3;nan;Clear
530229;26104;4cd37295baf2f04dfc22afa3;2018-07-07T00:07:00-04:00;22.0;0.0;11.8;nan;Partially cloudy
530229;26104;49c65aa8f964a52038571fe3;2018-07-07T00:39:00-04:00;21.2;0.0;26.7;nan;Partially cloudy
530229;26104;5b14956ce7a237002cc1c10c;2018-07-07T02:06:00-04:00;20.0;0.0;20.2;nan;Clear
530230;26104;49c65aa8f964a52038571fe3;2018-07-07T22:32:00-04:00;18.9;0.0;4.1;nan;Clear
530230;26104;49f61fe9f964a520046c1fe3;2018-07-07T22:47:00-04:00;18.9;0.0;4.1;nan;Clear
530230;26104;4af85709f964a5205f0c22e3;2018-07-07T23:38:00-04:00;18.6;0.0;3.3;nan;Clear
530232;26104;4b5b993ff964a520ee0929e3;2018-07-13T01:03:00-04:00;22.4;0.0;6.5;nan;Clear
530232;26104;5b14956ce7a237002cc1c10c;2018-07-13T02:06:00-04:00;21.7;0.0;5.7;nan;Clear
530237;26104;5186eeb0498e1d856d27ba04;2018-08-04T00:03:00-04:00;25.7;0.0;6.2;nan;Partially cloudy
530237;26104;49c65aa8f964a52038571fe3;2018-08-04T01:14:00-04:00;25.5;0.0;9.3;nan;Partially cloudy
530237;26104;5b14956ce7a237002cc1c10c;2018-08-04T03:01:00-04:00;24.6;0.0;7.7;nan;Partially cloudy
530239;26104;49f61fe9f964a520046c1fe3;2018-08-10T23:34:00-04:00;26.5;0.0;0.0;nan;Partially cloudy
530239;26104;49c65aa8f964a52038571fe3;2018-08-11T00:16:00-04:00;26.5;0.0;0.0;nan;Partially cloudy
530240;26104;54f9d808498eaa73550d399c;2018-08-12T19:59:00-04:00;25.7;0.0;8.8;nan;Partially cloudy
530240;26104;52eddc12498e40bb655e0d7a;2018-08-12T20:08:00-04:00;25.7;0.0;8.8;nan;Partially cloudy
530240;26104;5717e052498ea14d53b097f0;2018-08-12T20:21:00-04:00;25.7;0.0;8.8;nan;Partially cloudy
530241;26104;49f61fe9f964a520046c1fe3;2018-08-22T00:36:00-04:00;22.5;1.001;9.9;rain;Rain, Overcast
530243;26104;4bcf9774a8b3a5939497625f;2018-08-27T23:51:00-04:00;28.7;0.0;9.6;nan;Partially cloudy
530252;26104;519393ce498edf62feac9c12;2018-10-07T02:59:00-04:00;20.1;0.0;7.3;nan;Overcast
530252;26104;4116be80f964a520fc0b1fe3;2018-10-07T04:04:00-04:00;20.7;0.0;9.0;nan;Overcast
530252;26104;53eba911498e9b26cc64bdff;2018-10-07T05:26:00-04:00;20.7;0.0;9.4;nan;Overcast
530904;26143;504228c7e4b0af4f730be306;2018-07-03T16:48:00-04:00;28.1;0.0;11.0;nan;Partially cloudy
530904;26143;4c35de72452620a1ba5d270f;2018-07-03T18:01:00-04:00;26.8;0.048;4.1;rain;Rain, Partially cloudy
531428;26179;44acde31f964a52013351fe3;2017-11-24T18:40:00-05:00;8.5;0.0;9.4;nan;Clear
531620;26182;4eb90d85722e09311d356915;2017-10-14T15:22:00-04:00;21.8;0.0;2.4;nan;Overcast
531620;26182;4abe7f9ef964a520068e20e3;2017-10-14T15:32:00-04:00;21.9;0.0;1.2;nan;Overcast
531620;26182;431f7f00f964a52085271fe3;2017-10-14T15:48:00-04:00;21.9;0.0;1.2;nan;Overcast
531621;26182;579607a3498e62c81b38aa75;2017-10-15T19:05:00-04:00;21.3;0.0;14.8;nan;Overcast
531621;26182;52b0a990498eb3a992b89573;2017-10-15T19:35:00-04:00;20.8;0.0;11.6;nan;Overcast
531621;26182;55ea9f4d498ed46db0383483;2017-10-15T21:30:00-04:00;20.8;0.0;14.2;nan;Overcast
531626;26183;4eb90d85722e09311d356915;2017-12-21T16:03:00-05:00;4.0;0.0;12.4;nan;Clear
531626;26183;53a1b4e1498e54415d5ac68f;2017-12-21T19:41:00-05:00;3.5;0.0;8.7;nan;Partially cloudy
531699;26190;4c374bf80a71c9b6f2893ec9;2018-05-24T16:01:00-04:00;28.1;0.0;5.0;nan;Clear
533033;26269;4b3a50c6f964a520796425e3;2018-03-27T21:02:00-04:00;5.8;0.0;6.6;nan;Overcast
533034;26269;56c4fa3bcd10a5d646e306a9;2018-08-27T17:47:00-04:00;30.0;0.0;11.0;nan;Partially cloudy
533334;26285;5ae90bde9de23b002c8af3fc;2018-05-05T14:48:00-04:00;23.7;0.0;1.8;nan;Partially cloudy
534557;26343;56d8c0f8498edb854f926e6a;2018-01-01T02:21:00-05:00;-12.7;0.0;19.4;nan;Clear
538861;26559;54346275498e3d6955212743;2017-10-09T21:15:00-04:00;24.5;0.0;11.2;nan;Partially cloudy
538861;26559;4b032755f964a5200f4d22e3;2017-10-09T23:10:00-04:00;24.9;0.0;14.2;nan;Partially cloudy
538862;26559;54f27deb498e47a670f5e399;2017-10-14T00:03:00-04:00;16.9;0.0;8.5;nan;Partially cloudy
538862;26559;56037e8b498ee4d3ed6d1280;2017-10-14T00:36:00-04:00;16.8;0.0;11.4;nan;Partially cloudy
538870;26559;40f1d480f964a5205b0a1fe3;2017-11-01T13:18:00-04:00;12.2;0.0;7.4;nan;Overcast
538870;26559;54242f3a498e53a21ee14b81;2017-11-01T17:15:00-04:00;13.7;0.0;8.8;nan;Partially cloudy
538871;26559;49cebdeaf964a520815a1fe3;2017-11-04T06:13:00-04:00;8.7;0.0;12.0;nan;Partially cloudy
538873;26559;57d9e582498e1a4d9f13ede7;2017-11-12T01:09:00-05:00;0.4;0.0;7.6;nan;Partially cloudy
538874;26559;50c28307e4b0c5b6f33ec0e1;2017-11-15T22:16:00-05:00;9.5;0.0;9.2;nan;Partially cloudy
538876;26559;4bd63fe7cfa7b7136b6227da;2017-11-21T13:12:00-05:00;13.6;0.0;15.6;nan;Partially cloudy
538876;26559;57bc4e34498ebd714e7b8c95;2017-11-21T15:40:00-05:00;13.5;0.0;13.8;nan;Partially cloudy
538877;26559;5a218e10396de039ddcae0a5;2017-12-01T20:06:00-05:00;7.2;0.0;13.5;nan;Clear
538879;26559;57a4a79c498e4a512547ef7e;2017-12-15T16:51:00-05:00;-4.3;1.134;7.1;snow;Snow, Overcast
538879;26559;5171b5cc011cef9833bbb787;2017-12-15T16:56:00-05:00;-4.3;1.134;7.1;snow;Snow, Overcast
538879;26559;5696a83d498e36e88b989783;2017-12-16T00:29:00-05:00;-4.9;0.0;13.3;snow;Clear
538879;26559;5a0f6c9fb04056129d570bce;2017-12-16T01:11:00-05:00;-4.8;0.0;10.4;snow;Clear
538880;26559;58dba0e0fef5fa1e44b46f89;2017-12-16T19:09:00-05:00;3.7;0.0;14.5;nan;Overcast
538883;26559;49f201def964a520cc691fe3;2017-12-19T13:00:00-05:00;12.5;0.0;19.1;nan;Partially cloudy
538883;26559;49c7e0b7f964a520cc571fe3;2017-12-19T14:03:00-05:00;12.5;0.0;27.1;nan;Partially cloudy
538966;26563;4cf021c094feb1f703420fba;2018-08-10T15:49:00-04:00;30.3;0.0;5.9;nan;Partially cloudy
538966;26563;49f125dcf964a52091691fe3;2018-08-11T04:57:00-04:00;22.9;11.136;3.3;rain;Rain, Overcast
538967;26563;50bcb93ae4b0efcb4c84d434;2018-08-11T22:16:00-04:00;23.4;0.0;5.0;nan;Overcast
538967;26563;49f125dcf964a52091691fe3;2018-08-12T04:41:00-04:00;22.7;0.0;3.6;nan;Overcast
538967;26563;4b08b795f964a5204b1123e3;2018-08-12T07:02:00-04:00;22.6;0.0;4.9;nan;Overcast
539321;26575;4c35de72452620a1ba5d270f;2018-08-29T19:45:00-04:00;32.7;0.0;12.4;nan;Clear
539321;26575;4b6b5abff964a520fb022ce3;2018-08-29T22:02:00-04:00;31.2;0.0;9.2;nan;Clear
539321;26575;515abd65e4b08eda86b30e6e;2018-08-29T23:47:00-04:00;30.3;0.0;14.2;nan;Clear
540182;26633;4a607307f964a520c7c01fe3;2018-07-01T13:39:00-04:00;35.0;0.0;9.1;nan;Partially cloudy
542074;26709;42474900f964a52080201fe3;2017-10-04T00:32:00-04:00;14.5;0.0;7.1;nan;Clear
542074;26709;594301c89411f241f5b6a2ee;2017-10-04T01:16:00-04:00;14.5;0.0;7.1;nan;Clear
542074;26709;551c8be7498e3ebc8f1d0075;2017-10-04T02:48:00-04:00;14.3;0.0;7.6;nan;Clear
542075;26709;3fd66200f964a520daf11ee3;2017-10-08T00:48:00-04:00;22.7;0.0;11.1;nan;Partially cloudy
542082;26709;52dca77f498eea2fb384f124;2017-10-27T21:34:00-04:00;13.9;0.0;4.4;nan;Clear
542082;26709;4d421b1fc95b721e988d662b;2017-10-28T00:53:00-04:00;13.5;0.0;12.1;nan;Clear
542088;26709;3fd66200f964a52037e31ee3;2017-11-15T09:03:00-05:00;5.3;0.0;11.8;nan;Clear
542088;26709;4b576d3df964a520173728e3;2017-11-15T16:17:00-05:00;8.8;0.0;8.3;nan;Overcast
542089;26709;5914cd7595a722751f906aeb;2017-11-18T00:52:00-05:00;3.1;0.0;9.2;nan;Clear
542089;26709;4e74dadec65bb91db41824b4;2017-11-18T03:45:00-05:00;2.1;0.0;0.0;nan;Partially cloudy
542090;26709;4c1164576e5dc9b69506b02d;2017-11-20T12:14:00-05:00;7.4;0.0;22.0;nan;Partially cloudy
542102;26709;5467ceec498e1b95c0575e73;2018-01-31T02:24:00-05:00;-5.4;0.0;19.1;nan;Clear
542103;26709;52dca77f498eea2fb384f124;2018-02-03T23:55:00-05:00;-1.1;0.0;17.4;nan;Overcast
542107;26709;4b576d3df964a520173728e3;2018-02-16T02:18:00-05:00;13.8;0.067;11.7;rain;Rain, Overcast
542108;26709;54e2ad46498ec569ea3cb416;2018-02-21T00:52:00-05:00;15.3;0.0;9.8;nan;Partially cloudy
542108;26709;49cebdeaf964a520815a1fe3;2018-02-21T01:10:00-05:00;15.3;0.0;9.8;nan;Partially cloudy
542109;26709;5467ceec498e1b95c0575e73;2018-02-23T22:31:00-05:00;5.3;0.0;17.0;nan;Overcast
547255;26994;45ac12d6f964a5205d411fe3;2017-10-12T00:14:00-04:00;17.5;0.0;13.7;nan;Partially cloudy
549940;27105;57583641498e90001a32e13e;2018-01-05T03:24:00-05:00;-10.0;0.0;31.3;snow;Clear
554955;27386;4bddccbe6198c9b67bb911ff;2017-10-15T18:11:00-04:00;21.4;0.0;21.3;nan;Overcast
555371;27415;42893400f964a52054231fe3;2017-11-11T18:55:00-05:00;1.8;0.0;7.8;nan;Partially cloudy
555371;27415;49ff62f9f964a52013701fe3;2017-11-11T20:51:00-05:00;1.2;0.0;6.8;nan;Partially cloudy
555371;27415;515abd65e4b08eda86b30e6e;2017-11-11T21:24:00-05:00;1.2;0.0;6.8;nan;Partially cloudy
556000;27456;510ad6e2e4b0a2ecec03b322;2018-05-06T10:36:00-04:00;17.0;0.0;11.0;nan;Overcast
556002;27456;4baae71df964a520118d3ae3;2018-05-13T20:09:00-04:00;12.3;0.0;4.5;nan;Overcast
556002;27456;57218ba5498eb662eaa1e121;2018-05-13T22:25:00-04:00;11.4;0.568;6.2;rain;Rain, Overcast
556016;27456;4a44cd95f964a5208fa71fe3;2018-08-04T18:23:00-04:00;29.3;0.0;9.3;nan;Partially cloudy
556016;27456;42893400f964a52054231fe3;2018-08-04T20:37:00-04:00;28.5;0.0;8.9;nan;Partially cloudy
558438;27582;4a8d57e7f964a5207c0f20e3;2017-12-28T19:58:00-05:00;-9.2;0.0;25.2;nan;Clear
558438;27582;4ab7a271f964a520477a20e3;2017-12-28T20:06:00-05:00;-9.2;0.0;25.2;nan;Clear
558438;27582;509fd01de4b070da0a9d3c24;2017-12-28T21:50:00-05:00;-10.5;0.0;13.2;nan;Clear
558438;27582;4b40cf3df964a5206bbb25e3;2017-12-28T23:36:00-05:00;-11.2;0.0;15.8;nan;Clear
558438;27582;4165d880f964a5207e1d1fe3;2017-12-29T01:55:00-05:00;-11.2;0.0;13.7;nan;Partially cloudy
558441;27582;564cb952498e133963c04186;2018-01-02T00:41:00-05:00;-9.3;0.0;18.5;nan;Clear
558442;27582;41e46880f964a520d41e1fe3;2018-01-03T03:51:00-05:00;-8.3;0.0;15.9;nan;Partially cloudy
559553;27633;4165d880f964a5207e1d1fe3;2018-06-30T20:54:00-04:00;30.9;0.0;11.7;nan;Clear
559553;27633;559ecd00498e965ccd39ea9f;2018-06-30T22:45:00-04:00;28.8;0.0;4.7;nan;Clear
560243;27669;4b6b5abff964a520fb022ce3;2018-03-26T21:10:00-04:00;4.0;0.0;7.8;nan;Clear
560637;27687;49d2b43ef964a520cb5b1fe3;2017-10-16T13:23:00-04:00;14.3;0.0;15.4;nan;Partially cloudy
560637;27687;4db1b5305da32cf2df627064;2017-10-16T14:19:00-04:00;14.0;0.0;30.8;nan;Partially cloudy
561838;27753;4af8f40cf964a520ab1022e3;2017-12-03T07:24:00-05:00;6.8;0.0;4.0;nan;Overcast
561874;27756;4f6a28d5e4b085e9a4b3c5e1;2018-01-21T18:55:00-05:00;9.7;0.0;4.0;nan;Overcast
561876;27756;57b61f2a498ed8856425737c;2018-03-17T18:38:00-04:00;8.3;0.0;17.6;nan;Clear
561876;27756;507f06e9e4b0d2368fcbada4;2018-03-17T20:28:00-04:00;7.7;0.0;13.7;nan;Clear
561880;27756;4adb46d8f964a5207c2521e3;2018-05-23T19:47:00-04:00;25.6;0.0;12.2;nan;Clear
561880;27756;44a052c2f964a520c9341fe3;2018-05-23T21:08:00-04:00;25.0;0.0;9.7;nan;Clear
562927;27803;42893400f964a52054231fe3;2017-10-30T18:47:00-04:00;12.0;0.0;18.7;nan;Clear
562928;27803;4a7f56ecf964a520baf31fe3;2017-10-31T17:19:00-04:00;13.2;0.0;11.8;nan;Clear
564576;27885;49f220a3f964a520ee691fe3;2017-11-18T20:03:00-05:00;9.8;0.147;12.8;rain;Rain, Overcast
564656;27889;4b0800f9f964a5202a0223e3;2018-05-04T20:41:00-04:00;27.2;0.0;20.8;nan;Partially cloudy
566212;27989;4b829e60f964a52007db30e3;2017-11-27T23:40:00-05:00;4.4;0.0;7.7;nan;Clear
566212;27989;4b996536f964a520467835e3;2017-11-28T01:00:00-05:00;3.8;0.0;9.1;nan;Clear
567474;28050;4aec28cdf964a5206bc521e3;2017-10-05T15:34:00-04:00;28.2;0.0;11.8;nan;Partially cloudy
567474;28050;4b6b5abff964a520fb022ce3;2017-10-05T15:48:00-04:00;28.2;0.0;11.8;nan;Partially cloudy
567474;28050;42daf100f964a52035261fe3;2017-10-05T16:29:00-04:00;28.2;0.0;11.8;nan;Partially cloudy
567474;28050;464451e5f964a52076461fe3;2017-10-05T17:07:00-04:00;27.6;0.0;20.5;nan;Partially cloudy
567474;28050;4afc3ba3f964a520bb2022e3;2017-10-05T18:23:00-04:00;27.0;0.0;11.5;nan;Partially cloudy
568980;28111;5606c755498ec78f89449528;2017-10-06T03:51:00-04:00;20.9;0.0;6.8;nan;Partially cloudy
570584;28184;42daf100f964a52035261fe3;2018-08-27T13:32:00-04:00;30.7;0.0;7.2;nan;Partially cloudy
570584;28184;42893400f964a52054231fe3;2018-08-27T14:13:00-04:00;30.7;0.0;7.2;nan;Partially cloudy
570584;28184;4c374bf80a71c9b6f2893ec9;2018-08-27T22:15:00-04:00;29.3;0.0;9.5;nan;Partially cloudy
570829;28201;5998d44bca18ea189f40f002;2018-03-06T16:22:00-05:00;6.6;0.0;14.3;nan;Clear
583875;28834;57b21912498e3b59e354e235;2017-10-31T20:20:00-04:00;11.0;0.0;14.1;nan;Clear
584346;28864;3fd66200f964a52037e31ee3;2018-05-13T08:16:00-04:00;11.2;0.235;12.4;rain;Rain, Overcast
586473;28980;4ae8906ef964a52071b021e3;2017-11-25T04:54:00-05:00;5.4;0.0;6.4;nan;Clear
587109;29019;4eb90d85722e09311d356915;2017-12-03T23:03:00-05:00;6.4;0.0;1.2;nan;Clear
589781;29193;4eb90d85722e09311d356915;2017-10-09T16:43:00-04:00;23.6;0.185;10.0;rain;Rain, Overcast
589781;29193;4dda977ad22d38ef4332c419;2017-10-09T17:05:00-04:00;23.6;0.185;10.0;rain;Rain, Overcast
589781;29193;49e7ce15f964a5201d651fe3;2017-10-09T19:40:00-04:00;24.0;0.048;12.5;rain;Rain, Partially cloudy
589787;29193;57218ba5498eb662eaa1e121;2017-11-07T18:51:00-05:00;5.1;3.817;10.3;rain;Rain, Partially cloudy
589787;29193;57fd74cb498ecd4ccc2510ee;2017-11-07T22:56:00-05:00;4.6;1.108;16.2;rain;Rain, Partially cloudy
589795;29193;57218ba5498eb662eaa1e121;2017-12-09T01:45:00-05:00;2.0;0.0;3.2;nan;Overcast
589806;29193;502e88ecf31c492b2744df60;2018-03-10T20:32:00-05:00;3.4;0.0;15.2;nan;Partially cloudy
594435;29403;4abe7f9ef964a520068e20e3;2017-12-02T18:35:00-05:00;7.9;0.0;7.0;nan;Partially cloudy
595596;29479;4aea2b78f964a520edb921e3;2018-02-04T00:09:00-05:00;-1.1;0.0;17.4;nan;Overcast
596203;29503;41083e00f964a520980b1fe3;2017-10-13T22:22:00-04:00;17.3;0.0;8.3;nan;Partially cloudy
596203;29503;53b6a861498ecca743378803;2017-10-14T01:33:00-04:00;16.8;0.0;9.8;nan;Partially cloudy
596687;29526;3fd66200f964a52070e91ee3;2018-06-15T16:02:00-04:00;23.8;0.0;9.7;nan;Partially cloudy
598960;29638;5787b68e498efcabbebba4f8;2017-11-18T00:40:00-05:00;3.1;0.0;9.2;nan;Clear
600188;29694;5591c747498e45ec0b8171f1;2017-11-09T01:23:00-05:00;5.9;0.0;9.2;nan;Clear
600203;29694;534c9d7b498e1bdd443a40e1;2018-02-14T00:37:00-05:00;2.0;0.0;3.3;nan;Overcast
600203;29694;49e7ce15f964a5201d651fe3;2018-02-14T01:36:00-05:00;2.0;0.0;7.2;nan;Overcast
600206;29694;538f006c498e248f6fce912f;2018-03-03T17:05:00-05:00;6.8;0.0;27.6;nan;Overcast
600206;29694;49e7ce15f964a5201d651fe3;2018-03-03T20:50:00-05:00;5.1;0.0;21.0;nan;Overcast
600206;29694;3fd66200f964a52034eb1ee3;2018-03-03T21:49:00-05:00;5.2;0.0;25.8;nan;Overcast
600206;29694;4e5ecc4a52b1425a3776f4db;2018-03-03T22:23:00-05:00;5.2;0.0;25.8;nan;Overcast
600211;29694;58dba0e0fef5fa1e44b46f89;2018-03-31T00:56:00-04:00;7.1;0.0;17.9;nan;Partially cloudy
600211;29694;49e7ce15f964a5201d651fe3;2018-03-31T01:53:00-04:00;6.3;0.0;16.7;nan;Overcast
600213;29694;584067e6b50d521817d726a1;2018-04-21T19:48:00-04:00;15.1;0.0;15.2;nan;Partially cloudy
600213;29694;591a10bb0313205133bb1bc6;2018-04-21T20:03:00-04:00;15.1;0.0;15.2;nan;Partially cloudy
600213;29694;55103583498eed2d409b549a;2018-04-21T20:15:00-04:00;15.1;0.0;15.2;nan;Partially cloudy
600232;29694;49e7ce15f964a5201d651fe3;2018-08-20T02:37:00-04:00;20.8;0.0;7.1;nan;Overcast
601155;29743;54f27deb498e47a670f5e399;2017-10-07T20:40:00-04:00;22.4;0.0;18.9;nan;Clear
601155;29743;59d6a14cb6eedb4d1b393fb4;2017-10-07T21:34:00-04:00;22.4;0.0;11.3;nan;Partially cloudy
601159;29743;4cccb964c9b8468815d4bec3;2017-10-20T19:42:00-04:00;20.3;0.0;5.8;nan;Clear
601159;29743;5327321d498e3b494482e5f5;2017-10-20T20:25:00-04:00;20.3;0.0;5.8;nan;Clear
601159;29743;57c98c00498ede2ae6ad9755;2017-10-20T21:00:00-04:00;18.9;0.0;8.0;nan;Clear
601170;29743;59d2188d7247503e69259f80;2017-11-14T12:51:00-05:00;8.4;0.0;11.5;nan;Partially cloudy
601170;29743;54ee1680498ef860b6ed47fc;2017-11-14T19:04:00-05:00;6.3;0.0;9.3;nan;Partially cloudy
601170;29743;54f27deb498e47a670f5e399;2017-11-15T03:31:00-05:00;3.3;0.0;10.6;nan;Partially cloudy
601171;29743;57020175498e7e5af0bff7aa;2017-11-21T23:13:00-05:00;11.7;0.0;11.4;nan;Partially cloudy
601171;29743;5998e49dc666662a7e02525e;2017-11-22T02:25:00-05:00;11.4;0.0;4.6;nan;Partially cloudy
601174;29743;59bbdbda26659b702aa26472;2017-12-01T19:16:00-05:00;7.6;0.0;16.5;nan;Clear
601174;29743;599c3906b37e2b0be12565f0;2017-12-01T20:34:00-05:00;6.6;0.0;12.2;nan;Clear
601177;29743;52681085498e16a8ac061157;2017-12-07T22:20:00-05:00;5.1;0.0;12.5;nan;Partially cloudy
601179;29743;57ab90ca498e7d61e13a6985;2017-12-10T03:20:00-05:00;-0.2;0.0;7.1;rain,snow;Partially cloudy
601773;29773;4b6b5abff964a520fb022ce3;2017-11-09T19:35:00-05:00;11.7;0.0;10.4;nan;Partially cloudy
601775;29773;4abe7f9ef964a520068e20e3;2017-11-11T15:11:00-05:00;3.1;0.0;9.0;nan;Partially cloudy
601775;29773;42daf100f964a52035261fe3;2017-11-11T16:34:00-05:00;2.0;0.0;7.5;nan;Partially cloudy
601775;29773;4c35de72452620a1ba5d270f;2017-11-11T16:43:00-05:00;2.0;0.0;7.5;nan;Partially cloudy
601775;29773;42893400f964a52054231fe3;2017-11-11T17:46:00-05:00;1.8;0.0;8.3;nan;Partially cloudy
601775;29773;4bddccbe6198c9b67bb911ff;2017-11-11T18:53:00-05:00;1.8;0.0;7.8;nan;Partially cloudy
603786;29853;4bd9d7af3f01c9b63c5b53a5;2017-10-05T12:58:00-04:00;26.8;0.0;12.9;nan;Partially cloudy
603786;29853;4b435e5ef964a52009df25e3;2017-10-05T13:20:00-04:00;26.8;0.0;12.9;nan;Partially cloudy
603788;29853;4bd9d7af3f01c9b63c5b53a5;2017-10-06T14:58:00-04:00;27.4;0.0;22.0;nan;Partially cloudy
603788;29853;57f4fb59498efaaab7345b34;2017-10-06T15:45:00-04:00;26.6;0.0;11.9;nan;Clear
603788;29853;4bc8e039fb84c9b6e6ef193e;2017-10-06T16:15:00-04:00;26.6;0.0;11.9;nan;Clear
603788;29853;51436b78e4b0abca5f213e79;2017-10-06T16:20:00-04:00;26.6;0.0;11.9;nan;Clear
603788;29853;59b94fdb2ebb346f98fabd4a;2017-10-06T21:02:00-04:00;22.3;0.0;2.1;nan;Partially cloudy
603788;29853;4b19debcf964a5207ce523e3;2017-10-06T22:10:00-04:00;22.3;0.0;3.3;nan;Partially cloudy
606079;29969;4b6b5abff964a520fb022ce3;2018-01-01T15:12:00-05:00;-7.5;0.0;14.6;nan;Clear
606079;29969;4eb90d85722e09311d356915;2018-01-01T15:29:00-05:00;-7.5;0.0;14.6;nan;Clear
606079;29969;509d636e5d2463e87154805d;2018-01-01T21:13:00-05:00;-8.3;0.0;11.6;nan;Clear
606081;29969;3fd66200f964a52070e91ee3;2018-01-07T15:36:00-05:00;-8.3;0.0;11.7;nan;Partially cloudy
610619;30217;4be167a4c1732d7f00e15b9a;2018-04-06T20:59:00-04:00;13.7;0.0;8.0;nan;Overcast
610619;30217;509fd01de4b070da0a9d3c24;2018-04-06T23:43:00-04:00;11.4;0.0;6.4;nan;Overcast
610621;30217;42daf100f964a52035261fe3;2018-04-08T16:02:00-04:00;6.8;0.0;22.4;nan;Partially cloudy
610621;30217;42893400f964a52054231fe3;2018-04-08T18:54:00-04:00;4.6;0.0;18.6;nan;Partially cloudy
610621;30217;4a44cd95f964a5208fa71fe3;2018-04-08T19:47:00-04:00;4.2;0.0;19.9;nan;Partially cloudy
610623;30217;4b40cf3df964a5206bbb25e3;2018-04-10T20:43:00-04:00;7.2;0.0;11.3;nan;Clear
610623;30217;54e771c8498e750b0dee9579;2018-04-10T21:17:00-04:00;7.2;0.0;11.3;nan;Clear
614785;30407;42daf100f964a52035261fe3;2018-02-09T19:17:00-05:00;1.8;0.0;16.9;nan;Partially cloudy
614785;30407;4b6b5abff964a520fb022ce3;2018-02-09T20:47:00-05:00;2.3;0.0;11.4;nan;Overcast
614785;30407;49ff62f9f964a52013701fe3;2018-02-09T22:36:00-05:00;3.6;0.0;9.8;nan;Partially cloudy
614785;30407;4a04ba93f964a52023721fe3;2018-02-09T23:47:00-05:00;3.6;0.0;8.3;nan;Partially cloudy
619099;30608;42893400f964a52054231fe3;2017-11-04T18:02:00-04:00;11.7;0.0;4.7;nan;Partially cloudy
619099;30608;48c9042af964a520e3511fe3;2017-11-04T19:04:00-04:00;11.4;0.0;9.0;nan;Partially cloudy
620301;30657;42893400f964a52054231fe3;2018-03-03T19:55:00-05:00;5.1;0.0;25.5;nan;Overcast
625713;30961;4165d880f964a5207e1d1fe3;2017-11-16T21:43:00-05:00;8.1;0.0;22.0;nan;Partially cloudy
625713;30961;4be30badf07b0f47b6eff643;2017-11-16T22:50:00-05:00;7.0;0.0;14.5;nan;Partially cloudy
625713;30961;45719c4bf964a520693e1fe3;2017-11-16T23:03:00-05:00;7.0;0.0;14.5;nan;Partially cloudy
625713;30961;5984eeb39be522744003dee5;2017-11-16T23:50:00-05:00;6.8;0.0;12.1;nan;Partially cloudy
649561;32022;4b3abe48f964a520b96d25e3;2018-01-22T17:28:00-05:00;6.0;0.0;14.1;nan;Overcast
649561;32022;559ecd00498e965ccd39ea9f;2018-01-22T18:17:00-05:00;5.4;0.0;13.2;nan;Overcast
654446;32249;57c43c98498e2696b402a527;2017-10-04T16:33:00-04:00;23.8;0.0;11.9;nan;Clear
654446;32249;5830afc58d8e99259a67e720;2017-10-04T19:38:00-04:00;22.0;0.0;13.2;nan;Clear
663214;32604;4b856573f964a520205b31e3;2017-10-07T21:02:00-04:00;22.4;0.0;18.9;nan;Clear
663224;32604;4eefd4506d86d722df8fd52e;2017-11-21T02:32:00-05:00;6.0;0.0;17.4;nan;Clear
663229;32604;41e46880f964a520d41e1fe3;2017-12-22T02:47:00-05:00;2.1;0.0;3.7;nan;Partially cloudy
663229;32604;4a4aaed7f964a52018ac1fe3;2017-12-22T03:32:00-05:00;2.2;0.0;11.6;nan;Overcast
663230;32604;4b481551f964a520d74726e3;2017-12-23T22:37:00-05:00;6.2;0.0;16.0;nan;Partially cloudy
663241;32604;4a4aaed7f964a52018ac1fe3;2018-03-31T03:16:00-04:00;5.7;0.0;14.3;nan;Overcast
663242;32604;561efe55498ef9d8b978c917;2018-04-11T23:54:00-04:00;8.0;0.0;7.0;nan;Overcast
663244;32604;5467ceec498e1b95c0575e73;2018-05-20T18:45:00-04:00;23.9;0.0;16.3;nan;Partially cloudy
663245;32604;55387c1b498e4eca6482f4f5;2018-05-21T22:08:00-04:00;18.4;0.0;5.3;nan;Partially cloudy
663246;32604;4ba0e528f964a5205c8537e3;2018-05-26T17:59:00-04:00;30.9;0.0;7.3;nan;Partially cloudy
663249;32604;4b856573f964a520205b31e3;2018-06-24T16:09:00-04:00;27.6;0.0;13.2;nan;Partially cloudy
663252;32604;42893400f964a52054231fe3;2018-07-21T17:01:00-04:00;23.3;0.0;17.5;nan;Partially cloudy
663254;32604;58191674ded8f8626ed70af0;2018-08-02T23:11:00-04:00;25.0;7.471;5.4;rain;Rain, Partially cloudy
663255;32604;42893400f964a52054231fe3;2018-08-12T16:18:00-04:00;27.6;0.0;11.8;nan;Partially cloudy
663264;32604;51278a09e4b0b624edbc914c;2018-09-28T23:32:00-04:00;16.2;0.0;2.1;nan;Partially cloudy
666388;32751;4165d880f964a5207e1d1fe3;2017-12-30T20:15:00-05:00;-5.6;0.0;19.2;snow;Clear
686141;33649;509fd01de4b070da0a9d3c24;2017-10-07T17:55:00-04:00;24.3;0.0;13.4;nan;Clear
686141;33649;4abe7f9ef964a520068e20e3;2017-10-07T18:26:00-04:00;24.3;0.0;13.4;nan;Clear
686141;33649;4b6b5abff964a520fb022ce3;2017-10-07T19:35:00-04:00;23.0;0.0;14.5;nan;Clear
686141;33649;515abd65e4b08eda86b30e6e;2017-10-07T19:40:00-04:00;23.0;0.0;14.5;nan;Clear
686141;33649;579c12cd498e6e815b3acf50;2017-10-07T19:45:00-04:00;23.0;0.0;14.5;nan;Clear
686141;33649;56e4a599498e0feda5f2f6e0;2017-10-07T20:14:00-04:00;23.0;0.0;14.5;nan;Clear
686334;33663;4b829e60f964a52007db30e3;2017-10-06T20:07:00-04:00;22.4;0.0;2.6;nan;Partially cloudy
686444;33670;5ad76d5425ecca1d544a8cfc;2018-09-27T17:05:00-04:00;20.8;0.0;11.0;nan;Partially cloudy
686444;33670;4bdaebaac79cc928863d80e9;2018-09-27T17:19:00-04:00;20.8;0.0;11.0;nan;Partially cloudy
687383;33713;42daf100f964a52035261fe3;2017-12-28T16:51:00-05:00;-8.1;0.0;19.3;nan;Clear
689148;33794;3fd66200f964a52067e61ee3;2018-04-29T17:12:00-04:00;12.4;0.0;18.4;nan;Overcast
689148;33794;40f5c900f964a520a30a1fe3;2018-04-30T00:47:00-04:00;9.1;0.0;17.6;nan;Partially cloudy
700390;34361;556cb8c6498e751e51fbcf41;2017-12-13T02:05:00-05:00;-3.7;0.0;22.0;nan;Partially cloudy
700394;34361;431e2d80f964a52079271fe3;2018-04-20T04:05:00-04:00;3.1;0.0;16.3;nan;Partially cloudy
711595;34922;4b38c437f964a520245025e3;2018-07-31T00:33:00-04:00;21.6;0.0;1.2;nan;Clear
719269;35306;4abe7f9ef964a520068e20e3;2018-07-04T17:16:00-04:00;28.3;0.0;6.1;nan;Partially cloudy
719270;35306;561b24e5498ec9037e2ed048;2018-07-05T17:14:00-04:00;30.0;0.0;13.1;nan;Clear
741389;36475;4b6b5abff964a520fb022ce3;2017-11-07T17:30:00-05:00;5.3;3.213;17.4;rain;Rain, Partially cloudy
744617;36622;4165d880f964a5207e1d1fe3;2017-10-06T12:07:00-04:00;24.9;0.0;9.6;nan;Clear
744617;36622;42893400f964a52054231fe3;2017-10-06T14:16:00-04:00;27.4;0.0;10.9;nan;Partially cloudy
744618;36622;4b6b5abff964a520fb022ce3;2017-10-07T13:29:00-04:00;25.9;0.0;11.2;nan;Partially cloudy
744618;36622;4abe7f9ef964a520068e20e3;2017-10-07T15:11:00-04:00;25.7;0.0;15.4;nan;Partially cloudy
744618;36622;515abd65e4b08eda86b30e6e;2017-10-07T15:14:00-04:00;25.7;0.0;15.4;nan;Partially cloudy
744618;36622;4a663f7cf964a52046c81fe3;2017-10-07T15:28:00-04:00;25.7;0.0;15.4;nan;Partially cloudy
744618;36622;4ab7a271f964a520477a20e3;2017-10-07T15:36:00-04:00;24.6;0.0;12.0;nan;Partially cloudy
744618;36622;431f7f00f964a52085271fe3;2017-10-07T15:39:00-04:00;24.6;0.0;12.0;nan;Partially cloudy
744618;36622;4de7987e1fc7fcfe04ac252b;2017-10-07T16:26:00-04:00;24.6;0.0;12.0;nan;Partially cloudy
744618;36622;4ae8906ef964a52071b021e3;2017-10-07T18:48:00-04:00;23.1;0.0;13.0;nan;Partially cloudy
750329;36923;3fd66200f964a52070e91ee3;2018-04-07T18:36:00-04:00;8.0;0.0;9.7;nan;Overcast
750329;36923;4c374bf80a71c9b6f2893ec9;2018-04-07T18:38:00-04:00;8.0;0.0;9.7;nan;Overcast
750330;36923;3fd66200f964a52044e91ee3;2018-04-08T17:12:00-04:00;5.9;0.0;30.7;nan;Partially cloudy
761025;37484;42893400f964a52054231fe3;2018-01-09T17:38:00-05:00;4.2;0.0;13.6;nan;Clear
761025;37484;3fd66200f964a520d5e31ee3;2018-01-09T20:40:00-05:00;2.7;0.0;5.4;nan;Clear
761025;37484;4abe7f9ef964a520068e20e3;2018-01-09T23:15:00-05:00;1.6;0.0;12.7;nan;Clear
774222;38124;5787b68e498efcabbebba4f8;2017-11-25T20:07:00-05:00;12.5;0.0;6.4;nan;Partially cloudy
777232;38283;562953bc498e2571787c9586;2017-12-24T21:04:00-05:00;3.8;0.0;17.8;nan;Overcast
777233;38283;4a01ee7bf964a52010711fe3;2017-12-25T20:42:00-05:00;-1.6;0.0;22.4;nan;Clear
777233;38283;515abd65e4b08eda86b30e6e;2017-12-25T22:55:00-05:00;-2.1;0.0;22.2;nan;Partially cloudy
802543;39607;518455a0498e0b8ab38ed574;2017-12-18T22:46:00-05:00;7.2;0.0;11.4;nan;Partially cloudy
802547;39607;526ac1b611d206c487db6d17;2018-01-09T19:26:00-05:00;3.7;0.0;20.5;nan;Clear
802553;39607;4ac3f3a5f964a520989d20e3;2018-03-10T09:29:00-05:00;1.6;0.0;18.1;nan;Clear
802563;39607;518455a0498e0b8ab38ed574;2018-05-17T21:37:00-04:00;20.4;0.0;6.7;nan;Partially cloudy
802563;39607;5939da3ff427de5f7ffab579;2018-05-17T22:54:00-04:00;19.8;0.0;0.9;nan;Partially cloudy
802567;39607;507f06e9e4b0d2368fcbada4;2018-06-20T18:07:00-04:00;25.8;0.0;6.1;nan;Partially cloudy
815433;40252;4a9ff5d9f964a520ba3d20e3;2017-10-22T12:25:00-04:00;22.9;0.0;2.9;nan;Partially cloudy
815433;40252;42893400f964a52054231fe3;2017-10-22T14:24:00-04:00;24.0;0.0;5.3;nan;Partially cloudy
817510;40385;4f53d65de4b0b589399898a1;2018-09-08T15:14:00-04:00;20.6;0.0;17.4;nan;Overcast
818435;40441;3fd66200f964a52070e91ee3;2018-09-08T15:59:00-04:00;19.3;0.0;20.7;nan;Partially cloudy
819054;40480;42daf100f964a52035261fe3;2017-12-03T21:21:00-05:00;7.1;0.0;6.9;nan;Partially cloudy
820546;40537;4abe7f9ef964a520068e20e3;2018-09-06T22:26:00-04:00;24.2;0.0;6.4;nan;Partially cloudy
820547;40537;4c35de72452620a1ba5d270f;2018-09-07T20:51:00-04:00;21.9;0.0;11.8;nan;Overcast
820548;40537;593ff60bdd12f81d39923b41;2018-09-08T15:30:00-04:00;20.6;0.0;17.4;nan;Overcast
820548;40537;4bc24023461576b056237d32;2018-09-08T16:03:00-04:00;19.3;0.0;20.7;nan;Partially cloudy
820548;40537;4b6b5abff964a520fb022ce3;2018-09-08T17:08:00-04:00;19.2;0.0;17.4;nan;Overcast
827688;40889;55103583498eed2d409b549a;2018-04-07T20:47:00-04:00;6.3;0.0;12.6;nan;Overcast
832224;41169;56439a7538fa2ce64d09447e;2018-07-01T20:41:00-04:00;31.6;0.0;11.4;nan;Clear
832224;41169;5132b65ae4b02e8709f981dd;2018-07-02T00:16:00-04:00;30.7;0.0;7.3;nan;Clear
851971;42257;57a240f1cd10ed172db51626;2018-02-28T16:40:00-05:00;15.4;0.0;12.1;nan;Partially cloudy
851971;42257;4b6b5abff964a520fb022ce3;2018-02-28T17:20:00-05:00;15.4;0.0;12.1;nan;Partially cloudy
863250;42854;53a5f4f0498e1d1f0be9ad8e;2018-02-02T18:02:00-05:00;-4.9;0.0;43.5;nan;Partially cloudy
888018;44168;4b466b09f964a520452026e3;2018-02-12T15:13:00-05:00;6.9;0.0;17.0;nan;Partially cloudy
888018;44168;4c2ba1f857a9c9b67138f667;2018-02-12T17:28:00-05:00;6.8;0.0;17.5;nan;Partially cloudy
888018;44168;540d97b5498e05abd30fd5ca;2018-02-12T19:17:00-05:00;5.0;0.0;16.7;nan;Partially cloudy
888018;44168;5787b68e498efcabbebba4f8;2018-02-12T19:30:00-05:00;5.0;0.0;16.7;nan;Partially cloudy
904148;45024;561b24e5498ec9037e2ed048;2017-11-12T19:53:00-05:00;6.3;0.0;2.6;nan;Partially cloudy
904149;45024;51c9efcf498e1832e3fc52ac;2017-11-14T20:38:00-05:00;5.5;0.0;12.7;nan;Partially cloudy
941938;46939;4cc0aa4522ce4688e6c63847;2017-11-24T18:16:00-05:00;8.3;0.0;7.3;nan;Clear
950024;47337;3fd66200f964a52067e61ee3;2017-10-21T20:25:00-04:00;19.2;0.0;4.4;nan;Partially cloudy
950025;47337;4b3bde92f964a520137d25e3;2017-10-22T15:29:00-04:00;23.7;0.0;10.3;nan;Partially cloudy
952521;47451;4a942a25f964a520972020e3;2018-05-19T15:49:00-04:00;12.9;0.067;8.7;rain;Rain, Overcast
952521;47451;4ad29877f964a52054e220e3;2018-05-19T16:44:00-04:00;13.4;0.0;11.0;nan;Overcast
952521;47451;581d5bab77259217e0539e59;2018-05-19T17:08:00-04:00;13.4;0.0;11.0;nan;Overcast
952641;47457;4bf30b89706e20a196c7a798;2018-05-10T19:35:00-04:00;17.3;0.0;10.7;nan;Partially cloudy
952641;47457;4ad78220f964a520960b21e3;2018-05-10T20:12:00-04:00;17.3;0.0;10.7;nan;Partially cloudy
952641;47457;4aea2b78f964a520edb921e3;2018-05-10T21:33:00-04:00;17.0;3.965;0.9;rain;Rain, Overcast
966770;48197;55148c66498e987ed9d8e394;2018-03-28T14:13:00-04:00;9.0;0.0;8.8;nan;Overcast
967585;48230;4bc24023461576b056237d32;2017-10-24T15:30:00-04:00;21.1;0.957;21.0;rain;Rain, Overcast
967588;48230;3fd66200f964a520d5e31ee3;2017-11-12T19:33:00-05:00;6.3;0.0;2.6;nan;Partially cloudy
971561;48442;4aa659fbf964a520c24920e3;2018-10-13T15:53:00-04:00;13.2;0.0;21.7;nan;Overcast
971561;48442;4d0ba09d46bab60cbbca2890;2018-10-13T16:43:00-04:00;13.3;0.0;17.6;nan;Partially cloudy
977675;48697;59b4898de1f0aa6d9ec6d507;2018-06-14T21:49:00-04:00;24.6;0.0;11.7;nan;Partially cloudy
977680;48697;4d6d3bce125eb60c985e324e;2018-06-28T17:57:00-04:00;25.2;9.839;11.8;rain;Rain, Partially cloudy
977689;48697;49b87b8cf964a52044531fe3;2018-08-09T23:44:00-04:00;26.0;0.0;9.2;nan;Clear
988609;49264;4165d880f964a5207e1d1fe3;2018-06-27T17:46:00-04:00;22.1;0.0;13.0;nan;Overcast
990828;49379;4bc1e64b4cdfc9b6892b9521;2017-10-04T10:18:00-04:00;17.3;0.0;17.6;nan;Clear
990830;49379;4b313629f964a520bf0225e3;2017-10-22T11:47:00-04:00;22.9;0.0;2.9;nan;Partially cloudy
990830;49379;4a3d3941f964a520f9a11fe3;2017-10-22T15:52:00-04:00;22.8;0.0;10.2;nan;Partially cloudy
990831;49379;4bc1e64b4cdfc9b6892b9521;2017-10-27T00:11:00-04:00;10.1;0.0;13.1;nan;Clear
990831;49379;570fbfc9498ea5237477d63d;2017-10-28T01:34:00-04:00;13.0;0.0;4.0;nan;Clear
990832;49379;4bc1e64b4cdfc9b6892b9521;2017-10-28T13:18:00-04:00;20.2;0.0;14.1;nan;Partially cloudy
990833;49379;4bc1e64b4cdfc9b6892b9521;2017-10-29T13:28:00-04:00;16.9;4.357;12.1;rain;Rain, Overcast
990834;49379;4b313629f964a520bf0225e3;2017-10-31T17:12:00-04:00;13.2;0.0;11.8;nan;Clear
990834;49379;4bc1e64b4cdfc9b6892b9521;2017-10-31T21:04:00-04:00;10.1;0.0;16.3;nan;Clear
990834;49379;570fbfc9498ea5237477d63d;2017-11-11T22:35:00-05:00;1.0;0.0;2.4;nan;Partially cloudy
990835;49379;42474900f964a52080201fe3;2017-11-14T19:03:00-05:00;6.3;0.0;9.3;nan;Partially cloudy
990835;49379;4bc1e64b4cdfc9b6892b9521;2017-11-15T00:14:00-05:00;4.9;0.0;12.5;nan;Overcast
990836;49379;4b313629f964a520bf0225e3;2017-11-21T08:56:00-05:00;8.5;0.0;24.7;nan;Clear
990837;49379;4bc1e64b4cdfc9b6892b9521;2017-11-22T02:56:00-05:00;11.4;0.0;2.1;nan;Partially cloudy
990838;49379;4bc1e64b4cdfc9b6892b9521;2017-11-25T13:42:00-05:00;13.3;0.0;5.1;nan;Clear
990839;49379;4bc1e64b4cdfc9b6892b9521;2017-11-26T22:21:00-05:00;4.7;0.0;17.4;nan;Clear
990840;49379;4b313629f964a520bf0225e3;2017-12-02T16:11:00-05:00;8.4;0.0;3.4;nan;Partially cloudy
990840;49379;4bc1e64b4cdfc9b6892b9521;2017-12-02T23:34:00-05:00;6.5;0.0;0.0;nan;Partially cloudy
990840;49379;4bedbb23e24d20a116e77114;2017-12-05T11:47:00-05:00;14.6;0.0;15.6;nan;Partially cloudy
990841;49379;4bc1e64b4cdfc9b6892b9521;2017-12-06T10:21:00-05:00;5.1;0.0;24.0;nan;Partially cloudy
990841;49379;4bedbb23e24d20a116e77114;2017-12-06T12:00:00-05:00;5.1;0.0;21.3;nan;Partially cloudy
990843;49379;4bc1e64b4cdfc9b6892b9521;2017-12-10T13:49:00-05:00;3.7;0.0;13.5;nan;Partially cloudy
990843;49379;56c7640ccd104ef5361e0728;2017-12-10T20:11:00-05:00;2.3;0.0;10.9;nan;Partially cloudy
990843;49379;4eb67666f5b94bd85c3eb8e2;2017-12-11T00:02:00-05:00;2.2;0.0;12.5;nan;Overcast
990844;49379;4bedbb23e24d20a116e77114;2017-12-11T11:55:00-05:00;4.0;0.0;10.7;nan;Clear
990844;49379;4bc1e64b4cdfc9b6892b9521;2017-12-11T12:52:00-05:00;4.7;0.0;9.9;nan;Clear
990845;49379;4bc1e64b4cdfc9b6892b9521;2017-12-23T23:26:00-05:00;6.2;0.0;16.0;nan;Partially cloudy
990846;49379;570fbfc9498ea5237477d63d;2017-12-24T23:39:00-05:00;2.5;0.067;18.1;rain;Rain, Overcast
990846;49379;4b313629f964a520bf0225e3;2017-12-25T03:15:00-05:00;3.1;0.685;18.3;rain;Rain, Overcast
990846;49379;4bc1e64b4cdfc9b6892b9521;2017-12-25T11:02:00-05:00;2.5;0.0;31.0;nan;Partially cloudy
990847;49379;4bc1e64b4cdfc9b6892b9521;2017-12-27T01:39:00-05:00;-6.0;0.0;8.5;nan;Partially cloudy
990848;49379;570fbfc9498ea5237477d63d;2017-12-29T22:10:00-05:00;-7.7;0.0;13.4;nan;Clear
990851;49379;4bc1e64b4cdfc9b6892b9521;2018-01-06T19:29:00-05:00;-12.0;0.0;21.3;nan;Clear
990852;49379;4bc1e64b4cdfc9b6892b9521;2018-01-08T10:25:00-05:00;-5.1;0.0;13.3;nan;Partially cloudy
990852;49379;4bffd231369476b01d568e1f;2018-01-08T14:27:00-05:00;-2.1;0.0;13.2;nan;Overcast
990854;49379;4bc1e64b4cdfc9b6892b9521;2018-01-20T11:09:00-05:00;8.7;0.0;21.9;nan;Partially cloudy
990854;49379;54242f3a498e53a21ee14b81;2018-01-20T15:47:00-05:00;9.6;0.0;31.7;nan;Partially cloudy
990856;49379;4bc1e64b4cdfc9b6892b9521;2018-01-27T12:35:00-05:00;11.5;0.0;17.1;nan;Partially cloudy
990856;49379;4eb67666f5b94bd85c3eb8e2;2018-01-27T14:59:00-05:00;12.5;0.0;14.6;nan;Partially cloudy
990857;49379;4bc1e64b4cdfc9b6892b9521;2018-02-09T00:59:00-05:00;-2.9;0.0;14.3;nan;Clear
990858;49379;570fbfc9498ea5237477d63d;2018-02-10T03:31:00-05:00;4.7;0.0;5.4;nan;Overcast
990859;49379;4b313629f964a520bf0225e3;2018-02-10T14:24:00-05:00;7.8;0.884;3.0;rain;Rain, Overcast
990859;49379;4adcf23cf964a520cc6221e3;2018-02-10T18:53:00-05:00;7.1;1.039;4.2;rain;Rain, Overcast
990861;49379;4eb90d85722e09311d356915;2018-02-17T16:23:00-05:00;2.5;0.0;12.5;rain;Overcast
990861;49379;4bc1e64b4cdfc9b6892b9521;2018-02-17T23:35:00-05:00;0.6;1.224;7.0;rain,snow;Snow, Rain, Overcast
990862;49379;57f4fb59498efaaab7345b34;2018-02-19T14:10:00-05:00;8.5;0.0;10.9;nan;Overcast
990862;49379;49bc3b0af964a52020541fe3;2018-02-19T14:43:00-05:00;8.8;0.0;7.1;nan;Overcast
990862;49379;4bc1e64b4cdfc9b6892b9521;2018-02-19T16:08:00-05:00;9.3;0.0;7.0;nan;Overcast
990862;49379;4276bf00f964a52091211fe3;2018-02-19T20:10:00-05:00;8.7;0.312;1.7;rain;Rain, Overcast
990863;49379;4b313629f964a520bf0225e3;2018-02-22T14:36:00-05:00;4.6;0.316;13.5;rain;Rain, Overcast
990864;49379;4bc1e64b4cdfc9b6892b9521;2018-02-25T21:30:00-05:00;6.3;0.0;6.0;nan;Overcast
990865;49379;4bc1e64b4cdfc9b6892b9521;2018-03-02T01:23:00-05:00;6.3;3.241;20.9;rain;Rain, Overcast
990866;49379;4bedbb23e24d20a116e77114;2018-03-04T12:50:00-05:00;5.9;0.0;17.9;nan;Overcast
990867;49379;4b313629f964a520bf0225e3;2018-03-11T11:41:00-04:00;3.9;0.0;13.4;nan;Clear
990869;49379;5a8c09675ba046336755ead4;2018-03-24T13:28:00-04:00;8.6;0.0;15.7;nan;Clear
990869;49379;4b313629f964a520bf0225e3;2018-03-24T15:31:00-04:00;9.7;0.0;13.6;nan;Clear
990870;49379;4bc1e64b4cdfc9b6892b9521;2018-03-26T09:00:00-04:00;3.8;0.0;16.4;nan;Clear
990870;49379;5a8c09675ba046336755ead4;2018-03-26T09:40:00-04:00;4.9;0.0;21.1;nan;Clear
990871;49379;4bc1e64b4cdfc9b6892b9521;2018-03-29T09:00:00-04:00;9.2;0.048;5.8;rain;Rain, Overcast
990872;49379;4bc1e64b4cdfc9b6892b9521;2018-03-30T13:59:00-04:00;13.8;0.0;13.5;nan;Partially cloudy
990873;49379;597a11ccb2958f056b27c60d;2018-03-31T11:33:00-04:00;10.5;0.0;0.0;nan;Clear
990873;49379;4b1c5a2ff964a520720624e3;2018-03-31T15:41:00-04:00;12.7;0.0;22.3;nan;Clear
990873;49379;570fbfc9498ea5237477d63d;2018-03-31T21:13:00-04:00;9.1;0.0;15.7;nan;Clear
990873;49379;4a7a7c4ef964a5205ee91fe3;2018-04-01T03:25:00-04:00;7.7;0.0;10.0;nan;Overcast
990874;49379;4bedbb23e24d20a116e77114;2018-04-05T10:58:00-04:00;3.7;0.0;19.3;nan;Partially cloudy
990874;49379;4bc1e64b4cdfc9b6892b9521;2018-04-05T13:18:00-04:00;5.8;0.0;27.3;nan;Partially cloudy
990874;49379;5012af2fe4b07c3cf2288456;2018-04-05T15:54:00-04:00;7.3;0.0;32.7;nan;Partially cloudy
990875;49379;597a11ccb2958f056b27c60d;2018-04-06T09:01:00-04:00;3.4;0.624;12.8;rain;Rain, Overcast
990875;49379;4bedbb23e24d20a116e77114;2018-04-06T10:25:00-04:00;3.5;1.505;6.2;rain;Rain, Overcast
990876;49379;597a11ccb2958f056b27c60d;2018-04-07T12:49:00-04:00;5.4;0.0;16.0;nan;Overcast
990877;49379;4a6fa0abf964a520a4d61fe3;2018-04-08T17:54:00-04:00;5.0;0.0;16.6;nan;Partially cloudy
990877;49379;57f4fb59498efaaab7345b34;2018-04-08T18:35:00-04:00;4.6;0.0;18.6;nan;Partially cloudy
990878;49379;4bedbb23e24d20a116e77114;2018-04-13T23:13:00-04:00;20.9;0.0;10.9;nan;Partially cloudy
990878;49379;4bc1e64b4cdfc9b6892b9521;2018-04-13T23:56:00-04:00;20.1;0.0;10.9;nan;Clear
990880;49379;5a8c09675ba046336755ead4;2018-04-16T23:54:00-04:00;8.4;0.0;19.5;nan;Overcast
990881;49379;4bc1e64b4cdfc9b6892b9521;2018-04-18T23:28:00-04:00;9.6;0.0;1.9;nan;Partially cloudy
990882;49379;4b313629f964a520bf0225e3;2018-04-19T09:28:00-04:00;6.6;0.0;17.3;nan;Overcast
990882;49379;5a8c09675ba046336755ead4;2018-04-19T09:52:00-04:00;6.7;0.0;11.7;nan;Overcast
990883;49379;522664d311d2cee66613afbc;2018-04-20T16:17:00-04:00;9.9;0.0;21.2;nan;Clear
990883;49379;4bf684b4004ed13a4d8c42a0;2018-04-20T22:14:00-04:00;6.4;0.0;17.8;nan;Clear
990884;49379;5a8c09675ba046336755ead4;2018-04-21T11:50:00-04:00;12.4;0.0;15.3;nan;Partially cloudy
990884;49379;4bc1e64b4cdfc9b6892b9521;2018-04-21T15:35:00-04:00;16.4;0.0;16.7;nan;Partially cloudy
990885;49379;4bc1e64b4cdfc9b6892b9521;2018-04-22T16:30:00-04:00;18.5;0.0;14.1;nan;Clear
990885;49379;51e7f1c4498e520f7778458f;2018-04-22T19:02:00-04:00;13.8;0.0;15.2;nan;Clear
990886;49379;4b313629f964a520bf0225e3;2018-04-24T22:15:00-04:00;13.4;0.0;12.8;nan;Overcast
990886;49379;5878d46d52a05106f220729c;2018-04-28T13:28:00-04:00;18.1;0.0;12.5;nan;Partially cloudy
990887;49379;5185522b498e5a4904ae23a3;2018-04-30T22:39:00-04:00;9.6;0.0;7.6;nan;Overcast
990887;49379;5200025d498e26189aa3d546;2018-04-30T23:14:00-04:00;9.6;0.0;7.6;nan;Overcast
990888;49379;4bedbb23e24d20a116e77114;2018-05-01T10:59:00-04:00;19.3;0.0;11.6;nan;Clear
990889;49379;4bedbb23e24d20a116e77114;2018-05-02T23:04:00-04:00;26.7;0.0;21.6;nan;Partially cloudy
990891;49379;4b1c5a2ff964a520720624e3;2018-05-06T13:41:00-04:00;17.3;0.0;13.9;nan;Overcast
990891;49379;58c2e736bf1a6d6b31fa57fa;2018-05-06T16:28:00-04:00;17.7;0.0;17.7;nan;Overcast
990892;49379;4bc1e64b4cdfc9b6892b9521;2018-05-08T09:47:00-04:00;17.6;0.0;3.4;nan;Clear
990892;49379;4c6c32b0e13db60c0265d5b1;2018-05-09T00:06:00-04:00;14.0;0.0;2.1;nan;Clear
990893;49379;4bc1e64b4cdfc9b6892b9521;2018-05-17T11:23:00-04:00;16.0;0.0;3.8;nan;Overcast
990893;49379;584067e6b50d521817d726a1;2018-05-17T16:44:00-04:00;21.6;0.0;6.3;nan;Partially cloudy
990894;49379;597a11ccb2958f056b27c60d;2018-05-18T09:32:00-04:00;17.0;0.0;18.4;nan;Partially cloudy
990894;49379;4a4baaf8f964a52091ac1fe3;2018-05-18T11:13:00-04:00;17.1;0.0;19.2;nan;Partially cloudy
990905;49379;4bc1e64b4cdfc9b6892b9521;2018-06-16T14:32:00-04:00;28.4;0.0;12.9;nan;Clear
990909;49379;43334580f964a52013281fe3;2018-06-26T23:31:00-04:00;20.1;0.0;5.6;nan;Clear
990909;49379;4bc1e64b4cdfc9b6892b9521;2018-06-26T23:34:00-04:00;20.1;0.0;5.6;nan;Clear
990921;49379;522664d311d2cee66613afbc;2018-07-13T16:40:00-04:00;27.6;0.0;11.3;nan;Clear
990921;49379;4bc1e64b4cdfc9b6892b9521;2018-07-13T18:48:00-04:00;26.4;0.0;8.3;nan;Clear
990927;49379;4a87502bf964a520d30320e3;2018-07-29T19:49:00-04:00;26.9;0.0;9.1;nan;Overcast
990936;49379;570fbfc9498ea5237477d63d;2018-08-18T18:56:00-04:00;24.7;0.16;13.9;rain;Rain, Partially cloudy
990938;49379;4bc1e64b4cdfc9b6892b9521;2018-08-25T23:28:00-04:00;22.0;0.0;4.8;nan;Partially cloudy
990939;49379;4b3d4ee9f964a520189225e3;2018-08-30T11:49:00-04:00;30.3;0.0;24.1;nan;Partially cloudy
990940;49379;5940340af0b490474fee35c7;2018-08-31T16:00:00-04:00;23.2;0.0;9.8;nan;Overcast
990942;49379;57b77dd8498e2dc8c17f94c2;2018-09-02T18:25:00-04:00;26.0;0.0;14.5;nan;Partially cloudy
990946;49379;5237264111d27e8e90c10357;2018-09-08T21:45:00-04:00;17.1;0.0;10.7;nan;Overcast
990954;49379;4bc1e64b4cdfc9b6892b9521;2018-09-29T19:56:00-04:00;19.2;0.0;9.5;nan;Partially cloudy
992369;49458;4aa82d21f964a520d94f20e3;2018-06-01T10:23:00-04:00;20.1;0.0;1.2;nan;Overcast
992374;49458;4aa82d21f964a520d94f20e3;2018-08-28T10:25:00-04:00;29.7;0.0;8.1;nan;Clear
992374;49458;51cde558011c221bf79219a0;2018-08-28T16:15:00-04:00;34.3;0.0;24.1;nan;Partially cloudy
1000189;49878;4a6fa0abf964a520a4d61fe3;2018-05-17T19:05:00-04:00;21.6;0.0;3.3;nan;Partially cloudy
1010115;50389;57755749498ea36b4bc9a775;2017-10-06T02:22:00-04:00;21.5;0.0;7.8;nan;Partially cloudy
1010116;50389;591a10bb0313205133bb1bc6;2017-10-07T16:13:00-04:00;24.6;0.0;12.0;nan;Partially cloudy
1010246;50402;3fd66200f964a520ece31ee3;2017-12-31T19:47:00-05:00;-11.0;0.0;20.0;nan;Clear
1029837;51329;48c91543f964a520e4511fe3;2018-02-07T03:05:00-05:00;-0.9;0.0;16.7;nan;Partially cloudy
1034208;51567;515abd65e4b08eda86b30e6e;2018-03-25T16:47:00-04:00;6.9;0.0;20.0;nan;Overcast
1036487;51668;3fd66200f964a52037e31ee3;2018-09-23T02:25:00-04:00;16.7;0.0;9.9;nan;Partially cloudy
1037937;51751;5a71f5dafdb9a7499731c928;2018-06-02T19:10:00-04:00;27.5;0.0;23.0;nan;Partially cloudy
1041218;51923;4a0b5a0df964a520ed741fe3;2018-03-15T19:11:00-04:00;5.9;0.0;15.3;nan;Partially cloudy
1061210;53016;4c35de72452620a1ba5d270f;2017-11-16T22:18:00-05:00;8.1;0.0;22.0;nan;Partially cloudy
1065031;53179;4abe7f9ef964a520068e20e3;2018-06-13T17:46:00-04:00;24.3;0.0;11.1;nan;Overcast
1065031;53179;3fd66200f964a520e6e81ee3;2018-06-13T23:31:00-04:00;24.5;0.0;16.5;nan;Partially cloudy
1070496;53473;5484890c498e985cf4e3c076;2017-10-23T16:23:00-04:00;22.1;0.0;17.6;nan;Partially cloudy
1073973;53653;4a561d04f964a52077b41fe3;2017-11-10T17:14:00-05:00;-0.1;0.0;25.6;nan;Clear
1074960;53713;5375bbc2498ef21992293384;2018-06-10T20:50:00-04:00;17.1;0.0;3.0;nan;Overcast
1074960;53713;4a0c627df964a52028751fe3;2018-06-11T00:09:00-04:00;16.3;0.0;3.0;nan;Overcast
1075468;53752;4c35de72452620a1ba5d270f;2018-01-03T18:39:00-05:00;-2.7;0.0;8.0;snow;Partially cloudy
1075468;53752;42893400f964a52054231fe3;2018-01-03T20:20:00-05:00;-2.2;0.0;2.6;snow;Partially cloudy
1079459;53969;49f75667f964a5208b6c1fe3;2017-10-14T14:19:00-04:00;21.6;0.0;7.6;nan;Overcast
1079462;53969;4eb13d68e5e8c0f5bd2fd983;2017-10-21T12:13:00-04:00;22.6;0.0;5.9;nan;Clear
1079463;53969;56d8c0f8498edb854f926e6a;2017-10-21T23:02:00-04:00;18.6;0.0;9.4;nan;Partially cloudy
1079463;53969;4bbb9dbded7776b0e1ad3e51;2017-10-21T23:55:00-04:00;17.7;0.0;6.9;nan;Partially cloudy
1079464;53969;4b6b5abff964a520fb022ce3;2017-10-22T13:24:00-04:00;23.8;0.0;14.3;nan;Partially cloudy
1079464;53969;55b7dd92498e88a1ea18d3f8;2017-10-22T16:06:00-04:00;22.8;0.0;10.2;nan;Partially cloudy
1079464;53969;515abd65e4b08eda86b30e6e;2017-10-22T18:52:00-04:00;18.7;0.0;7.3;nan;Partially cloudy
1079464;53969;566ccc9e498e30e477702118;2017-10-22T22:48:00-04:00;17.4;0.0;5.9;nan;Partially cloudy
1079474;53969;50c28307e4b0c5b6f33ec0e1;2017-11-11T00:26:00-05:00;-3.6;0.0;15.4;nan;Clear
1079474;53969;52375dee11d23f06740c8f3e;2017-11-11T01:27:00-05:00;-3.5;0.0;13.5;nan;Clear
1079474;53969;3fd66200f964a52021ea1ee3;2017-11-11T04:34:00-05:00;-3.9;0.0;11.4;nan;Clear
1079476;53969;42e82000f964a52083261fe3;2017-11-12T22:55:00-05:00;6.2;0.0;2.9;nan;Partially cloudy
1079476;53969;53756391498ef3c8e7f43ecb;2017-11-12T23:34:00-05:00;6.2;0.0;6.3;nan;Partially cloudy
1079477;53969;4a87502bf964a520d30320e3;2017-11-15T01:04:00-05:00;4.5;0.0;8.5;nan;Overcast
1079482;53969;4a6e331af964a52031d41fe3;2017-11-18T15:07:00-05:00;10.4;0.028;11.9;rain;Rain, Partially cloudy
1079482;53969;3fd66200f964a52083e61ee3;2017-11-18T16:49:00-05:00;9.3;0.682;1.7;rain;Rain, Partially cloudy
1079482;53969;5748d802498eccc4228c7fd1;2017-11-18T19:12:00-05:00;9.3;0.825;8.7;rain;Rain, Partially cloudy
1079491;53969;431e2d80f964a52079271fe3;2017-12-01T00:19:00-05:00;10.0;0.653;7.5;rain;Rain, Partially cloudy
1079499;53969;59d828f0916bc1155fde2c04;2017-12-19T00:19:00-05:00;7.3;0.0;10.6;nan;Partially cloudy
1079506;53969;5a382327dee7707dd4842ab8;2018-01-06T18:41:00-05:00;-12.0;0.0;21.3;nan;Clear
1079509;53969;5732631f498e7f716eb79f11;2018-01-12T00:35:00-05:00;7.8;0.0;6.6;nan;Overcast
1079510;53969;4ea0afbf9adf1e334e4cc0e6;2018-01-13T19:55:00-05:00;-4.9;0.0;22.1;nan;Clear
1079510;53969;5202a6b2498eff2667698c71;2018-01-13T19:57:00-05:00;-4.9;0.0;22.1;nan;Clear
1079536;53969;3fd66200f964a520d5e31ee3;2018-03-03T14:55:00-05:00;8.9;0.0;21.3;nan;Partially cloudy
1079559;53969;566c9c87498ef09a2940e605;2018-04-07T14:13:00-04:00;6.2;0.0;17.0;nan;Partially cloudy
1079560;53969;43a69d3ef964a5205d2c1fe3;2018-04-09T22:03:00-04:00;6.1;0.0;13.7;nan;Overcast
1079570;53969;572f6261498e9106df36da54;2018-05-01T22:17:00-04:00;23.0;0.0;15.2;nan;Clear
1079570;53969;548bafcf498e0c4238d87fe8;2018-05-01T23:05:00-04:00;22.3;0.0;15.0;nan;Clear
1079582;53969;4b1d21b3f964a520230c24e3;2018-05-26T14:24:00-04:00;32.0;0.0;6.7;nan;Partially cloudy
1079583;53969;4b1d21b3f964a520230c24e3;2018-05-27T20:59:00-04:00;14.5;0.0;18.1;nan;Overcast
1079592;53969;4b6b5abff964a520fb022ce3;2018-06-16T13:45:00-04:00;28.0;0.0;2.9;nan;Clear
1079592;53969;515abd65e4b08eda86b30e6e;2018-06-16T14:00:00-04:00;28.0;0.0;2.9;nan;Clear
1079592;53969;4e4190fafa762ad6d846f883;2018-06-16T16:06:00-04:00;28.7;0.0;7.2;nan;Clear
1079601;53969;590cdab82079555d29bdcac3;2018-07-11T22:54:00-04:00;23.6;0.0;2.9;nan;Overcast
1079610;53969;4b1d21b3f964a520230c24e3;2018-07-28T16:17:00-04:00;29.2;0.0;11.3;nan;Partially cloudy
1079610;53969;5a04f7ee065ef54fbd6ea4da;2018-07-28T16:58:00-04:00;29.5;0.0;6.2;nan;Partially cloudy
1079616;53969;4b1d21b3f964a520230c24e3;2018-08-11T19:02:00-04:00;23.5;1.231;4.1;rain;Rain, Overcast
1080877;54036;53ecfe56498e8ee1b1cabc2a;2017-11-11T17:48:00-05:00;1.8;0.0;8.3;nan;Partially cloudy
1080877;54036;571fc242498ead274d034e90;2017-11-11T19:06:00-05:00;1.8;0.0;7.8;nan;Partially cloudy
1080882;54036;57ab90ca498e7d61e13a6985;2017-12-11T01:51:00-05:00;1.9;0.0;15.9;nan;Overcast
1083276;54145;4555bea7f964a520253d1fe3;2017-10-07T16:35:00-04:00;24.8;0.0;12.8;nan;Partially cloudy
1083276;54145;46936ee3f964a520d0481fe3;2017-10-07T17:36:00-04:00;24.3;0.0;13.4;nan;Clear
1083276;54145;4e3c89c8aeb73139a16d84ee;2017-10-07T17:50:00-04:00;24.3;0.0;13.4;nan;Clear
1083380;54145;4555bea7f964a520253d1fe3;2018-04-07T20:58:00-04:00;6.3;0.0;12.6;nan;Overcast
1083395;54145;5ab51b6aa4b51b3dc096ed68;2018-05-05T16:40:00-04:00;21.9;0.0;14.5;nan;Partially cloudy
1083395;54145;4eb90d85722e09311d356915;2018-05-05T17:29:00-04:00;21.9;0.0;14.5;nan;Partially cloudy
1083395;54145;4b4a5eb9f964a5209a8526e3;2018-05-05T18:43:00-04:00;21.1;0.0;9.9;nan;Partially cloudy
1083395;54145;4e3c89c8aeb73139a16d84ee;2018-05-05T20:03:00-04:00;20.4;0.0;5.8;nan;Partially cloudy
1094408;54773;4edd43af7bebc29455367992;2017-10-05T10:05:00-04:00;20.9;0.0;11.7;nan;Clear
1094408;54773;4eb90d85722e09311d356915;2017-10-05T10:23:00-04:00;20.9;0.0;11.7;nan;Clear
1094409;54773;4eb90d85722e09311d356915;2017-10-10T09:59:00-04:00;21.7;0.0;8.2;nan;Clear
1094410;54773;57c06f2e498e1de2b349c99e;2017-10-11T09:59:00-04:00;21.0;0.0;12.5;nan;Partially cloudy
1094410;54773;4eb90d85722e09311d356915;2017-10-11T10:04:00-04:00;21.0;0.0;12.5;nan;Partially cloudy
1094412;54773;4eb90d85722e09311d356915;2017-10-16T10:04:00-04:00;13.5;0.0;25.2;nan;Clear
1094413;54773;4b7d5105f964a520dbb72fe3;2017-10-17T09:54:00-04:00;8.7;0.0;11.3;nan;Clear
1094413;54773;4eb90d85722e09311d356915;2017-10-17T09:58:00-04:00;8.7;0.0;11.3;nan;Clear
1094415;54773;57c06f2e498e1de2b349c99e;2017-10-25T09:49:00-04:00;15.3;0.0;4.3;nan;Partially cloudy
1094415;54773;57b87e21498edaf1049be9f5;2017-10-25T18:46:00-04:00;17.4;0.0;1.8;nan;Partially cloudy
1094418;54773;4b0c402af964a520c33923e3;2017-11-01T09:55:00-04:00;10.3;0.0;10.6;nan;Overcast
1094418;54773;4eb90d85722e09311d356915;2017-11-01T10:12:00-04:00;10.3;0.0;10.6;nan;Overcast
1094420;54773;4b0c402af964a520c33923e3;2017-11-06T11:00:00-05:00;17.9;0.0;13.0;nan;Partially cloudy
1094420;54773;4eb90d85722e09311d356915;2017-11-06T11:02:00-05:00;17.9;0.0;13.0;nan;Partially cloudy
1094422;54773;4eb90d85722e09311d356915;2017-11-09T11:08:00-05:00;10.2;0.0;4.8;nan;Partially cloudy
1094425;54773;57c06f2e498e1de2b349c99e;2017-11-13T11:26:00-05:00;5.8;0.332;10.9;rain;Rain, Partially cloudy
1094426;54773;57c06f2e498e1de2b349c99e;2017-11-15T10:48:00-05:00;7.2;0.0;11.6;nan;Partially cloudy
1094426;54773;4eb90d85722e09311d356915;2017-11-15T10:53:00-05:00;7.2;0.0;11.6;nan;Partially cloudy
1094428;54773;4b7d5105f964a520dbb72fe3;2017-11-20T10:46:00-05:00;5.9;0.0;17.8;nan;Partially cloudy
1094429;54773;4edd43af7bebc29455367992;2017-11-21T10:49:00-05:00;11.9;0.0;17.5;nan;Partially cloudy
1094429;54773;4eb90d85722e09311d356915;2017-11-21T10:51:00-05:00;11.9;0.0;17.5;nan;Partially cloudy
1094430;54773;4b7d5105f964a520dbb72fe3;2017-11-22T11:01:00-05:00;10.4;0.0;8.8;nan;Overcast
1094432;54773;4b7d5105f964a520dbb72fe3;2017-11-27T10:59:00-05:00;8.7;0.0;19.3;nan;Partially cloudy
1094432;54773;57c06f2e498e1de2b349c99e;2017-11-27T11:02:00-05:00;8.7;0.0;19.3;nan;Partially cloudy
1094432;54773;4eb90d85722e09311d356915;2017-11-27T11:05:00-05:00;8.7;0.0;19.3;nan;Partially cloudy
1094432;54773;509fd01de4b070da0a9d3c24;2017-11-27T20:28:00-05:00;7.2;0.0;11.6;nan;Clear
1094433;54773;4eb90d85722e09311d356915;2017-11-29T11:24:00-05:00;14.4;0.0;11.9;nan;Clear
1094435;54773;57c06f2e498e1de2b349c99e;2017-12-04T10:51:00-05:00;8.3;0.0;9.2;nan;Clear
1094435;54773;4eb90d85722e09311d356915;2017-12-04T11:02:00-05:00;8.3;0.0;9.2;nan;Clear
1094436;54773;57c06f2e498e1de2b349c99e;2017-12-05T11:03:00-05:00;13.5;0.0;15.0;nan;Partially cloudy
1094437;54773;4b7d5105f964a520dbb72fe3;2017-12-06T10:56:00-05:00;5.1;0.0;21.3;nan;Partially cloudy
1094438;54773;57c06f2e498e1de2b349c99e;2017-12-11T11:15:00-05:00;3.2;0.0;13.5;nan;Clear
1094438;54773;4edd43af7bebc29455367992;2017-12-11T18:35:00-05:00;3.5;0.0;9.8;nan;Partially cloudy
1094445;54773;4edd43af7bebc29455367992;2017-12-29T14:47:00-05:00;-5.9;0.0;17.1;nan;Partially cloudy
1094449;54773;4edd43af7bebc29455367992;2018-01-16T14:18:00-05:00;1.7;0.0;8.1;nan;Overcast
1094450;54773;4edd43af7bebc29455367992;2018-01-18T15:52:00-05:00;0.3;0.0;20.9;nan;Clear
1094456;54773;4eb90d85722e09311d356915;2018-02-28T13:55:00-05:00;15.0;0.0;11.5;nan;Clear
1094457;54773;4bacf76df964a5201e1f3be3;2018-03-26T19:39:00-04:00;4.5;0.0;14.6;nan;Clear
1094462;54773;59562939a4ba7c5751c7bca6;2018-04-16T12:01:00-04:00;15.0;1.101;23.3;rain;Rain, Overcast
1094463;54773;4edd43af7bebc29455367992;2018-04-18T10:03:00-04:00;6.5;0.0;20.8;nan;Overcast
1094464;54773;4a81c3c6f964a52080f71fe3;2018-04-23T10:10:00-04:00;13.0;0.0;9.9;nan;Clear
1094465;54773;57c06f2e498e1de2b349c99e;2018-04-27T10:12:00-04:00;11.7;0.252;6.1;rain;Rain, Overcast
1094469;54773;4edd43af7bebc29455367992;2018-05-10T09:53:00-04:00;15.7;0.0;11.3;nan;Partially cloudy
1094469;54773;4a81c3c6f964a52080f71fe3;2018-05-10T10:03:00-04:00;15.7;0.0;11.3;nan;Partially cloudy
1094471;54773;4edd43af7bebc29455367992;2018-05-16T10:02:00-04:00;17.8;0.0;10.1;nan;Overcast
1094471;54773;547f53de498eafbdc7d34960;2018-05-16T18:39:00-04:00;14.3;0.884;8.1;rain;Rain, Overcast
1094473;54773;4edd43af7bebc29455367992;2018-05-21T09:53:00-04:00;19.6;0.0;12.5;nan;Partially cloudy
1094473;54773;4ae8906ef964a52071b021e3;2018-05-21T10:00:00-04:00;19.6;0.0;12.5;nan;Partially cloudy
1094474;54773;4b7d5105f964a520dbb72fe3;2018-05-22T10:11:00-04:00;19.7;0.0;3.3;nan;Overcast
1094474;54773;4ae8906ef964a52071b021e3;2018-05-22T10:18:00-04:00;19.7;0.0;3.3;nan;Overcast
1104689;55336;42daf100f964a52035261fe3;2017-11-11T13:40:00-05:00;2.7;0.0;14.1;nan;Partially cloudy
1104689;55336;4b96bd72f964a5207ce134e3;2017-11-11T18:42:00-05:00;1.8;0.0;7.8;nan;Partially cloudy
1107202;55477;4b6b5abff964a520fb022ce3;2018-04-08T17:28:00-04:00;5.9;0.0;30.7;nan;Partially cloudy
1107202;55477;4eb90d85722e09311d356915;2018-04-08T17:54:00-04:00;5.0;0.0;16.6;nan;Partially cloudy
1109972;55645;3fd66200f964a52036e71ee3;2018-05-10T22:25:00-04:00;17.0;3.965;0.9;rain;Rain, Overcast
1118853;56160;51cde558011c221bf79219a0;2017-12-17T18:14:00-05:00;2.1;0.0;5.8;nan;Partially cloudy
1118853;56160;4a675deef964a52045c91fe3;2017-12-17T20:36:00-05:00;2.1;0.0;8.9;nan;Overcast
1127133;56582;4af82bc2f964a520370b22e3;2017-10-04T14:15:00-04:00;23.5;0.0;12.2;nan;Clear
1127135;56582;4eb90d85722e09311d356915;2017-10-05T13:09:00-04:00;26.8;0.0;12.9;nan;Partially cloudy
1127135;56582;4af82bc2f964a520370b22e3;2017-10-05T13:19:00-04:00;26.8;0.0;12.9;nan;Partially cloudy
1127139;56582;4af82bc2f964a520370b22e3;2017-10-09T13:14:00-04:00;23.3;1.822;13.2;rain;Rain, Overcast
1127140;56582;4ae8906ef964a52071b021e3;2017-10-09T21:46:00-04:00;24.6;0.0;10.6;nan;Partially cloudy
1127141;56582;4ae8906ef964a52071b021e3;2017-10-10T13:01:00-04:00;26.7;0.0;16.4;nan;Partially cloudy
1127141;56582;4af82bc2f964a520370b22e3;2017-10-10T13:09:00-04:00;26.7;0.0;16.4;nan;Partially cloudy
1127141;56582;4b421ff5f964a52030cd25e3;2017-10-10T18:16:00-04:00;25.6;0.0;5.6;nan;Clear
1127142;56582;4af82bc2f964a520370b22e3;2017-10-11T13:16:00-04:00;22.4;0.0;13.0;nan;Partially cloudy
1127143;56582;4ae8906ef964a52071b021e3;2017-10-12T13:15:00-04:00;16.5;0.0;25.9;nan;Partially cloudy
1127143;56582;4654400ef964a520f6461fe3;2017-10-12T15:28:00-04:00;17.3;0.0;25.9;nan;Partially cloudy
1127145;56582;57b3342d498ed18a1ffc11ad;2017-10-13T22:09:00-04:00;17.3;0.0;8.3;nan;Partially cloudy
1127149;56582;4ae8906ef964a52071b021e3;2017-10-17T13:14:00-04:00;12.5;0.0;4.7;nan;Clear
1127149;56582;4af82bc2f964a520370b22e3;2017-10-17T13:21:00-04:00;12.5;0.0;4.7;nan;Clear
1127150;56582;4ae8906ef964a52071b021e3;2017-10-19T13:16:00-04:00;20.8;0.0;14.5;nan;Clear
1127150;56582;4af82bc2f964a520370b22e3;2017-10-19T13:25:00-04:00;20.8;0.0;14.5;nan;Clear
1127151;56582;58ab3a6a53f5bb4b6b267ad1;2017-10-20T00:40:00-04:00;16.9;0.0;13.4;nan;Partially cloudy
1127151;56582;59614fc15c68383973e85d14;2017-10-20T00:41:00-04:00;16.9;0.0;13.4;nan;Partially cloudy
1127152;56582;4af82bc2f964a520370b22e3;2017-10-20T13:19:00-04:00;21.8;0.0;19.3;nan;Clear
1127156;56582;4ae8906ef964a52071b021e3;2017-10-23T13:08:00-04:00;22.5;0.0;15.3;nan;Partially cloudy
1127156;56582;4af82bc2f964a520370b22e3;2017-10-23T13:18:00-04:00;22.5;0.0;15.3;nan;Partially cloudy
1127157;56582;4ae8906ef964a52071b021e3;2017-10-24T13:20:00-04:00;22.2;0.0;31.1;nan;Partially cloudy
1127158;56582;4ae8906ef964a52071b021e3;2017-10-26T12:14:00-04:00;12.0;0.0;12.8;nan;Partially cloudy
1127158;56582;4af82bc2f964a520370b22e3;2017-10-26T12:22:00-04:00;12.0;0.0;12.8;nan;Partially cloudy
1127162;56582;4ae8906ef964a52071b021e3;2017-10-30T12:58:00-04:00;13.2;0.0;33.1;nan;Partially cloudy
1127164;56582;4ae8906ef964a52071b021e3;2017-11-01T12:13:00-04:00;12.0;0.0;4.1;nan;Overcast
1127164;56582;4af82bc2f964a520370b22e3;2017-11-01T12:20:00-04:00;12.0;0.0;4.1;nan;Overcast
1127166;56582;4af82bc2f964a520370b22e3;2017-11-02T11:43:00-04:00;20.2;0.0;5.3;nan;Partially cloudy
1127168;56582;4eb90d85722e09311d356915;2017-11-03T13:23:00-04:00;22.8;0.0;13.6;nan;Partially cloudy
1127168;56582;4af82bc2f964a520370b22e3;2017-11-03T13:28:00-04:00;22.8;0.0;13.6;nan;Partially cloudy
1127168;56582;4a6fa0abf964a520a4d61fe3;2017-11-03T16:10:00-04:00;23.2;0.0;15.2;nan;Partially cloudy
1127168;56582;538a29c0498e379b2c889910;2017-11-03T16:12:00-04:00;23.2;0.0;15.2;nan;Partially cloudy
1127168;56582;57ed4a0f498e6b40f7339eb8;2017-11-03T16:34:00-04:00;23.0;0.0;12.5;nan;Partially cloudy
1127170;56582;4eb90d85722e09311d356915;2017-11-07T22:55:00-05:00;4.6;1.108;16.2;rain;Rain, Partially cloudy
1127170;56582;4ae8906ef964a52071b021e3;2017-11-08T12:33:00-05:00;8.8;0.0;11.4;nan;Partially cloudy
1127170;56582;4af82bc2f964a520370b22e3;2017-11-08T12:46:00-05:00;8.8;0.0;11.4;nan;Partially cloudy
1127171;56582;4654400ef964a520f6461fe3;2017-11-09T13:29:00-05:00;11.7;0.0;3.8;nan;Overcast
1127172;56582;4ae8906ef964a52071b021e3;2017-11-10T14:18:00-05:00;2.1;0.0;20.7;nan;Partially cloudy
1127172;56582;4af82bc2f964a520370b22e3;2017-11-10T14:27:00-05:00;2.1;0.0;20.7;nan;Partially cloudy
1127176;56582;4af82bc2f964a520370b22e3;2017-11-13T14:59:00-05:00;8.6;0.0;12.7;nan;Partially cloudy
1127176;56582;53876b0e498efde3e415732b;2017-11-13T22:54:00-05:00;4.6;0.0;8.3;nan;Clear
1127176;56582;4eb90d85722e09311d356915;2017-11-13T23:34:00-05:00;4.2;0.0;7.1;nan;Clear
1127176;56582;4af82bc2f964a520370b22e3;2017-11-14T15:01:00-05:00;8.0;0.0;13.9;nan;Partially cloudy
1127177;56582;4af82bc2f964a520370b22e3;2017-11-15T13:05:00-05:00;8.6;0.0;4.8;nan;Partially cloudy
1127177;56582;4eb01d60722e4efd61c49664;2017-11-15T17:56:00-05:00;9.2;0.0;13.3;nan;Partially cloudy
1127178;56582;4af82bc2f964a520370b22e3;2017-11-16T14:24:00-05:00;14.1;0.0;17.3;nan;Clear
1127179;56582;4b4a5eb9f964a5209a8526e3;2017-11-17T22:44:00-05:00;4.0;0.0;4.3;nan;Clear
1127180;56582;4af82bc2f964a520370b22e3;2017-11-20T14:24:00-05:00;7.7;0.0;19.5;nan;Clear
1127180;56582;5464f27c498e2e01c60151af;2017-11-20T18:44:00-05:00;6.9;0.0;11.1;nan;Clear
1127181;56582;4ae8906ef964a52071b021e3;2017-11-21T14:18:00-05:00;14.7;0.0;14.6;nan;Partially cloudy
1127181;56582;4af82bc2f964a520370b22e3;2017-11-21T14:24:00-05:00;14.7;0.0;14.6;nan;Partially cloudy
1127182;56582;4ae8906ef964a52071b021e3;2017-11-22T14:06:00-05:00;10.8;0.0;22.8;nan;Partially cloudy
1127182;56582;4af82bc2f964a520370b22e3;2017-11-22T14:17:00-05:00;10.8;0.0;22.8;nan;Partially cloudy
1127182;56582;5447e0b2498e49ee7c7b1dc0;2017-11-22T18:15:00-05:00;6.4;0.0;19.9;nan;Partially cloudy
1127187;56582;4af82bc2f964a520370b22e3;2017-11-27T14:26:00-05:00;10.4;0.0;15.7;nan;Clear
1127188;56582;4eb01d60722e4efd61c49664;2017-11-27T23:02:00-05:00;5.0;0.0;10.9;nan;Clear
1127189;56582;4ae8906ef964a52071b021e3;2017-11-28T14:03:00-05:00;10.2;0.0;18.4;nan;Clear
1127189;56582;50c0b119e4b0c4d42f979cd1;2017-11-28T19:12:00-05:00;11.5;0.0;13.2;nan;Clear
1127189;56582;53876b0e498efde3e415732b;2017-11-28T19:55:00-05:00;11.5;0.0;12.5;nan;Clear
1127190;56582;4eb90d85722e09311d356915;2017-11-29T12:37:00-05:00;17.4;0.0;15.5;nan;Clear
1127190;56582;4654400ef964a520f6461fe3;2017-11-29T12:52:00-05:00;17.4;0.0;15.5;nan;Clear
1127191;56582;4eb90d85722e09311d356915;2017-11-30T14:22:00-05:00;8.8;0.0;8.8;nan;Partially cloudy
1127191;56582;4af82bc2f964a520370b22e3;2017-11-30T14:31:00-05:00;9.0;0.0;7.5;nan;Partially cloudy
1127192;56582;4baa2eb5f964a5202e513ae3;2017-11-30T23:11:00-05:00;10.6;0.048;7.8;rain;Rain, Partially cloudy
1127192;56582;4b4a5eb9f964a5209a8526e3;2017-11-30T23:19:00-05:00;10.6;0.048;7.8;rain;Rain, Partially cloudy
1127193;56582;4af82bc2f964a520370b22e3;2017-12-01T14:16:00-05:00;10.8;0.0;16.7;nan;Clear
1127193;56582;4baa2eb5f964a5202e513ae3;2017-12-01T17:38:00-05:00;8.5;0.0;13.1;nan;Clear
1127196;56582;4ae8906ef964a52071b021e3;2017-12-04T12:39:00-05:00;9.1;0.0;4.5;nan;Partially cloudy
1127196;56582;4af82bc2f964a520370b22e3;2017-12-04T12:50:00-05:00;9.1;0.0;4.5;nan;Partially cloudy
1127197;56582;4af82bc2f964a520370b22e3;2017-12-05T12:46:00-05:00;15.1;0.0;15.4;nan;Partially cloudy
1127198;56582;4eb01d60722e4efd61c49664;2017-12-05T22:51:00-05:00;14.5;2.106;21.3;rain;Rain, Partially cloudy
1127198;56582;4ae8906ef964a52071b021e3;2017-12-05T23:02:00-05:00;14.5;2.106;21.3;rain;Rain, Partially cloudy
1129200;56722;42daf100f964a52035261fe3;2018-02-13T17:49:00-05:00;0.1;0.0;12.8;nan;Partially cloudy
1129278;56728;5b5ca54722d490002c8d4de5;2018-08-31T17:04:00-04:00;22.5;0.0;6.8;nan;Overcast
1130239;56786;5459292b498e72e209527504;2018-05-06T13:19:00-04:00;16.9;0.0;16.7;nan;Overcast
1130239;56786;58191674ded8f8626ed70af0;2018-05-06T15:10:00-04:00;17.6;0.0;18.1;nan;Overcast
1134658;57018;4276bf00f964a52086211fe3;2017-10-22T19:32:00-04:00;18.3;0.0;9.4;nan;Partially cloudy
1134658;57018;4a6fa0abf964a520a4d61fe3;2017-10-23T00:34:00-04:00;16.7;0.0;4.5;nan;Partially cloudy
1134658;57018;58c9b84a0319b81f32a8bd37;2017-10-23T00:39:00-04:00;16.7;0.0;4.5;nan;Partially cloudy
1134659;57018;59d7c14a1cf2e14bac231fac;2017-11-17T17:08:00-05:00;7.5;0.0;27.9;nan;Clear
1134766;57025;4c0fa28f98102d7f5f82e506;2018-01-19T16:45:00-05:00;3.0;0.0;11.6;nan;Partially cloudy
1137529;57202;576eab51cd10ae8e59db0250;2017-10-05T11:51:00-04:00;25.3;0.0;12.0;nan;Partially cloudy
1137529;57202;51d15504498e864b9acbbb52;2017-10-05T13:01:00-04:00;26.8;0.0;12.9;nan;Partially cloudy
1137530;57202;576eab51cd10ae8e59db0250;2017-10-07T14:56:00-04:00;25.7;0.0;15.4;nan;Partially cloudy
1137532;57202;576eab51cd10ae8e59db0250;2017-10-12T11:51:00-04:00;16.1;0.0;21.7;nan;Partially cloudy
1137532;57202;51d15504498e864b9acbbb52;2017-10-12T13:01:00-04:00;16.5;0.0;25.9;nan;Partially cloudy
1137532;57202;576eab51cd10ae8e59db0250;2017-10-12T14:26:00-04:00;17.0;0.0;17.6;nan;Partially cloudy
1137533;57202;59e13fc9e4c459524ae462a9;2017-10-14T13:54:00-04:00;21.6;0.0;7.6;nan;Overcast
1137534;57202;59e13fc9e4c459524ae462a9;2017-10-15T14:04:00-04:00;22.6;0.0;21.5;nan;Overcast
1137534;57202;3fd66200f964a5203fe61ee3;2017-10-15T17:30:00-04:00;22.0;0.0;8.8;nan;Overcast
1137535;57202;576eab51cd10ae8e59db0250;2017-10-17T11:31:00-04:00;11.4;0.0;5.4;nan;Clear
1137535;57202;51d15504498e864b9acbbb52;2017-10-17T11:55:00-04:00;11.4;0.0;5.4;nan;Clear
1137536;57202;576eab51cd10ae8e59db0250;2017-10-20T11:42:00-04:00;20.8;0.0;15.6;nan;Clear
1137536;57202;51d15504498e864b9acbbb52;2017-10-20T11:56:00-04:00;20.8;0.0;15.6;nan;Clear
1137537;57202;576eab51cd10ae8e59db0250;2017-10-24T11:24:00-04:00;23.1;0.0;24.8;nan;Partially cloudy
1137538;57202;576eab51cd10ae8e59db0250;2017-10-25T11:50:00-04:00;16.4;0.0;5.5;nan;Partially cloudy
1137538;57202;51d15504498e864b9acbbb52;2017-10-25T11:53:00-04:00;16.4;0.0;5.5;nan;Partially cloudy
1137539;57202;576eab51cd10ae8e59db0250;2017-10-26T11:55:00-04:00;12.0;0.0;12.8;nan;Partially cloudy
1137539;57202;51d15504498e864b9acbbb52;2017-10-26T11:59:00-04:00;12.0;0.0;12.8;nan;Partially cloudy
1137540;57202;576eab51cd10ae8e59db0250;2017-10-28T22:31:00-04:00;17.9;0.0;9.9;nan;Partially cloudy
1137541;57202;576eab51cd10ae8e59db0250;2017-10-31T11:25:00-04:00;11.8;0.0;18.8;nan;Partially cloudy
1137541;57202;51d15504498e864b9acbbb52;2017-10-31T11:57:00-04:00;12.2;0.0;20.5;nan;Clear
1137543;57202;51d15504498e864b9acbbb52;2017-11-07T14:02:00-05:00;8.7;0.0;21.4;nan;Partially cloudy
1137544;57202;576eab51cd10ae8e59db0250;2017-11-09T12:57:00-05:00;11.7;0.0;3.8;nan;Overcast
1137544;57202;51d15504498e864b9acbbb52;2017-11-09T14:01:00-05:00;11.7;0.0;4.1;nan;Overcast
1140989;57446;42893400f964a52054231fe3;2017-11-01T20:03:00-04:00;13.2;0.0;8.5;nan;Partially cloudy
1142518;57527;4a675deef964a52045c91fe3;2017-10-23T13:34:00-04:00;23.2;0.0;18.8;nan;Partially cloudy
1142518;57527;4bacf202f964a520a81c3be3;2017-10-23T13:39:00-04:00;23.2;0.0;18.8;nan;Partially cloudy
1142518;57527;59edf3538264443e0dc7490d;2017-10-23T13:49:00-04:00;23.2;0.0;18.8;nan;Partially cloudy
1142525;57527;4a8951caf964a520df0720e3;2018-04-17T14:45:00-04:00;7.6;0.0;27.5;nan;Overcast
1142526;57527;4bd9b7ec0115c9b6f6587880;2018-05-21T12:48:00-04:00;23.4;0.0;2.4;nan;Partially cloudy
1145840;57744;4b40cf3df964a5206bbb25e3;2018-09-15T16:18:00-04:00;25.1;0.0;5.5;nan;Overcast
1145840;57744;4c374bf80a71c9b6f2893ec9;2018-09-15T21:48:00-04:00;21.4;0.0;10.7;nan;Clear
1145840;57744;571d2ced498e590d68ee74ae;2018-09-16T00:19:00-04:00;21.0;0.0;3.2;nan;Clear
1145891;57750;56c4b5facd10824dac9e062e;2017-11-07T17:54:00-05:00;5.1;3.456;11.7;rain;Rain, Overcast
1145891;57750;4d4b4adfb1493704d4a02792;2017-11-07T19:17:00-05:00;5.1;3.817;10.3;rain;Rain, Partially cloudy
1145902;57750;531f0d16498e82abb6732379;2017-12-12T17:43:00-05:00;5.7;0.0;21.2;nan;Partially cloudy
1145902;57750;4d4b4adfb1493704d4a02792;2017-12-12T18:11:00-05:00;5.7;0.0;21.2;nan;Partially cloudy
1145910;57750;4d4b4adfb1493704d4a02792;2018-01-16T21:46:00-05:00;1.0;0.0;7.2;nan;Partially cloudy
1145915;57750;531f0d16498e82abb6732379;2018-02-20T17:40:00-05:00;18.3;0.0;3.6;nan;Partially cloudy
1145915;57750;4d4b4adfb1493704d4a02792;2018-02-20T19:02:00-05:00;18.6;0.0;5.9;nan;Partially cloudy
1145922;57750;4d4b4adfb1493704d4a02792;2018-03-25T16:43:00-04:00;6.9;0.0;20.0;nan;Overcast
1145922;57750;4db5fbfe43a1369cb5dc2a1f;2018-03-25T18:19:00-04:00;6.0;0.0;12.7;nan;Overcast
1145924;57750;49bd4d49f964a52065541fe3;2018-04-06T17:40:00-04:00;16.3;0.0;24.5;nan;Partially cloudy
1145925;57750;4d4b4adfb1493704d4a02792;2018-04-29T18:26:00-04:00;11.4;0.0;17.8;nan;Overcast
1145943;57750;4d4b4adfb1493704d4a02792;2018-07-08T16:34:00-04:00;26.4;0.0;16.9;nan;Clear
1145943;57750;52c5c3fd11d20b57f8ba9ef3;2018-07-08T18:51:00-04:00;25.0;0.0;6.4;nan;Clear
1145946;57750;4d4b4adfb1493704d4a02792;2018-08-14T17:43:00-04:00;23.7;0.252;8.7;rain;Rain, Partially cloudy
1145946;57750;531f0d16498e82abb6732379;2018-08-14T17:47:00-04:00;23.7;0.252;8.7;rain;Rain, Partially cloudy
1145957;57750;51e40903498efd152818710f;2018-09-13T14:55:00-04:00;24.0;0.0;15.1;nan;Overcast
1145957;57750;58fdf5ec6cf01a4f54c7792b;2018-09-13T15:55:00-04:00;23.6;0.0;16.9;nan;Overcast
1145960;57750;4d4b4adfb1493704d4a02792;2018-09-18T17:17:00-04:00;21.7;3301.0;13.1;rain;Rain, Overcast
1146927;57801;58c15cad4287c9455ad33fc8;2017-10-14T17:11:00-04:00;21.8;0.0;2.1;nan;Overcast
1146927;57801;58a0b6621470b07f6535790f;2017-10-14T17:54:00-04:00;21.5;0.0;1.2;nan;Partially cloudy
1146927;57801;4be99814a9900f479a811540;2017-10-14T20:12:00-04:00;21.3;0.0;7.4;nan;Overcast
1149714;57992;4c374bf80a71c9b6f2893ec9;2017-12-04T17:00:00-05:00;9.0;0.0;12.8;nan;Partially cloudy
1149714;57992;4a24510af964a520107e1fe3;2017-12-04T18:51:00-05:00;9.5;0.0;7.1;nan;Partially cloudy
1150280;58040;58c342a5260327384a7db521;2018-01-15T00:50:00-05:00;-8.8;0.0;17.0;nan;Partially cloudy
1150280;58040;3fd66200f964a52094e61ee3;2018-01-15T04:41:00-05:00;-8.5;0.0;14.7;nan;Overcast
1150365;58044;54b9346d498ef55d203d8696;2017-11-08T22:53:00-05:00;6.3;0.0;7.9;nan;Clear
1150372;58044;4fd38a04e4b065401a9aaf88;2018-06-30T02:25:00-04:00;26.0;0.0;7.4;nan;Clear
1153489;58201;5ab9171f6bd36b0874dc4061;2018-09-03T15:57:00-04:00;31.9;0.0;10.3;nan;Partially cloudy
1159116;58533;584067e6b50d521817d726a1;2017-10-22T15:22:00-04:00;23.7;0.0;10.3;nan;Partially cloudy
1159116;58533;56e451e8498efdd0a73250b4;2017-10-22T15:43:00-04:00;22.8;0.0;10.2;nan;Partially cloudy
1159120;58533;584067e6b50d521817d726a1;2017-11-05T18:28:00-05:00;15.8;0.0;9.8;nan;Overcast
1159120;58533;590b631df62e092facdf7b2a;2017-11-05T18:32:00-05:00;15.8;0.0;3.6;nan;Overcast
1159120;58533;591a10bb0313205133bb1bc6;2017-11-05T18:35:00-05:00;15.8;0.0;3.6;nan;Overcast
1164056;58795;590bbf91b3d8e268790ce641;2017-10-21T19:00:00-04:00;19.6;0.0;4.5;nan;Partially cloudy
1167556;59005;4b38c437f964a520245025e3;2017-11-26T14:40:00-05:00;7.5;0.0;15.9;nan;Partially cloudy
1167556;59005;3fd66200f964a52037e31ee3;2017-11-26T15:08:00-05:00;7.5;0.0;15.9;nan;Partially cloudy
1167556;59005;4aaa4e0ef964a520ad5520e3;2017-11-26T18:11:00-05:00;6.4;0.0;10.1;nan;Partially cloudy
1171083;59219;4bcdcfb6511f95211130b5c7;2018-02-01T16:56:00-05:00;6.9;0.0;5.4;nan;Overcast
1171083;59219;50fb43f5e4b020b55da8a766;2018-02-01T23:42:00-05:00;4.7;0.721;3.0;rain;Rain, Overcast
1177654;59609;4e023e49483bd352f723f7e3;2017-12-05T15:27:00-05:00;15.7;0.0;13.0;nan;Partially cloudy
1178898;59692;4b1848eff964a52036d023e3;2017-10-19T21:54:00-04:00;17.9;0.0;6.2;nan;Clear
1178899;59692;5346f0eb498e55d223a6bad3;2017-10-20T16:30:00-04:00;23.1;0.0;13.9;nan;Clear
1178899;59692;560d1028498eee2df9f982f0;2017-10-20T17:42:00-04:00;22.0;0.0;12.7;nan;Clear
1186179;60122;42893400f964a52054231fe3;2017-10-15T14:30:00-04:00;22.6;0.0;21.5;nan;Overcast
1186179;60122;4c5d7ac6d25320a175ffc57a;2017-10-15T18:38:00-04:00;21.3;0.0;14.8;nan;Overcast
1186179;60122;4cd465d567adf04d0f0d2791;2017-10-15T18:55:00-04:00;21.3;0.0;14.8;nan;Overcast
1186179;60122;4555bea7f964a520253d1fe3;2017-10-15T19:55:00-04:00;20.8;0.0;11.6;nan;Overcast
1193694;60573;4eb90d85722e09311d356915;2018-02-24T21:42:00-05:00;7.1;0.092;13.4;rain;Rain, Overcast
1193694;60573;5941c0abf193c012d47fc4e8;2018-02-24T21:50:00-05:00;7.1;0.092;13.4;rain;Rain, Overcast
1193694;60573;42daf100f964a52035261fe3;2018-02-24T22:17:00-05:00;7.1;0.092;13.4;rain;Rain, Overcast
1193694;60573;4a675deef964a52045c91fe3;2018-02-24T22:25:00-05:00;7.1;0.092;13.4;rain;Rain, Overcast
1193694;60573;3fd66200f964a52067e61ee3;2018-02-24T23:26:00-05:00;7.0;0.332;9.9;rain;Rain, Overcast
1195962;60749;4a50f472f964a52051b01fe3;2017-12-24T23:01:00-05:00;2.3;0.185;20.2;rain;Rain, Overcast
1195963;60749;51b77ea1454a57610205b352;2018-01-04T00:00:00-05:00;-1.9;0.0;10.4;rain,snow;Overcast
1196286;60779;4a8b0693f964a520350b20e3;2017-11-18T01:34:00-05:00;2.9;0.0;6.6;nan;Clear
1196290;60779;4a8b0693f964a520350b20e3;2018-01-08T03:10:00-05:00;-7.1;0.0;14.2;nan;Overcast
1196964;60841;58801864cc5b6a14dedce689;2017-10-07T00:36:00-04:00;22.5;0.0;0.0;nan;Partially cloudy
1203545;61296;4555bea7f964a520253d1fe3;2018-05-13T00:07:00-04:00;11.6;0.0;8.9;nan;Overcast
1204487;61348;4b466b09f964a520452026e3;2017-10-05T15:20:00-04:00;27.5;0.0;10.4;nan;Partially cloudy
1204487;61348;4c194e6b4ff90f4738be0f49;2017-10-05T18:48:00-04:00;26.3;0.0;11.2;nan;Partially cloudy
1205398;61426;5984eeb39be522744003dee5;2018-02-05T17:43:00-05:00;-1.0;0.0;19.4;nan;Clear
1207857;61602;4bc24023461576b056237d32;2018-10-14T21:02:00-04:00;13.1;0.0;9.1;nan;Partially cloudy
1207857;61602;4a8d57e7f964a5207c0f20e3;2018-10-14T21:28:00-04:00;13.1;0.0;9.1;nan;Partially cloudy
1207858;61602;4b40cf3df964a5206bbb25e3;2018-10-15T19:38:00-04:00;19.1;0.0;24.1;nan;Overcast
1207858;61602;4b996536f964a520467835e3;2018-10-15T20:12:00-04:00;19.1;0.0;24.1;nan;Overcast
1207858;61602;4c374bf80a71c9b6f2893ec9;2018-10-15T21:08:00-04:00;19.3;0.0;24.4;nan;Overcast
1207860;61602;42893400f964a52054231fe3;2018-10-17T20:15:00-04:00;12.7;0.0;30.3;nan;Clear
1207861;61602;4abe7f9ef964a520068e20e3;2018-10-19T01:32:00-04:00;6.6;0.0;9.7;nan;Clear
1217716;62286;4b6b5abff964a520fb022ce3;2018-09-04T16:53:00-04:00;32.5;0.0;4.8;nan;Partially cloudy
1218241;62318;49f125dcf964a52091691fe3;2018-04-24T20:55:00-04:00;14.0;0.0;11.4;nan;Overcast
1218241;62318;4abe7f9ef964a520068e20e3;2018-04-24T22:44:00-04:00;12.7;0.265;9.4;rain;Rain, Overcast
1218241;62318;515abd65e4b08eda86b30e6e;2018-04-24T23:01:00-04:00;12.7;0.265;9.4;rain;Rain, Overcast
1218241;62318;5568fe03498e03f701851783;2018-04-24T23:57:00-04:00;12.9;0.703;8.7;rain;Rain, Overcast
1223059;62663;526aef8511d266ae291b3ad8;2017-10-21T20:44:00-04:00;18.8;0.0;4.0;nan;Partially cloudy
1223060;62663;5945575cf62e090a3b220883;2017-10-22T19:53:00-04:00;18.3;0.0;9.4;nan;Partially cloudy
1223064;62663;526aef8511d266ae291b3ad8;2017-10-29T21:18:00-04:00;17.9;6.435;17.8;rain;Rain, Overcast
1223064;62663;5945575cf62e090a3b220883;2017-10-29T21:51:00-04:00;17.5;9.893;18.8;rain;Rain, Overcast
1223074;62663;534c9d7b498e1bdd443a40e1;2017-11-12T00:12:00-05:00;1.1;0.0;2.9;nan;Partially cloudy
1223074;62663;4bc51cf40a30d13aafad599c;2017-11-12T03:43:00-05:00;0.1;0.0;2.4;nan;Partially cloudy
1224283;62748;4a7adaf1f964a5208de91fe3;2018-02-28T18:49:00-05:00;13.4;0.0;11.7;nan;Clear
1224283;62748;5697b7de498ea72f44225d37;2018-02-28T19:53:00-05:00;13.7;0.0;12.3;nan;Partially cloudy
1224287;62748;3fd66200f964a520d8f11ee3;2018-06-18T14:47:00-04:00;33.0;0.0;24.9;nan;Partially cloudy
1226186;62869;4b6b5abff964a520fb022ce3;2017-10-04T20:42:00-04:00;21.5;0.0;23.1;nan;Clear
1228828;63050;4ba0e4e3f964a520498537e3;2018-05-14T20:40:00-04:00;16.1;0.0;7.9;nan;Partially cloudy
1230252;63162;5a382327dee7707dd4842ab8;2018-05-24T23:57:00-04:00;21.3;0.0;15.3;nan;Clear
1230253;63162;3fd66200f964a52070e91ee3;2018-05-25T20:18:00-04:00;28.7;0.0;13.4;nan;Clear
1230768;63190;516dfc13498e616e4c78b107;2017-11-08T20:26:00-05:00;8.3;0.0;8.3;nan;Overcast
1230768;63190;3fd66200f964a52005e71ee3;2017-11-08T21:42:00-05:00;6.9;0.0;8.4;nan;Clear
1230777;63190;3fd66200f964a520c3e81ee3;2017-12-30T18:30:00-05:00;-5.6;0.0;17.7;snow;Clear
1230834;63190;57b61f2a498ed8856425737c;2018-08-04T19:07:00-04:00;29.7;0.0;10.7;nan;Clear
1230854;63190;49f125dcf964a52091691fe3;2018-10-02T00:04:00-04:00;21.5;0.0;8.4;nan;Partially cloudy
1233266;63373;4eb90d85722e09311d356915;2017-11-09T17:06:00-05:00;11.4;0.0;10.5;nan;Overcast
1233266;63373;4a6fa0abf964a520a4d61fe3;2017-11-09T17:10:00-05:00;11.4;0.0;10.5;nan;Overcast
1233271;63373;431f7f00f964a52085271fe3;2017-12-14T21:48:00-05:00;-4.0;0.0;12.3;snow;Clear
1233282;63373;4ae8906ef964a52071b021e3;2018-06-04T15:14:00-04:00;20.0;0.0;9.8;nan;Overcast
1233998;63427;57f268ea498e643107ff195f;2018-03-20T14:54:00-04:00;2.9;0.0;18.9;nan;Overcast
1234001;63427;507e0b2e011ca7f458d10d2f;2018-03-24T16:43:00-04:00;9.7;0.0;12.0;nan;Clear
1234001;63427;4a58f59ef964a5204eb81fe3;2018-03-24T17:58:00-04:00;9.5;0.0;16.8;nan;Clear
1234007;63427;57f268ea498e643107ff195f;2018-05-08T15:57:00-04:00;21.1;0.0;11.3;nan;Clear
1234007;63427;3fd66200f964a5202ae31ee3;2018-05-08T19:55:00-04:00;16.4;0.0;10.7;nan;Clear
1234007;63427;4be1aea140c0ef3b4f55bed6;2018-05-08T22:14:00-04:00;15.0;0.0;3.2;nan;Clear
1234008;63427;57f268ea498e643107ff195f;2018-05-09T14:42:00-04:00;21.4;0.0;11.8;nan;Partially cloudy
1234008;63427;3fd66200f964a52070e91ee3;2018-05-09T15:59:00-04:00;22.0;0.0;13.4;nan;Partially cloudy
1234009;63427;54e2ad46498ec569ea3cb416;2018-05-10T22:10:00-04:00;17.0;3.965;0.9;rain;Rain, Overcast
1234010;63427;50c28307e4b0c5b6f33ec0e1;2018-05-11T22:01:00-04:00;19.5;0.0;8.6;nan;Overcast
1234011;63427;528d3763498e3be0efe0d555;2018-05-12T16:34:00-04:00;14.4;0.0;10.5;nan;Overcast
1235299;63517;4b16bee8f964a520dcbc23e3;2017-10-04T16:38:00-04:00;23.8;0.0;11.9;nan;Clear
1235299;63517;55ea9f4d498ed46db0383483;2017-10-04T19:27:00-04:00;22.3;0.0;16.6;nan;Clear
1239587;63828;5953e5314382ab0b3b808dc6;2017-12-18T15:44:00-05:00;7.5;0.0;4.5;nan;Overcast
1239587;63828;5484890c498e985cf4e3c076;2017-12-18T19:42:00-05:00;8.3;0.0;12.1;nan;Overcast
1241125;63915;4eb13d68e5e8c0f5bd2fd983;2017-10-04T16:53:00-04:00;23.8;0.0;11.9;nan;Clear
1241130;63915;5547ffe8498ec8a2c668a412;2018-01-03T16:54:00-05:00;-2.1;0.0;10.7;snow;Partially cloudy
1241130;63915;49fe2f8af964a5207b6f1fe3;2018-01-03T23:42:00-05:00;-1.9;0.0;10.4;rain,snow;Overcast
1241141;63915;579c12cd498e6e815b3acf50;2018-06-25T17:17:00-04:00;26.7;0.0;10.9;nan;Partially cloudy
1242410;63999;4eb90d85722e09311d356915;2018-04-19T01:39:00-04:00;8.7;0.0;10.9;nan;Overcast
1242412;63999;4b829e60f964a52007db30e3;2018-04-20T19:03:00-04:00;7.6;0.0;20.3;nan;Clear
1242413;63999;4165d880f964a5207e1d1fe3;2018-04-21T15:38:00-04:00;16.4;0.0;16.7;nan;Partially cloudy
1242413;63999;42893400f964a52054231fe3;2018-04-21T17:19:00-04:00;16.4;0.0;12.7;nan;Partially cloudy
1242415;63999;4ae8906ef964a52071b021e3;2018-04-24T03:35:00-04:00;8.8;0.0;1.7;nan;Clear
1243228;64067;3fd66200f964a52067e61ee3;2017-11-18T01:07:00-05:00;3.1;0.0;9.2;nan;Clear
1243228;64067;4dfaacb9d4c01451df566572;2017-11-18T02:35:00-05:00;2.3;0.0;0.0;nan;Partially cloudy
1243906;64112;42893400f964a52054231fe3;2018-01-02T17:25:00-05:00;-4.3;0.0;17.3;nan;Clear
1243906;64112;4a44cd95f964a5208fa71fe3;2018-01-02T19:55:00-05:00;-5.8;0.0;18.4;nan;Clear
1245150;64205;431f7f00f964a52085271fe3;2017-10-19T18:10:00-04:00;20.3;0.0;12.4;nan;Clear
1245151;64205;5945575cf62e090a3b220883;2017-10-22T18:12:00-04:00;19.7;0.0;16.6;nan;Partially cloudy
1245151;64205;59287470ee71203352bd1df8;2017-10-22T18:43:00-04:00;18.7;0.0;7.3;nan;Partially cloudy
1245414;64219;4c68988cfff7c9b6148647ef;2018-06-02T18:17:00-04:00;29.0;0.0;10.2;nan;Partially cloudy
1245414;64219;590a00e74febd55af43a8267;2018-06-02T18:35:00-04:00;27.5;0.0;23.0;nan;Partially cloudy
1245419;64219;4fbbd9ede4b0756c0d4c2364;2018-08-18T16:03:00-04:00;29.6;0.067;14.2;rain;Rain, Partially cloudy
1245419;64219;4ce94baab5c35941b8a4698f;2018-08-18T18:12:00-04:00;27.3;0.0;23.4;nan;Overcast
1245659;64244;4aa44464f964a520234620e3;2017-10-04T19:29:00-04:00;22.3;0.0;16.6;nan;Clear
1247019;64351;53a7307a498e56d9917d8f32;2018-10-01T20:03:00-04:00;22.2;0.0;3.4;nan;Partially cloudy
1247019;64351;515abd65e4b08eda86b30e6e;2018-10-01T21:04:00-04:00;22.1;0.0;3.5;nan;Partially cloudy
1247159;64360;4abe7f9ef964a520068e20e3;2018-03-13T14:59:00-04:00;4.2;0.0;23.4;nan;Overcast
1247197;64365;57c86b6a498e43a03acd849f;2017-11-12T01:31:00-05:00;0.6;0.0;0.0;nan;Partially cloudy
1247197;64365;4b78360df964a520a7bc2ee3;2017-11-12T02:01:00-05:00;0.6;0.0;0.0;nan;Partially cloudy
1247876;64425;50bcb93ae4b0efcb4c84d434;2017-10-29T02:16:00-04:00;18.3;0.0;14.0;nan;Overcast
1247876;64425;4116be80f964a520fc0b1fe3;2017-10-29T06:02:00-04:00;15.9;0.18;11.9;rain;Rain, Partially cloudy
1248432;64462;4abe7f9ef964a520068e20e3;2017-12-03T16:31:00-05:00;8.3;0.0;9.8;nan;Partially cloudy
1248432;64462;49ff62f9f964a52013701fe3;2017-12-03T17:56:00-05:00;8.5;0.0;4.1;nan;Partially cloudy
1248433;64462;4eb90d85722e09311d356915;2017-12-04T15:35:00-05:00;9.6;0.0;4.8;nan;Partially cloudy
1248433;64462;57ea9dab498e634b49d5663f;2017-12-04T17:40:00-05:00;9.0;0.0;11.1;nan;Partially cloudy
1250876;64618;41e46880f964a520d41e1fe3;2018-03-31T23:49:00-04:00;8.0;0.0;19.6;nan;Clear
1250876;64618;4bc10965abf49521296bc093;2018-04-01T00:42:00-04:00;7.4;0.0;13.2;nan;Partially cloudy
1250882;64618;58c1f3e97a8f044c6ea8934b;2018-06-02T20:21:00-04:00;25.7;0.0;11.8;nan;Overcast
1250882;64618;4a2bec19f964a520f1961fe3;2018-06-03T00:30:00-04:00;21.6;0.0;13.2;nan;Overcast
1250887;64618;50bcb93ae4b0efcb4c84d434;2018-09-08T22:17:00-04:00;17.1;0.0;10.7;nan;Overcast
1250887;64618;5b4fc2b467af3a002c9ab00f;2018-09-09T00:39:00-04:00;16.8;0.0;15.2;nan;Overcast
1255416;64956;4d03ae3437036dcbfba10bfb;2018-03-04T15:14:00-05:00;6.0;0.0;24.7;nan;Partially cloudy
1255416;64956;40f47780f964a5209b0a1fe3;2018-03-04T15:31:00-05:00;6.3;0.0;25.8;nan;Partially cloudy
1258158;65178;4f9c2a6be4b0e1cbfeebd9b0;2018-04-11T16:40:00-04:00;9.3;0.0;10.4;nan;Overcast
1258930;65214;5591c747498e45ec0b8171f1;2018-05-18T17:31:00-04:00;17.1;0.0;13.6;nan;Overcast
1258939;65214;53c5393c498eaaf9ec4b2caf;2018-08-03T17:51:00-04:00;25.9;0.0;10.6;nan;Partially cloudy
1258952;65214;507e0b2e011ca7f458d10d2f;2018-10-11T17:28:00-04:00;22.0;2.637;15.0;rain;Rain, Overcast
1259787;65288;53a5f4f0498e1d1f0be9ad8e;2017-10-04T19:36:00-04:00;22.0;0.0;13.2;nan;Clear
1259787;65288;55103583498eed2d409b549a;2017-10-04T19:47:00-04:00;22.0;0.0;13.2;nan;Clear
1259788;65288;4abe7f9ef964a520068e20e3;2017-10-05T22:41:00-04:00;22.3;0.0;9.5;nan;Partially cloudy
1259790;65288;54d8f562498e06a504cb5c47;2017-10-21T18:06:00-04:00;21.5;0.0;4.5;nan;Partially cloudy
1259796;65288;53f8bf14498e7dfcd2d9df48;2018-04-26T22:56:00-04:00;16.5;0.0;6.6;nan;Clear
1259804;65288;5748d802498eccc4228c7fd1;2018-06-25T23:28:00-04:00;22.8;0.0;9.4;nan;Clear
1261707;65436;51b07bbb498ef4badd279fe8;2017-10-29T16:28:00-04:00;18.2;14.363;15.3;rain;Rain, Overcast
1263333;65562;4ae9c4eaf964a52039b621e3;2017-12-26T19:11:00-05:00;-3.4;0.0;12.8;nan;Clear
1263333;65562;49ff62f9f964a52013701fe3;2017-12-26T19:55:00-05:00;-3.8;0.0;12.0;nan;Clear
1263338;65562;4b40cf3df964a5206bbb25e3;2018-01-07T20:18:00-05:00;-7.8;0.0;16.9;nan;Overcast
1263338;65562;51b77ea1454a57610205b352;2018-01-08T01:50:00-05:00;-7.6;0.0;15.0;nan;Overcast
1263340;65562;58801864cc5b6a14dedce689;2018-01-15T21:19:00-05:00;-3.6;0.0;10.2;nan;Clear
1263340;65562;4b6b5abff964a520fb022ce3;2018-01-15T21:21:00-05:00;-3.6;0.0;10.2;nan;Clear
1263341;65562;4dda977ad22d38ef4332c419;2018-01-18T20:56:00-05:00;-2.0;0.0;18.0;nan;Clear
1263983;65626;4b43c3dff964a5200ce925e3;2018-04-14T15:58:00-04:00;21.1;0.0;21.5;nan;Clear
1263984;65626;49f7456af964a5207b6c1fe3;2018-04-19T20:12:00-04:00;6.5;0.0;26.1;nan;Partially cloudy
1263984;65626;49e7ce15f964a5201d651fe3;2018-04-20T00:33:00-04:00;3.6;0.0;18.7;nan;Clear
1263985;65626;49e7ce15f964a5201d651fe3;2018-04-23T19:45:00-04:00;12.0;0.0;8.4;nan;Partially cloudy
1263990;65626;4b43c3dff964a5200ce925e3;2018-09-25T21:33:00-04:00;21.6;0.0;6.7;nan;Partially cloudy
1264453;65671;4165d880f964a5207e1d1fe3;2017-10-28T15:19:00-04:00;20.3;0.0;23.1;nan;Partially cloudy
1268405;65939;42893400f964a52054231fe3;2017-11-17T16:09:00-05:00;8.7;0.0;19.9;nan;Clear
1268547;65946;4b41442ef964a5205bc425e3;2017-12-09T15:59:00-05:00;-0.5;1.465;11.4;rain,snow;Snow, Rain, Overcast
1268943;65985;4ad78220f964a520960b21e3;2017-10-21T16:06:00-04:00;24.5;0.0;9.8;nan;Partially cloudy
1268943;65985;4bf30b89706e20a196c7a798;2017-10-21T16:08:00-04:00;24.5;0.0;9.8;nan;Partially cloudy
1268944;65985;4ad78220f964a520960b21e3;2017-11-23T18:23:00-05:00;5.1;0.0;13.2;nan;Clear
1269648;66057;57218ba5498eb662eaa1e121;2017-10-09T23:28:00-04:00;24.9;0.0;14.2;nan;Partially cloudy
1269701;66057;5b1e8ff161f070002ca87046;2018-07-02T16:39:00-04:00;31.7;0.0;14.9;nan;Clear
1275358;66453;54d8f562498e06a504cb5c47;2017-12-11T20:41:00-05:00;3.6;0.0;2.6;nan;Overcast
1275358;66453;4eb90d85722e09311d356915;2017-12-12T01:06:00-05:00;4.1;0.0;8.8;nan;Partially cloudy
1277155;66588;41e46880f964a520d41e1fe3;2017-11-30T02:37:00-05:00;4.1;0.0;10.5;nan;Clear
1277524;66634;58fdf5ec6cf01a4f54c7792b;2018-04-22T14:27:00-04:00;17.4;0.0;3.3;nan;Clear
1281770;66938;590a00e74febd55af43a8267;2018-08-14T00:23:00-04:00;22.5;0.0;2.1;nan;Partially cloudy
1290021;67516;4b6b5abff964a520fb022ce3;2018-07-16T06:16:00-04:00;24.5;0.0;2.4;nan;Clear
1291309;67602;57b61f2a498ed8856425737c;2017-12-23T01:28:00-05:00;4.0;0.0;15.2;nan;Partially cloudy
1291309;67602;3fd66200f964a520daf11ee3;2017-12-23T02:51:00-05:00;3.9;0.0;11.2;nan;Overcast
1291323;67602;57616cc9498ecbe794431164;2018-03-31T17:05:00-04:00;10.8;0.0;19.5;nan;Clear
1291323;67602;59822ae4e97dfb6a1519825b;2018-03-31T17:30:00-04:00;10.8;0.0;19.5;nan;Clear
1291682;67627;594301c89411f241f5b6a2ee;2018-09-12T15:59:00-04:00;24.8;0.0;9.7;nan;Overcast
1291740;67631;58389efb8f0be46bca889667;2017-10-04T19:38:00-04:00;22.0;0.0;13.2;nan;Clear
1291745;67632;57218ba5498eb662eaa1e121;2018-03-24T22:33:00-04:00;5.3;0.0;11.2;nan;Partially cloudy
1291753;67632;5aeca6ff5d891b002c5b46ca;2018-06-16T22:55:00-04:00;23.1;0.0;5.5;nan;Partially cloudy
1291753;67632;5717e052498ea14d53b097f0;2018-06-16T23:45:00-04:00;22.8;0.0;7.9;nan;Clear
1295098;67864;57ab90ca498e7d61e13a6985;2018-04-05T03:45:00-04:00;2.9;0.0;29.5;nan;Partially cloudy
1295523;67890;4bcf9774a8b3a5939497625f;2017-12-11T01:15:00-05:00;2.2;0.0;10.8;nan;Overcast
1295529;67890;52eddc12498e40bb655e0d7a;2018-02-03T21:15:00-05:00;-1.6;0.0;13.9;nan;Partially cloudy
1295529;67890;4bcf9774a8b3a5939497625f;2018-02-03T22:14:00-05:00;-1.6;0.0;15.9;nan;Partially cloudy
1296275;67950;4b6b5abff964a520fb022ce3;2018-06-08T18:55:00-04:00;26.7;0.0;10.5;nan;Partially cloudy
1296275;67950;579c12cd498e6e815b3acf50;2018-06-08T20:03:00-04:00;26.1;0.0;3.9;nan;Partially cloudy
1299728;68227;4b40cf3df964a5206bbb25e3;2017-10-04T20:25:00-04:00;22.0;0.0;13.2;nan;Clear
1299769;68227;57b49df2498e4991755e961f;2018-06-04T23:20:00-04:00;17.0;0.0;6.8;nan;Partially cloudy
1299773;68227;49dcd4b4f964a520ad5f1fe3;2018-06-24T20:29:00-04:00;29.0;0.0;12.0;nan;Partially cloudy
1299773;68227;55103583498eed2d409b549a;2018-06-24T21:34:00-04:00;22.6;0.076;11.1;rain;Rain, Overcast
1299774;68227;59287ec99cadd905284e4052;2018-06-26T00:29:00-04:00;21.5;0.0;7.1;nan;Clear
1300385;68263;4abe7f9ef964a520068e20e3;2018-03-19T18:25:00-04:00;7.6;0.0;12.0;nan;Partially cloudy
1300385;68263;4b6b5abff964a520fb022ce3;2018-03-19T18:50:00-04:00;6.4;0.0;8.9;nan;Partially cloudy
1302905;68450;4165d880f964a5207e1d1fe3;2018-04-02T16:23:00-04:00;4.6;0.0;8.7;nan;Overcast
1302905;68450;4c35de72452620a1ba5d270f;2018-04-02T16:44:00-04:00;5.3;0.0;4.7;nan;Overcast
1302905;68450;4c36228418e72d7f004f14f5;2018-04-02T18:09:00-04:00;5.7;0.0;6.7;nan;Partially cloudy
1302905;68450;4a675deef964a52045c91fe3;2018-04-02T20:33:00-04:00;5.0;0.0;8.0;nan;Partially cloudy
1302905;68450;5787b68e498efcabbebba4f8;2018-04-02T21:28:00-04:00;5.0;0.0;8.0;nan;Partially cloudy
1302905;68450;4eb90d85722e09311d356915;2018-04-02T22:23:00-04:00;4.4;0.0;11.7;nan;Partially cloudy
1302905;68450;515abd65e4b08eda86b30e6e;2018-04-02T22:39:00-04:00;4.7;0.0;9.2;nan;Clear
1304601;68574;3fd66200f964a520d5e91ee3;2018-06-23T18:40:00-04:00;18.8;0.0;8.4;nan;Overcast
1304755;68584;4b6b5abff964a520fb022ce3;2018-06-10T20:35:00-04:00;17.1;0.0;3.0;nan;Overcast
1304826;68596;4eefd4506d86d722df8fd52e;2017-10-13T21:22:00-04:00;17.3;0.0;9.1;nan;Partially cloudy
1305450;68650;4c374bf80a71c9b6f2893ec9;2017-10-22T19:14:00-04:00;18.7;0.0;7.3;nan;Partially cloudy
1307046;68753;4c6832a6f984a593653e49f4;2017-10-05T21:02:00-04:00;25.3;0.0;14.6;nan;Partially cloudy
1307242;68773;4c374bf80a71c9b6f2893ec9;2018-01-13T16:17:00-05:00;-0.4;0.0;19.3;nan;Clear
1307242;68773;42daf100f964a52035261fe3;2018-01-13T17:22:00-05:00;-2.0;0.0;29.3;nan;Clear
1307680;68806;3fd66200f964a520dbe61ee3;2017-12-02T03:44:00-05:00;4.4;0.0;2.4;nan;Clear
1308148;68851;57f4fb59498efaaab7345b34;2017-10-13T19:54:00-04:00;17.5;0.0;8.9;nan;Overcast
1308152;68851;4b0d784cf964a520fb4823e3;2017-11-07T16:52:00-05:00;5.3;3.213;17.4;rain;Rain, Partially cloudy
1308170;68851;57f4fb59498efaaab7345b34;2018-01-16T18:55:00-05:00;0.6;0.0;9.8;nan;Overcast
1308173;68851;509fd01de4b070da0a9d3c24;2018-01-21T19:17:00-05:00;9.7;0.0;4.0;nan;Overcast
1308173;68851;57f4fb59498efaaab7345b34;2018-01-21T19:41:00-05:00;9.5;0.0;3.4;nan;Overcast
1308175;68851;4a1d6741f964a520727b1fe3;2018-01-26T22:57:00-05:00;1.1;0.0;8.1;nan;Clear
1308175;68851;4d7e74cde7e1721ef8cfe00b;2018-01-27T01:26:00-05:00;1.8;0.0;2.9;nan;Clear
1308177;68851;5806bab9d67c859f8d11140c;2018-01-28T21:25:00-05:00;8.6;0.0;8.4;nan;Partially cloudy
1308194;68852;42daf100f964a52035261fe3;2018-01-26T16:21:00-05:00;3.4;0.0;12.4;nan;Clear
1308194;68852;4165d880f964a5207e1d1fe3;2018-01-26T16:26:00-05:00;3.4;0.0;12.4;nan;Clear
1308194;68852;559ecd00498e965ccd39ea9f;2018-01-26T20:51:00-05:00;1.2;0.0;11.5;nan;Clear
1308318;68866;49e644c6f964a5202f641fe3;2017-11-01T20:06:00-04:00;13.2;0.0;8.5;nan;Partially cloudy
1308319;68866;4ad76597f964a5200e0a21e3;2017-11-02T23:01:00-04:00;18.1;0.0;6.8;nan;Partially cloudy
1308320;68866;4165d880f964a5207e1d1fe3;2017-11-03T15:24:00-04:00;23.2;0.0;12.5;nan;Partially cloudy
1308336;68869;4eb90d85722e09311d356915;2017-10-21T22:08:00-04:00;18.9;0.0;8.4;nan;Partially cloudy
1308512;68880;4b678d76f964a520ff542be3;2017-10-04T21:18:00-04:00;21.5;0.0;23.1;nan;Clear
1308512;68880;49c65aa8f964a52038571fe3;2017-10-04T22:03:00-04:00;20.7;0.0;21.6;nan;Clear
1308512;68880;41ddd100f964a520c21e1fe3;2017-10-04T22:59:00-04:00;20.0;0.0;14.8;nan;Clear
1309228;68931;49b87b8cf964a52044531fe3;2017-11-16T02:40:00-05:00;11.7;0.0;15.8;nan;Partially cloudy
1309459;68952;4b6b5abff964a520fb022ce3;2017-11-12T15:40:00-05:00;7.6;0.0;8.3;nan;Clear
1309459;68952;4eb90d85722e09311d356915;2017-11-12T16:49:00-05:00;6.5;0.0;3.9;nan;Partially cloudy
1309472;68952;4eb90d85722e09311d356915;2018-01-26T15:29:00-05:00;3.4;0.0;8.7;nan;Clear
1309472;68952;4aad466df964a5206f5f20e3;2018-01-26T15:47:00-05:00;3.4;0.0;12.4;nan;Clear
1309472;68952;4ac20140f964a520c29720e3;2018-01-26T21:02:00-05:00;1.2;0.0;11.5;nan;Clear
1309474;68952;49e7ce15f964a5201d651fe3;2018-02-14T02:12:00-05:00;2.0;0.0;7.2;nan;Overcast
1309475;68952;4eb90d85722e09311d356915;2018-02-22T17:15:00-05:00;3.2;1.695;17.7;rain;Rain, Overcast
1309475;68952;4ae8906ef964a52071b021e3;2018-02-22T17:17:00-05:00;3.2;1.695;17.7;rain;Rain, Overcast
1309634;68963;4be19fed1a44a593113a9287;2017-11-19T17:15:00-05:00;7.6;0.0;15.8;nan;Partially cloudy
1310091;68997;542074d8498e537b40b198ac;2017-10-04T23:33:00-04:00;19.3;0.0;16.5;nan;Clear
1310091;68997;49bc236af964a5201b541fe3;2017-10-05T04:09:00-04:00;18.6;0.0;14.4;nan;Overcast
1310095;68997;3fd66200f964a52083e61ee3;2017-10-29T02:39:00-04:00;17.6;0.0;19.6;nan;Partially cloudy
1310096;68997;4a6fa0abf964a520a4d61fe3;2017-11-05T19:36:00-05:00;15.8;0.0;2.6;nan;Partially cloudy
1310096;68997;4bc51cf40a30d13aafad599c;2017-11-05T21:13:00-05:00;16.3;0.0;6.5;nan;Partially cloudy
1310099;68997;4aac0035f964a520825b20e3;2017-11-25T21:16:00-05:00;12.3;0.0;5.0;nan;Partially cloudy
1310100;68997;4b648edcf964a52084bd2ae3;2017-12-04T21:16:00-05:00;9.9;0.0;12.5;nan;Partially cloudy
1310101;68997;526ac1b611d206c487db6d17;2017-12-06T00:47:00-05:00;14.3;0.0;18.3;nan;Overcast
1310101;68997;4116be80f964a520fc0b1fe3;2017-12-06T03:49:00-05:00;10.1;0.0;17.6;nan;Partially cloudy
1310104;68997;5771337f498e8ede582877bc;2017-12-15T00:14:00-05:00;-4.7;0.0;12.1;snow;Clear
1310104;68997;4d9669ed744f37045d15ba57;2017-12-15T01:17:00-05:00;-5.4;0.0;15.0;snow;Clear
1310105;68997;549dabec498eb47afce47921;2017-12-17T00:16:00-05:00;1.3;0.0;10.5;nan;Partially cloudy
1310106;68997;4e67acf2bd41e96a148c2a7c;2017-12-18T17:55:00-05:00;8.0;0.0;12.6;nan;Overcast
1310106;68997;52d1fc0b498ede513bb71ede;2017-12-18T18:38:00-05:00;8.0;0.0;16.0;nan;Overcast
1310110;68997;587012d1fad9dc2b0158b276;2018-02-03T01:12:00-05:00;-8.3;0.0;22.6;nan;Clear
1310110;68997;551c8be7498e3ebc8f1d0075;2018-02-03T02:45:00-05:00;-8.7;0.0;15.6;nan;Clear
1310116;68997;5898b973fc73d40bed68acb6;2018-04-29T17:20:00-04:00;12.4;0.0;18.4;nan;Overcast
1310116;68997;4a436c34f964a52085a61fe3;2018-04-29T19:02:00-04:00;10.8;0.0;19.2;nan;Overcast
1310118;68997;56f73e71498efedad2c1e41c;2018-05-13T03:09:00-04:00;11.2;0.0;3.9;nan;Overcast
1310119;68997;4b648edcf964a52084bd2ae3;2018-05-18T21:55:00-04:00;14.3;0.0;15.3;nan;Overcast
1310120;68997;56f73e71498efedad2c1e41c;2018-05-20T03:07:00-04:00;13.9;0.0;1.2;nan;Overcast
1310124;68997;49c65aa8f964a52038571fe3;2018-06-03T04:30:00-04:00;16.8;0.0;15.2;nan;Overcast
1310125;68997;5355a5ca498e506aae75edb7;2018-06-14T03:16:00-04:00;22.9;0.0;20.1;nan;Partially cloudy
1310127;68997;4f0f47650cd695a0e54cb438;2018-06-29T03:10:00-04:00;22.7;0.0;5.3;nan;Clear
1310128;68997;47111950f964a5209e4b1fe3;2018-07-14T03:01:00-04:00;22.8;0.0;8.2;nan;Clear
1310139;68997;4a70e5d0f964a520b8d81fe3;2018-09-15T02:13:00-04:00;21.1;0.0;7.7;nan;Partially cloudy
1310140;68997;4fd244dce4b03e7cee3dd4b1;2018-10-06T19:39:00-04:00;19.0;0.0;5.2;nan;Overcast
1310140;68997;5ab51b6aa4b51b3dc096ed68;2018-10-06T19:50:00-04:00;19.0;0.0;5.2;nan;Overcast
1312369;69168;480f463ef964a5202a4f1fe3;2017-10-13T22:21:00-04:00;17.3;0.0;8.3;nan;Partially cloudy
1313436;69247;50474d91e4b0ea030c26e87b;2017-10-21T14:51:00-04:00;25.9;0.0;7.4;nan;Partially cloudy
1313436;69247;4aad466df964a5206f5f20e3;2017-10-21T15:19:00-04:00;25.9;0.0;7.4;nan;Partially cloudy
1313436;69247;4bc24023461576b056237d32;2017-10-21T15:56:00-04:00;24.5;0.0;9.8;nan;Partially cloudy
1313436;69247;4b6b5abff964a520fb022ce3;2017-10-21T16:13:00-04:00;24.5;0.0;9.8;nan;Partially cloudy
1313436;69247;507f06e9e4b0d2368fcbada4;2017-10-21T17:28:00-04:00;23.0;0.0;10.4;nan;Partially cloudy
1313436;69247;53eba911498e9b26cc64bdff;2017-10-21T18:18:00-04:00;21.5;0.0;4.5;nan;Partially cloudy
1313436;69247;4a675deef964a52045c91fe3;2017-10-21T18:50:00-04:00;19.6;0.0;4.5;nan;Partially cloudy
1313436;69247;3fd66200f964a520d9f11ee3;2017-10-21T18:51:00-04:00;19.6;0.0;4.5;nan;Partially cloudy
1313436;69247;4b996536f964a520467835e3;2017-10-21T23:14:00-04:00;18.6;0.0;9.4;nan;Partially cloudy
1313436;69247;4c51cd3cbfc6ef3b6def3e9c;2017-10-21T23:19:00-04:00;18.6;0.0;9.4;nan;Partially cloudy
1313436;69247;5984eeb39be522744003dee5;2017-10-22T01:48:00-04:00;17.2;0.0;1.2;nan;Clear
1313787;69273;4d7e74cde7e1721ef8cfe00b;2017-10-28T03:31:00-04:00;12.8;0.0;1.7;nan;Clear
1313815;69273;57218ba5498eb662eaa1e121;2018-03-31T00:01:00-04:00;7.4;0.0;17.4;nan;Clear
1313819;69273;457be73df964a520f73e1fe3;2018-04-19T23:44:00-04:00;4.0;0.0;17.7;nan;Clear
1313840;69273;5b4fc2b467af3a002c9ab00f;2018-08-19T21:56:00-04:00;22.5;0.0;9.8;nan;Overcast
1313840;69273;4d7e74cde7e1721ef8cfe00b;2018-08-20T02:30:00-04:00;21.2;0.0;14.4;nan;Overcast
1316977;69535;53a5f4f0498e1d1f0be9ad8e;2017-10-07T15:48:00-04:00;24.6;0.0;12.0;nan;Partially cloudy
1316977;69535;547113b8498ec02dd22ab440;2017-10-07T16:49:00-04:00;24.8;0.0;12.8;nan;Partially cloudy
1316977;69535;431e2d80f964a52079271fe3;2017-10-07T20:25:00-04:00;23.0;0.0;14.5;nan;Clear
1317242;69555;4abe7f9ef964a520068e20e3;2018-06-23T17:30:00-04:00;19.0;0.0;9.5;nan;Overcast
1317311;69563;4c42383fff711b8dbe381305;2017-10-28T15:00:00-04:00;20.3;0.0;23.1;nan;Partially cloudy
1320678;69781;4eb13d68e5e8c0f5bd2fd983;2017-10-15T18:27:00-04:00;21.4;0.0;21.3;nan;Overcast
1320894;69794;4bdef6f3ffdec928cc3feaa1;2017-10-04T22:26:00-04:00;20.7;0.0;21.6;nan;Clear
1322043;69865;4abe7f9ef964a520068e20e3;2018-07-02T20:10:00-04:00;28.9;0.0;8.3;nan;Clear
1322888;69909;4b40cf3df964a5206bbb25e3;2017-11-22T22:25:00-05:00;3.1;0.0;26.8;nan;Clear
1323254;69934;3fd66200f964a5202ce71ee3;2018-01-07T15:25:00-05:00;-8.3;0.0;10.3;nan;Clear
1323254;69934;55416d48498e3ede2bd8118d;2018-01-07T17:54:00-05:00;-8.2;0.0;17.5;nan;Partially cloudy
1324417;70014;59d55307d48ec12ba0df430e;2017-10-05T00:32:00-04:00;19.0;0.0;16.3;nan;Partially cloudy
1324431;70014;4a01ee7bf964a52010711fe3;2017-12-16T19:53:00-05:00;3.2;0.0;9.5;nan;Overcast
1324431;70014;4f22ca77e4b0ed3396a83a05;2017-12-16T21:27:00-05:00;3.0;0.0;10.2;nan;Overcast
1324692;70031;57c98c00498ede2ae6ad9755;2018-02-08T17:32:00-05:00;-0.6;0.0;10.1;nan;Overcast
1324693;70031;515abd65e4b08eda86b30e6e;2018-02-09T18:04:00-05:00;1.7;0.0;10.7;nan;Partially cloudy
1324693;70031;52ce0173498e800c8e2dcc50;2018-02-09T22:29:00-05:00;3.1;0.0;11.7;nan;Partially cloudy
1324694;70031;566ccc9e498e30e477702118;2018-02-10T16:41:00-05:00;8.0;0.108;5.4;rain;Rain, Overcast
1326170;70131;584067e6b50d521817d726a1;2017-11-02T15:24:00-04:00;22.2;0.0;11.9;nan;Partially cloudy
1326172;70131;49de7429f964a52053601fe3;2017-11-15T23:12:00-05:00;9.8;0.0;9.1;nan;Partially cloudy
1326172;70131;580820a638fae571fa62c326;2017-11-16T03:28:00-05:00;11.7;0.0;15.8;nan;Partially cloudy
1326174;70131;49de7429f964a52053601fe3;2017-11-22T19:31:00-05:00;4.6;0.0;22.3;nan;Partially cloudy
1326177;70131;5a2d92784420d862a9ecc32d;2017-12-22T20:37:00-05:00;6.3;0.0;13.4;nan;Partially cloudy
1326179;70131;49de7429f964a52053601fe3;2018-01-24T19:25:00-05:00;0.8;0.0;17.8;nan;Clear
1326182;70131;584067e6b50d521817d726a1;2018-02-10T19:08:00-05:00;7.1;1.039;4.2;rain;Rain, Overcast
1326192;70131;49de7429f964a52053601fe3;2018-03-29T21:49:00-04:00;9.6;0.0;9.8;nan;Overcast
1326192;70131;560d1028498eee2df9f982f0;2018-03-29T23:29:00-04:00;9.1;0.0;14.1;nan;Overcast
1326405;70144;4b6b5abff964a520fb022ce3;2018-04-07T21:14:00-04:00;6.3;0.0;12.6;nan;Overcast
1326707;70157;4b6b5abff964a520fb022ce3;2017-11-18T15:37:00-05:00;10.7;0.039;10.7;rain;Rain, Partially cloudy
1327175;70193;42893400f964a52054231fe3;2018-02-18T19:17:00-05:00;5.1;0.0;8.4;nan;Partially cloudy
1327913;70255;4b6b5abff964a520fb022ce3;2018-01-02T18:51:00-05:00;-5.0;0.0;16.1;nan;Clear
1327914;70255;4b996536f964a520467835e3;2018-01-03T23:22:00-05:00;-1.9;0.0;10.7;rain,snow;Overcast
1329297;70329;4d03ae3437036dcbfba10bfb;2018-06-10T17:08:00-04:00;18.5;48.0;2.9;rain;Rain, Overcast
1329382;70337;40f1d480f964a5205b0a1fe3;2017-10-28T05:37:00-04:00;12.6;0.0;4.5;nan;Clear
1329701;70355;49f125dcf964a52091691fe3;2017-11-19T21:25:00-05:00;7.0;0.0;16.2;nan;Partially cloudy
1329822;70366;42daf100f964a52035261fe3;2017-11-10T16:05:00-05:00;1.1;0.0;25.0;nan;Clear
1329822;70366;42893400f964a52054231fe3;2017-11-10T17:06:00-05:00;-0.1;0.0;25.6;nan;Clear
1329822;70366;4bc24023461576b056237d32;2017-11-10T20:01:00-05:00;-2.3;0.0;33.5;nan;Clear
1329824;70366;4b6b5abff964a520fb022ce3;2017-11-13T21:53:00-05:00;5.1;0.0;9.2;nan;Clear
1331308;70470;57c98c00498ede2ae6ad9755;2017-11-21T09:51:00-05:00;10.4;0.0;16.1;nan;Clear
1331855;70507;4a01ee7bf964a52010711fe3;2017-10-04T23:11:00-04:00;20.0;0.0;14.8;nan;Clear
1332527;70555;515abd65e4b08eda86b30e6e;2017-10-12T21:15:00-04:00;15.3;0.0;13.8;nan;Partially cloudy
1332527;70555;45e3ee77f964a5203a431fe3;2017-10-13T00:00:00-04:00;13.5;0.0;14.5;nan;Partially cloudy
1332527;70555;593332f9123a1963f539daa0;2017-10-13T00:33:00-04:00;13.4;0.0;13.9;nan;Clear
1332801;70573;57470da2498ed71d9912da41;2018-01-13T22:15:00-05:00;-6.1;0.0;14.9;nan;Clear
1334104;70635;4a149749f964a52055781fe3;2017-10-15T18:27:00-04:00;21.4;0.0;21.3;nan;Overcast
1334104;70635;58167e4c38fa462c38c36daf;2017-10-15T21:46:00-04:00;20.8;0.0;23.1;nan;Overcast
1334879;70679;3fd66200f964a5209fea1ee3;2018-05-15T21:36:00-04:00;19.6;0.0;2.4;nan;Overcast
1334890;70679;507e0b2e011ca7f458d10d2f;2018-07-10T18:05:00-04:00;33.6;0.0;13.4;nan;Clear
1334896;70679;4ad0ec5df964a52023db20e3;2018-10-07T14:54:00-04:00;26.1;0.0;6.3;nan;Partially cloudy
1334896;70679;4a44cd95f964a5208fa71fe3;2018-10-07T17:04:00-04:00;26.2;0.0;0.9;nan;Overcast
1335655;70744;4d77976f6af42d43120282f7;2017-11-03T15:40:00-04:00;23.2;0.0;15.2;nan;Partially cloudy
1335656;70744;56253720498eafa9acbe4f14;2017-11-04T18:44:00-04:00;11.4;0.0;9.0;nan;Partially cloudy
1335685;70745;4e345b98d22d86185a608ab8;2018-07-17T17:11:00-04:00;22.4;1.879;1.2;rain;Rain, Overcast
1338980;70984;56dcacb9498e12e3c47eb759;2017-10-05T23:03:00-04:00;22.3;0.0;9.5;nan;Partially cloudy
1338980;70984;41e46880f964a520d41e1fe3;2017-10-06T02:20:00-04:00;21.5;0.0;7.8;nan;Partially cloudy
1338990;70984;5591c747498e45ec0b8171f1;2017-11-18T19:24:00-05:00;9.3;0.825;8.7;rain;Rain, Partially cloudy
1338990;70984;3fd66200f964a520b1ea1ee3;2017-11-19T05:20:00-05:00;14.2;2.773;15.8;rain;Rain, Overcast
1339004;70984;3fd66200f964a520ece31ee3;2018-01-13T17:55:00-05:00;-3.6;0.0;23.5;nan;Clear
1339004;70984;4a1dd407f964a5209c7b1fe3;2018-01-13T21:36:00-05:00;-6.1;0.0;14.9;nan;Clear
1339007;70984;59713cc87564f739c83beee8;2018-01-27T21:07:00-05:00;12.3;0.0;11.0;nan;Partially cloudy
1339007;70984;56ddc1f8cd1028ec415bf35a;2018-01-27T21:17:00-05:00;12.3;0.0;11.0;nan;Partially cloudy
1339011;70984;4aad744bf964a520606020e3;2018-03-01T00:01:00-05:00;12.9;0.0;9.6;nan;Overcast
1339029;70984;4785ef6ff964a520354d1fe3;2018-06-01T19:15:00-04:00;25.1;0.0;2.9;nan;Partially cloudy
1339029;70984;590a00e74febd55af43a8267;2018-06-01T20:56:00-04:00;22.9;0.0;3.0;nan;Partially cloudy
1339034;70984;59287ec99cadd905284e4052;2018-07-07T22:58:00-04:00;18.9;0.0;4.1;nan;Clear
1339034;70984;5547ffe8498ec8a2c668a412;2018-07-07T23:51:00-04:00;18.6;0.0;3.3;nan;Clear
1339036;70984;578692f4498e1054905dbde7;2018-07-15T03:21:00-04:00;22.0;0.325;5.8;rain;Rain, Overcast
1339050;70984;57e4150d498efb6fccc24a4e;2018-09-30T18:34:00-04:00;18.7;0.0;5.3;nan;Partially cloudy
1339050;70984;49e74532f964a52081641fe3;2018-09-30T19:13:00-04:00;18.7;0.0;5.3;nan;Partially cloudy
1339052;70984;4dfaacb9d4c01451df566572;2018-10-13T23:03:00-04:00;10.4;0.0;11.2;nan;Clear
1339052;70984;49f220a3f964a520ee691fe3;2018-10-13T23:13:00-04:00;10.4;0.0;11.2;nan;Clear
1339052;70984;48c91543f964a520e4511fe3;2018-10-14T00:16:00-04:00;10.2;0.0;11.2;nan;Clear
1339052;70984;4ba4215ff964a5208f8438e3;2018-10-14T01:19:00-04:00;9.8;0.0;10.7;nan;Clear
1339377;71013;59e7bfa8356b4970aea1be3f;2018-08-27T22:31:00-04:00;29.3;0.0;9.1;nan;Partially cloudy
1339377;71013;4d03ae3437036dcbfba10bfb;2018-08-28T03:10:00-04:00;27.2;0.0;4.3;nan;Partially cloudy
1339595;71026;3fd66200f964a520daf11ee3;2018-01-28T01:15:00-05:00;12.2;0.0;11.7;nan;Overcast
1339600;71026;58a4ad2a5e56b4730c8fcfe8;2018-02-18T19:18:00-05:00;5.1;0.0;8.4;nan;Partially cloudy
1339708;71035;59b1a2c26f706a0386a30602;2017-11-08T20:58:00-05:00;7.6;0.0;9.4;nan;Clear
1339708;71035;590bbf91b3d8e268790ce641;2017-11-08T22:08:00-05:00;6.9;0.0;8.4;nan;Clear
1339771;71037;509fd01de4b070da0a9d3c24;2017-12-24T04:05:00-05:00;3.8;0.0;15.7;nan;Clear
1339771;71037;4abe7f9ef964a520068e20e3;2017-12-24T04:06:00-05:00;3.8;0.0;15.7;nan;Clear
1340068;71052;58f54555e2ead178a41de832;2017-12-19T19:50:00-05:00;11.7;0.0;17.7;nan;Clear
1340068;71052;57435923498e13904f902552;2017-12-20T02:32:00-05:00;10.1;0.0;15.7;nan;Partially cloudy
1342022;71202;540e547e498e51456fa10db9;2018-03-11T00:29:00-05:00;2.3;0.0;15.9;nan;Partially cloudy
1342160;71211;49e7ce15f964a5201d651fe3;2018-07-15T20:29:00-04:00;27.5;0.0;12.1;nan;Clear
1342511;71245;564d067f38fafdd033f84d26;2018-01-24T18:48:00-05:00;0.8;0.0;17.8;nan;Clear
1342959;71282;4eb90d85722e09311d356915;2017-10-21T21:59:00-04:00;18.9;0.0;8.4;nan;Partially cloudy
1342966;71282;45be8decf964a5201a421fe3;2017-11-17T02:40:00-05:00;6.0;0.0;20.9;nan;Partially cloudy
1342966;71282;40b52f80f964a5205a001fe3;2017-11-17T02:54:00-05:00;6.0;0.0;20.9;nan;Partially cloudy
1342966;71282;54f27deb498e47a670f5e399;2017-11-17T03:21:00-05:00;6.0;0.0;20.9;nan;Partially cloudy
1342971;71282;57acc558498e036ce8f2b0b4;2017-12-09T01:58:00-05:00;2.0;0.0;3.2;nan;Overcast
1344345;71378;49b87b8cf964a52044531fe3;2018-09-01T00:28:00-04:00;22.4;0.0;13.0;nan;Overcast
1344346;71378;509d636e5d2463e87154805d;2018-09-01T19:15:00-04:00;23.3;0.0;5.9;nan;Overcast
1344346;71378;42893400f964a52054231fe3;2018-09-01T21:03:00-04:00;22.4;0.0;8.3;nan;Overcast
1344620;71400;4b40cf3df964a5206bbb25e3;2017-10-22T15:41:00-04:00;22.8;0.0;10.2;nan;Partially cloudy
1344620;71400;4bac00a1f964a52025dd3ae3;2017-10-22T16:08:00-04:00;22.8;0.0;10.2;nan;Partially cloudy
1344622;71400;59f38be7175562651c451266;2017-11-05T20:45:00-05:00;16.3;0.0;6.5;nan;Partially cloudy
1344622;71400;579c12cd498e6e815b3acf50;2017-11-05T22:03:00-05:00;16.1;0.0;3.2;nan;Overcast
1345059;71422;4c374bf80a71c9b6f2893ec9;2017-10-25T23:05:00-04:00;15.9;0.0;13.0;nan;Overcast
1345061;71422;4eb13d68e5e8c0f5bd2fd983;2017-11-05T20:41:00-05:00;16.3;0.0;6.5;nan;Partially cloudy
1345061;71422;53ab0af5498e13bffddb8d96;2017-11-05T21:47:00-05:00;16.1;0.0;3.2;nan;Overcast
1345093;71425;59287ec99cadd905284e4052;2018-06-01T21:27:00-04:00;22.9;0.0;3.0;nan;Partially cloudy
1345100;71426;4edec6e40e01ed773a8ddf4e;2017-10-05T00:09:00-04:00;19.3;0.0;16.5;nan;Clear
1345100;71426;4cc60b7a82388cfad0727935;2017-10-05T03:04:00-04:00;18.9;0.0;13.9;nan;Overcast
1345101;71426;55b7dd92498e88a1ea18d3f8;2017-10-05T13:16:00-04:00;26.8;0.0;12.9;nan;Partially cloudy
1345101;71426;5370d71f498e0a21ab202751;2017-10-05T14:59:00-04:00;27.5;0.0;10.4;nan;Partially cloudy
1345102;71426;431e2d80f964a52079271fe3;2017-10-06T22:28:00-04:00;22.3;0.0;3.3;nan;Partially cloudy
1348005;71608;4af08639f964a520e8dc21e3;2017-12-19T17:06:00-05:00;12.7;0.0;19.3;nan;Partially cloudy
1348005;71608;49d2b43ef964a520cb5b1fe3;2017-12-19T17:13:00-05:00;12.7;0.0;19.3;nan;Partially cloudy
1348015;71608;3fd66200f964a520d5e91ee3;2018-02-25T16:34:00-05:00;6.0;0.0;10.6;nan;Overcast
1348015;71608;4df167c8d22d8c5470d5058c;2018-02-25T16:47:00-05:00;6.0;0.0;10.6;nan;Overcast
1349683;71693;4abe7f9ef964a520068e20e3;2018-10-05T21:42:00-04:00;18.5;0.0;4.8;nan;Overcast
1349861;71701;431f7f00f964a52085271fe3;2018-06-22T18:35:00-04:00;21.4;0.0;6.2;nan;Partially cloudy
1349881;71702;4165d880f964a5207e1d1fe3;2017-12-30T21:38:00-05:00;-5.7;0.039;14.3;snow;Snow, Partially cloudy
1349881;71702;42893400f964a52054231fe3;2017-12-30T21:40:00-05:00;-5.7;0.039;14.3;snow;Snow, Partially cloudy
1350607;71755;509fd01de4b070da0a9d3c24;2018-04-21T22:31:00-04:00;12.5;0.0;9.3;nan;Partially cloudy
1350607;71755;559ecd00498e965ccd39ea9f;2018-04-21T22:51:00-04:00;12.5;0.0;9.3;nan;Partially cloudy
1350607;71755;5787b68e498efcabbebba4f8;2018-04-21T23:54:00-04:00;11.9;0.0;14.1;nan;Partially cloudy
1351327;71802;515074c5e4b022f355fc43a7;2018-04-18T21:34:00-04:00;10.1;0.0;9.2;nan;Clear
1351773;71829;3fd66200f964a520d8f11ee3;2017-10-07T22:49:00-04:00;22.3;0.0;11.9;nan;Partially cloudy
1351774;71829;4165d880f964a5207e1d1fe3;2017-10-08T20:03:00-04:00;24.6;0.0;10.9;nan;Partially cloudy
1351774;71829;4a675deef964a52045c91fe3;2017-10-08T21:49:00-04:00;24.9;0.0;1.2;nan;Partially cloudy
1352509;71875;5984eeb39be522744003dee5;2018-06-15T14:56:00-04:00;23.8;0.0;6.9;nan;Partially cloudy
1352509;71875;4bc24023461576b056237d32;2018-06-15T15:30:00-04:00;23.8;0.0;6.9;nan;Partially cloudy
1352509;71875;42893400f964a52054231fe3;2018-06-15T20:54:00-04:00;22.1;0.0;2.1;nan;Partially cloudy
1352847;71896;5998e49dc666662a7e02525e;2017-10-13T03:24:00-04:00;11.7;0.0;13.9;nan;Partially cloudy
1353173;71910;3fd66200f964a52067e61ee3;2017-12-15T16:28:00-05:00;-4.1;0.423;10.2;snow;Snow, Partially cloudy
1353179;71910;4ad68c35f964a520c20721e3;2017-12-27T22:19:00-05:00;-7.3;0.0;13.9;nan;Clear
1353196;71910;51b77ea1454a57610205b352;2018-05-10T20:02:00-04:00;17.3;0.0;10.7;nan;Partially cloudy
1353925;71962;4e4dd62dbd4101d0d79c5e6c;2018-04-06T13:47:00-04:00;9.7;0.0;11.7;nan;Overcast
1355683;72087;54f27deb498e47a670f5e399;2017-11-06T03:35:00-05:00;16.1;0.0;9.0;nan;Overcast
1355693;72087;4b60c708f964a520d0f829e3;2018-02-25T03:51:00-05:00;5.7;0.367;12.0;rain;Rain, Overcast
1355739;72090;4a7a06f2f964a52039e81fe3;2017-11-19T21:33:00-05:00;6.3;0.0;20.6;nan;Partially cloudy
1355739;72090;5074abbc5262942a6abb84ae;2017-11-19T22:09:00-05:00;6.3;0.0;20.6;nan;Partially cloudy
1357588;72200;50bcb93ae4b0efcb4c84d434;2018-06-16T01:46:00-04:00;19.7;0.0;9.2;nan;Clear
1358682;72273;49ff62f9f964a52013701fe3;2017-11-10T20:16:00-05:00;-2.3;0.0;33.5;nan;Clear
1360445;72368;5467ceec498e1b95c0575e73;2017-11-04T02:36:00-04:00;9.6;0.0;9.3;nan;Partially cloudy
1360461;72368;5748ddc7498eccc42296396b;2018-02-04T00:54:00-05:00;-1.1;0.0;11.8;nan;Overcast
1360461;72368;4a411ea5f964a520cba41fe3;2018-02-04T05:31:00-05:00;0.4;0.0;9.9;nan;Overcast
1360559;72380;4e4190fafa762ad6d846f883;2017-12-08T20:09:00-05:00;2.5;0.0;7.6;nan;Overcast
1360566;72380;5991933ec0f1632f70b55347;2018-01-09T23:55:00-05:00;1.1;0.0;10.2;nan;Clear
1360576;72380;56f1c2a6498e96c5d9e9a31e;2018-02-08T15:37:00-05:00;-0.1;0.0;9.6;nan;Partially cloudy
1360576;72380;5a387ba8838e597257b20ed7;2018-02-08T15:38:00-05:00;-0.1;0.0;9.6;nan;Partially cloudy
1360576;72380;57583641498e90001a32e13e;2018-02-08T16:26:00-05:00;-0.1;0.0;9.6;nan;Partially cloudy
1361044;72419;4c374bf80a71c9b6f2893ec9;2018-05-06T18:24:00-04:00;16.2;0.0;14.6;nan;Overcast
1361044;72419;3fd66200f964a52067e61ee3;2018-05-06T22:18:00-04:00;13.8;0.0;2.4;nan;Partially cloudy
1361044;72419;5984eeb39be522744003dee5;2018-05-07T00:17:00-04:00;14.2;0.0;4.2;nan;Overcast
1361044;72419;4b6b5abff964a520fb022ce3;2018-05-07T00:47:00-04:00;14.2;0.0;2.4;nan;Overcast
1361047;72419;42893400f964a52054231fe3;2018-05-09T17:32:00-04:00;19.7;0.0;11.7;nan;Partially cloudy
1361485;72448;53611b4b498e99f52a28cb32;2017-10-26T00:56:00-04:00;14.4;0.0;17.3;nan;Overcast
1362139;72488;4b4277fbf964a52086d425e3;2017-10-11T14:27:00-04:00;23.8;0.0;13.6;nan;Partially cloudy
1362139;72488;579ce65c498e7375adeff1e8;2017-10-11T15:14:00-04:00;23.5;0.0;14.6;nan;Partially cloudy
1364150;72634;51bb9282498e56a7521f9983;2017-10-27T10:59:00-04:00;13.3;0.0;6.7;nan;Clear
1365255;72704;4fbbd9ede4b0756c0d4c2364;2017-12-22T19:14:00-05:00;8.8;0.0;5.3;nan;Overcast
1365255;72704;57ab90ca498e7d61e13a6985;2017-12-23T00:30:00-05:00;4.3;0.0;11.7;nan;Partially cloudy
1366509;72803;5a9069c3c62b493a334d5a12;2018-09-08T18:27:00-04:00;18.2;0.0;15.6;nan;Overcast
1367708;72904;5ada32224f0e584592628c1f;2018-10-01T16:15:00-04:00;23.8;0.0;7.6;nan;Overcast
1367857;72913;4c2ba1f857a9c9b67138f667;2018-06-22T17:22:00-04:00;22.3;0.0;7.9;nan;Partially cloudy
1368436;72954;537ae03e498eddb91b359eb8;2017-10-31T23:39:00-04:00;8.6;0.0;11.9;nan;Clear
1368436;72954;3fd66200f964a5206be61ee3;2017-10-31T23:58:00-04:00;8.6;0.0;11.9;nan;Clear
1370136;73054;4b3a50c6f964a520796425e3;2018-03-27T15:44:00-04:00;6.7;0.0;7.3;nan;Partially cloudy
1370136;73054;42893400f964a52054231fe3;2018-03-27T18:23:00-04:00;5.6;0.0;10.2;nan;Partially cloudy
1370136;73054;4a44cd95f964a5208fa71fe3;2018-03-27T19:39:00-04:00;5.4;0.0;4.5;nan;Overcast
1370138;73054;4edd43af7bebc29455367992;2018-03-29T16:14:00-04:00;11.3;0.0;8.0;nan;Overcast
1370140;73054;4ae8906ef964a52071b021e3;2018-03-31T14:22:00-04:00;12.7;0.0;7.2;nan;Clear
1370140;73054;515abd65e4b08eda86b30e6e;2018-03-31T14:38:00-04:00;13.4;0.0;14.6;nan;Clear
1370140;73054;4b40cf3df964a5206bbb25e3;2018-03-31T17:29:00-04:00;10.8;0.0;19.5;nan;Clear
1371192;73125;54242f3a498e53a21ee14b81;2018-10-12T14:56:00-04:00;15.7;0.0;20.6;nan;Clear
1372610;73244;4abe7f9ef964a520068e20e3;2018-04-20T20:05:00-04:00;6.9;0.0;19.2;nan;Clear
1372611;73244;4b40cf3df964a5206bbb25e3;2018-04-21T18:37:00-04:00;15.7;0.0;15.3;nan;Partially cloudy
1372611;73244;49f20602f964a520d4691fe3;2018-04-21T19:36:00-04:00;15.1;0.0;15.2;nan;Partially cloudy
1373189;73283;42893400f964a52054231fe3;2018-10-04T14:43:00-04:00;24.2;0.0;6.1;nan;Partially cloudy
1376100;73449;540d97b5498e05abd30fd5ca;2018-01-14T21:08:00-05:00;-7.9;0.0;20.2;nan;Clear
1376100;73449;509fd01de4b070da0a9d3c24;2018-01-14T21:15:00-05:00;-7.9;0.0;20.2;nan;Clear
1376100;73449;5915ebe68a6f17705d4d1e10;2018-01-14T21:38:00-05:00;-8.2;0.0;15.3;nan;Clear
1377297;73524;55103583498eed2d409b549a;2017-10-07T20:47:00-04:00;22.4;0.0;18.9;nan;Clear
1377374;73528;524f650e11d2b2e01dc964f8;2017-11-03T21:57:00-04:00;13.5;0.0;17.3;nan;Clear
1387157;74119;4a675deef964a52045c91fe3;2017-12-25T21:20:00-05:00;-1.6;0.0;22.4;nan;Clear
1390413;74298;59480a78f62e090a3b4d6eb7;2017-10-05T22:27:00-04:00;24.3;0.0;10.1;nan;Partially cloudy
1394545;74540;42893400f964a52054231fe3;2017-11-05T16:33:00-05:00;15.0;0.115;4.5;rain;Rain, Overcast
1394545;74540;4df8c50252b1e8ca02cfa35a;2017-11-05T17:38:00-05:00;15.8;0.0;9.8;nan;Overcast
1394545;74540;4b6b5abff964a520fb022ce3;2017-11-05T19:32:00-05:00;15.8;0.0;2.6;nan;Partially cloudy
1396961;74649;4abe7f9ef964a520068e20e3;2018-10-02T16:05:00-04:00;24.7;0.0;11.3;nan;Overcast
1396961;74649;5941c0abf193c012d47fc4e8;2018-10-02T16:42:00-04:00;24.8;0.0;13.5;nan;Partially cloudy
1396962;74649;42893400f964a52054231fe3;2018-10-03T17:01:00-04:00;22.4;0.0;5.8;nan;Partially cloudy
1396962;74649;4a44cd95f964a5208fa71fe3;2018-10-03T17:31:00-04:00;22.3;0.0;5.3;nan;Partially cloudy
1396964;74649;4a675deef964a52045c91fe3;2018-10-05T19:22:00-04:00;18.5;0.0;7.6;nan;Partially cloudy
1407114;75254;4b996536f964a520467835e3;2018-07-20T01:28:00-04:00;22.0;0.0;3.9;nan;Clear
1407114;75254;558a03b5498eaa58d8dc5014;2018-07-20T02:00:00-04:00;21.9;0.0;3.3;nan;Clear
1407116;75254;559ecd00498e965ccd39ea9f;2018-07-22T17:30:00-04:00;25.1;0.0;14.0;nan;Overcast
1407116;75254;4bc72ae7af07a593909c7e2d;2018-07-22T17:52:00-04:00;24.7;0.126;10.4;rain;Rain, Overcast
1409205;75375;3fd66200f964a520daf11ee3;2018-08-08T21:35:00-04:00;28.4;0.0;9.9;nan;Partially cloudy
1409208;75375;4eb13d68e5e8c0f5bd2fd983;2018-08-12T14:26:00-04:00;28.2;0.0;12.7;nan;Partially cloudy
1409208;75375;42893400f964a52054231fe3;2018-08-12T15:23:00-04:00;27.0;0.0;5.7;nan;Partially cloudy
1409208;75375;579c12cd498e6e815b3acf50;2018-08-12T18:13:00-04:00;27.3;0.0;13.9;nan;Partially cloudy
1409208;75375;4eb90d85722e09311d356915;2018-08-12T18:50:00-04:00;26.4;0.0;10.0;nan;Partially cloudy
1409208;75375;5afe1a97c62b49002c806600;2018-08-13T01:50:00-04:00;23.9;0.0;11.4;nan;Overcast
1412176;75573;42daf100f964a52035261fe3;2017-10-20T15:12:00-04:00;23.0;0.0;13.1;nan;Clear
1412176;75573;4c35de72452620a1ba5d270f;2017-10-20T16:04:00-04:00;23.1;0.0;13.9;nan;Clear
1412176;75573;42893400f964a52054231fe3;2017-10-20T16:29:00-04:00;23.1;0.0;13.9;nan;Clear
1412176;75573;4a675deef964a52045c91fe3;2017-10-20T18:51:00-04:00;20.6;0.0;10.3;nan;Clear
1412176;75573;4b6b5abff964a520fb022ce3;2017-10-20T19:12:00-04:00;20.6;0.0;10.3;nan;Clear
1416802;75857;4ab7a271f964a520477a20e3;2018-05-27T17:35:00-04:00;15.4;0.0;23.0;nan;Overcast
1416802;75857;4abe7f9ef964a520068e20e3;2018-05-27T19:27:00-04:00;14.8;0.0;18.7;nan;Overcast
1416802;75857;4a83505ef964a520bffa1fe3;2018-05-27T22:37:00-04:00;13.9;0.0;13.9;nan;Overcast
1416802;75857;482c4142f964a520d14f1fe3;2018-05-27T23:05:00-04:00;13.9;0.0;13.9;nan;Overcast
1424109;76382;50474d91e4b0ea030c26e87b;2018-05-01T19:18:00-04:00;25.9;0.0;14.0;nan;Partially cloudy
1424109;76382;4c98d854d799a1cd97b6b552;2018-05-01T19:59:00-04:00;24.2;0.0;6.9;nan;Partially cloudy
1434287;77047;5904e291286fda74dee6d5f9;2017-10-14T17:29:00-04:00;21.8;0.0;2.1;nan;Overcast
1434287;77047;4c374bf80a71c9b6f2893ec9;2017-10-14T18:30:00-04:00;21.5;0.0;1.2;nan;Partially cloudy
1486013;80449;56d8c0f8498edb854f926e6a;2018-09-17T22:23:00-04:00;24.1;0.0;16.6;nan;Overcast
1489240;80622;431f7f00f964a52085271fe3;2018-08-14T17:07:00-04:00;23.6;7.69;6.2;rain;Rain, Partially cloudy
1500768;81268;57c43c98498e2696b402a527;2018-03-27T18:51:00-04:00;5.4;0.0;7.4;nan;Overcast
1507245;81646;49ff62f9f964a52013701fe3;2017-10-14T20:57:00-04:00;20.9;0.0;1.2;nan;Overcast
1514998;82060;3fd66200f964a520d8f11ee3;2017-12-12T17:05:00-05:00;6.4;0.0;19.2;nan;Partially cloudy
1524856;82647;4b6b5abff964a520fb022ce3;2018-02-18T21:46:00-05:00;4.0;0.0;5.4;nan;Clear
1524860;82647;4a7e3d0cf964a52088f11fe3;2018-07-20T01:05:00-04:00;22.0;0.0;3.9;nan;Clear
1531015;83003;42893400f964a52054231fe3;2018-08-21T13:48:00-04:00;25.2;0.0;10.0;nan;Overcast
1555739;84448;59b8c291a795bd49fe94b6b3;2017-10-09T20:46:00-04:00;24.5;0.0;11.2;nan;Partially cloudy
1555749;84448;50bcb93ae4b0efcb4c84d434;2018-02-13T22:48:00-05:00;2.0;0.0;6.3;nan;Overcast
1555749;84448;4ab27744f964a520486b20e3;2018-02-14T00:18:00-05:00;2.0;0.0;3.3;nan;Overcast
1555765;84448;52ad100d498eb6c1fda53c28;2018-07-11T17:52:00-04:00;27.0;0.0;6.4;nan;Partially cloudy
1555765;84448;4a455daff964a52014a81fe3;2018-07-11T22:00:00-04:00;23.9;0.0;4.0;nan;Overcast
1555767;84448;506ce45b45b0b18fd2dc0081;2018-08-01T23:24:00-04:00;27.8;0.0;11.5;nan;Clear
1555768;84448;4d35bd8998336dcb4d8344f0;2018-08-02T20:03:00-04:00;27.1;0.023;2.1;rain;Rain, Partially cloudy
1555768;84448;4b12cb6ff964a5204a8e23e3;2018-08-03T02:07:00-04:00;24.6;0.0;3.0;nan;Partially cloudy
1560152;84679;59f38be7175562651c451266;2017-12-07T17:27:00-05:00;6.3;0.0;9.6;nan;Clear
1572197;85385;5787b68e498efcabbebba4f8;2018-09-06T20:49:00-04:00;24.3;0.0;3.2;nan;Partially cloudy
1572197;85385;4ae8906ef964a52071b021e3;2018-09-06T21:27:00-04:00;24.3;0.0;3.2;nan;Partially cloudy
1579124;85843;4b55cd09f964a520acf027e3;2018-04-28T16:50:00-04:00;17.4;0.0;17.8;nan;Clear
1579125;85843;4abe7f9ef964a520068e20e3;2018-05-01T16:00:00-04:00;26.0;0.0;16.1;nan;Clear
1579125;85843;515abd65e4b08eda86b30e6e;2018-05-01T16:10:00-04:00;26.0;0.0;16.1;nan;Clear
1582078;86032;58ac81c5f16bb56972131ba2;2017-10-07T15:53:00-04:00;24.6;0.0;12.0;nan;Partially cloudy
1586114;86298;59f38be7175562651c451266;2017-11-24T20:16:00-05:00;8.3;0.0;9.8;nan;Clear
1586115;86298;5a0bcbfd67af3a0e3222df3d;2018-02-26T03:39:00-05:00;7.0;0.0;7.3;nan;Partially cloudy
1586116;86298;4a01ee7bf964a52010711fe3;2018-07-17T22:15:00-04:00;22.6;0.0;7.9;nan;Overcast
1586116;86298;551c8be7498e3ebc8f1d0075;2018-07-17T23:24:00-04:00;22.7;0.0;16.9;nan;Overcast
1586116;86298;5accb33d2c7eb96824340d53;2018-07-18T00:08:00-04:00;22.3;0.0;5.6;nan;Partially cloudy
1591201;86640;540d97b5498e05abd30fd5ca;2018-05-02T23:56:00-04:00;25.7;0.0;11.3;nan;Clear
1591202;86640;59792b2403369334be043a56;2018-05-03T18:40:00-04:00;31.4;0.0;16.6;nan;Partially cloudy
1591202;86640;49ff62f9f964a52013701fe3;2018-05-04T00:02:00-04:00;23.3;0.0;2.6;nan;Partially cloudy
1591203;86640;42893400f964a52054231fe3;2018-05-04T14:58:00-04:00;27.5;0.0;16.3;nan;Partially cloudy
1591203;86640;4a675deef964a52045c91fe3;2018-05-04T15:12:00-04:00;27.5;0.0;16.3;nan;Partially cloudy
1591203;86640;431f7f00f964a52085271fe3;2018-05-04T15:30:00-04:00;27.5;0.0;16.3;nan;Partially cloudy
1594405;86853;549430f6498edcbb09ab35c0;2017-11-03T17:31:00-04:00;21.9;0.0;14.8;nan;Overcast
1594405;86853;56623878498e5dafb6904636;2017-11-03T17:37:00-04:00;21.9;0.0;14.8;nan;Overcast
1594406;86853;4fdfe21ee4b0784e5ca85159;2017-11-08T00:57:00-05:00;4.0;0.0;17.0;nan;Partially cloudy
1594423;86853;457be73df964a520f73e1fe3;2018-06-23T15:54:00-04:00;18.6;0.0;12.7;nan;Overcast
1594423;86853;4fef2438e4b0f5b9d81b65c9;2018-06-23T17:55:00-04:00;18.7;0.0;7.1;nan;Overcast
1603903;87514;43c2d364f964a5204b2d1fe3;2018-08-10T21:57:00-04:00;27.2;0.0;3.4;nan;Overcast
1606541;87685;4c374bf80a71c9b6f2893ec9;2018-06-25T16:53:00-04:00;26.7;0.0;10.9;nan;Partially cloudy
1617795;88509;457be73df964a520f73e1fe3;2017-11-19T21:50:00-05:00;6.3;0.0;20.6;nan;Partially cloudy
1625806;89065;515abd65e4b08eda86b30e6e;2017-12-02T21:28:00-05:00;6.7;0.0;8.3;nan;Partially cloudy
1625806;89065;4eb90d85722e09311d356915;2017-12-02T22:49:00-05:00;6.8;0.0;3.4;nan;Partially cloudy
1627519;89205;4a871eb2f964a520b20220e3;2017-10-08T19:50:00-04:00;24.6;0.0;10.9;nan;Partially cloudy
1627519;89205;4d03ae3437036dcbfba10bfb;2017-10-08T20:56:00-04:00;25.0;0.0;9.6;nan;Partially cloudy
1627596;89209;3fd66200f964a52081e61ee3;2018-01-24T20:40:00-05:00;-1.0;0.0;22.1;nan;Clear
1627596;89209;3fd66200f964a52071e61ee3;2018-01-24T21:38:00-05:00;-1.5;0.0;23.3;nan;Clear
1627596;89209;3fd66200f964a5206fe61ee3;2018-01-24T22:20:00-05:00;-1.5;0.0;23.3;nan;Clear
1632312;89574;431f7f00f964a52085271fe3;2018-08-24T17:44:00-04:00;26.2;0.0;10.7;nan;Clear
1637591;89998;4d03ae3437036dcbfba10bfb;2017-12-29T23:23:00-05:00;-7.9;0.0;13.1;nan;Clear
1637591;89998;3fd66200f964a52070e91ee3;2017-12-30T00:29:00-05:00;-7.9;0.0;13.9;nan;Partially cloudy
1640240;90172;4f22ca77e4b0ed3396a83a05;2017-10-05T17:15:00-04:00;27.6;0.0;20.5;nan;Partially cloudy
1640257;90172;4f22ca77e4b0ed3396a83a05;2018-10-11T17:48:00-04:00;21.8;5.612;3.2;rain;Rain, Overcast
1640264;90173;42893400f964a52054231fe3;2017-11-19T18:13:00-05:00;7.6;0.0;16.7;nan;Partially cloudy
1646660;90703;509fd01de4b070da0a9d3c24;2018-08-02T21:13:00-04:00;26.9;0.024;1.2;rain;Rain, Partially cloudy
1650340;91009;58dadb65af5c14752548e96e;2018-01-12T21:32:00-05:00;11.8;2.544;11.8;rain;Rain, Overcast
1650340;91009;4c374bf80a71c9b6f2893ec9;2018-01-12T22:31:00-05:00;13.2;1.273;15.6;rain;Rain, Overcast
1650341;91009;57b77dd8498e2dc8c17f94c2;2018-01-14T18:57:00-05:00;-6.5;0.0;14.4;nan;Clear
1650343;91009;4cc60b7a82388cfad0727935;2018-02-02T23:40:00-05:00;-8.2;0.0;21.4;nan;Clear
1650343;91009;57755749498ea36b4bc9a775;2018-02-03T01:20:00-05:00;-8.3;0.0;22.6;nan;Clear
1650343;91009;422b9980f964a520d31f1fe3;2018-02-03T01:36:00-05:00;-8.7;0.0;14.6;nan;Clear
1650344;91009;4165d880f964a5207e1d1fe3;2018-02-04T21:53:00-05:00;6.8;5.003;9.0;rain;Rain, Overcast
1650356;91009;57470da2498ed71d9912da41;2018-04-14T20:11:00-04:00;12.2;0.0;16.9;nan;Overcast
1650357;91009;53861e0d498ec1985aa8b0a2;2018-04-22T19:43:00-04:00;13.0;0.0;10.8;nan;Clear
1650363;91009;549430f6498edcbb09ab35c0;2018-05-26T18:48:00-04:00;29.1;0.0;6.2;nan;Partially cloudy
1650365;91009;5202a6b2498eff2667698c71;2018-06-07T18:02:00-04:00;19.0;0.0;22.0;nan;Clear
1650365;91009;4af216e7f964a520d0e521e3;2018-06-07T19:34:00-04:00;17.5;0.0;11.3;nan;Clear
1650369;91009;49ff62f9f964a52013701fe3;2018-08-01T20:50:00-04:00;28.2;0.0;11.0;nan;Partially cloudy
1651980;91139;4a8d57e7f964a5207c0f20e3;2018-08-26T17:15:00-04:00;27.5;0.0;9.2;nan;Overcast
1651980;91139;4a675deef964a52045c91fe3;2018-08-26T17:34:00-04:00;27.4;0.0;15.3;nan;Overcast
1651980;91139;4abe7f9ef964a520068e20e3;2018-08-26T18:04:00-04:00;27.4;0.0;15.3;nan;Overcast
1651980;91139;42893400f964a52054231fe3;2018-08-26T22:17:00-04:00;27.1;0.0;12.1;nan;Clear
1651980;91139;4b6b5abff964a520fb022ce3;2018-08-26T23:56:00-04:00;26.3;0.0;8.1;nan;Clear
1657587;91572;507f06e9e4b0d2368fcbada4;2017-10-26T18:48:00-04:00;13.7;0.0;16.6;nan;Clear
1657587;91572;4adb46d8f964a5207c2521e3;2017-10-26T20:31:00-04:00;12.0;0.0;16.1;nan;Clear
1657919;91598;4b996536f964a520467835e3;2018-02-05T20:07:00-05:00;-2.0;0.0;13.9;nan;Clear
1657919;91598;4a675deef964a52045c91fe3;2018-02-05T22:01:00-05:00;-2.6;0.0;9.1;nan;Clear
1658210;91615;48c91543f964a520e4511fe3;2018-05-27T03:54:00-04:00;21.7;0.0;13.1;nan;Overcast
1658934;91663;57b4d7d7498e0b675b71f653;2018-01-26T18:39:00-05:00;1.1;0.0;11.9;nan;Clear
1658934;91663;57ab90ca498e7d61e13a6985;2018-01-26T22:35:00-05:00;1.1;0.0;8.1;nan;Clear
1658935;91663;50bcb93ae4b0efcb4c84d434;2018-01-28T02:28:00-05:00;12.1;0.0;13.2;nan;Overcast
1663084;91965;4d3f624e90f9224bef9ffc1d;2018-05-03T20:05:00-04:00;22.4;0.375;10.6;rain;Rain, Overcast
1663084;91965;5327321d498e3b494482e5f5;2018-05-03T23:18:00-04:00;22.8;0.0;0.0;nan;Overcast
1663524;92007;4e1b1806d4c0993513eb478f;2018-02-15T14:18:00-05:00;13.0;0.0;14.8;nan;Partially cloudy
1663524;92007;4a708e84f964a520d1d71fe3;2018-02-15T17:20:00-05:00;15.5;0.0;11.0;nan;Partially cloudy
1663524;92007;4b2b9539f964a520e0b724e3;2018-02-15T17:26:00-05:00;15.5;0.0;11.0;nan;Partially cloudy
1665134;92167;42daf100f964a52035261fe3;2018-05-19T15:46:00-04:00;12.9;0.067;8.7;rain;Rain, Overcast
1665134;92167;4ad0ec5df964a52023db20e3;2018-05-19T15:53:00-04:00;12.9;0.067;8.7;rain;Rain, Overcast
1665134;92167;4ab7a271f964a520477a20e3;2018-05-19T16:56:00-04:00;13.4;0.0;11.0;nan;Overcast
1665134;92167;4b08b795f964a5204b1123e3;2018-05-19T17:17:00-04:00;13.4;0.0;11.0;nan;Overcast
1665134;92167;4b6b5abff964a520fb022ce3;2018-05-19T17:48:00-04:00;13.3;0.0;7.8;nan;Overcast
1665354;92185;4a04ba93f964a52023721fe3;2017-12-06T21:18:00-05:00;4.6;0.0;10.0;nan;Partially cloudy
1670245;92626;58d2d521fb549a39850b04f6;2018-06-22T16:59:00-04:00;22.3;0.0;7.9;nan;Partially cloudy
1670245;92626;4b435e5ef964a52009df25e3;2018-06-22T17:47:00-04:00;21.8;0.0;13.6;nan;Partially cloudy
1670245;92626;4c35de72452620a1ba5d270f;2018-06-22T18:02:00-04:00;21.8;0.0;13.6;nan;Partially cloudy
1670245;92626;42893400f964a52054231fe3;2018-06-22T18:38:00-04:00;21.4;0.0;6.2;nan;Partially cloudy
1670245;92626;4a44cd95f964a5208fa71fe3;2018-06-22T19:59:00-04:00;20.6;0.0;12.8;nan;Partially cloudy
1670245;92626;4b996536f964a520467835e3;2018-06-22T22:01:00-04:00;19.9;0.0;6.2;nan;Partially cloudy
1671889;92744;4b214c87f964a520c73924e3;2017-11-28T14:37:00-05:00;10.8;0.0;10.7;nan;Partially cloudy
1671889;92744;3fd66200f964a52037e31ee3;2017-11-28T17:00:00-05:00;10.4;0.0;8.3;nan;Clear
1671895;92744;4b214c87f964a520c73924e3;2017-12-15T16:29:00-05:00;-4.1;0.423;10.2;snow;Snow, Partially cloudy
1671895;92744;3fd66200f964a52037e31ee3;2017-12-15T18:02:00-05:00;-4.2;0.967;7.8;snow;Snow, Partially cloudy
1671895;92744;55242cee498ef7f875331242;2017-12-15T18:39:00-05:00;-4.1;0.324;7.3;snow;Snow, Partially cloudy
1671895;92744;4bc21f2bb492d13af4ffa660;2017-12-15T18:53:00-05:00;-4.1;0.324;7.3;snow;Snow, Partially cloudy
1671910;92744;4eb90d85722e09311d356915;2018-02-25T01:48:00-05:00;6.2;0.0;16.3;nan;Overcast
1671915;92744;4ad35d08f964a520fae320e3;2018-03-11T20:30:00-04:00;5.8;0.0;8.7;nan;Clear
1671915;92744;4b1161f8f964a520557b23e3;2018-03-11T20:44:00-04:00;5.4;0.0;9.3;nan;Clear
1671915;92744;59ac4e16625a664f68391f55;2018-03-11T21:31:00-04:00;4.6;0.0;11.1;nan;Clear
1674119;92940;4a528be8f964a520b0b11fe3;2017-12-19T22:38:00-05:00;10.4;0.0;17.8;nan;Clear
1674122;92940;4a528be8f964a520b0b11fe3;2018-04-18T16:22:00-04:00;11.5;0.0;13.7;nan;Clear
1674122;92940;4b55cd09f964a520acf027e3;2018-04-19T00:00:00-04:00;9.6;0.0;7.1;nan;Overcast
1674648;92994;3fd66200f964a520d8f11ee3;2017-10-05T17:14:00-04:00;27.6;0.0;20.5;nan;Partially cloudy
1674650;92994;3fd66200f964a520d8f11ee3;2017-10-18T16:22:00-04:00;22.3;0.0;8.2;nan;Clear
1674654;92994;43a69d3ef964a5205d2c1fe3;2018-06-18T17:03:00-04:00;32.8;0.0;15.4;nan;Partially cloudy
1675494;93051;4b6b5abff964a520fb022ce3;2018-07-20T14:30:00-04:00;27.7;0.0;18.4;nan;Partially cloudy
1675494;93051;5018507fe4b03a729d0b40f9;2018-07-20T16:50:00-04:00;26.3;0.0;10.3;nan;Partially cloudy
1677683;93266;4b829e60f964a52007db30e3;2018-07-27T01:23:00-04:00;26.5;0.0;9.9;nan;Partially cloudy
1679467;93417;555ba8d9498eae864d326936;2018-01-01T20:22:00-05:00;-8.2;0.0;14.7;nan;Clear
1679467;93417;559ecd00498e965ccd39ea9f;2018-01-01T21:32:00-05:00;-8.3;0.0;19.1;nan;Clear
1681139;93550;5953e0555c683860ffa4e0cd;2017-10-29T17:23:00-04:00;18.6;5.929;16.3;rain;Rain, Overcast
1681140;93550;4b996536f964a520467835e3;2017-11-05T01:15:00-04:00;11.2;0.332;13.4;rain;Rain, Partially cloudy
1681142;93550;49dad010f964a520b15e1fe3;2017-12-30T00:11:00-05:00;-7.9;0.0;13.9;nan;Partially cloudy
1681143;93550;56c4b5facd10824dac9e062e;2018-01-21T19:33:00-05:00;9.5;0.0;3.4;nan;Overcast
1682325;93617;4e3a642ba809ec55443af9d6;2018-02-26T22:09:00-05:00;8.4;0.0;6.1;nan;Clear
1685424;93888;58a4fb9d30ecc618cdd5c3e2;2017-11-30T19:52:00-05:00;11.1;0.0;10.6;nan;Partially cloudy
1685424;93888;573498df498e6df2eb8b36a7;2017-11-30T20:48:00-05:00;11.1;0.0;9.9;nan;Overcast
1685435;93888;4b6b5abff964a520fb022ce3;2018-01-12T18:19:00-05:00;14.2;0.0;10.6;nan;Overcast
1685435;93888;59792b2403369334be043a56;2018-01-12T21:51:00-05:00;11.8;2.544;11.8;rain;Rain, Overcast
1686605;93976;51f6c4eaccda96d8750bbdfa;2017-10-09T17:48:00-04:00;23.6;0.0;12.4;nan;Partially cloudy
1687800;94071;579c12cd498e6e815b3acf50;2018-01-14T16:06:00-05:00;-4.7;0.0;16.1;nan;Clear
1687800;94071;4eb90d85722e09311d356915;2018-01-14T17:41:00-05:00;-6.0;0.0;19.7;nan;Clear
1687800;94071;540d97b5498e05abd30fd5ca;2018-01-14T18:23:00-05:00;-6.0;0.0;19.7;nan;Clear
1687800;94071;3fd66200f964a5206be61ee3;2018-01-14T21:41:00-05:00;-8.2;0.0;15.3;nan;Clear
1687835;94071;4eb90d85722e09311d356915;2018-04-07T11:20:00-04:00;4.6;0.0;14.3;nan;Overcast
1687835;94071;4abe7f9ef964a520068e20e3;2018-04-07T12:07:00-04:00;5.5;0.0;15.2;nan;Overcast
1687840;94071;4b829e60f964a52007db30e3;2018-04-14T16:52:00-04:00;18.0;0.0;19.1;nan;Clear
1687840;94071;42893400f964a52054231fe3;2018-04-14T20:00:00-04:00;12.2;0.0;16.9;nan;Overcast
1688852;94176;4e70a36d922e8e01baadf45c;2018-08-31T18:32:00-04:00;21.5;0.048;10.3;rain;Rain, Overcast
1688852;94176;4b6b5abff964a520fb022ce3;2018-08-31T19:59:00-04:00;21.6;0.0;7.4;nan;Overcast
1689199;94208;41083e00f964a520980b1fe3;2017-10-06T03:16:00-04:00;21.3;0.0;3.4;nan;Partially cloudy
1689209;94208;3fd66200f964a520b1ea1ee3;2018-03-25T02:50:00-04:00;2.0;0.0;20.0;nan;Partially cloudy
1689213;94208;49c65f17f964a5203c571fe3;2018-08-26T06:09:00-04:00;20.9;0.0;6.8;nan;Partially cloudy
1692861;94514;49ff62f9f964a52013701fe3;2017-10-11T22:08:00-04:00;18.5;0.0;17.2;nan;Partially cloudy
1692870;94514;49ff62f9f964a52013701fe3;2018-01-09T23:29:00-05:00;1.6;0.0;12.7;nan;Clear
1692874;94514;49ff62f9f964a52013701fe3;2018-01-30T23:39:00-05:00;-4.1;0.0;22.0;nan;Clear
1692876;94514;4ab7a271f964a520477a20e3;2018-02-10T18:58:00-05:00;7.1;1.039;4.2;rain;Rain, Overcast
1692877;94514;4ab7a271f964a520477a20e3;2018-02-14T17:43:00-05:00;11.4;0.0;13.2;nan;Partially cloudy
1692877;94514;49ff62f9f964a52013701fe3;2018-02-14T19:41:00-05:00;10.2;0.0;8.8;nan;Partially cloudy
1692891;94514;540d97b5498e05abd30fd5ca;2018-05-07T22:12:00-04:00;15.5;0.0;8.0;nan;Clear
1692892;94514;49ff62f9f964a52013701fe3;2018-05-10T21:29:00-04:00;16.9;0.203;9.1;rain;Rain, Partially cloudy
1692892;94514;4c7be9be2d3ba143136795d0;2018-05-10T21:39:00-04:00;17.0;3.965;0.9;rain;Rain, Overcast
1692896;94514;540d97b5498e05abd30fd5ca;2018-06-17T18:28:00-04:00;28.5;0.0;13.4;nan;Partially cloudy
1692897;94514;49ff62f9f964a52013701fe3;2018-06-26T22:32:00-04:00;20.8;0.0;10.0;nan;Partially cloudy
1692898;94514;49ff62f9f964a52013701fe3;2018-06-28T21:34:00-04:00;24.1;0.0;2.1;nan;Clear
1694704;94661;4b40cf3df964a5206bbb25e3;2018-08-20T19:37:00-04:00;21.7;0.0;2.6;nan;Partially cloudy
1697355;94881;582543c1b39f9613c18d8e2f;2017-12-06T00:44:00-05:00;14.3;0.0;18.3;nan;Overcast
1700188;95128;3fd66200f964a520bbe61ee3;2018-09-11T23:04:00-04:00;22.8;0.0;2.6;nan;Overcast
1700411;95160;509fd01de4b070da0a9d3c24;2017-11-03T16:43:00-04:00;23.0;0.0;12.5;nan;Partially cloudy
1700723;95198;4eefd4506d86d722df8fd52e;2018-02-17T01:11:00-05:00;1.3;0.0;18.2;nan;Clear
1700723;95198;3fd66200f964a52005e71ee3;2018-02-17T01:54:00-05:00;0.7;0.0;16.4;nan;Clear
1701493;95265;59d2c4ec1f8ed658b1f4fb03;2018-07-13T00:08:00-04:00;22.4;0.0;2.9;nan;Clear
1701496;95265;45697387f964a520e53d1fe3;2018-07-15T18:12:00-04:00;28.7;0.0;11.0;nan;Partially cloudy
1701496;95265;48d395f7f964a520f7511fe3;2018-07-15T22:58:00-04:00;26.2;0.0;6.8;nan;Clear
1701497;95265;4c7d4f1b8da18cfa1afc9ece;2018-07-16T16:09:00-04:00;31.1;0.0;24.7;nan;Partially cloudy
1701497;95265;4b6b5abff964a520fb022ce3;2018-07-16T17:23:00-04:00;30.4;0.0;13.8;nan;Partially cloudy
1702510;95358;4abe7f9ef964a520068e20e3;2018-06-18T14:41:00-04:00;33.0;0.0;24.9;nan;Partially cloudy
1702812;95385;4db739d841592dd82ee2b3dd;2018-05-30T20:35:00-04:00;16.1;0.0;8.7;nan;Overcast
1707044;95699;59d55307d48ec12ba0df430e;2017-10-05T19:38:00-04:00;25.4;0.0;14.1;nan;Partially cloudy
1707050;95699;57218ba5498eb662eaa1e121;2017-11-19T20:55:00-05:00;7.0;0.0;16.2;nan;Partially cloudy
1709976;95921;5282c37711d218b68cd519ab;2018-04-28T23:07:00-04:00;12.3;0.587;11.1;rain;Rain, Overcast
1709976;95921;4bcf9774a8b3a5939497625f;2018-04-29T00:15:00-04:00;12.1;0.3;6.1;rain;Rain, Overcast
1709976;95921;3fd66200f964a52033eb1ee3;2018-04-29T00:58:00-04:00;11.9;0.268;2.1;rain;Rain, Overcast
1709978;95921;4b37a3c9f964a5207e4325e3;2018-04-30T17:34:00-04:00;9.7;0.0;12.5;nan;Overcast
1709981;95921;3fd66200f964a52067e61ee3;2018-05-05T01:45:00-04:00;22.7;0.0;21.4;nan;Overcast
1710535;95953;4a50f27ef964a5204bb01fe3;2017-12-26T19:37:00-05:00;-3.8;0.0;12.0;nan;Clear
1711808;96085;49ef8a3df964a520c9681fe3;2017-12-19T20:00:00-05:00;11.7;0.0;17.7;nan;Clear
1712376;96126;52b0a990498eb3a992b89573;2017-10-27T16:47:00-04:00;16.0;0.0;11.0;nan;Clear
1712376;96126;549481f3498e855d5f51cb66;2017-10-27T18:22:00-04:00;14.9;0.0;5.8;nan;Clear
1712377;96126;549481f3498e855d5f51cb66;2017-10-30T19:59:00-04:00;11.8;0.0;12.6;nan;Clear
1712377;96126;57435923498e13904f902552;2017-10-31T01:05:00-04:00;11.1;0.0;16.8;nan;Clear
1712383;96126;549481f3498e855d5f51cb66;2017-11-15T19:15:00-05:00;9.1;0.0;9.1;nan;Overcast
1712387;96126;549481f3498e855d5f51cb66;2017-12-01T17:32:00-05:00;8.5;0.0;13.1;nan;Clear
1712389;96126;549481f3498e855d5f51cb66;2017-12-05T18:37:00-05:00;14.4;0.156;11.1;rain;Rain, Partially cloudy
1712389;96126;576eab51cd10ae8e59db0250;2017-12-05T19:02:00-05:00;14.4;0.156;11.1;rain;Rain, Partially cloudy
1712391;96126;549481f3498e855d5f51cb66;2017-12-10T22:06:00-05:00;2.3;0.0;18.1;nan;Partially cloudy
1712391;96126;52b0a990498eb3a992b89573;2017-12-10T22:18:00-05:00;2.3;0.0;18.1;nan;Partially cloudy
1712393;96126;52b0a990498eb3a992b89573;2017-12-19T20:09:00-05:00;11.7;0.0;17.7;nan;Clear
1712393;96126;549481f3498e855d5f51cb66;2017-12-19T21:49:00-05:00;10.7;0.0;19.2;nan;Clear
1712393;96126;59838f1f64c8e127502fe3ef;2017-12-19T23:27:00-05:00;10.4;0.0;17.8;nan;Clear
1712397;96126;560d1028498eee2df9f982f0;2018-01-01T20:54:00-05:00;-8.3;0.0;11.6;nan;Clear
1712398;96126;53506fd9498ebca706a7c170;2018-01-09T01:18:00-05:00;-0.7;0.0;11.0;nan;Overcast
1714591;96308;575b2829498e77357d734a04;2017-10-15T17:04:00-04:00;22.0;0.0;8.8;nan;Overcast
1715525;96386;5385a684498e2379f61a25a1;2018-06-12T23:04:00-04:00;18.0;0.0;9.8;nan;Partially cloudy
1715525;96386;4b032755f964a5200f4d22e3;2018-06-13T01:08:00-04:00;18.3;0.0;11.6;nan;Partially cloudy
1717093;96501;521cad4011d2a9c6e2c198ae;2018-02-14T00:05:00-05:00;2.0;0.0;3.3;nan;Overcast
1717094;96501;521cad4011d2a9c6e2c198ae;2018-09-07T16:55:00-04:00;22.7;0.0;16.3;nan;Overcast
1717095;96501;521cad4011d2a9c6e2c198ae;2018-09-08T19:35:00-04:00;17.4;252.0;11.1;rain;Rain, Overcast
1720198;96726;4ab7a271f964a520477a20e3;2017-11-06T19:30:00-05:00;13.5;0.0;26.4;nan;Clear
1720201;96726;4eb13d68e5e8c0f5bd2fd983;2017-11-20T15:18:00-05:00;8.2;0.0;18.2;nan;Clear
1720201;96726;59063229061b51746e22e8d1;2017-11-20T17:58:00-05:00;7.0;0.0;15.7;nan;Partially cloudy
1720204;96726;58234901b613dc63f75977fd;2017-12-17T18:52:00-05:00;2.4;0.0;2.5;nan;Partially cloudy
1720206;96726;4b40cf3df964a5206bbb25e3;2017-12-29T21:42:00-05:00;-7.7;0.0;13.4;nan;Clear
1720225;96726;4ab7a271f964a520477a20e3;2018-03-25T21:27:00-04:00;5.1;0.0;10.5;nan;Overcast
1720225;96726;4bc24023461576b056237d32;2018-03-25T21:50:00-04:00;4.9;0.0;11.8;nan;Overcast
1720235;96726;4b2d54b0f964a52057d424e3;2018-05-19T22:01:00-04:00;12.7;0.023;3.4;rain;Rain, Overcast
1720457;96742;57b61f2a498ed8856425737c;2018-05-22T00:07:00-04:00;18.2;0.0;4.1;nan;Partially cloudy
1721634;96870;4cc60b7a82388cfad0727935;2017-11-29T04:18:00-05:00;9.8;0.0;10.0;nan;Clear
1721634;96870;40f5c900f964a520a30a1fe3;2017-11-29T04:19:00-05:00;9.8;0.0;10.0;nan;Clear
1724708;97139;3fd66200f964a520fbe31ee3;2017-10-14T17:26:00-04:00;21.8;0.0;2.1;nan;Overcast
1726374;97268;4b6b5abff964a520fb022ce3;2018-03-29T19:14:00-04:00;10.2;0.0;4.8;nan;Overcast
1726386;97268;547dc381498ec37f84f01439;2018-07-26T17:53:00-04:00;28.8;0.0;7.7;nan;Partially cloudy
1726386;97268;4a8b0693f964a520350b20e3;2018-07-27T00:16:00-04:00;26.9;0.0;8.5;nan;Partially cloudy
1726387;97268;4a8b0693f964a520350b20e3;2018-07-29T01:52:00-04:00;24.1;0.0;11.2;nan;Clear
1726388;97268;44acde31f964a52013351fe3;2018-07-30T01:26:00-04:00;24.3;0.0;7.3;nan;Clear
1726696;97293;57218ba5498eb662eaa1e121;2017-12-29T03:17:00-05:00;-11.5;0.0;15.6;nan;Partially cloudy
1726697;97293;4acd4277f964a52099cb20e3;2018-01-06T21:48:00-05:00;-13.2;0.0;23.8;nan;Clear
1726697;97293;57218ba5498eb662eaa1e121;2018-01-07T00:28:00-05:00;-13.7;0.0;20.5;nan;Clear
1726713;97293;59aa17cf25fb7b4543364736;2018-08-04T22:47:00-04:00;27.1;0.0;4.9;nan;Partially cloudy
1726713;97293;4c899f201eafb1f79c847335;2018-08-05T01:48:00-04:00;25.3;0.0;8.4;nan;Clear
1726714;97293;49de7429f964a52053601fe3;2018-08-05T17:10:00-04:00;32.0;0.0;2.1;nan;Partially cloudy
1726714;97293;4b01eb60f964a5208d4622e3;2018-08-05T18:21:00-04:00;31.0;0.0;7.9;nan;Partially cloudy
1727979;97407;4eb90d85722e09311d356915;2018-01-03T15:04:00-05:00;-1.6;0.0;3.7;rain,snow;Partially cloudy
1727979;97407;515abd65e4b08eda86b30e6e;2018-01-03T15:41:00-05:00;-1.5;0.0;2.6;rain,snow;Partially cloudy
1728474;97452;5941c0abf193c012d47fc4e8;2018-03-11T15:31:00-04:00;7.0;0.0;14.2;nan;Clear
1728474;97452;5467ceec498e1b95c0575e73;2018-03-11T17:57:00-04:00;7.0;0.0;8.5;nan;Clear
1728980;97492;509fd01de4b070da0a9d3c24;2018-05-17T15:39:00-04:00;21.5;0.0;0.9;nan;Partially cloudy
1728980;97492;59e391c3e1f22816d1b09cf5;2018-05-17T22:17:00-04:00;20.4;0.0;6.7;nan;Partially cloudy
1728981;97492;47f39422f964a5209b4e1fe3;2018-05-18T19:59:00-04:00;15.8;0.0;11.7;nan;Overcast
1728981;97492;59e391c3e1f22816d1b09cf5;2018-05-19T03:55:00-04:00;11.8;0.0;15.1;nan;Overcast
1728981;97492;5ae28a7b15173e002cef3271;2018-05-19T05:01:00-04:00;10.4;0.115;19.3;rain;Rain, Overcast
1728982;97492;3fd66200f964a52083e61ee3;2018-05-20T04:22:00-04:00;14.7;0.0;1.2;nan;Overcast
1728983;97492;4a149749f964a52055781fe3;2018-05-20T16:00:00-04:00;27.4;0.0;16.6;nan;Partially cloudy
1728984;97492;59e391c3e1f22816d1b09cf5;2018-05-21T14:11:00-04:00;24.7;0.0;2.9;nan;Partially cloudy
1730141;97593;4a2f14def964a520a6981fe3;2017-12-17T17:56:00-05:00;2.1;0.0;5.8;nan;Partially cloudy
1730432;97617;4c35de72452620a1ba5d270f;2018-04-11T17:25:00-04:00;9.3;0.0;10.4;nan;Overcast
1730432;97617;431e2d80f964a52079271fe3;2018-04-12T01:12:00-04:00;7.8;0.0;9.6;nan;Clear
1731216;97662;4eb90d85722e09311d356915;2017-11-05T16:51:00-05:00;15.0;0.115;4.5;rain;Rain, Overcast
1732186;97713;4a2c0e75f964a52014971fe3;2017-11-15T01:26:00-05:00;4.5;0.0;8.5;nan;Overcast
1732197;97714;507f06e9e4b0d2368fcbada4;2017-10-21T22:59:00-04:00;18.6;0.0;9.4;nan;Partially cloudy
1732198;97714;3fd66200f964a520d5e31ee3;2017-10-22T15:59:00-04:00;22.8;0.0;10.2;nan;Partially cloudy
1732639;97761;42daf100f964a52035261fe3;2018-04-11T13:35:00-04:00;10.0;0.0;7.4;nan;Overcast
1732639;97761;4a734456f964a520f8db1fe3;2018-04-11T14:03:00-04:00;10.0;0.0;7.4;nan;Overcast
1733107;97792;4a6fa0abf964a520a4d61fe3;2017-12-26T19:56:00-05:00;-3.8;0.0;12.0;nan;Clear
1733107;97792;515abd65e4b08eda86b30e6e;2017-12-26T22:20:00-05:00;-3.8;0.0;9.8;nan;Clear
1734795;97904;3fd66200f964a520d5e31ee3;2017-12-02T22:39:00-05:00;6.8;0.0;3.4;nan;Partially cloudy
1734799;97904;57fd5f92498eb881a4a65753;2017-12-30T18:05:00-05:00;-5.6;0.0;17.7;snow;Clear
1734867;97909;56e1ae32498e22dda72791fe;2017-11-25T18:52:00-05:00;13.4;0.0;20.7;nan;Partially cloudy
1735092;97928;5998e49dc666662a7e02525e;2017-10-06T01:34:00-04:00;21.5;0.0;7.8;nan;Partially cloudy
1735887;97980;4b181dddf964a52033cd23e3;2017-12-03T17:29:00-05:00;8.3;0.0;9.8;nan;Partially cloudy
1735904;97982;4f19bd72e4b0808f629111d1;2017-11-11T16:07:00-05:00;2.6;0.0;8.3;nan;Partially cloudy
1736206;98005;50bcb93ae4b0efcb4c84d434;2018-09-17T16:08:00-04:00;25.1;0.0;21.0;nan;Partially cloudy
1736206;98005;42893400f964a52054231fe3;2018-09-17T17:56:00-04:00;24.3;0.0;4.7;nan;Overcast
1736206;98005;58801864cc5b6a14dedce689;2018-09-17T19:39:00-04:00;24.1;0.0;16.6;nan;Overcast
1736206;98005;4b6b5abff964a520fb022ce3;2018-09-17T20:57:00-04:00;24.1;0.0;16.9;nan;Partially cloudy
1736206;98005;515abd65e4b08eda86b30e6e;2018-09-17T21:40:00-04:00;24.1;0.0;16.6;nan;Overcast
1736206;98005;4cd1ae08bcab95217f073a15;2018-09-17T22:37:00-04:00;24.1;0.0;14.3;nan;Overcast
1738310;98168;57a240f1cd10ed172db51626;2017-10-19T22:11:00-04:00;17.9;0.0;6.2;nan;Clear
1738426;98171;579c12cd498e6e815b3acf50;2018-03-10T21:56:00-05:00;3.0;0.0;12.3;nan;Partially cloudy
1740373;98299;5953e0555c683860ffa4e0cd;2018-09-30T21:19:00-04:00;18.3;0.0;9.5;nan;Clear
1740423;98304;4b6d9298f964a520607d2ce3;2017-10-28T00:33:00-04:00;13.5;0.0;12.1;nan;Clear
1740428;98304;4b6d9298f964a520607d2ce3;2017-12-25T02:47:00-05:00;3.1;0.685;18.3;rain;Rain, Overcast
1740434;98304;4bb555daef159c7425aa74f7;2018-01-09T22:51:00-05:00;1.6;0.0;12.7;nan;Clear
1740434;98304;49ff62f9f964a52013701fe3;2018-01-09T23:16:00-05:00;1.6;0.0;12.7;nan;Clear
1740439;98304;57f4fb59498efaaab7345b34;2018-01-17T23:52:00-05:00;-5.5;0.0;12.8;snow;Partially cloudy
1740440;98304;4bb555daef159c7425aa74f7;2018-01-19T00:36:00-05:00;-3.7;0.0;11.4;nan;Clear
1741296;98368;4b40cf3df964a5206bbb25e3;2018-04-07T19:28:00-04:00;8.0;0.0;9.7;nan;Overcast
1741296;98368;49dad10bf964a520b55e1fe3;2018-04-07T19:34:00-04:00;6.9;0.0;18.4;nan;Overcast
1741297;98368;4b6b5abff964a520fb022ce3;2018-04-09T19:06:00-04:00;5.2;0.0;6.1;nan;Overcast
1742709;98468;3fd66200f964a5207fe61ee3;2018-01-24T23:36:00-05:00;-2.6;0.0;20.6;nan;Clear
1742709;98468;52371fef11d2fa11b58c6057;2018-01-25T00:27:00-05:00;-2.6;0.0;20.6;nan;Clear
1743560;98536;579c12cd498e6e815b3acf50;2017-11-19T19:43:00-05:00;7.5;0.0;11.6;nan;Overcast
1743560;98536;59f38be7175562651c451266;2017-11-19T21:30:00-05:00;7.0;0.0;16.2;nan;Partially cloudy
1743571;98536;4c374bf80a71c9b6f2893ec9;2018-07-08T19:00:00-04:00;25.0;0.0;6.4;nan;Clear
1743574;98536;4a58f59ef964a5204eb81fe3;2018-07-25T00:03:00-04:00;25.1;0.0;21.3;nan;Overcast
1744192;98578;5327321d498e3b494482e5f5;2017-11-18T23:23:00-05:00;12.2;0.0;10.2;nan;Partially cloudy
1746022;98740;5a3c046dc0af574d0548b9bb;2018-01-10T18:16:00-05:00;3.2;0.0;9.1;nan;Partially cloudy
1746022;98740;4a00df67f964a520ba701fe3;2018-01-11T00:15:00-05:00;4.8;0.0;7.5;nan;Partially cloudy
1746680;98784;3fd66200f964a52093ea1ee3;2017-11-23T23:47:00-05:00;2.7;0.0;8.1;nan;Clear
1747834;98887;593332f9123a1963f539daa0;2018-02-04T00:53:00-05:00;-1.1;0.0;11.8;nan;Overcast
1747834;98887;44a14d7df964a520d0341fe3;2018-02-04T02:50:00-05:00;-0.6;0.0;12.4;nan;Overcast
1749214;98981;4ee3cf579a52c1dad9af95b5;2018-07-23T22:03:00-04:00;25.1;0.0;11.3;nan;Overcast
1749214;98981;543f4360498e97a8ddd4b878;2018-07-24T00:22:00-04:00;25.1;0.0;12.5;nan;Overcast
1749217;98981;545d602b498e50ade1906a6e;2018-09-14T23:27:00-04:00;22.0;0.0;6.5;nan;Overcast
1749888;99045;4abe7f9ef964a520068e20e3;2018-10-02T23:23:00-04:00;19.0;5.849;10.7;rain;Rain, Overcast
1749888;99045;57d6f856498ee8aed7cd29a0;2018-10-02T23:26:00-04:00;19.0;5.849;10.7;rain;Rain, Overcast
1750359;99082;43276800f964a520b8271fe3;2017-12-30T06:27:00-05:00;-6.8;0.0;0.0;nan;Overcast
1751630;99178;4a594f97f964a52035b91fe3;2018-03-29T16:59:00-04:00;11.2;0.0;8.3;nan;Overcast
1751631;99178;515abd65e4b08eda86b30e6e;2018-03-30T17:12:00-04:00;12.1;0.252;19.4;rain;Rain, Overcast
1751638;99179;4a831922f964a5201afa1fe3;2017-10-13T21:17:00-04:00;17.3;0.0;9.1;nan;Partially cloudy
1758028;99597;3fd66200f964a520d8f11ee3;2017-11-24T14:31:00-05:00;10.2;0.0;9.6;nan;Clear
1758028;99597;4a663f7cf964a52046c81fe3;2017-11-24T18:56:00-05:00;8.5;0.0;9.4;nan;Clear
1758323;99624;541c6624498e9ab32651d2ec;2017-12-18T23:56:00-05:00;7.3;0.0;10.6;nan;Partially cloudy
1758323;99624;5387d2e2498ee7f0fb1c5b41;2017-12-19T01:50:00-05:00;7.9;0.0;18.1;nan;Overcast
1758325;99624;3fd66200f964a520a0e61ee3;2017-12-22T01:52:00-05:00;2.0;0.0;8.4;nan;Partially cloudy
1758327;99624;5a2daf4d58aa7f43dd48d059;2018-01-04T00:26:00-05:00;-1.9;0.0;10.4;rain,snow;Overcast
1758327;99624;593332f9123a1963f539daa0;2018-01-04T01:02:00-05:00;-2.2;0.0;13.1;snow;Overcast
1758331;99624;5527eb8c498e928645ec3e61;2018-04-11T22:41:00-04:00;7.7;0.0;5.1;nan;Partially cloudy
1759251;99694;5021648ae4b0b9f6b6d566b2;2018-03-14T17:34:00-04:00;3.2;0.0;22.3;nan;Overcast
1759251;99694;4b4e031df964a52016de26e3;2018-03-14T19:08:00-04:00;2.6;0.0;22.5;nan;Overcast
1759253;99694;4b4fdfc8f964a520801827e3;2018-04-13T23:15:00-04:00;20.9;0.0;10.9;nan;Partially cloudy
1760378;99781;4a97f535f964a520f92920e3;2018-03-22T18:41:00-04:00;9.0;0.0;23.0;nan;Partially cloudy
1761774;99879;5732631f498e7f716eb79f11;2017-11-27T20:55:00-05:00;6.3;0.0;9.6;nan;Partially cloudy
1763157;99966;5405f7ca498ed19801430044;2018-08-20T18:20:00-04:00;23.3;0.0;8.4;nan;Partially cloudy
1764189;100055;5547ffe8498ec8a2c668a412;2017-10-09T23:47:00-04:00;24.6;0.0;18.4;nan;Partially cloudy
1769896;100437;564a86c8498ea245a802f0d1;2017-11-12T18:54:00-05:00;6.8;0.0;2.9;nan;Partially cloudy
1769896;100437;49ee25b6f964a5202b681fe3;2017-11-12T21:48:00-05:00;6.2;0.0;1.2;nan;Partially cloudy
1772211;100617;57b61f2a498ed8856425737c;2018-02-12T22:06:00-05:00;1.9;0.0;24.4;nan;Clear
1772670;100647;42daf100f964a52035261fe3;2018-02-24T14:40:00-05:00;10.7;0.0;11.2;nan;Overcast
1772670;100647;4abe7f9ef964a520068e20e3;2018-02-24T14:49:00-05:00;10.7;0.0;11.2;nan;Overcast
1773144;100672;595805658173cb5b6fa964d9;2017-11-02T22:26:00-04:00;18.5;0.0;4.6;nan;Partially cloudy
1773144;100672;431e2d80f964a52079271fe3;2017-11-02T23:43:00-04:00;17.7;0.0;7.3;nan;Partially cloudy
1778025;100999;3fd66200f964a520d8f11ee3;2018-01-16T15:16:00-05:00;1.6;0.0;9.5;nan;Overcast
1778025;100999;56439a7538fa2ce64d09447e;2018-01-16T17:45:00-05:00;0.7;0.0;10.0;nan;Overcast
1780053;101146;4b6b5abff964a520fb022ce3;2017-11-02T19:09:00-04:00;19.6;0.0;9.8;nan;Partially cloudy
1783335;101374;4d9db7087f9e4eb9436ea1fc;2017-11-10T19:54:00-05:00;-2.3;0.0;33.5;nan;Clear
1792353;101954;4ade34e7f964a520eb7321e3;2018-05-22T17:57:00-04:00;14.0;0.252;4.3;rain;Rain, Overcast
1793290;102034;57a240f1cd10ed172db51626;2017-10-28T18:51:00-04:00;18.0;0.0;14.2;nan;Partially cloudy
1796425;102229;4dfaacb9d4c01451df566572;2018-04-06T21:58:00-04:00;12.9;0.0;3.7;nan;Partially cloudy
1824996;104253;42daf100f964a52035261fe3;2018-08-21T17:20:00-04:00;23.8;0.0;12.5;nan;Partially cloudy
1824996;104253;42893400f964a52054231fe3;2018-08-21T19:25:00-04:00;23.3;0.0;17.9;nan;Partially cloudy
1825659;104290;4abe7f9ef964a520068e20e3;2017-10-17T21:09:00-04:00;12.4;0.0;8.5;nan;Clear
1825665;104290;4abe7f9ef964a520068e20e3;2017-10-31T21:56:00-04:00;9.5;0.0;15.9;nan;Clear
1825665;104290;58f9ec44eb645b5ea0ecdb64;2017-10-31T22:00:00-04:00;9.5;0.0;15.9;nan;Clear
1825667;104290;4ae9c4eaf964a52039b621e3;2017-12-01T21:59:00-05:00;6.3;0.0;8.9;nan;Clear
1861696;106696;42893400f964a52054231fe3;2018-08-21T19:03:00-04:00;23.3;0.0;17.9;nan;Partially cloudy
1861696;106696;55103583498eed2d409b549a;2018-08-21T22:00:00-04:00;23.6;0.0;10.9;nan;Overcast
1861696;106696;4eb13d68e5e8c0f5bd2fd983;2018-08-21T23:10:00-04:00;22.7;0.179;7.4;rain;Rain, Overcast
1862335;106740;40fc6080f964a520130b1fe3;2017-10-28T02:16:00-04:00;13.0;0.0;4.0;nan;Clear
1862336;106740;507e0b2e011ca7f458d10d2f;2017-10-29T02:30:00-04:00;18.3;0.0;14.0;nan;Overcast
1862786;106782;5419c024498e81544e23eee9;2018-07-15T01:29:00-04:00;21.7;7.618;3.5;rain;Rain, Overcast
1890603;108414;4abe7f9ef964a520068e20e3;2018-01-08T18:57:00-05:00;-1.2;0.902;11.7;rain,snow;Snow, Rain, Overcast
1905449;109353;4abe7f9ef964a520068e20e3;2018-06-24T18:19:00-04:00;27.4;0.0;10.4;nan;Partially cloudy
1905449;109353;4a8d57e7f964a5207c0f20e3;2018-06-24T19:28:00-04:00;29.1;0.0;11.6;nan;Partially cloudy
1905449;109353;4bd2612a77b29c74b7c08e82;2018-06-24T19:47:00-04:00;29.0;0.0;12.0;nan;Partially cloudy
1906864;109484;509fd01de4b070da0a9d3c24;2017-10-09T14:45:00-04:00;22.6;0.0;17.4;nan;Overcast
1929493;111097;558b389a498eb10250dfb5c1;2018-09-07T16:37:00-04:00;22.7;0.0;16.3;nan;Overcast
1929493;111097;4aa7cc25f964a520434d20e3;2018-09-07T17:35:00-04:00;22.6;0.0;15.9;nan;Overcast
1929494;111097;558b5f4a498e19b85459deb7;2018-09-12T13:36:00-04:00;24.2;0.0;8.4;nan;Overcast
1929742;111126;4d9db7087f9e4eb9436ea1fc;2018-04-04T18:07:00-04:00;12.0;0.0;31.9;nan;Partially cloudy
1930242;111176;4b40cf3df964a5206bbb25e3;2017-10-27T16:36:00-04:00;16.0;0.0;11.0;nan;Clear
1930243;111176;4b6b5abff964a520fb022ce3;2017-10-28T15:46:00-04:00;19.1;0.0;18.4;nan;Partially cloudy
1930243;111176;42daf100f964a52035261fe3;2017-10-28T16:04:00-04:00;19.1;0.0;18.4;nan;Partially cloudy
1931950;111297;4ad35d08f964a520fae320e3;2018-05-29T23:59:00-04:00;23.3;0.0;2.9;nan;Clear
1931950;111297;4cccb964c9b8468815d4bec3;2018-05-30T04:41:00-04:00;18.1;0.0;2.9;nan;Overcast
1931953;111297;42daf100f964a52035261fe3;2018-06-02T13:56:00-04:00;27.6;128.0;12.4;rain;Rain, Partially cloudy
1931953;111297;57ab90ca498e7d61e13a6985;2018-06-02T21:32:00-04:00;24.4;23.0;6.8;rain;Rain, Overcast
1932070;111311;52d36856498e9256064e3fe3;2017-10-07T23:55:00-04:00;22.3;0.0;12.8;nan;Partially cloudy
1932087;111311;4afdaf80f964a520d12922e3;2018-02-24T20:18:00-05:00;8.3;0.0;1.2;nan;Overcast
1937115;111673;49c68407f964a52052571fe3;2018-01-14T16:58:00-05:00;-5.5;0.0;15.9;nan;Clear
1938485;111778;42893400f964a52054231fe3;2017-11-11T19:08:00-05:00;1.8;0.0;7.8;nan;Partially cloudy
1938485;111778;515abd65e4b08eda86b30e6e;2017-11-11T21:22:00-05:00;1.2;0.0;6.8;nan;Partially cloudy
1939599;111871;4e3c89c8aeb73139a16d84ee;2017-10-28T21:18:00-04:00;17.9;0.0;11.8;nan;Partially cloudy
1939604;111871;579c12cd498e6e815b3acf50;2017-11-12T16:45:00-05:00;6.5;0.0;3.9;nan;Partially cloudy
1939604;111871;59f38be7175562651c451266;2017-11-12T18:06:00-05:00;6.3;0.0;7.8;nan;Partially cloudy
1939604;111871;581605b838faae96e66a8903;2017-11-12T19:55:00-05:00;6.3;0.0;2.6;nan;Partially cloudy
1939613;111871;4af82bc2f964a520370b22e3;2018-02-16T14:02:00-05:00;14.6;0.0;16.0;nan;Overcast
1939613;111871;4aaa98dcf964a520855620e3;2018-02-16T18:06:00-05:00;7.4;0.0;23.8;nan;Partially cloudy
1939614;111871;52d36856498e9256064e3fe3;2018-02-23T17:35:00-05:00;4.4;0.297;5.4;rain;Rain, Overcast
1939614;111871;4af82bc2f964a520370b22e3;2018-02-23T18:18:00-05:00;4.4;0.297;5.4;rain;Rain, Overcast
1939621;111871;57439584498e13105a96ff50;2018-08-03T13:23:00-04:00;26.8;1.356;6.4;rain;Rain, Partially cloudy
1939621;111871;512a6086e4b023dd9c27e82d;2018-08-03T18:37:00-04:00;25.8;0.0;8.8;nan;Partially cloudy
1940126;111922;4b6b5abff964a520fb022ce3;2018-02-19T21:32:00-05:00;8.6;0.0;5.0;nan;Overcast
1940126;111922;4eb90d85722e09311d356915;2018-02-19T21:57:00-05:00;8.6;0.0;5.0;nan;Overcast
1940126;111922;4c374bf80a71c9b6f2893ec9;2018-02-20T00:35:00-05:00;9.0;0.0;7.0;nan;Overcast
1943714;112219;4ad78220f964a520960b21e3;2017-11-14T00:47:00-05:00;4.3;0.0;8.3;nan;Clear
1949187;112655;46712cd5f964a520c8471fe3;2018-08-01T18:31:00-04:00;29.1;0.0;20.0;nan;Partially cloudy
1949187;112655;509fd01de4b070da0a9d3c24;2018-08-01T19:34:00-04:00;28.7;0.0;10.4;nan;Partially cloudy
1951822;112846;4e4190fafa762ad6d846f883;2018-03-08T13:49:00-05:00;3.7;0.0;15.7;nan;Overcast
1951822;112846;4c2ba1f857a9c9b67138f667;2018-03-08T15:34:00-05:00;3.7;0.0;17.1;nan;Overcast
1951822;112846;4b6b5abff964a520fb022ce3;2018-03-08T20:46:00-05:00;2.4;0.0;14.5;nan;Overcast
1954397;113086;42893400f964a52054231fe3;2018-03-19T14:56:00-04:00;7.5;0.0;14.8;nan;Clear
1954397;113086;4b6b5abff964a520fb022ce3;2018-03-19T19:54:00-04:00;5.8;0.0;9.6;nan;Partially cloudy
1954397;113086;515abd65e4b08eda86b30e6e;2018-03-19T20:16:00-04:00;5.8;0.0;9.6;nan;Partially cloudy
1954412;113087;4b6b5abff964a520fb022ce3;2017-11-24T19:05:00-05:00;8.5;0.0;9.4;nan;Clear
1954412;113087;4c7d4f1b8da18cfa1afc9ece;2017-11-24T23:05:00-05:00;7.0;0.0;8.1;nan;Clear
1955025;113148;561b24e5498ec9037e2ed048;2018-02-12T21:15:00-05:00;3.0;0.0;9.8;nan;Clear
1955025;113148;579e5513498e9ffc61b6ad8e;2018-02-13T02:40:00-05:00;-1.1;0.0;12.6;nan;Clear
1955323;113167;5787b68e498efcabbebba4f8;2017-12-02T03:42:00-05:00;4.4;0.0;2.4;nan;Clear
1958922;113464;4bf30b89706e20a196c7a798;2018-06-29T18:44:00-04:00;30.6;0.0;13.4;nan;Partially cloudy
1958922;113464;559ecd00498e965ccd39ea9f;2018-06-29T20:00:00-04:00;30.3;0.0;6.2;nan;Clear
1961652;113720;42893400f964a52054231fe3;2017-10-23T14:36:00-04:00;22.6;0.0;21.0;nan;Partially cloudy
1961652;113720;4a8d57e7f964a5207c0f20e3;2017-10-23T17:06:00-04:00;21.7;0.0;13.1;nan;Partially cloudy
1968894;114344;5787b68e498efcabbebba4f8;2018-08-05T18:21:00-04:00;31.0;0.0;7.9;nan;Partially cloudy
1970678;114493;49de7429f964a52053601fe3;2018-04-27T19:04:00-04:00;11.0;0.0;5.4;nan;Overcast
1972958;114721;4b996536f964a520467835e3;2017-10-14T17:48:00-04:00;21.5;0.0;1.2;nan;Partially cloudy
1972958;114721;4b1c3950f964a520970424e3;2017-10-14T17:56:00-04:00;21.5;0.0;1.2;nan;Partially cloudy
1972958;114721;4e07969fd4c03ae0b9cb19ea;2017-10-14T19:33:00-04:00;21.3;0.0;7.4;nan;Overcast
1972958;114721;4d03ae3437036dcbfba10bfb;2017-10-14T20:03:00-04:00;21.3;0.0;7.4;nan;Overcast
1977994;115192;50524857e4b0bdd5e90ea0ee;2017-10-06T15:56:00-04:00;26.6;0.0;11.9;nan;Clear
1978685;115278;42893400f964a52054231fe3;2017-11-24T18:51:00-05:00;8.5;0.0;9.4;nan;Clear
1978699;115278;50353357e4b002981d16a900;2018-02-11T04:12:00-05:00;8.2;1.167;1.2;rain;Rain, Overcast
1978937;115300;4b6b5abff964a520fb022ce3;2017-11-18T15:30:00-05:00;10.4;0.028;11.9;rain;Rain, Partially cloudy
1978937;115300;57fe5fb9498e0dfb586bfe58;2017-11-18T19:30:00-05:00;9.3;0.825;8.7;rain;Rain, Partially cloudy
1978997;115304;52eddc12498e40bb655e0d7a;2018-07-21T22:02:00-04:00;18.7;3.017;15.6;rain;Rain, Overcast
1981904;115537;4a871eb2f964a520b20220e3;2017-10-08T19:51:00-04:00;24.6;0.0;10.9;nan;Partially cloudy
1984070;115775;515abd65e4b08eda86b30e6e;2018-08-21T15:30:00-04:00;25.1;0.0;11.0;nan;Partially cloudy
1984113;115781;56f73e71498efedad2c1e41c;2018-03-18T16:39:00-04:00;6.0;0.0;20.7;nan;Clear
1984113;115781;58c1f3e97a8f044c6ea8934b;2018-03-18T18:29:00-04:00;6.1;0.0;11.3;nan;Clear
1984724;115843;4b0c402af964a520c33923e3;2018-10-13T13:14:00-04:00;11.3;0.0;19.6;nan;Overcast
1984724;115843;53eba911498e9b26cc64bdff;2018-10-14T03:16:00-04:00;9.5;0.0;14.0;nan;Clear
1987404;116120;4ba2671af964a5205af537e3;2017-12-03T15:33:00-05:00;8.5;0.0;7.8;nan;Overcast
1987404;116120;42893400f964a52054231fe3;2017-12-03T17:34:00-05:00;8.5;0.0;4.1;nan;Partially cloudy
1987404;116120;4a44cd95f964a5208fa71fe3;2017-12-03T18:12:00-05:00;8.5;0.0;4.1;nan;Partially cloudy
1987986;116161;42893400f964a52054231fe3;2017-10-08T16:27:00-04:00;25.4;0.0;22.0;nan;Partially cloudy
1987986;116161;4a44cd95f964a5208fa71fe3;2017-10-08T18:00:00-04:00;25.2;0.0;15.9;nan;Partially cloudy
1987986;116161;4b9d4c67f964a5206ca136e3;2017-10-08T21:00:00-04:00;25.0;0.0;9.6;nan;Partially cloudy
1987986;116161;4b23f44ff964a520b75d24e3;2017-10-08T21:18:00-04:00;25.0;0.0;9.6;nan;Partially cloudy
1990649;116390;4abe7f9ef964a520068e20e3;2018-01-27T19:25:00-05:00;12.9;0.0;13.9;nan;Partially cloudy
1990649;116390;4eb90d85722e09311d356915;2018-01-27T19:35:00-05:00;12.5;0.0;11.3;nan;Partially cloudy
1990650;116390;4abe7f9ef964a520068e20e3;2018-01-28T15:37:00-05:00;9.7;0.0;6.3;nan;Overcast
1990650;116390;515abd65e4b08eda86b30e6e;2018-01-28T15:40:00-05:00;9.7;0.0;6.3;nan;Overcast
1994884;116794;4cd84a313ec4b1f763cdbd3f;2018-05-10T18:26:00-04:00;18.1;0.0;10.2;nan;Partially cloudy
1995990;116910;42daf100f964a52035261fe3;2018-06-01T21:02:00-04:00;22.9;0.0;3.0;nan;Partially cloudy
1998142;117124;4a87502bf964a520d30320e3;2017-12-17T22:32:00-05:00;2.2;0.0;4.1;nan;Overcast
1998142;117124;4f8860a7e4b0cec3aa3eed76;2017-12-18T01:58:00-05:00;1.7;0.048;9.8;rain,snow;Snow, Rain, Overcast
1999749;117291;51f6c4eaccda96d8750bbdfa;2017-12-12T17:07:00-05:00;6.4;0.0;19.2;nan;Partially cloudy
1999749;117291;53ebf84d498eb8e5758e17d7;2017-12-12T17:50:00-05:00;5.7;0.0;21.2;nan;Partially cloudy
1999777;117291;4a675deef964a52045c91fe3;2018-09-20T15:08:00-04:00;21.8;0.0;5.8;nan;Overcast
1999777;117291;4baa833df964a52065703ae3;2018-09-20T17:39:00-04:00;21.0;0.0;5.8;nan;Overcast
2004367;117779;5717e052498ea14d53b097f0;2018-08-28T20:04:00+03:00;32.7;0.0;14.4;nan;Clear
2004367;117779;4a6fa0abf964a520a4d61fe3;2018-08-29T00:20:00+03:00;30.0;0.0;12.0;nan;Clear
2004368;117779;4ad35d08f964a520fae320e3;2018-08-29T18:39:00+03:00;33.1;0.0;15.0;nan;Clear
2005890;117930;579c12cd498e6e815b3acf50;2017-12-19T00:00:00-05:00;7.3;0.0;10.6;nan;Partially cloudy
2005909;117930;4d34caa4c75a6ea84a9522ae;2018-05-04T17:00:00-04:00;28.2;0.0;17.5;nan;Partially cloudy
2006911;118040;4165d880f964a5207e1d1fe3;2017-11-26T01:12:00-05:00;10.8;0.0;13.4;nan;Overcast
2006912;118040;4eb90d85722e09311d356915;2017-12-10T03:31:00-05:00;-0.4;0.0;13.5;rain,snow;Clear
2007883;118130;42893400f964a52054231fe3;2017-10-08T22:39:00-04:00;24.7;0.0;6.7;nan;Partially cloudy
2009843;118332;52eddc12498e40bb655e0d7a;2018-08-17T22:02:00-04:00;25.3;0.778;23.5;rain;Rain, Overcast
2009843;118332;40f5c900f964a520a30a1fe3;2018-08-18T00:04:00-04:00;23.3;2.379;5.4;rain;Rain, Overcast
2016657;118965;5058f3f3e4b0e7b3d5579161;2018-07-21T16:51:00-04:00;23.3;0.0;17.5;nan;Partially cloudy
2021126;119367;4144e300f964a520a51c1fe3;2017-10-21T00:41:00-04:00;16.8;0.0;1.7;nan;Clear
2021127;119367;49ff62f9f964a52013701fe3;2017-10-22T01:51:00-04:00;17.2;0.0;1.2;nan;Clear
2021574;119407;56d1c7e2cd105fe2c5c705b6;2018-08-31T15:35:00-04:00;23.2;0.0;9.8;nan;Overcast
2021574;119407;4bf6984e94b2a5934eb5adee;2018-08-31T16:36:00-04:00;22.5;0.0;6.8;nan;Overcast
2021574;119407;4b996536f964a520467835e3;2018-08-31T17:28:00-04:00;22.5;0.0;6.8;nan;Overcast
2021665;119418;4a24510af964a520107e1fe3;2017-11-12T18:37:00-05:00;6.8;0.0;2.9;nan;Partially cloudy
2021665;119418;4c374bf80a71c9b6f2893ec9;2017-11-12T19:46:00-05:00;6.3;0.0;2.6;nan;Partially cloudy
2022420;119499;5a387ba8838e597257b20ed7;2018-03-20T18:03:00-04:00;3.4;0.0;12.8;nan;Overcast
2022420;119499;4db9bb280cb6ddfae43b4d59;2018-03-20T18:11:00-04:00;3.4;0.0;12.8;nan;Overcast
2023635;119609;564a86c8498ea245a802f0d1;2017-11-30T15:49:00-05:00;9.0;0.0;7.5;nan;Partially cloudy
2023635;119609;58079ddb38fafedacedb1a24;2017-11-30T16:15:00-05:00;9.0;0.0;7.5;nan;Partially cloudy
2023635;119609;5807e7fc38faea987943ac54;2017-11-30T16:56:00-05:00;8.4;0.0;6.3;nan;Clear
2023636;119609;4a0d7695f964a5207c751fe3;2018-01-08T02:58:00-05:00;-7.1;0.0;14.2;nan;Overcast
2025303;119786;50899082e4b0645d657eb40f;2017-11-03T22:30:00-04:00;13.5;0.0;17.3;nan;Clear
2025448;119798;59d2c4ec1f8ed658b1f4fb03;2018-06-09T15:29:00-04:00;26.5;0.0;6.4;nan;Partially cloudy
2025448;119798;4b6b5abff964a520fb022ce3;2018-06-09T18:15:00-04:00;25.6;0.0;10.2;nan;Partially cloudy
2028025;120012;4d9db7087f9e4eb9436ea1fc;2018-05-23T23:42:00-04:00;21.8;0.0;4.6;nan;Clear
2031395;120323;4b66042ef964a520950e2be3;2018-02-19T19:42:00-05:00;8.7;0.312;1.7;rain;Rain, Overcast
2031400;120323;57b61f2a498ed8856425737c;2018-05-09T21:47:00-04:00;14.5;0.0;3.9;nan;Clear
2034047;120547;50c28307e4b0c5b6f33ec0e1;2018-07-29T17:09:00-04:00;27.5;0.0;2.6;nan;Partially cloudy
2036360;120734;4eb90d85722e09311d356915;2017-10-15T18:57:00-04:00;21.3;0.0;14.8;nan;Overcast
2037169;120788;55148c66498e987ed9d8e394;2018-02-03T23:02:00-05:00;-1.1;0.0;12.2;nan;Overcast
2041780;121122;515abd65e4b08eda86b30e6e;2018-01-07T15:37:00-05:00;-8.3;0.0;11.7;nan;Partially cloudy
2041780;121122;4b6b5abff964a520fb022ce3;2018-01-07T17:12:00-05:00;-8.2;0.0;11.7;nan;Partially cloudy
2042704;121198;4bd9b7ec0115c9b6f6587880;2018-02-19T14:22:00-05:00;8.5;0.0;10.9;nan;Overcast
2042710;121198;59b8c291a795bd49fe94b6b3;2018-03-12T00:55:00-04:00;2.2;0.0;13.8;nan;Clear
2042711;121198;59b8c291a795bd49fe94b6b3;2018-03-26T03:34:00-04:00;1.2;0.0;9.8;nan;Clear
2042712;121198;59b8c291a795bd49fe94b6b3;2018-04-02T02:52:00-04:00;5.6;0.0;17.6;rain;Overcast
2043544;121255;4bd1af599854d13a3ff3f94d;2018-05-01T16:28:00-04:00;26.0;0.0;16.1;nan;Clear
2043544;121255;4a44cd95f964a5208fa71fe3;2018-05-01T16:51:00-04:00;26.7;0.0;10.5;nan;Clear
2043544;121255;42893400f964a52054231fe3;2018-05-01T17:50:00-04:00;26.8;0.0;7.6;nan;Partially cloudy
2043544;121255;4b6b5abff964a520fb022ce3;2018-05-01T19:42:00-04:00;24.2;0.0;6.9;nan;Partially cloudy
2043567;121256;590a00e74febd55af43a8267;2018-02-18T03:00:00-05:00;0.8;0.0;8.6;rain,snow;Overcast
2044101;121282;5a04f7ee065ef54fbd6ea4da;2017-11-10T00:16:00-05:00;11.2;0.0;11.7;nan;Partially cloudy
2044111;121282;5b2d49ad6f706a002c52d50b;2018-06-28T23:48:00-04:00;24.2;0.0;6.3;nan;Clear
2044111;121282;5a382327dee7707dd4842ab8;2018-06-29T00:44:00-04:00;24.2;0.0;3.3;nan;Clear
2044133;121285;4abe7f9ef964a520068e20e3;2017-11-12T13:45:00-05:00;8.0;0.0;9.0;nan;Clear
2044133;121285;4b6b5abff964a520fb022ce3;2017-11-12T13:50:00-05:00;8.0;0.0;9.0;nan;Clear
2044447;121323;48636f02f964a520e3501fe3;2017-10-12T22:23:00-04:00;14.1;0.0;18.4;nan;Partially cloudy
2044447;121323;590a00e74febd55af43a8267;2017-10-13T00:29:00-04:00;13.5;0.0;14.5;nan;Partially cloudy
2044452;121323;51b77ea1454a57610205b352;2017-11-17T20:23:00-05:00;5.7;0.0;15.5;nan;Clear
2044454;121323;53aa0ef4498eb1bef72a3812;2017-12-06T23:57:00-05:00;4.5;0.0;19.9;nan;Partially cloudy
2044455;121323;59f38be7175562651c451266;2017-12-28T19:25:00-05:00;-8.9;0.0;29.6;nan;Clear
2044455;121323;4eb90d85722e09311d356915;2017-12-28T20:40:00-05:00;-10.4;0.0;19.1;nan;Clear
2044458;121323;560d1028498eee2df9f982f0;2018-02-14T22:42:00-05:00;9.3;0.37;9.2;rain;Rain, Overcast
2044458;121323;5a04f7ee065ef54fbd6ea4da;2018-02-14T23:28:00-05:00;9.3;0.37;9.2;rain;Rain, Overcast
2044460;121323;59dfe90ed69ed038f9316118;2018-04-20T23:33:00-04:00;5.4;0.0;13.5;nan;Clear
2044463;121323;4c51b323991c20a174bd4088;2018-05-17T22:04:00-04:00;20.4;0.0;6.7;nan;Partially cloudy
2044463;121323;58dba0e0fef5fa1e44b46f89;2018-05-17T23:52:00-04:00;19.3;0.0;0.0;nan;Partially cloudy
2045320;121387;5ab51b6aa4b51b3dc096ed68;2018-07-04T19:00:00-04:00;27.6;0.0;6.2;nan;Overcast
2045320;121387;44f4bc8af964a52037381fe3;2018-07-04T20:25:00-04:00;27.4;0.0;10.3;nan;Partially cloudy
2045840;121428;514de197e4b0c471f020c47e;2018-06-27T13:15:00-04:00;22.2;0.0;25.8;nan;Overcast
2046204;121454;4b6c7ce0f964a520193e2ce3;2018-08-16T17:52:00-04:00;31.0;0.0;8.5;nan;Partially cloudy
2047997;121576;3fd66200f964a520d7e61ee3;2018-04-01T14:14:00-04:00;14.1;0.0;12.6;rain;Partially cloudy
2048469;121617;4165d880f964a5207e1d1fe3;2018-02-20T16:35:00-05:00;19.8;0.0;10.1;nan;Partially cloudy
2048469;121617;4c548f2da724e21e801999f6;2018-02-20T16:38:00-05:00;19.8;0.0;10.1;nan;Partially cloudy
2048469;121617;4b466b09f964a520452026e3;2018-02-20T16:59:00-05:00;19.8;0.0;10.1;nan;Partially cloudy
2049533;121677;4a04ba93f964a52023721fe3;2017-10-10T22:05:00-04:00;23.2;0.0;6.9;nan;Clear
2049533;121677;4b6b5abff964a520fb022ce3;2017-10-10T23:51:00-04:00;21.1;0.0;7.5;nan;Clear
2049533;121677;4d34caa4c75a6ea84a9522ae;2017-10-11T00:11:00-04:00;21.1;0.0;7.5;nan;Clear
2051939;121845;50f5ed71e4b0e957439f7fb9;2018-09-04T20:57:00-04:00;29.8;0.0;5.3;nan;Partially cloudy
2052723;121925;4b6b5abff964a520fb022ce3;2018-08-18T17:39:00-04:00;27.3;0.0;23.4;nan;Overcast
2054363;122040;4165d880f964a5207e1d1fe3;2018-01-16T17:42:00-05:00;0.7;0.0;10.0;nan;Overcast
2054363;122040;49c65aa8f964a52038571fe3;2018-01-17T04:27:00-05:00;1.7;0.162;13.1;rain,snow;Snow, Rain, Overcast
2054368;122040;49ff62f9f964a52013701fe3;2018-01-21T23:14:00-05:00;9.0;0.0;2.6;nan;Overcast
2057401;122273;5b2819b1c876c8002cabbadc;2018-07-14T21:14:00-04:00;29.6;0.0;12.5;nan;Partially cloudy
2057678;122289;3fd66200f964a520b9ea1ee3;2017-11-23T15:09:00-05:00;6.1;0.0;2.1;nan;Clear
2057934;122303;57c848e6498e1f0d11d9d3f1;2018-04-12T16:15:00-04:00;13.6;0.0;16.7;nan;Partially cloudy
2060839;122499;4eb90d85722e09311d356915;2018-07-19T17:53:00-04:00;26.2;0.0;16.9;nan;Clear
2063852;122680;3fd66200f964a520ede41ee3;2017-11-24T19:58:00-05:00;8.3;0.0;9.8;nan;Clear
2065499;122788;42893400f964a52054231fe3;2018-08-26T16:05:00-04:00;27.6;0.0;12.2;nan;Partially cloudy
2065499;122788;4b6b5abff964a520fb022ce3;2018-08-26T18:47:00-04:00;28.1;0.0;10.6;nan;Overcast
2066605;122876;52ac8847498e1390ec3ab77e;2017-12-30T15:50:00-05:00;-5.0;0.0;14.5;snow;Partially cloudy
2066605;122876;57583641498e90001a32e13e;2017-12-30T16:04:00-05:00;-5.0;0.0;14.5;snow;Partially cloudy
2066635;122876;49e74532f964a52081641fe3;2018-09-07T15:54:00-04:00;23.2;0.0;18.2;nan;Overcast
2066684;122879;4165d880f964a5207e1d1fe3;2017-12-23T17:04:00-05:00;9.0;0.0;5.4;nan;Overcast
2066684;122879;42893400f964a52054231fe3;2017-12-23T17:49:00-05:00;9.1;0.3;4.2;rain;Rain, Overcast
2070749;123144;50b014a4e4b0d4508b5aa2b1;2017-11-12T20:31:00-05:00;6.2;0.0;4.8;nan;Partially cloudy
2070754;123144;3fd66200f964a5209fea1ee3;2018-01-25T23:51:00-05:00;-1.5;0.0;3.6;nan;Overcast
2070754;123144;49b87b8cf964a52044531fe3;2018-01-26T01:23:00-05:00;-1.9;0.0;7.6;nan;Overcast
2070765;123144;40f1d480f964a5205b0a1fe3;2018-04-28T15:34:00-04:00;18.3;0.0;12.7;nan;Clear
2070765;123144;5adcec1f1cf2e1716b89f51d;2018-04-28T16:13:00-04:00;18.3;0.0;12.7;nan;Clear
2072739;123284;4eb90d85722e09311d356915;2017-12-10T17:55:00-05:00;2.9;0.0;15.6;nan;Partially cloudy
2072741;123284;49dcd4b4f964a520ad5f1fe3;2017-12-12T16:15:00-05:00;6.8;0.0;14.3;nan;Partially cloudy
2072741;123284;4b3a4c91f964a5200d6425e3;2017-12-12T16:22:00-05:00;6.8;0.0;14.3;nan;Partially cloudy
2072741;123284;49f75667f964a5208b6c1fe3;2017-12-12T17:05:00-05:00;6.4;0.0;19.2;nan;Partially cloudy
2072741;123284;4a2c0e75f964a52014971fe3;2017-12-12T17:58:00-05:00;5.7;0.0;21.2;nan;Partially cloudy
2072741;123284;49e644c6f964a5202f641fe3;2017-12-12T21:16:00-05:00;1.5;0.0;35.0;nan;Partially cloudy
2072745;123284;49dcd4b4f964a520ad5f1fe3;2017-12-16T19:01:00-05:00;3.7;0.0;14.5;nan;Overcast
2074590;123401;58ab3a6a53f5bb4b6b267ad1;2017-10-25T15:08:00-04:00;18.1;0.0;2.1;nan;Partially cloudy
2075695;123484;436aa480f964a5209e291fe3;2018-01-14T23:08:00-05:00;-8.2;0.0;14.8;nan;Clear
2076239;123513;5a25d4e6e65d0c0638925679;2018-04-26T22:00:00-04:00;17.2;0.0;7.9;nan;Clear
2076242;123513;55e1c16f498e3be4f7108cab;2018-05-19T17:16:00-04:00;13.4;0.0;11.0;nan;Overcast
2076253;123513;4eef9dfe6c25c7f9d47c80b4;2018-08-18T23:55:00-04:00;22.0;0.0;13.3;nan;Partially cloudy
2076963;123557;42893400f964a52054231fe3;2017-12-24T15:57:00-05:00;3.9;0.0;16.3;nan;Clear
2078738;123664;49b87b8cf964a52044531fe3;2018-02-23T04:45:00-05:00;2.5;0.0;13.9;nan;Overcast
2081490;123845;49b87b8cf964a52044531fe3;2018-06-05T00:59:00-04:00;15.7;0.0;2.9;nan;Clear
2083599;123977;4eb90d85722e09311d356915;2018-10-01T16:47:00-04:00;24.7;0.0;4.7;nan;Partially cloudy
2083599;123977;4b6b5abff964a520fb022ce3;2018-10-01T17:15:00-04:00;24.7;0.0;4.7;nan;Partially cloudy
2083600;123977;4a8d57e7f964a5207c0f20e3;2018-10-02T17:31:00-04:00;24.7;0.0;19.9;nan;Partially cloudy
2083600;123977;42daf100f964a52035261fe3;2018-10-02T17:49:00-04:00;24.7;0.0;19.9;nan;Partially cloudy
2083600;123977;42893400f964a52054231fe3;2018-10-02T18:28:00-04:00;24.7;0.0;19.9;nan;Partially cloudy
2083602;123977;4bc24023461576b056237d32;2018-10-04T18:50:00-04:00;23.3;0.0;3.0;nan;Overcast
2083602;123977;4a675deef964a52045c91fe3;2018-10-04T19:10:00-04:00;23.3;0.0;3.0;nan;Overcast
2083602;123977;5984eeb39be522744003dee5;2018-10-04T20:24:00-04:00;23.4;0.0;1.2;nan;Overcast
2084104;124009;4165d880f964a5207e1d1fe3;2018-07-03T18:53:00-04:00;26.7;0.252;9.6;rain;Rain, Partially cloudy
2084104;124009;59b70eb2fd16bb50bdeccf29;2018-07-03T22:57:00-04:00;26.1;0.0;3.3;nan;Partially cloudy
2084734;124046;49d7aaf5f964a5204a5d1fe3;2018-04-08T15:27:00-04:00;6.7;0.0;18.4;nan;Partially cloudy
2085740;124110;56037e8b498ee4d3ed6d1280;2017-12-02T05:01:00-05:00;3.7;0.0;6.9;nan;Clear
2085761;124110;4116be80f964a520fc0b1fe3;2018-07-08T01:16:00-04:00;18.7;0.0;2.9;nan;Clear
2086943;124187;5a932a1448b04e6e4c1ee74d;2018-05-04T22:10:00-04:00;27.4;0.0;15.2;nan;Partially cloudy
2087037;124190;5991933ec0f1632f70b55347;2018-09-19T17:59:00-04:00;25.8;0.0;7.4;nan;Clear
2087886;124240;4b40cf3df964a5206bbb25e3;2017-10-30T18:49:00-04:00;12.0;0.0;18.7;nan;Clear
2089110;124310;4eb90d85722e09311d356915;2018-02-03T20:17:00-05:00;-1.6;0.0;14.8;nan;Partially cloudy
2089110;124310;579c12cd498e6e815b3acf50;2018-02-03T20:26:00-05:00;-1.6;0.0;14.8;nan;Partially cloudy
2090341;124406;4165d880f964a5207e1d1fe3;2018-01-28T16:31:00-05:00;9.7;0.0;3.3;nan;Overcast
2090341;124406;42893400f964a52054231fe3;2018-01-28T17:14:00-05:00;9.7;0.0;3.3;nan;Overcast
2096096;124759;42daf100f964a52035261fe3;2018-03-24T13:05:00-04:00;8.6;0.0;15.7;nan;Clear
2096096;124759;4c35de72452620a1ba5d270f;2018-03-24T13:16:00-04:00;8.6;0.0;15.7;nan;Clear
2096096;124759;42893400f964a52054231fe3;2018-03-24T15:31:00-04:00;9.7;0.0;13.6;nan;Clear
2096096;124759;4a44cd95f964a5208fa71fe3;2018-03-24T17:33:00-04:00;9.5;0.0;16.8;nan;Clear
2096096;124759;3fd66200f964a520d8f11ee3;2018-03-24T21:30:00-04:00;7.3;0.0;12.3;nan;Partially cloudy
2096096;124759;4ae8906ef964a52071b021e3;2018-03-24T22:04:00-04:00;6.4;0.0;12.6;nan;Partially cloudy
2096096;124759;4b6b5abff964a520fb022ce3;2018-03-24T22:30:00-04:00;6.4;0.0;12.6;nan;Partially cloudy
2096096;124759;4b4cc07ef964a5204abd26e3;2018-03-25T02:19:00-04:00;2.6;0.0;10.4;nan;Partially cloudy
2096097;124759;4afc3ba3f964a520bb2022e3;2018-03-25T14:45:00-04:00;5.8;0.0;18.9;rain;Overcast
2096097;124759;4ad78220f964a520960b21e3;2018-03-25T14:53:00-04:00;5.8;0.0;18.9;rain;Overcast
2096098;124759;4b40cf3df964a5206bbb25e3;2018-03-27T19:18:00-04:00;5.4;0.0;7.4;nan;Overcast
2096098;124759;4b996536f964a520467835e3;2018-03-27T19:49:00-04:00;5.4;0.0;4.5;nan;Overcast
2096100;124759;49ff62f9f964a52013701fe3;2018-03-29T21:48:00-04:00;9.6;0.0;9.8;nan;Overcast
2101399;125101;4eb90d85722e09311d356915;2018-01-01T19:43:00-05:00;-8.2;0.0;14.7;nan;Clear
2101401;125101;4c35de72452620a1ba5d270f;2018-01-06T18:55:00-05:00;-12.0;0.0;21.3;nan;Clear
2104574;125308;4a2f3322f964a520b6981fe3;2017-12-05T21:59:00-05:00;14.3;4.06;14.9;rain;Rain, Partially cloudy
2104574;125308;4eb90d85722e09311d356915;2017-12-05T23:49:00-05:00;14.5;0.338;13.1;rain;Rain, Partially cloudy
2104596;125308;521cad4011d2a9c6e2c198ae;2018-03-29T22:57:00-04:00;9.1;0.0;14.1;nan;Overcast
2107005;125472;53051e8b498e331dc90d6eb4;2018-02-08T23:10:00-05:00;-1.8;0.0;15.4;nan;Clear
2107005;125472;42893400f964a52054231fe3;2018-02-08T23:45:00-05:00;-2.3;0.0;14.6;nan;Clear
2113654;125887;5787b68e498efcabbebba4f8;2018-02-10T19:05:00-05:00;7.1;1.039;4.2;rain;Rain, Overcast
2113654;125887;57479cca38fad4925dcb8298;2018-02-10T22:42:00-05:00;7.7;0.316;4.5;rain;Rain, Overcast
2116289;126052;4bb67651f562ef3bde333097;2017-10-21T17:58:00-04:00;21.5;0.0;4.5;nan;Partially cloudy
2116289;126052;4b6b5abff964a520fb022ce3;2017-10-21T21:23:00-04:00;18.8;0.0;4.0;nan;Partially cloudy
2118256;126176;501d3c31e4b0c3028609cc2b;2017-10-22T19:50:00-04:00;18.3;0.0;9.4;nan;Partially cloudy
2118261;126176;52b0a990498eb3a992b89573;2017-11-24T21:48:00-05:00;7.7;0.0;12.8;nan;Clear
2121162;126349;53756391498ef3c8e7f43ecb;2017-12-02T23:32:00-05:00;6.5;0.0;0.0;nan;Partially cloudy
2125924;126614;3fd66200f964a520fee31ee3;2017-10-08T01:12:00-04:00;22.7;0.0;11.1;nan;Partially cloudy
2137193;127331;4a7ca51ff964a52012ed1fe3;2018-01-30T17:18:00-05:00;0.1;0.0;21.1;nan;Overcast
2137194;127331;568dd8f0498e49b9d660021b;2018-02-06T16:56:00-05:00;2.4;0.0;4.2;nan;Partially cloudy
2137194;127331;579c12cd498e6e815b3acf50;2018-02-06T19:28:00-05:00;1.7;0.0;8.8;nan;Partially cloudy
2137195;127331;59822ae4e97dfb6a1519825b;2018-02-10T22:31:00-05:00;7.7;0.316;4.5;rain;Rain, Overcast
2137195;127331;590a00e74febd55af43a8267;2018-02-11T00:34:00-05:00;7.7;0.958;4.5;rain;Rain, Overcast
2138327;127392;42893400f964a52054231fe3;2018-08-15T17:11:00-04:00;30.3;0.0;11.9;nan;Partially cloudy
2138327;127392;4e9da335cc2132d67d558120;2018-08-15T19:58:00-04:00;29.1;0.0;15.9;nan;Partially cloudy
2138328;127392;5a1e0dddb2958f1efac02a71;2018-08-16T21:28:00-04:00;30.1;0.0;9.5;nan;Clear
2138328;127392;4b40cf3df964a5206bbb25e3;2018-08-16T22:40:00-04:00;28.5;0.0;5.1;nan;Clear
2139209;127455;42893400f964a52054231fe3;2018-03-15T14:21:00-04:00;6.9;0.0;24.9;nan;Partially cloudy
2139209;127455;4abe7f9ef964a520068e20e3;2018-03-15T18:01:00-04:00;6.4;0.0;18.7;nan;Partially cloudy
2139854;127507;4b40cf3df964a5206bbb25e3;2018-02-17T23:10:00-05:00;0.6;2.233;6.2;rain,snow;Snow, Rain, Overcast
2139871;127507;53306dcf11d2599de5a2442f;2018-07-01T00:32:00-04:00;28.7;0.0;8.7;nan;Clear
2139871;127507;42055e00f964a520671f1fe3;2018-07-01T00:46:00-04:00;28.7;0.0;8.7;nan;Clear
2142122;127637;42893400f964a52054231fe3;2017-11-05T18:11:00-05:00;15.8;0.0;9.8;nan;Overcast
2157892;128670;42e82000f964a52083261fe3;2018-01-25T23:23:00-05:00;-1.7;0.0;3.4;nan;Partially cloudy
2159340;128765;4edd43af7bebc29455367992;2017-11-07T13:42:00-05:00;8.7;0.0;21.4;nan;Partially cloudy
2160125;128822;59d828f0916bc1155fde2c04;2017-11-18T23:57:00-05:00;13.1;0.0;7.6;nan;Partially cloudy
2160126;128822;535c0d45498e824febce3f2b;2017-12-16T16:56:00-05:00;3.5;0.0;18.2;nan;Overcast
2160127;128822;58a4fb9d30ecc618cdd5c3e2;2017-12-31T00:56:00-05:00;-6.7;0.0;19.5;snow;Partially cloudy
2160127;128822;55e26372498ed6652e70e26c;2017-12-31T02:46:00-05:00;-7.2;0.0;18.4;snow;Clear
2160130;128822;59b4898de1f0aa6d9ec6d507;2018-02-08T19:58:00-05:00;-1.5;0.0;10.7;nan;Partially cloudy
2160141;128822;49e24ccbf964a52007621fe3;2018-05-05T18:43:00-04:00;21.1;0.0;9.9;nan;Partially cloudy
2160148;128822;535c0d45498e824febce3f2b;2018-07-07T17:17:00-04:00;23.2;0.0;11.6;nan;Clear
2160148;128822;55b2b14a498e09f9933e6bfd;2018-07-07T20:43:00-04:00;20.0;0.0;8.8;nan;Clear
2160151;128822;4a9eb0e7f964a520e43a20e3;2018-07-14T18:39:00-04:00;31.1;0.0;14.3;nan;Partially cloudy
2160151;128822;4b0c37f8f964a5201c3923e3;2018-07-14T21:07:00-04:00;29.6;0.0;12.5;nan;Partially cloudy
2160162;128822;5abc33ccad17896edaca3d61;2018-09-02T22:49:00-04:00;24.6;0.0;6.9;nan;Partially cloudy
2160163;128822;535c0d45498e824febce3f2b;2018-09-22T17:55:00-04:00;19.4;0.0;10.9;nan;Partially cloudy
2160163;128822;547113b8498ec02dd22ab440;2018-09-22T19:32:00-04:00;19.0;0.0;11.7;nan;Partially cloudy
2162714;128981;42893400f964a52054231fe3;2018-05-06T18:09:00-04:00;16.2;0.0;14.6;nan;Overcast
2170130;129479;4b55cd09f964a520acf027e3;2017-11-22T00:47:00-05:00;11.6;0.0;1.4;nan;Partially cloudy
2170133;129479;509d636e5d2463e87154805d;2017-11-24T19:49:00-05:00;8.3;0.0;9.8;nan;Clear
2170133;129479;42daf100f964a52035261fe3;2017-11-24T21:14:00-05:00;8.0;0.0;10.5;nan;Clear
2170133;129479;4b6b5abff964a520fb022ce3;2017-11-24T21:36:00-05:00;7.7;0.0;12.8;nan;Clear
2170579;129520;4b6b5abff964a520fb022ce3;2017-11-17T22:13:00-05:00;4.3;0.0;6.5;nan;Clear
2173341;129692;56e4e262498e64591cecae0c;2018-04-13T02:45:00-04:00;16.0;0.0;13.7;nan;Clear
2174842;129789;4eefd4506d86d722df8fd52e;2017-10-07T21:07:00-04:00;22.4;0.0;18.9;nan;Clear
2174842;129789;57583641498e90001a32e13e;2017-10-08T01:07:00-04:00;22.7;0.0;11.1;nan;Partially cloudy
2174842;129789;47111950f964a5209e4b1fe3;2017-10-08T05:23:00-04:00;22.8;0.0;11.6;nan;Overcast
2174843;129789;3fd66200f964a52053eb1ee3;2017-10-08T17:11:00-04:00;25.2;0.0;20.0;nan;Partially cloudy
2174844;129789;4afa0494f964a5200f1622e3;2017-10-13T23:59:00-04:00;16.9;0.0;8.5;nan;Partially cloudy
2180282;130145;50bcb93ae4b0efcb4c84d434;2017-10-18T23:22:00-04:00;17.5;0.0;12.6;nan;Clear
2180284;130145;57ab90ca498e7d61e13a6985;2017-10-21T22:19:00-04:00;18.9;0.0;8.4;nan;Partially cloudy
2190826;130781;4c70029f9c6d6dcbd424d17a;2018-03-12T14:53:00-04:00;5.6;0.0;19.1;nan;Overcast
2206161;131815;4c5d7ac6d25320a175ffc57a;2017-12-22T18:44:00-05:00;8.8;0.0;5.3;nan;Overcast
2238327;134006;4bcf9774a8b3a5939497625f;2018-07-11T16:59:00-04:00;29.1;0.0;9.0;nan;Overcast
2264541;135891;5953e0555c683860ffa4e0cd;2018-07-29T15:43:00-04:00;27.5;0.0;7.8;nan;Overcast
2264787;135912;4a93fc49f964a520192020e3;2017-12-31T18:21:00-05:00;-10.6;0.0;19.9;nan;Clear
2264787;135912;42893400f964a52054231fe3;2017-12-31T19:55:00-05:00;-11.0;0.0;20.0;nan;Clear
2268896;136229;587ffcc3ea29b80cdce3468d;2018-03-16T15:58:00-04:00;3.1;0.0;31.3;nan;Partially cloudy
2275673;136759;59f38be7175562651c451266;2017-10-28T14:34:00-04:00;20.3;0.0;23.1;nan;Partially cloudy
2275673;136759;509fd01de4b070da0a9d3c24;2017-10-28T19:26:00-04:00;18.0;0.0;14.2;nan;Partially cloudy
2275674;136759;54ee1680498ef860b6ed47fc;2018-01-12T00:08:00-05:00;8.7;0.0;5.4;nan;Overcast
2282745;137340;58efb4281f74401c28a2d75d;2017-10-29T20:57:00-04:00;17.9;6.435;17.8;rain;Rain, Overcast
2289192;137890;57fd74cb498ecd4ccc2510ee;2017-11-05T18:54:00-05:00;15.8;0.0;3.6;nan;Overcast
2303153;139112;4bac00a1f964a52025dd3ae3;2017-10-07T17:14:00-04:00;24.8;0.0;12.8;nan;Partially cloudy
2310692;139857;4eb90d85722e09311d356915;2017-10-26T15:56:00-04:00;14.0;0.0;14.5;nan;Partially cloudy
2312872;140066;521cad4011d2a9c6e2c198ae;2018-04-28T14:37:00-04:00;18.2;0.0;21.7;nan;Clear
2312872;140066;40f1d480f964a5205b0a1fe3;2018-04-28T22:03:00-04:00;12.5;0.42;12.1;rain;Rain, Overcast
2314610;140238;42daf100f964a52035261fe3;2017-10-07T12:53:00-04:00;25.9;0.0;11.2;nan;Partially cloudy
2314610;140238;581605b838faae96e66a8903;2017-10-07T13:37:00-04:00;26.7;0.0;9.1;nan;Partially cloudy
2320781;140785;5a106285fdb9a71c48953176;2017-11-22T22:40:00-05:00;2.5;0.0;21.5;nan;Clear
2320781;140785;57fe5fb9498e0dfb586bfe58;2017-11-22T23:06:00-05:00;2.5;0.0;21.5;nan;Clear
2324999;141106;4b3abe48f964a520b96d25e3;2017-11-05T20:36:00-05:00;16.3;0.0;6.5;nan;Partially cloudy
2325012;141106;541c3ff4498e78ca085f308d;2017-12-29T10:32:00-05:00;-8.4;0.0;13.1;nan;Clear
2325012;141106;540d97b5498e05abd30fd5ca;2017-12-29T21:49:00-05:00;-7.7;0.0;13.4;nan;Clear
2325012;141106;5921a6cd5d0fea5ae1a284dd;2017-12-29T22:37:00-05:00;-7.9;0.0;13.1;nan;Clear
2325014;141106;4b4cc07ef964a5204abd26e3;2017-12-31T18:10:00-05:00;-10.6;0.0;19.9;nan;Clear
2325014;141106;5787b68e498efcabbebba4f8;2017-12-31T20:03:00-05:00;-11.0;0.0;20.0;nan;Clear
2325030;141106;4ad35d08f964a520fae320e3;2018-01-17T23:23:00-05:00;-5.0;0.0;11.8;snow;Partially cloudy
2325030;141106;4b0800f9f964a5202a0223e3;2018-01-18T00:02:00-05:00;-5.5;0.0;12.8;snow;Partially cloudy
2325031;141106;4ad35d08f964a520fae320e3;2018-01-18T21:08:00-05:00;-2.0;0.0;18.0;nan;Clear
2325031;141106;4de7987e1fc7fcfe04ac252b;2018-01-18T22:06:00-05:00;-2.6;0.0;14.6;nan;Clear
2325039;141106;3fd66200f964a520ede61ee3;2018-01-28T05:02:00-05:00;10.3;0.5;17.4;rain;Rain, Overcast
2325040;141106;4eb90d85722e09311d356915;2018-01-28T17:32:00-05:00;9.5;0.0;7.5;nan;Overcast
2325046;141106;541c3ff4498e78ca085f308d;2018-02-03T08:48:00-05:00;-6.5;0.0;18.7;nan;Clear
2325053;141106;541c3ff4498e78ca085f308d;2018-02-15T14:29:00-05:00;13.0;0.0;14.8;nan;Partially cloudy
2325053;141106;4b3abe48f964a520b96d25e3;2018-02-15T21:23:00-05:00;15.9;0.0;8.1;nan;Overcast
2325054;141106;4b2ac07af964a520ecae24e3;2018-02-16T17:37:00-05:00;7.4;0.0;23.8;nan;Partially cloudy
2325054;141106;4b40cf3df964a5206bbb25e3;2018-02-16T17:42:00-05:00;7.4;0.0;23.8;nan;Partially cloudy
2325054;141106;4ce6fa8ff1c6236a46a356f0;2018-02-16T18:08:00-05:00;7.4;0.0;23.8;nan;Partially cloudy
2325054;141106;3fd66200f964a520ede41ee3;2018-02-16T18:33:00-05:00;6.4;0.0;22.9;nan;Partially cloudy
2325054;141106;3fd66200f964a52033eb1ee3;2018-02-16T20:06:00-05:00;5.7;0.0;24.8;nan;Partially cloudy
2325054;141106;4b2ac07af964a520ecae24e3;2018-02-16T21:19:00-05:00;4.6;0.0;22.2;nan;Partially cloudy
2325054;141106;4b3abe48f964a520b96d25e3;2018-02-17T04:30:00-05:00;-0.6;0.0;12.7;nan;Clear
2325054;141106;4b3abe48f964a520b96d25e3;2018-02-17T14:52:00-05:00;2.5;0.0;6.5;rain;Overcast
2325054;141106;4b466b09f964a520452026e3;2018-02-17T16:35:00-05:00;3.0;0.0;11.7;rain;Overcast
2325054;141106;4165d880f964a5207e1d1fe3;2018-02-17T16:57:00-05:00;3.0;0.0;11.7;rain;Overcast
2325054;141106;4c1a94bcb4e62d7f0c08d893;2018-02-17T17:10:00-05:00;3.0;0.0;11.7;rain;Overcast
2325055;141106;580a863238fa69ffeefb49cf;2018-02-19T14:46:00-05:00;8.8;0.0;7.1;nan;Overcast
2325067;141106;4e0f2be5c65ba20da2275120;2018-03-06T01:06:00-05:00;2.0;0.0;5.8;nan;Clear
2325070;141106;541c3ff4498e78ca085f308d;2018-03-09T20:58:00-05:00;3.1;0.0;19.7;nan;Clear
2325071;141106;4d0a945ef2c1236a74ccfc56;2018-03-10T15:03:00-05:00;4.2;0.0;21.1;nan;Overcast
2325071;141106;4b466b09f964a520452026e3;2018-03-11T16:48:00-04:00;7.0;0.0;11.2;nan;Clear
2325072;141106;541c3ff4498e78ca085f308d;2018-03-12T10:32:00-04:00;3.5;0.0;14.9;nan;Partially cloudy
2325075;141106;4be9579f947820a1aedbb5db;2018-03-17T15:21:00-04:00;8.7;0.0;23.7;nan;Partially cloudy
2325075;141106;58b2ede819b1ad549368bb0d;2018-03-17T15:32:00-04:00;8.6;0.0;21.5;nan;Partially cloudy
2325075;141106;4aaa4e0ef964a520ad5520e3;2018-03-17T19:45:00-04:00;7.7;0.0;13.7;nan;Clear
2325075;141106;576c10c1498e346f21b0e751;2018-03-17T19:50:00-04:00;7.7;0.0;13.7;nan;Clear
2325075;141106;4aaa4e0ef964a520ad5520e3;2018-03-17T19:57:00-04:00;7.7;0.0;13.7;nan;Clear
2325075;141106;3fd66200f964a520a0e61ee3;2018-03-18T00:38:00-04:00;3.2;0.0;4.7;nan;Clear
2325075;141106;4cd1ddda01eaf04da7bcc05d;2018-03-18T02:11:00-04:00;2.6;0.0;10.8;nan;Clear
2325075;141106;4cd85773da85224b3d0a4cca;2018-03-18T02:18:00-04:00;2.6;0.0;10.8;nan;Clear
2325075;141106;505085a9e4b0694f641fc735;2018-03-18T02:49:00-04:00;2.0;0.0;10.7;nan;Clear
2325076;141106;4b3abe48f964a520b96d25e3;2018-03-18T23:29:00-04:00;4.5;0.0;4.2;nan;Clear
2325076;141106;3fd66200f964a520ede61ee3;2018-03-19T01:44:00-04:00;2.3;0.0;0.0;nan;Clear
2325082;141106;4e13a7e818508ba9dc0fa5ee;2018-03-25T20:02:00-04:00;5.0;0.0;10.3;nan;Partially cloudy
2325082;141106;541c3ff4498e78ca085f308d;2018-03-25T20:10:00-04:00;5.0;0.0;10.3;nan;Partially cloudy
2325086;141106;4e13a7e818508ba9dc0fa5ee;2018-04-04T15:08:00-04:00;12.9;0.067;29.1;rain;Rain, Overcast
2325086;141106;5198dfb02fc6fc86d451ef2e;2018-04-04T15:16:00-04:00;12.9;0.067;29.1;rain;Rain, Overcast
2325086;141106;4b3abe48f964a520b96d25e3;2018-04-04T15:22:00-04:00;12.9;0.067;29.1;rain;Rain, Overcast
2325088;141106;4aaa4e0ef964a520ad5520e3;2018-04-06T18:30:00-04:00;16.3;0.0;24.5;nan;Partially cloudy
2325088;141106;4ef2573d0aaf88e561e58f26;2018-04-06T21:01:00-04:00;13.7;0.0;8.0;nan;Overcast
2325092;141106;576c10c1498e346f21b0e751;2018-04-13T18:28:00-04:00;25.3;0.0;13.4;nan;Partially cloudy
2325099;141106;4a747319f964a52033de1fe3;2018-04-20T17:08:00-04:00;10.2;0.0;26.7;nan;Clear
2325099;141106;4eb90d85722e09311d356915;2018-04-20T19:37:00-04:00;6.9;0.0;19.2;nan;Clear
2325100;141106;4bc24023461576b056237d32;2018-04-22T01:11:00-04:00;11.3;0.0;10.6;nan;Partially cloudy
2325102;141106;4bc24023461576b056237d32;2018-04-23T13:52:00-04:00;18.3;0.0;13.6;nan;Clear
2325102;141106;4bd9b7ec0115c9b6f6587880;2018-04-23T13:57:00-04:00;18.3;0.0;13.6;nan;Clear
2325102;141106;5335d89c498e08aa36a628ac;2018-04-23T15:23:00-04:00;17.6;0.0;10.7;nan;Clear
2325102;141106;4bc24023461576b056237d32;2018-04-23T16:52:00-04:00;15.3;0.0;16.5;nan;Clear
2325102;141106;4ca9ff3214c33704814ae33b;2018-04-23T18:10:00-04:00;13.5;0.0;18.4;nan;Clear
2325102;141106;4b0800f9f964a5202a0223e3;2018-04-23T19:12:00-04:00;13.2;0.0;12.2;nan;Clear
2325106;141106;4e13a7e818508ba9dc0fa5ee;2018-04-27T23:23:00-04:00;11.4;0.0;0.9;nan;Overcast
2325107;141106;4c374bf80a71c9b6f2893ec9;2018-04-28T22:55:00-04:00;12.3;0.587;11.1;rain;Rain, Overcast
2325107;141106;4b996536f964a520467835e3;2018-04-28T23:33:00-04:00;12.1;0.3;6.1;rain;Rain, Overcast
2325107;141106;564a86c8498ea245a802f0d1;2018-04-29T00:29:00-04:00;12.1;0.3;6.1;rain;Rain, Overcast
2325107;141106;4ad78220f964a520960b21e3;2018-04-29T02:50:00-04:00;11.7;0.739;3.3;rain;Rain, Overcast
2325109;141106;4b466b09f964a520452026e3;2018-05-01T01:18:00-04:00;9.1;0.0;7.6;nan;Partially cloudy
2325109;141106;4b3abe48f964a520b96d25e3;2018-05-01T16:30:00-04:00;26.0;0.0;16.1;nan;Clear
2325112;141106;4ad78220f964a520960b21e3;2018-05-04T16:06:00-04:00;27.7;0.0;22.8;nan;Partially cloudy
2325112;141106;540d97b5498e05abd30fd5ca;2018-05-04T16:18:00-04:00;27.7;0.0;22.8;nan;Partially cloudy
2325112;141106;4b4cc07ef964a5204abd26e3;2018-05-04T17:37:00-04:00;28.3;0.0;8.5;nan;Partially cloudy
2325112;141106;4b3abe48f964a520b96d25e3;2018-05-05T02:10:00-04:00;22.7;0.0;21.4;nan;Overcast
2325113;141106;58fa33cea9fe1259485f3c9d;2018-05-05T16:59:00-04:00;21.9;0.0;14.5;nan;Partially cloudy
2325137;141106;4b3abe48f964a520b96d25e3;2018-06-03T02:58:00-04:00;17.5;0.0;16.0;nan;Overcast
2325138;141106;4b3abe48f964a520b96d25e3;2018-06-04T01:33:00-04:00;11.1;372.0;14.4;rain;Rain, Overcast
2325139;141106;4b3abe48f964a520b96d25e3;2018-06-04T16:51:00-04:00;21.2;0.0;8.1;nan;Partially cloudy
2325140;141106;541c3ff4498e78ca085f308d;2018-06-05T15:14:00-04:00;22.0;0.0;18.4;nan;Overcast
2325143;141106;4b3abe48f964a520b96d25e3;2018-06-08T15:07:00-04:00;27.1;0.0;12.6;nan;Partially cloudy
2325143;141106;4b3abe48f964a520b96d25e3;2018-06-09T03:09:00-04:00;22.3;0.0;10.3;nan;Clear
2325143;141106;541c3ff4498e78ca085f308d;2018-06-09T03:22:00-04:00;22.3;0.0;10.3;nan;Clear
2325144;141106;4b3abe48f964a520b96d25e3;2018-06-09T11:54:00-04:00;25.1;0.0;7.8;nan;Clear
2325145;141106;4b3abe48f964a520b96d25e3;2018-06-10T12:18:00-04:00;20.8;0.0;5.1;nan;Overcast
2325145;141106;4b3abe48f964a520b96d25e3;2018-06-11T01:46:00-04:00;15.0;287.0;3.3;rain;Rain, Overcast
2325146;141106;4b3abe48f964a520b96d25e3;2018-06-11T19:49:00-04:00;18.1;0.0;11.3;nan;Clear
2325151;141106;4b3abe48f964a520b96d25e3;2018-06-18T01:31:00-04:00;23.6;0.0;11.1;nan;Partially cloudy
2325153;141106;5198dfb02fc6fc86d451ef2e;2018-06-19T18:35:00-04:00;29.8;0.0;14.7;nan;Clear
2325153;141106;4b240a1ff964a520b25f24e3;2018-06-19T22:23:00-04:00;26.2;0.0;8.8;nan;Clear
2325156;141106;519393ce498edf62feac9c12;2018-06-24T02:17:00-04:00;18.9;0.0;1.7;nan;Overcast
2325157;141106;4bd9259267b49c7480832214;2018-06-24T16:38:00-04:00;26.9;0.0;10.9;nan;Overcast
2325161;141106;4b3abe48f964a520b96d25e3;2018-07-20T22:31:00-04:00;22.6;0.0;8.5;nan;Partially cloudy
2325163;141106;4ad78220f964a520960b21e3;2018-07-22T19:02:00-04:00;24.0;6.993;20.0;rain;Rain, Overcast
2325163;141106;4b435e5ef964a52009df25e3;2018-07-22T22:49:00-04:00;24.1;3.053;11.2;rain;Rain, Overcast
2325173;141106;4b435e5ef964a52009df25e3;2018-08-04T21:32:00-04:00;27.6;0.0;8.2;nan;Partially cloudy
2326359;141184;4e0cb1c918509581f763fea2;2017-11-18T14:55:00-05:00;10.4;0.028;11.9;rain;Rain, Partially cloudy
2326360;141184;56d8c0f8498edb854f926e6a;2017-11-19T15:17:00-05:00;9.1;0.0;28.5;nan;Partially cloudy
2328322;141359;4b6b5abff964a520fb022ce3;2018-05-05T15:45:00-04:00;23.8;0.0;6.4;nan;Partially cloudy
2329129;141444;5a0f6c9fb04056129d570bce;2017-12-23T03:44:00-05:00;4.0;0.0;10.3;nan;Overcast
2331996;141729;4abe7f9ef964a520068e20e3;2017-11-17T19:25:00-05:00;6.3;0.0;16.3;nan;Clear
2332827;141809;59f38be7175562651c451266;2017-11-11T20:58:00-05:00;1.2;0.0;6.8;nan;Partially cloudy
2332827;141809;582543c1b39f9613c18d8e2f;2017-11-12T02:59:00-05:00;0.7;0.0;2.6;nan;Partially cloudy
2334782;141997;4b6b5abff964a520fb022ce3;2017-12-27T16:57:00-05:00;-4.9;0.0;17.9;nan;Clear
2336716;142203;42daf100f964a52035261fe3;2017-12-03T20:04:00-05:00;7.6;0.0;6.9;nan;Partially cloudy
2339418;142505;4b6b5abff964a520fb022ce3;2018-08-03T21:16:00-04:00;25.9;0.0;8.7;nan;Partially cloudy
2341760;142720;4165d880f964a5207e1d1fe3;2018-08-18T17:05:00-04:00;29.6;0.0;23.1;nan;Partially cloudy
2341760;142720;42daf100f964a52035261fe3;2018-08-18T17:40:00-04:00;27.3;0.0;23.4;nan;Overcast
2341760;142720;587ffcc3ea29b80cdce3468d;2018-08-18T18:37:00-04:00;24.7;0.16;13.9;rain;Rain, Partially cloudy
2341760;142720;3fd66200f964a520daf11ee3;2018-08-18T21:28:00-04:00;23.6;0.067;6.9;rain;Rain, Overcast
2342220;142771;52ac8847498e1390ec3ab77e;2017-10-07T15:14:00-04:00;25.7;0.0;15.4;nan;Partially cloudy
2342583;142820;5941c0abf193c012d47fc4e8;2018-04-18T22:07:00-04:00;10.1;0.0;9.2;nan;Clear
2343889;142976;4bc24023461576b056237d32;2018-05-06T19:32:00-04:00;15.0;0.0;7.9;nan;Overcast
2343889;142976;4c374bf80a71c9b6f2893ec9;2018-05-06T20:48:00-04:00;14.4;0.0;5.2;nan;Partially cloudy
2346580;143269;53d3f607498edfb90a15baf5;2018-03-13T16:55:00-04:00;4.4;0.0;27.5;nan;Partially cloudy
2346583;143269;3fd66200f964a52070e91ee3;2018-03-20T14:11:00-04:00;1.8;0.0;20.9;nan;Overcast
2346583;143269;49bc3b0af964a52020541fe3;2018-03-20T15:52:00-04:00;3.2;0.0;20.1;nan;Overcast
2346590;143269;4a2f3322f964a520b6981fe3;2018-04-08T16:40:00-04:00;5.9;0.0;30.7;nan;Partially cloudy
2346598;143269;549dabec498eb47afce47921;2018-05-09T19:36:00-04:00;17.4;0.0;8.0;nan;Partially cloudy
2346599;143269;4a6e331af964a52031d41fe3;2018-05-14T12:35:00-04:00;17.0;0.0;4.4;nan;Overcast
2346605;143269;4a2f3322f964a520b6981fe3;2018-06-01T12:52:00-04:00;25.2;0.0;8.5;nan;Partially cloudy
2346607;143269;4555bea7f964a520253d1fe3;2018-06-14T19:14:00-04:00;27.5;0.0;21.3;nan;Clear
2346612;143269;4a2f3322f964a520b6981fe3;2018-07-06T16:33:00-04:00;26.7;0.0;13.8;nan;Partially cloudy
2346614;143269;4a6e331af964a52031d41fe3;2018-07-26T20:30:00-04:00;28.3;0.0;5.8;nan;Partially cloudy
2346617;143269;4c374bf80a71c9b6f2893ec9;2018-08-07T20:14:00-04:00;25.0;0.708;2.8;rain;Rain, Overcast
2346621;143269;54295f79498e5383362811c5;2018-09-10T15:13:00-04:00;16.5;612.0;17.9;rain;Rain, Overcast
2346625;143269;541a2341498e51ce1037963a;2018-09-28T17:33:00-04:00;17.6;0.0;6.9;nan;Overcast
2346627;143269;560d1028498eee2df9f982f0;2018-10-04T21:04:00-04:00;23.4;0.0;0.9;nan;Overcast
2349367;143590;4b240a1ff964a520b25f24e3;2018-05-11T22:43:00-04:00;18.9;0.0;9.6;nan;Overcast
2351563;143832;580820a638fae571fa62c326;2018-04-21T16:05:00-04:00;16.4;0.0;16.7;nan;Partially cloudy
2351760;143854;4a0c627df964a52028751fe3;2018-06-23T01:49:00-04:00;17.5;0.0;12.7;nan;Overcast
2352078;143898;515abd65e4b08eda86b30e6e;2017-12-30T21:12:00-05:00;-5.7;0.0;13.4;snow;Partially cloudy
2352395;143938;4e5fbb62d164df36c401d705;2017-11-08T16:29:00-05:00;9.0;0.0;4.7;nan;Overcast
2352395;143938;54f9d808498eaa73550d399c;2017-11-08T18:21:00-05:00;8.7;0.0;8.0;nan;Overcast
2352408;143938;4a8b0693f964a520350b20e3;2018-05-03T00:30:00-04:00;25.7;0.0;11.3;nan;Clear
2352409;143938;4a1013b6f964a5208d761fe3;2018-05-05T16:56:00-04:00;21.9;0.0;14.5;nan;Partially cloudy
2352409;143938;4a73515ef964a5201edc1fe3;2018-05-05T17:36:00-04:00;21.0;0.0;13.1;nan;Partially cloudy
2353327;144051;49f220a3f964a520ee691fe3;2017-12-25T20:33:00-05:00;-1.6;0.0;22.4;nan;Clear
2353339;144051;501d3c31e4b0c3028609cc2b;2018-09-02T17:32:00-04:00;26.0;0.0;14.5;nan;Partially cloudy
2354695;144219;4c35de72452620a1ba5d270f;2017-11-26T17:04:00-05:00;7.0;0.0;15.7;nan;Partially cloudy
2354695;144219;4a93fc49f964a520192020e3;2017-11-26T19:02:00-05:00;5.8;0.0;10.2;nan;Clear
2354945;144247;5521c2ff498ebe2368634187;2018-02-01T02:05:00-05:00;0.8;0.0;5.9;nan;Partially cloudy
2354946;144247;53a5f4f0498e1d1f0be9ad8e;2018-02-09T21:20:00-05:00;2.3;0.0;11.4;nan;Overcast
2354951;144247;3fd66200f964a52053eb1ee3;2018-06-22T02:26:00-04:00;21.3;0.0;9.1;nan;Partially cloudy
2355440;144298;3fd66200f964a520d4e61ee3;2017-12-01T02:26:00-05:00;9.6;0.0;7.3;nan;Overcast
2355447;144298;4bc86f7a2f94d13a418d137f;2018-01-19T16:45:00-05:00;3.0;0.0;11.6;nan;Partially cloudy
2355447;144298;4a6dea38f964a52052d31fe3;2018-01-19T18:55:00-05:00;3.1;0.0;11.7;nan;Partially cloudy
2355468;144298;4bb4accd613fb713640494e6;2018-04-18T15:02:00-04:00;11.1;0.0;12.6;nan;Partially cloudy
2356236;144377;3fd66200f964a520fbe31ee3;2018-03-31T15:41:00-04:00;12.7;0.0;22.3;nan;Clear
2356586;144419;4a6fa0abf964a520a4d61fe3;2017-10-28T16:05:00-04:00;19.1;0.0;18.4;nan;Partially cloudy
2356586;144419;4eb90d85722e09311d356915;2017-10-28T16:37:00-04:00;18.6;0.0;15.4;nan;Partially cloudy
2357386;144483;521cad4011d2a9c6e2c198ae;2018-05-16T23:55:00-04:00;13.6;0.023;4.8;rain;Rain, Overcast
2357386;144483;4ec4407382313b672fccf581;2018-05-17T01:15:00-04:00;13.3;0.092;8.1;rain;Rain, Overcast
2359522;144728;58c1e8590e0a1e57d87192ba;2017-10-21T15:16:00-04:00;25.9;0.0;7.4;nan;Partially cloudy
2359523;144728;585488d35804ea5d622e2bec;2018-02-17T16:00:00-05:00;2.5;0.0;12.5;rain;Overcast
2359523;144728;4bcf9774a8b3a5939497625f;2018-02-17T16:41:00-05:00;3.0;0.0;11.7;rain;Overcast
2361428;144888;4eb13d68e5e8c0f5bd2fd983;2018-09-20T15:45:00-04:00;21.8;0.0;7.2;nan;Partially cloudy
2362659;145050;5a216eb632b61d1112506754;2018-07-24T14:08:00-04:00;27.8;0.0;20.9;nan;Partially cloudy
2362804;145070;4c374bf80a71c9b6f2893ec9;2017-10-22T14:31:00-04:00;23.7;0.0;10.3;nan;Partially cloudy
2362804;145070;4eb13d68e5e8c0f5bd2fd983;2017-10-22T14:33:00-04:00;23.7;0.0;10.3;nan;Partially cloudy
2362806;145070;50002274e4b0deb8db4eea3b;2017-10-24T17:46:00-04:00;20.3;0.0;20.8;nan;Overcast
2362806;145070;509fd01de4b070da0a9d3c24;2017-10-24T18:58:00-04:00;20.3;0.0;18.0;nan;Overcast
2362806;145070;58e298e1528930451a13c08d;2017-10-24T19:29:00-04:00;20.3;0.0;18.0;nan;Overcast
2362806;145070;4a6fa0abf964a520a4d61fe3;2017-10-24T20:36:00-04:00;19.8;0.18;8.3;rain;Rain, Overcast
2363199;145131;3fd66200f964a52070e91ee3;2017-11-05T19:14:00-05:00;15.8;0.0;3.6;nan;Overcast
2363856;145205;4165d880f964a5207e1d1fe3;2017-12-06T17:41:00-05:00;5.9;0.0;12.3;nan;Partially cloudy
2364375;145239;4cd84a313ec4b1f763cdbd3f;2018-08-17T00:42:00-04:00;28.1;0.0;8.9;nan;Clear
2364377;145239;5332cf73498e629c35c73d15;2018-08-26T18:29:00-04:00;27.4;0.0;15.3;nan;Overcast
2364907;145304;42daf100f964a52035261fe3;2018-02-09T13:59:00-05:00;1.1;0.0;10.9;nan;Overcast
2364907;145304;4c35de72452620a1ba5d270f;2018-02-09T15:09:00-05:00;1.0;0.0;5.7;nan;Overcast
2364909;145304;4a675deef964a52045c91fe3;2018-02-11T19:21:00-05:00;13.2;0.0;3.3;nan;Overcast
2364974;145309;57bc4e34498ebd714e7b8c95;2017-10-07T22:19:00-04:00;22.4;0.0;11.3;nan;Partially cloudy
2366095;145445;49b87b8cf964a52044531fe3;2018-08-28T23:37:00-04:00;30.0;0.0;12.0;nan;Clear
2366405;145489;3fd66200f964a52067e61ee3;2017-12-13T19:01:00-05:00;-2.1;0.0;20.1;snow;Partially cloudy
2366405;145489;515abd65e4b08eda86b30e6e;2017-12-13T22:42:00-05:00;-2.5;0.0;12.4;snow;Overcast
2367816;145633;56c662a3cd1016b386a94236;2018-07-03T17:58:00-04:00;26.8;0.048;4.1;rain;Rain, Partially cloudy
2367816;145633;5355a5ca498e506aae75edb7;2018-07-03T19:14:00-04:00;26.7;0.252;9.6;rain;Rain, Partially cloudy
2367817;145633;59287ec99cadd905284e4052;2018-07-04T22:53:00-04:00;26.3;0.0;4.5;nan;Overcast
2367818;145633;4d03ae3437036dcbfba10bfb;2018-07-05T16:03:00-04:00;30.4;0.0;15.3;nan;Clear
2368366;145699;3fd66200f964a52006e61ee3;2018-01-08T01:52:00-05:00;-7.6;0.0;15.0;nan;Overcast
2368367;145699;3fd66200f964a52006e61ee3;2018-02-03T00:23:00-05:00;-8.2;0.0;21.4;nan;Clear
2368368;145699;3fd66200f964a52006e61ee3;2018-03-04T02:40:00-05:00;4.5;0.0;15.8;nan;Overcast
2368369;145699;3fd66200f964a52006e61ee3;2018-04-22T01:12:00-04:00;11.3;0.0;10.6;nan;Partially cloudy
2368370;145699;3fd66200f964a52006e61ee3;2018-06-01T22:51:00-04:00;22.3;0.0;2.1;nan;Partially cloudy
2368371;145699;3fd66200f964a52006e61ee3;2018-06-30T23:45:00-04:00;28.3;0.0;2.9;nan;Clear
2368372;145699;3fd66200f964a52006e61ee3;2018-07-31T01:56:00-04:00;21.3;0.0;1.2;nan;Clear
2368721;145731;55103583498eed2d409b549a;2017-10-20T18:35:00-04:00;20.6;0.0;10.3;nan;Clear
2368749;145731;4cf021c094feb1f703420fba;2018-05-12T15:34:00-04:00;14.8;0.0;11.6;nan;Overcast
2368750;145731;51b77ea1454a57610205b352;2018-05-13T16:47:00-04:00;12.0;0.0;5.1;nan;Overcast
2369333;145813;51abad1c7dd28f673d21bbf4;2018-01-18T02:07:00-05:00;-6.2;0.0;13.7;snow;Clear
2369333;145813;57218ba5498eb662eaa1e121;2018-01-18T03:43:00-05:00;-6.9;0.0;17.0;snow;Clear
2369337;145813;4ab27744f964a520486b20e3;2018-08-25T18:20:00-04:00;24.4;0.0;5.7;nan;Partially cloudy
2369483;145835;4a734456f964a520f8db1fe3;2017-12-27T18:24:00-05:00;-5.5;0.0;14.5;nan;Clear
2369483;145835;45719c4bf964a520693e1fe3;2017-12-27T18:48:00-05:00;-6.0;0.0;17.5;nan;Clear
2369987;145891;561b24e5498ec9037e2ed048;2018-03-16T19:33:00-04:00;1.4;0.0;25.1;nan;Clear
2369987;145891;5912316a8c35dc34cc66ad53;2018-03-16T19:43:00-04:00;1.4;0.0;25.1;nan;Clear
2370461;145949;51fd65922fc6e0f97bffb0b7;2018-03-19T20:25:00-04:00;5.8;0.0;9.6;nan;Partially cloudy
2371322;146056;57ab90ca498e7d61e13a6985;2017-11-04T02:12:00-04:00;10.3;0.0;18.9;nan;Partially cloudy
2371322;146056;50bcb93ae4b0efcb4c84d434;2017-11-04T05:38:00-04:00;8.7;0.0;12.0;nan;Partially cloudy
2371780;146113;551c38fb498e667476a42e53;2018-07-28T21:43:00-04:00;27.1;0.0;9.0;nan;Clear
2371780;146113;56b536df498e79d32247a3d1;2018-07-28T22:39:00-04:00;26.3;0.0;14.0;nan;Clear
2372603;146214;50474d91e4b0ea030c26e87b;2017-10-10T12:29:00-04:00;25.2;0.0;10.8;nan;Partially cloudy
2372605;146214;50474d91e4b0ea030c26e87b;2017-10-13T14:18:00-04:00;17.8;0.0;12.3;nan;Partially cloudy
2372606;146214;57a240f1cd10ed172db51626;2017-10-14T15:16:00-04:00;21.8;0.0;2.4;nan;Overcast
2372606;146214;4abe7f9ef964a520068e20e3;2017-10-14T16:28:00-04:00;21.9;0.0;1.2;nan;Overcast
2372612;146214;50474d91e4b0ea030c26e87b;2017-10-21T15:12:00-04:00;25.9;0.0;7.4;nan;Partially cloudy
2372612;146214;4a79bc41f964a5207de71fe3;2017-10-21T16:33:00-04:00;23.0;0.0;10.4;nan;Partially cloudy
2372612;146214;4eb90d85722e09311d356915;2017-10-21T18:37:00-04:00;19.6;0.0;4.5;nan;Partially cloudy
2373677;146351;4b032755f964a5200f4d22e3;2017-10-07T22:52:00-04:00;22.3;0.0;11.9;nan;Partially cloudy
2376743;146695;3fd66200f964a52005e71ee3;2017-12-23T01:05:00-05:00;4.0;0.0;15.2;nan;Partially cloudy
2377464;146801;4a2d2073f964a52083971fe3;2018-07-28T17:20:00-04:00;29.5;0.0;6.2;nan;Partially cloudy
2378029;146875;4e5fbb62d164df36c401d705;2018-03-05T15:33:00-05:00;5.7;0.0;16.2;nan;Overcast
2378030;146875;580820a638fae571fa62c326;2018-03-17T18:00:00-04:00;8.6;0.0;19.9;nan;Partially cloudy
2378625;146950;3fd66200f964a520d8f11ee3;2018-01-27T22:00:00-05:00;12.1;0.0;12.4;nan;Partially cloudy
2378627;146950;4b40cf3df964a5206bbb25e3;2018-01-29T19:25:00-05:00;4.6;0.0;19.1;rain;Overcast
2379328;147034;50524857e4b0bdd5e90ea0ee;2017-10-30T15:13:00-04:00;13.2;0.0;30.6;nan;Partially cloudy
2379328;147034;561a8cd8498ed81f4384d0aa;2017-10-30T21:40:00-04:00;11.7;0.0;17.0;nan;Clear
2379332;147034;4a53aa8ef964a52097b21fe3;2017-11-10T21:54:00-05:00;-3.0;0.0;24.4;nan;Clear
2379332;147034;4ac252f2f964a520ba9820e3;2017-11-10T22:05:00-05:00;-3.0;0.0;24.4;nan;Clear
2379334;147034;572b805fcd10f33f0b8796d0;2017-11-16T15:45:00-05:00;11.3;0.0;21.1;nan;Clear
2379334;147034;4c9d89017ada199cf0a493bc;2017-11-16T17:08:00-05:00;10.1;0.0;18.7;nan;Clear
2379336;147034;4bc24023461576b056237d32;2017-11-23T08:17:00-05:00;0.5;0.0;8.8;nan;Clear
2380770;147198;52eddc12498e40bb655e0d7a;2017-11-25T00:31:00-05:00;5.8;0.0;7.7;nan;Clear
2380770;147198;54f9d808498eaa73550d399c;2017-11-25T01:31:00-05:00;6.3;0.0;9.1;nan;Clear
2381201;147229;4ae0f28af964a520f08321e3;2018-08-24T18:47:00-04:00;25.0;0.0;11.2;nan;Clear
2381201;147229;4b9580c5f964a52034a634e3;2018-08-24T19:18:00-04:00;25.0;0.0;11.2;nan;Clear
2382571;147391;4e70a36d922e8e01baadf45c;2018-08-24T19:30:00-04:00;25.0;0.0;11.2;nan;Clear
2383407;147478;5213c4ac498ef92164c454c9;2017-11-02T00:25:00-04:00;14.4;0.0;4.0;nan;Overcast
2383407;147478;4a607307f964a520c7c01fe3;2017-11-02T01:26:00-04:00;14.5;0.0;8.1;nan;Overcast
2383429;147484;5053d510e4b0719d67706d96;2017-11-19T01:58:00-05:00;14.3;0.023;10.4;rain;Rain, Partially cloudy
2384748;147605;4abe7f9ef964a520068e20e3;2018-02-18T20:08:00-05:00;4.0;0.0;7.8;nan;Partially cloudy
2384748;147605;515abd65e4b08eda86b30e6e;2018-02-18T20:13:00-05:00;4.0;0.0;7.8;nan;Partially cloudy
2385518;147677;59838f1f64c8e127502fe3ef;2018-08-26T17:53:00-04:00;27.4;0.0;15.3;nan;Overcast
2388383;147929;42893400f964a52054231fe3;2018-05-05T15:47:00-04:00;23.8;0.0;6.4;nan;Partially cloudy
2388383;147929;4c2ba1f857a9c9b67138f667;2018-05-05T15:52:00-04:00;23.8;0.0;6.4;nan;Partially cloudy
2391911;148285;596e8fbd6f706a4c51646b72;2017-10-21T19:02:00-04:00;19.6;0.0;4.5;nan;Partially cloudy
2392914;148371;49e7ce15f964a5201d651fe3;2017-10-07T22:08:00-04:00;22.4;0.0;11.3;nan;Partially cloudy
2392914;148371;4dda977ad22d38ef4332c419;2017-10-08T01:46:00-04:00;22.8;0.0;13.2;nan;Partially cloudy
2393847;148467;59d2c4ec1f8ed658b1f4fb03;2017-12-03T19:09:00-05:00;7.6;0.0;3.3;nan;Partially cloudy
2394151;148498;4a9e9f29f964a520a33a20e3;2018-10-08T17:29:00-04:00;18.5;0.0;9.5;nan;Overcast
2394151;148498;4d95125a2bd6f04dc2e51650;2018-10-08T19:21:00-04:00;18.2;0.0;4.6;nan;Overcast
2394806;148567;4bbb9dbded7776b0e1ad3e51;2018-01-24T00:52:00-05:00;6.7;0.0;18.3;nan;Clear
2394807;148567;5387d2e2498ee7f0fb1c5b41;2018-01-24T23:55:00-05:00;-2.6;0.0;20.6;nan;Clear
2394807;148567;5547ffe8498ec8a2c668a412;2018-01-25T00:58:00-05:00;-3.5;0.0;14.9;nan;Partially cloudy
2395628;148614;43db9775f964a520922e1fe3;2018-04-22T23:22:00-04:00;11.1;0.0;2.1;nan;Clear
2395675;148623;56560a58498ea43ab5ffb24d;2017-11-17T19:51:00-05:00;5.7;0.0;15.5;nan;Clear
2395678;148623;4a6b17bff964a520fdcd1fe3;2017-12-14T23:34:00-05:00;-4.7;0.0;12.1;snow;Clear
2395679;148623;56560a58498ea43ab5ffb24d;2017-12-23T01:17:00-05:00;4.0;0.0;15.2;nan;Partially cloudy
2395684;148623;4a9ae833f964a520873320e3;2018-02-09T18:31:00-05:00;1.8;0.0;16.9;nan;Partially cloudy
2395692;148623;4edec6e40e01ed773a8ddf4e;2018-03-09T22:14:00-05:00;2.5;0.0;19.9;nan;Clear
2395696;148623;49ff62f9f964a52013701fe3;2018-03-30T21:42:00-04:00;8.8;0.0;21.1;nan;Partially cloudy
2395699;148623;5267e06c11d27abd07c21c48;2018-04-11T13:21:00-04:00;9.5;0.0;7.0;nan;Partially cloudy
2395699;148623;4b5e61a3f964a520418c29e3;2018-04-11T13:43:00-04:00;10.0;0.0;7.4;nan;Overcast
2395703;148623;4edec6e40e01ed773a8ddf4e;2018-05-11T19:03:00-04:00;21.0;0.0;11.0;nan;Partially cloudy
2395712;148623;4edec6e40e01ed773a8ddf4e;2018-06-29T20:34:00-04:00;29.0;0.0;3.9;nan;Partially cloudy
2396548;148682;42893400f964a52054231fe3;2018-03-16T14:56:00-04:00;3.5;0.0;25.7;nan;Partially cloudy
2396548;148682;4bddccbe6198c9b67bb911ff;2018-03-16T16:39:00-04:00;3.2;0.0;26.0;nan;Partially cloudy
2396548;148682;515abd65e4b08eda86b30e6e;2018-03-17T00:38:00-04:00;-0.9;0.0;17.7;nan;Clear
2397384;148758;4a436c34f964a52085a61fe3;2017-11-21T02:31:00-05:00;6.0;0.0;17.4;nan;Clear
2397386;148758;52716bc711d23edce606567d;2017-11-24T12:19:00-05:00;8.5;0.0;3.4;nan;Clear
2398541;148882;4c374bf80a71c9b6f2893ec9;2017-11-25T23:18:00-05:00;11.4;0.0;13.2;nan;Partially cloudy
2399208;148952;3fd66200f964a520daf11ee3;2017-10-07T22:58:00-04:00;22.3;0.0;11.9;nan;Partially cloudy
2399208;148952;5949c4e7464d653372336860;2017-10-07T23:34:00-04:00;22.3;0.0;12.8;nan;Partially cloudy
2399209;148952;4c7d4f1b8da18cfa1afc9ece;2017-10-27T21:53:00-04:00;13.9;0.0;4.4;nan;Clear
2399209;148952;59d7799486f4cc7f7d35d325;2017-10-27T23:07:00-04:00;13.8;0.0;3.3;nan;Clear
2399293;148967;57acd43438fa6c46b588b82c;2017-11-18T17:35:00-05:00;8.8;0.931;3.3;rain;Rain, Overcast
2399637;149008;4b02c41cf964a520c14922e3;2017-11-11T23:06:00-05:00;1.0;0.0;2.4;nan;Partially cloudy
2399759;149019;42daf100f964a52035261fe3;2018-05-03T13:27:00-04:00;31.9;0.0;24.0;nan;Partially cloudy
2399759;149019;5362a2ae498e3b18c22334be;2018-05-03T17:44:00-04:00;32.5;0.0;18.7;nan;Partially cloudy
2399759;149019;515abd65e4b08eda86b30e6e;2018-05-04T00:15:00-04:00;23.3;0.0;2.6;nan;Partially cloudy
2399761;149019;4a623aa1f964a5206fc31fe3;2018-05-05T15:59:00-04:00;23.8;0.0;6.4;nan;Partially cloudy
2401562;149156;49b87b8cf964a52044531fe3;2017-12-23T23:55:00-05:00;5.0;0.0;19.6;nan;Partially cloudy
2402352;149215;4eefd4506d86d722df8fd52e;2018-01-21T02:32:00-05:00;6.0;0.0;7.2;nan;Clear
2402355;149215;3fd66200f964a520daf11ee3;2018-02-17T18:34:00-05:00;0.6;1.528;8.0;rain,snow;Snow, Rain, Overcast
2402357;149215;59e7bfa8356b4970aea1be3f;2018-03-10T21:00:00-05:00;3.4;0.0;15.2;nan;Partially cloudy
2405746;149499;57218ba5498eb662eaa1e121;2017-11-12T16:51:00-05:00;6.5;0.0;3.9;nan;Partially cloudy
2405746;149499;3fd66200f964a520daf11ee3;2017-11-12T20:08:00-05:00;6.3;0.0;2.6;nan;Partially cloudy
2405746;149499;528bf16711d2b7722da6b51c;2017-11-12T20:35:00-05:00;6.2;0.0;4.8;nan;Partially cloudy
2406108;149526;59318ce1c5b11c6c16c15d29;2018-05-11T19:44:00-04:00;20.2;0.0;9.2;nan;Partially cloudy
2407005;149584;431f7f00f964a52085271fe3;2018-02-09T21:40:00-05:00;3.1;0.0;11.7;nan;Partially cloudy
2407005;149584;579c12cd498e6e815b3acf50;2018-02-09T21:45:00-05:00;3.1;0.0;11.7;nan;Partially cloudy
2412118;149995;40f1d480f964a5205b0a1fe3;2018-01-15T01:39:00-05:00;-8.7;0.0;18.5;nan;Partially cloudy
2412118;149995;42e82000f964a52083261fe3;2018-01-15T03:44:00-05:00;-8.8;0.0;17.9;nan;Partially cloudy
2417301;150426;49f125dcf964a52091691fe3;2017-11-05T01:04:00-04:00;11.2;0.332;13.4;rain;Rain, Partially cloudy
2417305;150426;4c7d4f1b8da18cfa1afc9ece;2017-12-12T02:14:00-05:00;4.6;0.0;8.0;nan;Partially cloudy
2417906;150479;5385a684498e2379f61a25a1;2018-02-17T00:53:00-05:00;1.3;0.0;18.2;nan;Clear
2417915;150479;42daf100f964a52035261fe3;2018-07-15T00:45:00-04:00;21.7;7.618;3.5;rain;Rain, Overcast
2417915;150479;5467ceec498e1b95c0575e73;2018-07-15T00:50:00-04:00;21.7;7.618;3.5;rain;Rain, Overcast
2417920;150479;3fd66200f964a520bce81ee3;2018-09-16T20:42:00-04:00;23.5;0.0;10.7;nan;Partially cloudy
2417920;150479;5b945ef0f62e09002c90fcc0;2018-09-16T23:11:00-04:00;22.9;0.0;10.4;nan;Partially cloudy
2419006;150575;4be36e20660ec928a833cc3b;2017-10-13T21:37:00-04:00;17.3;0.0;8.3;nan;Partially cloudy
2419008;150575;552ea13c498e72c92c269721;2017-10-20T21:35:00-04:00;17.9;0.0;3.8;nan;Clear
2419008;150575;58a9fca84ca49b71b4b821da;2017-10-20T22:27:00-04:00;17.9;0.0;3.8;nan;Clear
2419509;150637;4ab27744f964a520486b20e3;2017-10-14T18:07:00-04:00;21.5;0.0;1.2;nan;Partially cloudy
2419510;150637;579c12cd498e6e815b3acf50;2017-11-17T18:43:00-05:00;6.3;0.0;16.3;nan;Clear
2420531;150709;4a4560a7f964a5201aa81fe3;2017-10-22T23:22:00-04:00;17.4;0.0;5.9;nan;Partially cloudy
2420537;150709;4be1aea140c0ef3b4f55bed6;2018-08-19T18:55:00-04:00;22.1;0.0;8.2;nan;Overcast
2421301;150773;52eddc12498e40bb655e0d7a;2018-04-01T00:48:00-04:00;7.4;0.0;13.2;nan;Partially cloudy
2422553;150862;40f1d480f964a5205b0a1fe3;2018-01-26T13:15:00-05:00;1.9;0.0;4.7;nan;Clear
2422554;150862;528d3763498e3be0efe0d555;2018-01-27T18:48:00-05:00;12.9;0.0;13.9;nan;Partially cloudy
2422555;150862;55387c1b498e4eca6482f4f5;2018-01-28T20:40:00-05:00;8.6;0.0;8.4;nan;Partially cloudy
2422930;150883;4a44cd95f964a5208fa71fe3;2018-01-18T21:07:00-05:00;-2.0;0.0;18.0;nan;Clear
2422930;150883;4e347175d1649e45e3c6e7a5;2018-01-18T21:25:00-05:00;-2.0;0.0;18.0;nan;Clear
2425174;151076;4ae8906ef964a52071b021e3;2018-04-19T18:49:00-04:00;7.5;0.0;23.3;nan;Overcast
2425632;151101;4c0e5e03adcd9c745cb302f6;2017-10-16T20:35:00-04:00;11.5;0.0;13.8;nan;Clear
2425644;151101;507e0b2e011ca7f458d10d2f;2018-03-23T00:01:00-04:00;4.6;0.0;22.0;nan;Partially cloudy
2425644;151101;49b87b8cf964a52044531fe3;2018-03-23T00:19:00-04:00;4.6;0.0;22.0;nan;Partially cloudy
2429729;151466;4eb90d85722e09311d356915;2018-02-25T17:20:00-05:00;6.0;0.0;10.6;nan;Overcast
2429729;151466;4a675deef964a52045c91fe3;2018-02-25T17:51:00-05:00;6.0;0.0;2.9;nan;Overcast
2432126;151634;4b6b5abff964a520fb022ce3;2018-03-03T19:12:00-05:00;6.1;0.0;27.9;nan;Overcast
2433776;151764;45ac12d6f964a5205d411fe3;2017-10-08T01:59:00-04:00;22.8;0.0;13.2;nan;Partially cloudy
2433776;151764;5387d2e2498ee7f0fb1c5b41;2017-10-08T05:31:00-04:00;23.2;0.0;14.6;nan;Overcast
2433834;151770;4a675deef964a52045c91fe3;2018-05-08T15:52:00-04:00;21.1;0.0;11.3;nan;Clear
2439662;152203;59f38be7175562651c451266;2017-12-03T20:51:00-05:00;7.1;0.0;6.9;nan;Partially cloudy
2439978;152229;4bab56aff964a5209ea13ae3;2018-08-12T17:48:00-04:00;27.3;0.0;13.9;nan;Partially cloudy
2439978;152229;42893400f964a52054231fe3;2018-08-12T18:01:00-04:00;27.3;0.0;13.9;nan;Partially cloudy
2441084;152308;5b2d49ad6f706a002c52d50b;2018-07-01T00:56:00-04:00;28.7;0.0;8.7;nan;Clear
2442837;152447;4b6b5abff964a520fb022ce3;2018-07-14T21:18:00-04:00;29.6;0.0;12.5;nan;Partially cloudy
2442837;152447;4eb90d85722e09311d356915;2018-07-14T21:37:00-04:00;29.3;0.0;11.3;nan;Clear
2442838;152447;4c35de72452620a1ba5d270f;2018-07-15T15:39:00-04:00;27.3;0.0;9.5;nan;Partially cloudy
2442838;152447;42893400f964a52054231fe3;2018-07-15T16:13:00-04:00;27.3;0.0;9.5;nan;Partially cloudy
2442838;152447;4a44cd95f964a5208fa71fe3;2018-07-15T17:52:00-04:00;28.7;0.0;11.0;nan;Partially cloudy
2447165;152769;58c2e736bf1a6d6b31fa57fa;2018-07-29T21:33:00-04:00;26.0;0.0;7.2;nan;Clear
2447165;152769;4ad78220f964a520960b21e3;2018-07-29T21:36:00-04:00;26.0;0.0;7.2;nan;Clear
2449062;152907;57c43c98498e2696b402a527;2017-10-23T19:17:00-04:00;20.9;0.0;21.3;nan;Partially cloudy
2458635;153648;4b6b5abff964a520fb022ce3;2018-09-14T20:10:00-04:00;22.6;0.0;9.7;nan;Overcast
2474039;154811;559ecd00498e965ccd39ea9f;2018-04-28T20:28:00-04:00;15.3;0.041;22.6;rain;Rain, Overcast
2474039;154811;4abe7f9ef964a520068e20e3;2018-04-28T23:16:00-04:00;12.3;0.587;11.1;rain;Rain, Overcast
2474041;154811;4b40cf3df964a5206bbb25e3;2018-04-30T17:59:00-04:00;9.7;0.0;12.5;nan;Overcast
2475383;154912;3fd66200f964a52094e61ee3;2018-05-14T00:51:00-04:00;11.7;0.048;1.2;rain;Rain, Overcast
2475384;154912;4b6b5abff964a520fb022ce3;2018-05-14T17:02:00-04:00;21.0;0.0;17.6;nan;Partially cloudy
2490120;156158;4eb90d85722e09311d356915;2018-05-03T16:03:00-04:00;33.4;0.0;22.0;nan;Partially cloudy
2490120;156158;42893400f964a52054231fe3;2018-05-03T16:30:00-04:00;33.4;0.0;22.0;nan;Partially cloudy
2496429;156729;4c374bf80a71c9b6f2893ec9;2017-11-01T23:12:00-04:00;13.6;0.0;8.0;nan;Overcast
2496429;156729;54e2ad46498ec569ea3cb416;2017-11-01T23:16:00-04:00;13.6;0.0;8.0;nan;Overcast
2511795;157999;4b40cf3df964a5206bbb25e3;2018-09-15T11:54:00-04:00;25.4;0.0;9.4;nan;Partially cloudy
2511796;157999;3fd66200f964a520d8f11ee3;2018-09-17T22:31:00-04:00;24.1;0.0;14.3;nan;Overcast
2511797;157999;4c374bf80a71c9b6f2893ec9;2018-09-18T21:14:00-04:00;22.1;0.0;4.2;nan;Clear
2513660;158164;42893400f964a52054231fe3;2018-03-05T19:15:00-05:00;4.0;0.0;14.8;nan;Clear
2516406;158432;4b6b5abff964a520fb022ce3;2017-10-16T21:29:00-04:00;11.5;0.0;13.8;nan;Clear
2516438;158435;42893400f964a52054231fe3;2018-09-10T13:22:00-04:00;16.9;735.0;14.8;rain;Rain, Overcast
2516438;158435;4bddccbe6198c9b67bb911ff;2018-09-10T13:55:00-04:00;16.9;409.0;14.2;rain;Rain, Overcast
2516439;158435;4edd43af7bebc29455367992;2018-09-11T13:07:00-04:00;21.5;0.0;1.7;nan;Overcast
2516441;158435;4baae71df964a520118d3ae3;2018-09-13T16:56:00-04:00;23.7;0.0;15.1;nan;Overcast
2522045;158943;42893400f964a52054231fe3;2018-05-22T18:22:00-04:00;14.0;0.252;4.3;rain;Rain, Overcast
2522117;158954;431f7f00f964a52085271fe3;2018-01-27T21:07:00-05:00;12.3;0.0;11.0;nan;Partially cloudy
2522117;158954;4b6b5abff964a520fb022ce3;2018-01-27T21:49:00-05:00;12.1;0.0;12.4;nan;Partially cloudy
2523211;159068;4ce94baab5c35941b8a4698f;2018-10-18T01:06:00-04:00;8.5;0.0;22.0;nan;Partially cloudy
2523211;159068;55475382498e6e7dfc721036;2018-10-18T01:12:00-04:00;8.5;0.0;22.0;nan;Partially cloudy
2523211;159068;3fd66200f964a52095e61ee3;2018-10-18T02:38:00-04:00;7.5;0.0;28.8;nan;Clear
2525584;159255;4eb90d85722e09311d356915;2018-02-11T02:23:00-05:00;8.2;1.0;4.7;rain;Rain, Overcast
2544422;161020;513f6223e4b0ddc812b16c87;2018-05-31T18:33:00-04:00;19.4;0.0;9.8;nan;Overcast
2545159;161101;571a6c25498e64cbcc8b3b6c;2018-09-08T13:49:00-04:00;20.7;0.0;15.9;nan;Overcast
2545160;161101;549481f3498e855d5f51cb66;2018-09-09T13:51:00-04:00;15.5;1309.0;12.5;rain;Rain, Overcast
2546204;161200;52eddc12498e40bb655e0d7a;2017-12-24T18:42:00-05:00;3.4;0.0;16.7;nan;Overcast
2546207;161200;4a59f31df964a52095b91fe3;2018-04-13T13:36:00-04:00;26.5;0.0;9.8;nan;Partially cloudy
2546948;161271;4c2caafb8ef52d7f823a33ba;2018-07-10T17:19:00-04:00;32.8;0.0;9.3;nan;Clear
2546948;161271;42daf100f964a52035261fe3;2018-07-10T19:42:00-04:00;31.3;0.0;9.5;nan;Partially cloudy
2546948;161271;42893400f964a52054231fe3;2018-07-10T20:59:00-04:00;30.8;0.0;9.1;nan;Partially cloudy
2546948;161271;431f7f00f964a52085271fe3;2018-07-10T22:43:00-04:00;28.7;0.0;6.9;nan;Partially cloudy
2546948;161271;4ec4407382313b672fccf581;2018-07-11T01:00:00-04:00;27.5;0.0;6.8;nan;Partially cloudy
2546949;161271;521cad4011d2a9c6e2c198ae;2018-07-11T12:44:00-04:00;29.2;0.0;21.2;nan;Clear
2546949;161271;545c0436498e798e22ce4b2a;2018-07-11T22:57:00-04:00;23.6;0.0;2.9;nan;Overcast
2550358;161684;52eddc12498e40bb655e0d7a;2017-12-17T17:45:00-05:00;2.1;0.0;5.8;nan;Partially cloudy
2550358;161684;49e63a7ff964a52025641fe3;2017-12-17T22:38:00-05:00;2.2;0.0;4.1;nan;Overcast
2550360;161684;49e63a7ff964a52025641fe3;2018-02-12T17:29:00-05:00;6.8;0.0;17.5;nan;Partially cloudy
2550547;161709;4b6b5abff964a520fb022ce3;2018-02-03T14:33:00-05:00;-1.0;0.0;17.0;nan;Clear
2550547;161709;4abe7f9ef964a520068e20e3;2018-02-03T15:06:00-05:00;-1.0;0.0;17.0;nan;Clear
2552555;161906;4abe7f9ef964a520068e20e3;2018-05-03T17:42:00-04:00;32.5;0.0;18.7;nan;Partially cloudy
2555541;162237;515abd65e4b08eda86b30e6e;2017-10-10T21:10:00-04:00;23.7;0.0;4.3;nan;Clear
2559307;162617;4eb13d68e5e8c0f5bd2fd983;2017-10-22T14:38:00-04:00;23.7;0.0;10.3;nan;Partially cloudy
2559308;162617;4a24510af964a520107e1fe3;2017-10-23T02:13:00-04:00;16.5;0.0;0.0;nan;Partially cloudy
2559309;162617;50002274e4b0deb8db4eea3b;2017-10-24T17:46:00-04:00;20.3;0.0;20.8;nan;Overcast
2559309;162617;509fd01de4b070da0a9d3c24;2017-10-24T18:59:00-04:00;20.3;0.0;18.0;nan;Overcast
2559309;162617;4a6fa0abf964a520a4d61fe3;2017-10-24T21:21:00-04:00;19.8;0.18;8.3;rain;Rain, Overcast
2560072;162729;4aeb5fe4f964a52080c121e3;2018-04-21T20:48:00-04:00;14.0;0.0;11.3;nan;Partially cloudy
2562164;162946;4b40cf3df964a5206bbb25e3;2017-10-22T16:56:00-04:00;21.4;0.0;10.3;nan;Partially cloudy
2562811;163036;515abd65e4b08eda86b30e6e;2017-11-06T15:10:00-05:00;18.6;0.076;9.7;rain;Rain, Partially cloudy
2562811;163036;5787b68e498efcabbebba4f8;2017-11-06T21:43:00-05:00;10.1;0.0;12.6;nan;Partially cloudy
2563031;163059;515abd65e4b08eda86b30e6e;2018-02-28T15:28:00-05:00;15.8;0.0;12.9;nan;Clear
2563031;163059;4aaa4e0ef964a520ad5520e3;2018-02-28T17:28:00-05:00;15.4;0.0;12.1;nan;Partially cloudy
2564249;163206;4b7de017f964a52049d82fe3;2018-06-23T12:08:00-04:00;17.2;0.0;17.1;nan;Overcast
2564249;163206;49ff62f9f964a52013701fe3;2018-06-23T22:29:00-04:00;18.8;0.0;3.0;nan;Overcast
2564249;163206;4dda977ad22d38ef4332c419;2018-06-24T00:58:00-04:00;18.9;0.0;2.1;nan;Overcast
2564249;163206;4fadc40de4b0efef5e702b95;2018-06-24T01:25:00-04:00;18.9;0.0;2.1;nan;Overcast
2564250;163206;4f5f423fe4b0949d4183d34a;2018-06-24T13:54:00-04:00;26.6;0.0;12.7;nan;Partially cloudy
2565519;163336;5b5ca54722d490002c8d4de5;2018-09-30T20:52:00-04:00;18.3;0.0;9.5;nan;Clear
2565821;163372;3fd66200f964a52071e61ee3;2017-10-17T16:08:00-04:00;15.0;0.0;7.2;nan;Clear
2566779;163501;4b0017f7f964a520bb3a22e3;2018-06-30T06:23:00-04:00;22.9;0.0;2.4;nan;Partially cloudy
2566780;163501;4165d880f964a5207e1d1fe3;2018-06-30T16:08:00-04:00;33.4;0.0;7.4;nan;Clear
2566780;163501;49f125dcf964a52091691fe3;2018-07-01T03:01:00-04:00;27.5;0.0;6.4;nan;Clear
2566781;163501;4a875b51f964a520110420e3;2018-07-01T22:05:00-04:00;31.5;0.0;11.3;nan;Clear
2566927;163516;4cd84a313ec4b1f763cdbd3f;2018-06-13T20:11:00-04:00;26.0;0.0;13.9;nan;Partially cloudy
2567539;163594;53aa0ef4498eb1bef72a3812;2017-10-29T06:20:00-04:00;15.9;0.18;11.9;rain;Rain, Partially cloudy
2567589;163596;42daf100f964a52035261fe3;2018-07-19T20:54:00-04:00;23.3;0.0;6.7;nan;Clear
2567589;163596;4165d880f964a5207e1d1fe3;2018-07-19T20:59:00-04:00;23.3;0.0;6.7;nan;Clear
2568262;163677;4a676321f964a52051c91fe3;2017-10-31T18:44:00-04:00;11.6;0.0;9.7;nan;Clear
2568462;163700;3fd66200f964a520d5e31ee3;2017-12-09T23:23:00-05:00;-0.6;0.108;6.4;rain,snow;Snow, Rain, Partially cloudy
2570905;164033;57a240f1cd10ed172db51626;2018-02-05T18:55:00-05:00;-1.5;0.0;14.7;nan;Clear
2572270;164253;507f06e9e4b0d2368fcbada4;2017-12-28T03:39:00-05:00;-9.2;0.0;15.2;nan;Clear
2572271;164253;3fd66200f964a520e6e81ee3;2017-12-28T17:40:00-05:00;-8.2;0.0;20.2;nan;Clear
2572784;164324;431f7f00f964a52085271fe3;2017-12-02T18:55:00-05:00;7.9;0.0;7.0;nan;Partially cloudy
2572784;164324;4b6b5abff964a520fb022ce3;2017-12-02T19:12:00-05:00;7.9;0.0;7.0;nan;Partially cloudy
2572784;164324;4c374bf80a71c9b6f2893ec9;2017-12-02T22:34:00-05:00;6.8;0.0;3.4;nan;Partially cloudy
2573321;164384;4de3e3957d8b2547eb264fec;2017-11-10T09:45:00-05:00;2.9;0.0;28.7;nan;Partially cloudy
2573834;164460;515abd65e4b08eda86b30e6e;2017-12-29T20:56:00-05:00;-7.3;0.0;17.8;nan;Clear
2574194;164499;5984eeb39be522744003dee5;2018-04-30T17:23:00-04:00;10.0;0.0;21.9;nan;Overcast
2575116;164590;4c374bf80a71c9b6f2893ec9;2018-07-04T22:25:00-04:00;26.5;0.0;7.5;nan;Partially cloudy
2575119;164590;3fd66200f964a520b9e81ee3;2018-09-27T16:41:00-04:00;20.8;0.0;11.0;nan;Partially cloudy
2575119;164590;3fd66200f964a520daf11ee3;2018-09-27T17:50:00-04:00;20.5;0.0;9.1;nan;Overcast
2575703;164666;453b6411f964a520fa3b1fe3;2017-10-27T14:20:00-04:00;16.3;0.0;7.7;nan;Partially cloudy
2575832;164680;573e236f498ebf4b4d4391b6;2018-03-09T23:29:00-05:00;2.0;0.0;16.0;nan;Clear
2576235;164727;5591ef05498e888b3bbd3ce1;2018-02-17T03:35:00-05:00;-0.6;0.0;12.7;nan;Clear
2577383;164871;57bc4e34498ebd714e7b8c95;2018-05-19T17:55:00-04:00;13.3;0.0;7.8;nan;Overcast
2577385;164871;4555bea7f964a520253d1fe3;2018-05-22T21:03:00-04:00;14.0;0.0;3.3;nan;Overcast
2577578;164896;5400dc65498e3831aab00327;2018-01-24T22:57:00-05:00;-2.0;0.0;15.7;nan;Clear
2577578;164896;4ce70085e888f04dd660396b;2018-01-25T01:48:00-05:00;-4.2;0.0;15.6;nan;Partially cloudy
2577582;164896;4ce70085e888f04dd660396b;2018-02-04T00:24:00-05:00;-1.1;0.0;17.4;nan;Overcast
2577584;164896;4ce70085e888f04dd660396b;2018-03-10T20:04:00-05:00;3.6;0.0;14.1;nan;Overcast
2577586;164896;5400dc65498e3831aab00327;2018-04-21T16:07:00-04:00;16.4;0.0;16.7;nan;Partially cloudy
2577592;164896;4ce70085e888f04dd660396b;2018-06-13T21:30:00-04:00;24.9;0.0;10.6;nan;Partially cloudy
2577599;164896;5400dc65498e3831aab00327;2018-07-29T02:00:00-04:00;24.1;0.0;11.2;nan;Clear
2577601;164896;4ce70085e888f04dd660396b;2018-08-26T20:32:00-04:00;27.5;0.0;12.2;nan;Partially cloudy
2577604;164896;4ce70085e888f04dd660396b;2018-09-30T15:04:00-04:00;20.5;0.0;13.7;nan;Partially cloudy
2579854;165160;507f06e9e4b0d2368fcbada4;2017-10-11T00:29:00-04:00;21.1;0.0;7.5;nan;Clear
2581937;165427;42893400f964a52054231fe3;2018-07-05T18:08:00-04:00;29.6;0.0;16.6;nan;Clear
2581937;165427;4a44cd95f964a5208fa71fe3;2018-07-05T19:23:00-04:00;28.8;0.0;14.0;nan;Clear
2581999;165439;3fd66200f964a520d1e41ee3;2017-11-21T15:43:00-05:00;13.5;0.0;13.8;nan;Partially cloudy
2581999;165439;5787b68e498efcabbebba4f8;2017-11-21T22:43:00-05:00;11.7;0.0;11.4;nan;Partially cloudy
2581999;165439;4612961ff964a52037451fe3;2017-11-22T04:55:00-05:00;12.1;0.0;1.7;nan;Partially cloudy
2582001;165439;4abe7f9ef964a520068e20e3;2017-11-25T18:48:00-05:00;13.4;0.0;20.7;nan;Partially cloudy
2582126;165451;4ad68c35f964a520c20721e3;2018-02-11T03:06:00-05:00;8.5;1.449;7.9;rain;Rain, Overcast
2582142;165451;59287ec99cadd905284e4052;2018-05-20T02:50:00-04:00;13.9;0.0;1.2;nan;Overcast
2582165;165451;593332f9123a1963f539daa0;2018-08-27T23:36:00-04:00;28.7;0.0;9.6;nan;Partially cloudy
2582810;165565;4aeb5fe4f964a52080c121e3;2017-11-17T03:55:00-05:00;6.0;0.0;19.6;nan;Overcast
2583272;165609;59bd506ce2d4aa3d68b99a88;2018-05-15T14:51:00-04:00;31.0;0.0;17.1;nan;Partially cloudy
2583273;165609;59d7c14a1cf2e14bac231fac;2018-05-21T20:52:00-04:00;19.0;0.0;5.4;nan;Partially cloudy
2583281;165609;4b996536f964a520467835e3;2018-07-05T22:06:00-04:00;27.6;0.0;7.7;nan;Clear
2583895;165675;5327321d498e3b494482e5f5;2018-06-05T23:28:00-04:00;18.0;0.0;10.7;nan;Clear
2583896;165675;54295f79498e5383362811c5;2018-06-07T13:24:00-04:00;21.0;0.0;14.1;nan;Partially cloudy
2583896;165675;528cce5611d26bb32c1a2e7a;2018-06-07T18:59:00-04:00;18.4;0.0;19.2;nan;Clear
2583896;165675;54295f79498e5383362811c5;2018-06-07T20:22:00-04:00;17.5;0.0;11.3;nan;Clear
2583897;165675;59dfe90ed69ed038f9316118;2018-06-08T17:58:00-04:00;26.3;0.0;7.1;nan;Overcast
2583908;165675;54295f79498e5383362811c5;2018-06-26T19:12:00-04:00;22.5;0.0;7.8;nan;Partially cloudy
2583909;165675;56ec6ff3498e35328568ff59;2018-06-27T23:19:00-04:00;21.1;0.405;10.5;rain;Rain, Overcast
2583910;165675;5201a363498ed3d5217949ba;2018-06-28T16:35:00-04:00;25.0;0.246;15.6;rain;Rain, Partially cloudy
2584092;165698;528cce5611d26bb32c1a2e7a;2018-04-20T19:20:00-04:00;7.6;0.0;20.3;nan;Clear
2584092;165698;57745985498ea83e7485bed1;2018-04-20T21:22:00-04:00;6.4;0.0;15.2;nan;Clear
2584092;165698;4bf8405f8d30d13ab8660018;2018-04-21T00:41:00-04:00;4.7;0.0;13.1;nan;Clear
2584273;165714;4b6b5abff964a520fb022ce3;2017-11-24T22:02:00-05:00;7.7;0.0;12.8;nan;Clear
2584826;165799;59f38be7175562651c451266;2017-11-10T01:13:00-05:00;10.3;0.233;14.4;rain;Rain, Partially cloudy
2586910;166038;5787b68e498efcabbebba4f8;2018-07-20T18:31:00-04:00;24.4;0.0;12.6;nan;Partially cloudy
2588930;166227;59f38be7175562651c451266;2017-11-20T17:59:00-05:00;7.0;0.0;15.7;nan;Partially cloudy
2588931;166227;561b24e5498ec9037e2ed048;2017-11-24T19:49:00-05:00;8.3;0.0;9.8;nan;Clear
2588935;166227;3fd66200f964a52037e31ee3;2017-12-23T08:50:00-05:00;4.2;0.946;12.8;rain;Rain, Overcast
2588950;166232;53f10ba4498e0ebf36960bbd;2017-10-26T16:18:00-04:00;14.0;0.0;14.5;nan;Partially cloudy
2589165;166249;42893400f964a52054231fe3;2018-03-10T18:32:00-05:00;3.7;0.0;17.4;nan;Overcast
2589198;166251;4eb90d85722e09311d356915;2018-03-22T15:58:00-04:00;9.2;0.0;13.9;nan;Partially cloudy
2589198;166251;57a240f1cd10ed172db51626;2018-03-22T16:28:00-04:00;9.2;0.0;13.9;nan;Partially cloudy
2589200;166251;4165d880f964a5207e1d1fe3;2018-03-24T16:25:00-04:00;9.7;0.0;13.6;nan;Clear
2589587;166286;55387c1b498e4eca6482f4f5;2018-07-19T21:24:00-04:00;23.3;0.0;6.7;nan;Clear
2590671;166393;4a79bc41f964a5207de71fe3;2017-10-27T00:20:00-04:00;10.1;0.0;13.1;nan;Clear
2590671;166393;5787b68e498efcabbebba4f8;2017-10-27T02:15:00-04:00;9.6;0.0;11.8;nan;Clear
2590673;166393;4eb90d85722e09311d356915;2017-11-14T22:52:00-05:00;5.1;0.0;12.3;nan;Overcast
2591460;166475;5521c2ff498ebe2368634187;2017-11-16T02:30:00-05:00;11.2;0.0;8.3;nan;Overcast
2593541;166676;4e4e4c83bd4101d0d7a725d5;2017-10-16T17:28:00-04:00;13.5;0.0;13.6;nan;Partially cloudy
2593549;166676;4cc3738cb2beb1f742db164c;2018-08-28T18:46:00-04:00;33.5;0.0;16.1;nan;Clear
2593944;166705;559ecd00498e965ccd39ea9f;2018-03-10T19:34:00-05:00;3.6;0.0;14.1;nan;Overcast
2594054;166721;51df85c9498edb5ea3ad2e2a;2018-07-30T04:42:00-04:00;22.0;0.0;1.2;nan;Partially cloudy
2594055;166721;4bfb149cbbb7c9282cb20743;2018-08-09T00:01:00-04:00;27.6;0.0;5.4;nan;Partially cloudy
2599189;167237;4a675deef964a52045c91fe3;2017-11-11T16:25:00-05:00;2.6;0.0;8.3;nan;Partially cloudy
2599936;167295;4a734456f964a520f8db1fe3;2017-12-22T21:48:00-05:00;5.4;0.0;15.4;nan;Partially cloudy
2599936;167295;4eb90d85722e09311d356915;2017-12-22T23:13:00-05:00;4.9;0.0;9.6;nan;Overcast
2599936;167295;4b6b5abff964a520fb022ce3;2017-12-22T23:26:00-05:00;4.9;0.0;9.6;nan;Overcast
2599939;167295;4a84eb0af964a520e1fd1fe3;2017-12-26T17:06:00-05:00;-2.8;0.0;19.8;nan;Clear
2599940;167295;4a807ab1f964a52067f51fe3;2017-12-29T18:17:00-05:00;-6.5;0.0;16.6;nan;Clear
2603371;167619;56d1c7e2cd105fe2c5c705b6;2018-01-11T17:24:00-05:00;8.8;0.0;6.3;nan;Overcast
2608127;168035;4dda977ad22d38ef4332c419;2018-03-03T17:25:00-05:00;6.8;0.0;27.6;nan;Overcast
2608127;168035;4f392567be770642eaf79a85;2018-03-03T18:17:00-05:00;6.7;0.0;27.3;nan;Overcast
2608127;168035;42893400f964a52054231fe3;2018-03-03T19:55:00-05:00;5.1;0.0;25.5;nan;Overcast
2608626;168071;5a26e786b23dfa653082badd;2017-12-13T18:34:00-05:00;-2.1;0.0;20.1;snow;Partially cloudy
2619236;168955;4bab56aff964a5209ea13ae3;2017-10-27T11:08:00-04:00;13.3;0.0;6.7;nan;Clear
2619237;168955;4b240a1ff964a520b25f24e3;2017-10-28T14:16:00-04:00;20.0;0.0;14.8;nan;Partially cloudy
2637635;170762;49ff62f9f964a52013701fe3;2018-03-04T17:33:00-05:00;4.5;0.0;17.9;nan;Partially cloudy
2637637;170762;4c35de72452620a1ba5d270f;2018-03-06T15:21:00-05:00;7.2;0.0;14.9;nan;Clear
2637637;170762;42893400f964a52054231fe3;2018-03-06T17:48:00-05:00;4.7;0.0;19.9;nan;Partially cloudy
2637637;170762;431f7f00f964a52085271fe3;2018-03-06T19:38:00-05:00;4.6;0.0;6.1;nan;Overcast
2638032;170789;4b6b5abff964a520fb022ce3;2017-11-18T18:03:00-05:00;8.8;0.931;3.3;rain;Rain, Overcast
2638032;170789;4afd9156f964a520a82822e3;2017-11-18T18:45:00-05:00;9.3;0.825;8.7;rain;Rain, Partially cloudy
2638032;170789;4b4cc07ef964a5204abd26e3;2017-11-18T19:33:00-05:00;9.8;0.147;12.8;rain;Rain, Overcast
2638032;170789;4165d880f964a5207e1d1fe3;2017-11-18T19:52:00-05:00;9.8;0.147;12.8;rain;Rain, Overcast
2639073;170882;5327321d498e3b494482e5f5;2018-08-30T15:28:00-04:00;30.2;0.0;9.9;nan;Partially cloudy
2651181;172085;42893400f964a52054231fe3;2017-11-15T18:12:00-05:00;9.2;0.0;13.3;nan;Partially cloudy
2651181;172085;431f7f00f964a52085271fe3;2017-11-15T19:38:00-05:00;9.0;0.0;16.2;nan;Overcast
2651181;172085;4a9bd43ef964a5204c3520e3;2017-11-15T20:03:00-05:00;9.0;0.0;16.2;nan;Overcast
2651181;172085;4b6b5abff964a520fb022ce3;2017-11-15T20:26:00-05:00;9.0;0.0;16.2;nan;Overcast
2652257;172179;57a240f1cd10ed172db51626;2018-10-11T19:43:00-04:00;21.5;3.567;4.6;rain;Rain, Overcast
2652257;172179;4abe7f9ef964a520068e20e3;2018-10-11T20:39:00-04:00;21.4;1.148;3.0;rain;Rain, Overcast
2657913;172831;4a9aff11f964a520ef3320e3;2018-08-05T11:42:00-04:00;31.2;0.0;5.4;nan;Clear
2657913;172831;4abe7f9ef964a520068e20e3;2018-08-05T12:20:00-04:00;31.2;0.0;5.4;nan;Clear
2657913;172831;515abd65e4b08eda86b30e6e;2018-08-05T12:53:00-04:00;32.3;0.0;9.7;nan;Clear
2657913;172831;4a47e9f5f964a52048aa1fe3;2018-08-05T13:18:00-04:00;32.3;0.0;9.7;nan;Clear
2657913;172831;4aa57787f964a5207c4820e3;2018-08-05T13:47:00-04:00;32.5;0.0;9.4;nan;Clear
2657913;172831;4a58f59ef964a5204eb81fe3;2018-08-05T14:45:00-04:00;32.5;0.0;6.9;nan;Clear
2657913;172831;4b40cf3df964a5206bbb25e3;2018-08-05T23:09:00-04:00;29.0;0.0;3.8;nan;Clear
2658059;172842;4aa44464f964a520234620e3;2018-03-09T04:55:00-05:00;-1.0;0.0;16.1;nan;Overcast
2662027;173309;4b996536f964a520467835e3;2018-03-31T23:28:00-04:00;8.3;0.0;14.4;nan;Partially cloudy
2664113;173603;4c374bf80a71c9b6f2893ec9;2017-10-21T17:09:00-04:00;23.0;0.0;10.4;nan;Partially cloudy
2664113;173603;4cfbe34afeec6dcb5f344936;2017-10-21T17:25:00-04:00;23.0;0.0;10.4;nan;Partially cloudy
2664114;173603;3fd66200f964a52070e91ee3;2017-10-24T20:01:00-04:00;20.0;0.225;11.2;rain;Rain, Overcast
2664127;173609;4dc58fcafa76d685cde41fc1;2017-10-10T00:26:00-04:00;24.6;0.0;18.4;nan;Partially cloudy
2664981;173742;4a5b5143f964a520fdba1fe3;2018-06-08T16:30:00-04:00;26.9;0.0;17.3;nan;Partially cloudy
2666387;173949;4b6b5abff964a520fb022ce3;2018-04-21T14:27:00-04:00;14.0;0.0;14.8;nan;Clear
2669641;174380;4b996536f964a520467835e3;2017-11-03T20:56:00-04:00;14.5;0.0;23.3;nan;Clear
2672203;174736;5984eeb39be522744003dee5;2017-11-28T15:19:00-05:00;10.8;0.0;10.7;nan;Partially cloudy
2672203;174736;4abe7f9ef964a520068e20e3;2017-11-28T15:28:00-05:00;10.8;0.0;10.7;nan;Partially cloudy
2672203;174736;49f125dcf964a52091691fe3;2017-11-28T18:35:00-05:00;11.5;0.0;13.2;nan;Clear
2673725;174948;58ac61da9c954845fab234b4;2017-11-02T23:23:00-04:00;18.1;0.0;6.8;nan;Partially cloudy
2673725;174948;4abe7f9ef964a520068e20e3;2017-11-03T00:03:00-04:00;17.7;0.0;7.3;nan;Partially cloudy
2674549;175065;515abd65e4b08eda86b30e6e;2017-11-21T22:17:00-05:00;11.0;0.0;8.1;nan;Partially cloudy
2676445;175323;4c374bf80a71c9b6f2893ec9;2017-11-06T14:28:00-05:00;18.9;0.0;9.3;nan;Partially cloudy
2676445;175323;431e2d80f964a52079271fe3;2017-11-06T18:00:00-05:00;16.1;0.0;15.0;nan;Partially cloudy
2677812;175471;4aea2b78f964a520edb921e3;2017-12-02T04:08:00-05:00;4.4;0.0;2.4;nan;Clear
2677813;175471;509fd01de4b070da0a9d3c24;2017-12-03T00:52:00-05:00;6.1;0.0;4.5;nan;Partially cloudy
2677821;175471;4aea2b78f964a520edb921e3;2018-02-13T17:01:00-05:00;1.1;0.0;12.0;nan;Partially cloudy
2677863;175471;51b07bbb498ef4badd279fe8;2018-07-16T10:41:00-04:00;30.1;0.0;6.0;nan;Clear
2677863;175471;4ddd27fe22713339cd2601e9;2018-07-16T12:03:00-04:00;31.5;0.0;3.0;nan;Clear
2677881;175471;4d5848cfde8f6dcb3e240a91;2018-10-05T16:52:00-04:00;19.9;0.0;8.0;nan;Overcast
2677883;175471;4ddd27fe22713339cd2601e9;2018-10-10T18:21:00-04:00;23.7;0.0;5.5;nan;Clear
2678021;175497;4b6b5abff964a520fb022ce3;2018-01-06T22:25:00-05:00;-13.2;0.0;23.8;nan;Clear
2678021;175497;3fd66200f964a52067e61ee3;2018-01-07T02:07:00-05:00;-14.1;0.0;21.7;nan;Clear
2678021;175497;42e82000f964a52083261fe3;2018-01-07T05:03:00-05:00;-14.7;0.0;13.9;nan;Clear
2678319;175542;4ad78220f964a520960b21e3;2018-07-26T22:08:00-04:00;28.2;0.0;10.2;nan;Clear
2678319;175542;5984eeb39be522744003dee5;2018-07-26T22:42:00-04:00;27.4;0.0;8.0;nan;Clear
2678319;175542;4b6b5abff964a520fb022ce3;2018-07-26T22:49:00-04:00;27.4;0.0;8.0;nan;Clear
2678319;175542;515abd65e4b08eda86b30e6e;2018-07-26T23:46:00-04:00;26.9;0.0;8.5;nan;Partially cloudy
2678666;175577;4b6b5abff964a520fb022ce3;2018-01-09T20:21:00-05:00;2.9;0.0;13.6;nan;Clear
2678732;175586;4a8977f0f964a520130820e3;2018-08-02T16:50:00-04:00;30.2;0.0;10.5;nan;Partially cloudy
2679321;175654;3fd66200f964a52070e91ee3;2018-04-15T17:27:00-04:00;4.9;0.0;24.2;nan;Overcast
2679321;175654;509fd01de4b070da0a9d3c24;2018-04-15T21:46:00-04:00;3.5;1.544;25.0;rain;Rain, Overcast
2680888;175852;4fbbd9ede4b0756c0d4c2364;2018-01-07T13:50:00-05:00;-8.7;0.0;8.6;nan;Clear
2683285;176115;4b6b5abff964a520fb022ce3;2017-11-11T23:54:00-05:00;1.1;0.0;2.9;nan;Partially cloudy
2683293;176115;59a6087fe96d0c47fbbbda67;2018-01-22T01:56:00-05:00;6.5;0.0;5.8;nan;Overcast
2683299;176115;591a10bb0313205133bb1bc6;2018-05-06T19:37:00-04:00;15.0;0.0;7.9;nan;Overcast
2689485;176798;4a9320d2f964a520e31e20e3;2017-10-14T20:49:00-04:00;20.9;0.0;1.2;nan;Overcast
2689485;176798;4c374bf80a71c9b6f2893ec9;2017-10-14T23:32:00-04:00;20.1;0.0;2.6;nan;Partially cloudy
2689485;176798;4b40cf3df964a5206bbb25e3;2017-10-14T23:50:00-04:00;20.1;0.0;2.6;nan;Partially cloudy
2689569;176815;4eb13d68e5e8c0f5bd2fd983;2017-11-19T17:04:00-05:00;7.6;0.0;15.8;nan;Partially cloudy
2690227;176889;4abe7f9ef964a520068e20e3;2018-03-04T22:56:00-05:00;1.3;0.0;19.4;nan;Partially cloudy
2690230;176889;3fd66200f964a520b9ea1ee3;2018-03-06T23:01:00-05:00;4.4;0.0;24.4;nan;Overcast
2691043;176974;566c9c87498ef09a2940e605;2017-11-15T19:02:00-05:00;9.1;0.0;9.1;nan;Overcast
2691043;176974;4b6b5abff964a520fb022ce3;2017-11-15T19:45:00-05:00;9.0;0.0;16.2;nan;Overcast
2701697;178151;53c5393c498eaaf9ec4b2caf;2018-05-08T14:00:00-04:00;21.6;0.0;14.8;nan;Clear
2701697;178151;3fd66200f964a52071e61ee3;2018-05-08T20:49:00-04:00;15.1;0.0;3.0;nan;Clear
2703484;178345;4abe7f9ef964a520068e20e3;2017-10-17T20:45:00-04:00;12.4;0.0;8.5;nan;Clear
2703485;178345;4a0c627df964a52028751fe3;2017-10-18T22:40:00-04:00;17.5;0.0;12.6;nan;Clear
2707136;178700;4b6b5abff964a520fb022ce3;2018-03-13T15:37:00-04:00;4.6;0.0;24.7;nan;Overcast
2709591;178975;50bcb93ae4b0efcb4c84d434;2017-12-12T05:24:00-05:00;7.1;0.0;11.6;nan;Partially cloudy
2709592;178975;49e7ce15f964a5201d651fe3;2017-12-18T22:51:00-05:00;7.2;0.0;11.4;nan;Partially cloudy
2716321;179769;540d97b5498e05abd30fd5ca;2018-07-30T21:27:00-04:00;21.3;0.0;6.5;nan;Partially cloudy
2716321;179769;576c2212498e72c8c38f1ddd;2018-07-30T22:35:00-04:00;21.0;0.0;1.2;nan;Clear
2716321;179769;4a84eb0af964a520e1fd1fe3;2018-07-30T23:34:00-04:00;21.5;0.0;1.7;nan;Clear
2716321;179769;4b996536f964a520467835e3;2018-07-31T04:04:00-04:00;21.5;0.0;2.7;nan;Partially cloudy
2716322;179769;4a93fc49f964a520192020e3;2018-07-31T17:28:00-04:00;25.6;0.0;15.5;nan;Partially cloudy
2716322;179769;4bc24023461576b056237d32;2018-07-31T22:56:00-04:00;23.3;0.0;8.5;nan;Partially cloudy
2719445;180162;4b32abb5f964a520701125e3;2017-11-16T22:46:00-05:00;7.0;0.0;14.5;nan;Partially cloudy
2720668;180343;42893400f964a52054231fe3;2018-07-09T18:44:00-04:00;27.4;0.0;12.5;nan;Clear
2720668;180343;431f7f00f964a52085271fe3;2018-07-09T21:54:00-04:00;24.9;0.0;11.2;nan;Clear
2723452;180760;4a524983f964a5207fb11fe3;2017-10-10T17:18:00-04:00;26.6;0.0;9.6;nan;Clear
2724744;180927;4eb13d68e5e8c0f5bd2fd983;2017-11-18T17:19:00-05:00;9.3;0.682;1.7;rain;Rain, Partially cloudy
2724744;180927;59985efc6e465076273512cb;2017-11-18T17:42:00-05:00;8.8;0.931;3.3;rain;Rain, Overcast
2724746;180927;4eb13d68e5e8c0f5bd2fd983;2018-08-09T14:32:00-04:00;29.9;0.0;7.9;nan;Partially cloudy
2726717;181210;3fd66200f964a52037e31ee3;2017-10-20T00:48:00-04:00;16.9;0.0;13.4;nan;Partially cloudy
2726720;181210;4b6d9298f964a520607d2ce3;2017-10-30T03:34:00-04:00;14.2;0.103;12.4;rain;Rain, Partially cloudy
2726726;181210;4c374bf80a71c9b6f2893ec9;2017-12-14T23:08:00-05:00;-4.2;0.0;14.2;snow;Partially cloudy
2727389;181318;3fd66200f964a520d7e31ee3;2017-11-09T19:41:00-05:00;11.7;0.0;10.4;nan;Partially cloudy
2727389;181318;49f20602f964a520d4691fe3;2017-11-09T19:52:00-05:00;11.7;0.0;10.4;nan;Partially cloudy
2727395;181318;4eb13d68e5e8c0f5bd2fd983;2018-03-04T19:39:00-05:00;2.6;0.0;24.7;nan;Partially cloudy
2729643;181645;57e46dce498e1a900d0908f5;2017-10-26T22:30:00-04:00;11.3;0.0;14.9;nan;Clear
2729699;181650;56f1dac5498ee078791a2051;2018-05-12T16:30:00-04:00;14.8;0.0;11.6;nan;Overcast
2730057;181701;4c9d04d68afca0937fbdf215;2018-01-20T20:21:00-05:00;8.0;0.0;14.4;nan;Partially cloudy
2730081;181703;53aa0ef4498eb1bef72a3812;2017-12-15T00:30:00-05:00;-4.7;0.0;12.1;snow;Clear
2730081;181703;573e236f498ebf4b4d4391b6;2017-12-15T03:03:00-05:00;-6.0;0.0;10.2;snow;Partially cloudy
2730230;181733;4ec125556da15b4ddf98cbd7;2017-10-17T17:00:00-04:00;14.8;0.0;4.2;nan;Clear
2730230;181733;558ad9dd498e61efd5b0db6b;2017-10-17T17:42:00-04:00;13.8;0.0;9.2;nan;Clear
2730231;181733;577c4a4a498e2c214c8f57e1;2017-10-20T17:44:00-04:00;22.0;0.0;12.7;nan;Clear
2730234;181733;4ec125556da15b4ddf98cbd7;2017-10-23T14:36:00-04:00;22.6;0.0;21.0;nan;Partially cloudy
2730234;181733;52c5c3fd11d20b57f8ba9ef3;2017-10-23T17:08:00-04:00;21.7;0.0;13.1;nan;Partially cloudy
2730235;181733;4eb01d60722e4efd61c49664;2017-10-25T17:16:00-04:00;17.7;0.0;3.3;nan;Partially cloudy
2730236;181733;4ec125556da15b4ddf98cbd7;2017-10-26T14:22:00-04:00;13.5;0.0;14.2;nan;Partially cloudy
2730236;181733;558ad9dd498e61efd5b0db6b;2017-10-26T17:23:00-04:00;13.2;0.0;13.5;nan;Partially cloudy
2730236;181733;553527eb498e43895e4c1805;2017-10-26T23:16:00-04:00;10.8;0.0;13.0;nan;Clear
2730239;181733;4ec125556da15b4ddf98cbd7;2017-11-01T20:47:00-04:00;12.9;0.0;8.4;nan;Partially cloudy
2730241;181733;4ec125556da15b4ddf98cbd7;2017-11-06T16:05:00-05:00;18.2;0.108;14.0;rain;Rain, Partially cloudy
2730241;181733;582472d6ef085e607efc254e;2017-11-06T23:17:00-05:00;9.0;0.0;13.9;nan;Clear
2730242;181733;558ad9dd498e61efd5b0db6b;2017-11-07T18:46:00-05:00;5.1;3.817;10.3;rain;Rain, Partially cloudy
2730242;181733;558b5f4a498e19b85459deb7;2017-11-07T23:14:00-05:00;4.6;1.108;16.2;rain;Rain, Partially cloudy
2730243;181733;564cb952498e133963c04186;2017-11-08T18:36:00-05:00;8.5;0.0;9.1;nan;Partially cloudy
2730244;181733;4eb01d60722e4efd61c49664;2017-11-09T18:27:00-05:00;11.4;0.0;5.1;nan;Partially cloudy
2730348;181752;4f22cc3fe4b0e1207fe7c676;2018-03-28T18:45:00-04:00;10.8;0.0;4.7;nan;Overcast
2730352;181752;549481f3498e855d5f51cb66;2018-04-13T14:08:00-04:00;26.5;0.0;9.8;nan;Partially cloudy
2730352;181752;58d2a850debdf60c50251727;2018-04-13T16:18:00-04:00;27.5;0.0;16.4;nan;Partially cloudy
2730352;181752;4f22cc3fe4b0e1207fe7c676;2018-04-13T18:19:00-04:00;25.3;0.0;13.4;nan;Partially cloudy
2730353;181752;58d2a850debdf60c50251727;2018-04-24T14:41:00-04:00;17.3;0.0;14.2;nan;Partially cloudy
2730353;181752;57f57f1b498e00421b141830;2018-04-24T22:13:00-04:00;13.4;0.0;12.8;nan;Overcast
2730355;181752;591a10bb0313205133bb1bc6;2018-06-25T15:04:00-04:00;26.6;0.0;9.4;nan;Partially cloudy
2730358;181752;4a6dea38f964a52052d31fe3;2018-07-18T13:00:00-04:00;28.3;0.0;28.5;nan;Partially cloudy
2730358;181752;49d14433f964a5206c5b1fe3;2018-07-18T16:35:00-04:00;28.2;0.0;12.8;nan;Partially cloudy
2731690;181907;4eb90d85722e09311d356915;2017-11-03T17:19:00-04:00;23.0;0.0;12.5;nan;Partially cloudy
2731692;181907;4ad35d08f964a520fae320e3;2017-11-20T23:08:00-05:00;5.8;0.0;13.2;nan;Clear
2731692;181907;598c7e633b83073f81f4a4e6;2017-11-21T00:50:00-05:00;5.8;0.0;15.0;nan;Clear
2732047;181957;4b40cf3df964a5206bbb25e3;2018-02-20T02:36:00-05:00;9.9;0.0;10.0;nan;Overcast
2732231;181977;5991933ec0f1632f70b55347;2018-09-12T22:02:00-04:00;22.6;0.0;14.6;nan;Overcast
2733193;182075;3fd66200f964a52053eb1ee3;2018-09-19T10:55:00-04:00;25.4;0.0;11.8;nan;Partially cloudy
2733193;182075;4baa5aaef964a52038623ae3;2018-09-19T12:16:00-04:00;26.1;0.0;15.7;nan;Partially cloudy
2733627;182136;57ab90ca498e7d61e13a6985;2018-02-11T05:08:00-05:00;7.6;0.934;0.0;rain;Rain, Overcast
2733627;182136;50bcb93ae4b0efcb4c84d434;2018-02-11T08:00:00-05:00;7.5;1.542;9.9;rain;Rain, Overcast
2733902;182168;57c43c98498e2696b402a527;2017-10-21T18:09:00-04:00;21.5;0.0;4.5;nan;Partially cloudy
2735117;182317;42893400f964a52054231fe3;2018-06-22T17:20:00-04:00;22.3;0.0;7.9;nan;Partially cloudy
2737612;182598;48b831dcf964a520c2511fe3;2017-12-10T20:11:00-05:00;2.3;0.0;10.9;nan;Partially cloudy
2745164;183423;40f1d480f964a5205b0a1fe3;2018-07-28T15:16:00-04:00;29.0;0.0;3.8;nan;Partially cloudy
2745367;183458;515abd65e4b08eda86b30e6e;2017-11-02T18:31:00-04:00;19.6;0.0;9.8;nan;Partially cloudy
2745367;183458;4ec01a1ef5b93923c1a62c6d;2017-11-02T20:41:00-04:00;19.1;0.0;5.7;nan;Partially cloudy
2745368;183458;4b40cf3df964a5206bbb25e3;2017-11-07T19:39:00-05:00;5.1;1.695;14.8;rain;Rain, Partially cloudy
2757274;184814;5717e72a498e6db184adce6b;2018-10-12T16:17:00-04:00;16.1;0.0;10.9;nan;Clear
2764458;185807;5346f0eb498e55d223a6bad3;2017-10-11T15:01:00-04:00;23.5;0.0;14.6;nan;Partially cloudy
2764723;185844;4b520135f964a520aa6027e3;2018-04-30T23:50:00-04:00;9.4;0.0;6.8;nan;Partially cloudy
2772687;186952;5201a363498ed3d5217949ba;2018-07-12T14:57:00-04:00;28.0;0.0;2.1;nan;Partially cloudy
2773228;187039;43c2d364f964a5204b2d1fe3;2017-10-25T12:42:00-04:00;17.0;0.0;4.2;nan;Partially cloudy
2773231;187039;53206275498eaacdaca9b857;2017-11-16T13:07:00-05:00;13.0;0.0;20.3;nan;Partially cloudy
2773231;187039;3fd66200f964a52053eb1ee3;2017-11-16T17:20:00-05:00;10.1;0.0;18.7;nan;Clear
2773231;187039;5385a684498e2379f61a25a1;2017-11-16T17:39:00-05:00;10.0;0.0;23.7;nan;Clear
2773236;187039;4f7502e4e4b001b08c0c882f;2017-12-15T00:02:00-05:00;-4.7;0.0;12.1;snow;Clear
2774110;187198;4b996536f964a520467835e3;2017-10-13T21:23:00-04:00;17.3;0.0;9.1;nan;Partially cloudy
2774243;187221;4b996536f964a520467835e3;2017-12-21T01:57:00-05:00;1.2;0.0;18.4;nan;Clear
2774628;187274;4a01ee7bf964a52010711fe3;2017-10-11T21:27:00-04:00;19.2;0.0;10.5;nan;Overcast
2774640;187274;4d2a2787b818a35d5a08a58a;2018-01-18T18:53:00-05:00;-1.2;0.0;13.0;nan;Clear
2774819;187291;5bc5214dda5ede002c74b6bf;2018-10-19T00:42:00-04:00;6.6;0.0;11.9;nan;Clear
2775069;187334;566a0e2e498e3f66212c5d9f;2018-08-11T16:03:00-04:00;23.7;0.0;5.3;nan;Overcast
2775069;187334;5984eeb39be522744003dee5;2018-08-11T19:45:00-04:00;23.5;0.0;2.1;nan;Overcast
2775148;187351;4abe7f9ef964a520068e20e3;2017-10-19T21:56:00-04:00;17.9;0.0;6.2;nan;Clear
2775289;187361;5467ceec498e1b95c0575e73;2018-04-15T00:10:00-04:00;7.8;0.0;25.2;nan;Overcast
2775407;187379;4aa6e56af964a5205d4b20e3;2017-10-28T23:09:00-04:00;17.9;0.0;9.9;nan;Partially cloudy
2775807;187463;4b218b72f964a5209c3d24e3;2017-12-02T19:55:00-05:00;7.2;0.0;8.7;nan;Partially cloudy
2777154;187662;4c35de72452620a1ba5d270f;2018-07-17T15:26:00-04:00;22.1;19.595;32.3;rain;Rain, Overcast
2777218;187669;555b7016498ef57fbcc739d2;2017-12-01T18:10:00-05:00;8.5;0.0;13.1;nan;Clear
2777220;187669;4ae0f28af964a520f08321e3;2018-02-03T17:34:00-05:00;-1.2;0.0;12.1;nan;Partially cloudy
2777225;187669;57218ba5498eb662eaa1e121;2018-06-23T01:46:00-04:00;17.5;0.0;12.7;nan;Overcast
2777227;187669;4ae0f28af964a520f08321e3;2018-08-08T00:40:00-04:00;25.7;0.0;9.0;nan;Partially cloudy
2777227;187669;555b7016498ef57fbcc739d2;2018-08-08T02:18:00-04:00;26.0;0.0;1.8;nan;Clear
2777332;187683;42893400f964a52054231fe3;2017-12-17T18:19:00-05:00;2.1;0.0;5.8;nan;Partially cloudy
2777910;187782;4eb90d85722e09311d356915;2018-09-02T21:16:00-04:00;24.8;0.0;4.8;nan;Partially cloudy
2778613;187892;4b19b79af964a520a9e223e3;2017-12-14T18:06:00-05:00;-2.5;0.0;16.3;snow;Clear
2778618;187892;5018507fe4b03a729d0b40f9;2018-02-25T01:50:00-05:00;6.2;0.0;16.3;nan;Overcast
2780196;188053;4eb90d85722e09311d356915;2018-05-24T19:37:00-04:00;24.2;0.0;10.0;nan;Clear
2780692;188119;4a8d57e7f964a5207c0f20e3;2018-01-14T11:57:00-05:00;-6.1;0.0;17.2;nan;Clear
2781274;188174;5941c0abf193c012d47fc4e8;2018-07-09T21:59:00-04:00;24.9;0.0;11.2;nan;Clear
2781274;188174;4a871eb2f964a520b20220e3;2018-07-10T01:04:00-04:00;23.1;0.0;9.7;nan;Clear
2781737;188221;59287470ee71203352bd1df8;2018-01-01T20:23:00-05:00;-8.2;0.0;14.7;nan;Clear
2783854;188427;4e2b03a07d8b7deda6cbdc62;2017-10-22T02:06:00-04:00;17.2;0.0;1.2;nan;Clear
2784274;188463;4bc24023461576b056237d32;2017-12-30T17:51:00-05:00;-5.6;0.0;17.7;snow;Clear
2784945;188551;4baae71df964a520118d3ae3;2018-06-30T20:22:00-04:00;32.0;0.0;11.3;nan;Clear
2797363;190062;53897edd498ef93b52f5194f;2017-10-24T19:03:00-04:00;20.3;0.0;18.0;nan;Overcast
2800002;190394;42e82000f964a52083261fe3;2018-06-23T05:08:00-04:00;17.6;0.0;11.0;nan;Overcast
2800981;190540;4b6b5abff964a520fb022ce3;2017-11-01T14:34:00-04:00;13.1;0.0;10.2;nan;Partially cloudy
2800981;190540;5787b68e498efcabbebba4f8;2017-11-01T18:25:00-04:00;13.6;0.0;6.8;nan;Overcast
2800982;190540;4eef77e96da153687cf5fc46;2017-11-02T17:33:00-04:00;20.6;0.0;12.1;nan;Clear
2801469;190590;5abd9cd7a35dce29f4a36347;2018-09-23T13:25:00-04:00;18.1;0.0;12.3;nan;Overcast
2801643;190620;5314b420e4b0d805d374ad76;2017-10-14T22:25:00-04:00;20.4;0.0;0.0;nan;Overcast
2802980;190818;4cc60b7a82388cfad0727935;2017-10-20T22:35:00-04:00;18.1;0.0;7.1;nan;Clear
2808441;191614;4b40cf3df964a5206bbb25e3;2017-10-28T17:56:00-04:00;18.1;0.0;14.1;nan;Partially cloudy
2810520;191875;4c374bf80a71c9b6f2893ec9;2018-10-06T19:08:00-04:00;18.6;0.0;4.4;nan;Overcast
2816114;192631;4b40cf3df964a5206bbb25e3;2018-03-31T00:29:00-04:00;7.4;0.0;17.4;nan;Clear
2816115;192631;5984eeb39be522744003dee5;2018-03-31T19:06:00-04:00;9.1;0.0;15.0;nan;Partially cloudy
2817150;192787;42893400f964a52054231fe3;2018-01-19T18:43:00-05:00;3.1;0.0;11.7;nan;Partially cloudy
2817150;192787;4b6b5abff964a520fb022ce3;2018-01-19T19:43:00-05:00;3.4;0.0;12.3;nan;Clear
2817150;192787;4aa44464f964a520234620e3;2018-01-19T22:01:00-05:00;3.7;0.0;12.7;nan;Clear
2819578;193158;4eb90d85722e09311d356915;2017-10-13T00:44:00-04:00;13.4;0.0;13.9;nan;Clear
2820151;193261;4fd94414e4b0a048957c686f;2018-02-09T00:15:00-05:00;-2.3;0.0;14.6;nan;Clear
2820831;193382;4d9235c97b5ea1430fbdacb8;2018-04-13T23:14:00-04:00;20.9;0.0;10.9;nan;Partially cloudy
2820832;193382;47111950f964a5209e4b1fe3;2018-04-15T00:56:00-04:00;7.0;0.0;18.1;nan;Overcast
2821758;193491;4a4c5d60f964a52031ad1fe3;2017-12-21T23:52:00-05:00;2.8;0.0;3.7;nan;Partially cloudy
2822614;193579;4a15a2e8f964a520a9781fe3;2018-07-19T21:12:00-04:00;23.3;0.0;6.7;nan;Clear
2823267;193688;539cb56e498eb12d43c89ff7;2017-10-30T16:33:00-04:00;13.0;0.0;19.3;nan;Clear
2823272;193688;4bb67651f562ef3bde333097;2018-08-04T23:07:00-04:00;27.1;0.0;4.9;nan;Partially cloudy
2825090;193904;559ecd00498e965ccd39ea9f;2018-07-29T14:49:00-04:00;27.5;0.0;9.1;nan;Partially cloudy
2825090;193904;59b70eb2fd16bb50bdeccf29;2018-07-29T14:51:00-04:00;27.5;0.0;9.1;nan;Partially cloudy
2825090;193904;4ec01a1ef5b93923c1a62c6d;2018-07-29T14:55:00-04:00;27.5;0.0;9.1;nan;Partially cloudy
2825090;193904;4c374bf80a71c9b6f2893ec9;2018-07-29T21:05:00-04:00;26.4;0.0;3.9;nan;Partially cloudy
2838165;195609;4165d880f964a5207e1d1fe3;2018-06-05T23:11:00-04:00;18.0;0.0;10.7;nan;Clear
2838165;195609;4b996536f964a520467835e3;2018-06-06T02:21:00-04:00;16.5;0.0;4.3;nan;Overcast
2838397;195638;4f22ca77e4b0ed3396a83a05;2017-11-11T23:31:00-05:00;1.1;0.0;2.9;nan;Partially cloudy
2838397;195638;4b6b5abff964a520fb022ce3;2017-11-12T14:29:00-05:00;8.0;0.0;9.0;nan;Clear
2838397;195638;57bc4e34498ebd714e7b8c95;2017-11-12T15:05:00-05:00;7.6;0.0;12.1;nan;Clear
2838397;195638;4a607307f964a520c7c01fe3;2017-11-12T18:07:00-05:00;6.3;0.0;7.8;nan;Partially cloudy
2846674;196653;4abe7f9ef964a520068e20e3;2018-04-08T21:56:00-04:00;3.4;0.0;18.1;nan;Clear
2853700;197468;4abe7f9ef964a520068e20e3;2017-11-06T15:09:00-05:00;18.6;0.076;9.7;rain;Rain, Partially cloudy
2853700;197468;4a6fa0abf964a520a4d61fe3;2017-11-06T15:38:00-05:00;18.2;0.108;14.0;rain;Rain, Partially cloudy
2856106;197798;52eddc12498e40bb655e0d7a;2018-07-22T00:01:00-04:00;19.9;3.566;13.6;rain;Rain, Overcast
2857665;198037;4ec01a1ef5b93923c1a62c6d;2017-12-30T21:34:00-05:00;-5.7;0.039;14.3;snow;Snow, Partially cloudy
2857666;198037;4bc24023461576b056237d32;2018-01-01T18:38:00-05:00;-8.2;0.0;10.8;nan;Clear
2857666;198037;42893400f964a52054231fe3;2018-01-01T21:16:00-05:00;-8.3;0.0;11.6;nan;Clear
2863447;198940;42893400f964a52054231fe3;2018-04-26T18:43:00-04:00;19.8;0.0;10.7;nan;Clear
2863447;198940;4aa44464f964a520234620e3;2018-04-26T22:42:00-04:00;16.5;0.0;6.6;nan;Clear
2864565;199099;3fd66200f964a52083e61ee3;2017-10-20T16:16:00-04:00;23.1;0.0;13.9;nan;Clear
2866368;199318;593332f9123a1963f539daa0;2018-05-13T01:44:00-04:00;11.2;0.0;4.1;nan;Overcast
2866759;199386;4b6b5abff964a520fb022ce3;2018-07-04T18:48:00-04:00;27.6;0.0;6.2;nan;Overcast
2868158;199561;4b23f44ff964a520b75d24e3;2018-09-22T00:12:00-04:00;22.3;0.0;21.3;nan;Overcast
2869193;199694;4a4f8656f964a52063af1fe3;2018-02-07T02:02:00-05:00;-1.1;0.0;14.9;nan;Clear
2869440;199727;4d9db7087f9e4eb9436ea1fc;2018-04-27T02:00:00-04:00;14.6;0.0;1.2;nan;Partially cloudy
2869441;199727;579c12cd498e6e815b3acf50;2018-04-27T14:56:00-04:00;11.7;0.0;7.1;nan;Overcast
2869441;199727;4cd84a313ec4b1f763cdbd3f;2018-04-27T15:01:00-04:00;11.7;0.0;7.1;nan;Overcast
2870401;199846;580820a638fae571fa62c326;2017-12-29T00:45:00-05:00;-11.5;0.0;14.1;nan;Partially cloudy
2870406;199846;4abe5120f964a520a08c20e3;2018-01-27T17:38:00-05:00;12.7;0.0;18.4;nan;Partially cloudy
2870585;199870;49b87b8cf964a52044531fe3;2018-07-29T01:38:00-04:00;24.1;0.0;11.2;nan;Clear
2870585;199870;4eefd4506d86d722df8fd52e;2018-07-29T02:39:00-04:00;23.7;0.0;7.9;nan;Partially cloudy
2872627;200100;57dedc27498e3c1378cdfaf8;2017-12-28T01:46:00-05:00;-8.7;0.0;13.6;nan;Clear
2874001;200277;49ee25b6f964a5202b681fe3;2018-02-15T01:10:00-05:00;8.4;0.277;11.4;rain;Rain, Overcast
2875645;200471;42daf100f964a52035261fe3;2018-03-02T14:14:00-05:00;2.7;1.82;31.0;rain;Rain, Overcast
2879841;200977;56c3c626cd106998d2b196d0;2018-04-20T19:32:00-04:00;6.9;0.0;19.2;nan;Clear
2879946;200985;59985efc6e465076273512cb;2017-11-11T19:18:00-05:00;1.8;0.0;7.8;nan;Partially cloudy
2879949;200985;4dda977ad22d38ef4332c419;2017-12-21T18:04:00-05:00;3.7;0.0;8.7;nan;Partially cloudy
2879949;200985;4b1b13ddf964a520bbf723e3;2017-12-22T00:32:00-05:00;2.1;0.0;9.2;nan;Partially cloudy
2879960;200985;3fd66200f964a52067e61ee3;2018-05-11T02:19:00-04:00;16.2;0.0;4.5;nan;Clear
2885043;201502;55387c1b498e4eca6482f4f5;2018-04-06T21:17:00-04:00;13.7;0.0;8.0;nan;Overcast
2885043;201502;4a675deef964a52045c91fe3;2018-04-06T22:16:00-04:00;12.9;0.0;3.7;nan;Partially cloudy
2885056;201502;4b240a1ff964a520b25f24e3;2018-08-05T16:59:00-04:00;32.0;0.0;2.1;nan;Partially cloudy
2885056;201502;53b45f66498e07c53b0e01fc;2018-08-05T19:26:00-04:00;31.2;0.0;6.0;nan;Partially cloudy
2885056;201502;4dd969f1d22d38ef4318cc65;2018-08-05T19:31:00-04:00;30.1;0.0;6.1;nan;Partially cloudy
2885099;201509;42893400f964a52054231fe3;2018-08-25T17:52:00-04:00;24.4;0.0;5.7;nan;Partially cloudy
2885099;201509;4bddccbe6198c9b67bb911ff;2018-08-25T19:24:00-04:00;23.9;0.0;9.4;nan;Partially cloudy
2889464;202008;509fd01de4b070da0a9d3c24;2018-10-08T00:01:00-04:00;22.8;0.0;6.8;nan;Partially cloudy
2893952;202515;4b60c708f964a520d0f829e3;2018-02-27T17:05:00-05:00;11.8;0.0;7.8;nan;Clear
2893953;202515;564f3c88498ec41abeceef06;2018-03-06T15:17:00-05:00;7.2;0.0;14.9;nan;Clear
2893954;202515;564f3c88498ec41abeceef06;2018-03-23T17:35:00-04:00;8.4;0.0;11.6;nan;Overcast
2908089;204267;587ffcc3ea29b80cdce3468d;2017-10-28T15:56:00-04:00;19.1;0.0;18.4;nan;Partially cloudy
2912242;204811;40f5c900f964a520a30a1fe3;2018-04-04T17:39:00-04:00;12.0;0.0;31.9;nan;Partially cloudy
2916249;205436;4fd130ffe4b06145df2472b9;2018-01-18T23:41:00-05:00;-3.2;0.0;11.3;nan;Clear
2916860;205527;4a82eea3f964a52090f91fe3;2018-04-05T17:13:00-04:00;7.2;0.0;23.0;nan;Partially cloudy
2916860;205527;49f125dcf964a52091691fe3;2018-04-05T18:36:00-04:00;6.3;0.0;22.2;nan;Partially cloudy
2916861;205527;4a523834f964a52068b11fe3;2018-04-06T16:45:00-04:00;16.3;0.0;22.5;nan;Partially cloudy
2916861;205527;4a15a2e8f964a520a9781fe3;2018-04-06T17:39:00-04:00;16.3;0.0;24.5;nan;Partially cloudy
2919819;205971;4abe7f9ef964a520068e20e3;2018-03-16T23:06:00-04:00;0.3;0.0;18.2;nan;Clear
2920612;206101;559ecd00498e965ccd39ea9f;2018-05-19T16:52:00-04:00;13.4;0.0;11.0;nan;Overcast
2920628;206103;4b996536f964a520467835e3;2017-11-18T20:08:00-05:00;9.8;0.147;12.8;rain;Rain, Overcast
2922569;206377;4c374bf80a71c9b6f2893ec9;2018-03-30T19:19:00-04:00;10.5;0.0;17.8;nan;Overcast
2923287;206500;4bd99fa60115c9b6c6ec7780;2018-04-23T22:20:00-04:00;10.7;0.0;8.0;nan;Partially cloudy
2923288;206500;5154d79a19a9a639dd70f381;2018-05-22T17:51:00-04:00;14.0;0.252;4.3;rain;Rain, Overcast
2923289;206500;4abb7c09f964a520d18320e3;2018-06-07T23:38:00-04:00;16.3;0.0;4.4;nan;Partially cloudy
2923292;206500;4a8951caf964a520df0720e3;2018-07-09T20:10:00-04:00;26.6;0.0;12.8;nan;Clear
2923721;206572;540d97b5498e05abd30fd5ca;2018-05-22T18:59:00-04:00;14.0;0.0;3.2;nan;Overcast
2923721;206572;4165d880f964a5207e1d1fe3;2018-05-22T20:50:00-04:00;14.0;0.0;3.3;nan;Overcast
2924007;206624;515abd65e4b08eda86b30e6e;2017-11-19T21:19:00-05:00;7.0;0.0;16.2;nan;Partially cloudy
2924572;206711;4b40cf3df964a5206bbb25e3;2018-09-28T21:22:00-04:00;16.2;0.0;1.8;nan;Clear
2924890;206772;4116be80f964a520fc0b1fe3;2018-03-17T15:07:00-04:00;8.7;0.0;23.7;nan;Partially cloudy
2924890;206772;507f06e9e4b0d2368fcbada4;2018-03-17T18:01:00-04:00;8.6;0.0;19.9;nan;Partially cloudy
2924893;206772;4cccb964c9b8468815d4bec3;2018-07-22T17:28:00-04:00;25.1;0.0;14.0;nan;Overcast
2925963;206965;4c7d4f1b8da18cfa1afc9ece;2017-12-12T02:14:00-05:00;4.6;0.0;8.0;nan;Partially cloudy
2926150;206994;4e95b4a34fc6e92e3c5a6ba7;2017-12-02T15:25:00-05:00;8.4;0.0;5.8;nan;Partially cloudy
2926150;206994;57acc558498e036ce8f2b0b4;2017-12-02T19:13:00-05:00;7.9;0.0;7.0;nan;Partially cloudy
2927634;207256;5018507fe4b03a729d0b40f9;2017-10-20T22:44:00-04:00;18.1;0.0;7.1;nan;Clear
2927634;207256;571abec5498e9a18b35e43d4;2017-10-21T02:45:00-04:00;15.0;0.0;3.9;nan;Clear
2927930;207313;4b214c87f964a520c73924e3;2018-04-17T14:06:00-04:00;7.7;0.0;17.5;nan;Overcast
2927951;207316;4ace467ef964a5208dcf20e3;2018-02-17T18:09:00-05:00;1.1;0.605;8.9;rain,snow;Snow, Rain, Overcast
2927951;207316;4b40cf3df964a5206bbb25e3;2018-02-17T20:21:00-05:00;0.6;2.456;4.1;rain,snow;Snow, Rain, Overcast
2929897;207635;42daf100f964a52035261fe3;2018-01-02T21:15:00-05:00;-6.6;0.0;17.2;nan;Clear
2929898;207635;40b52f80f964a5205a001fe3;2018-01-03T17:01:00-05:00;-2.1;0.0;10.7;snow;Partially cloudy
2930763;207761;5991933ec0f1632f70b55347;2017-10-27T00:24:00-04:00;10.1;0.0;13.1;nan;Clear
2930777;207761;457d9859f964a520293f1fe3;2018-05-28T17:21:00-04:00;20.6;0.0;7.7;nan;Overcast
2930780;207761;515abd65e4b08eda86b30e6e;2018-09-01T18:25:00-04:00;23.7;0.0;7.0;nan;Overcast
2931158;207822;59822ae4e97dfb6a1519825b;2018-02-18T18:11:00-05:00;5.8;0.0;10.2;nan;Partially cloudy
2934321;208212;52d36856498e9256064e3fe3;2017-12-08T22:36:00-05:00;2.0;0.0;15.2;nan;Overcast
2934321;208212;4eefd4506d86d722df8fd52e;2017-12-09T00:31:00-05:00;2.0;0.0;4.7;nan;Overcast
2934821;208289;45e98bacf964a52080431fe3;2018-01-26T19:47:00-05:00;1.5;0.0;12.8;nan;Clear
2935692;208414;45e5c256f964a52046431fe3;2017-10-27T22:56:00-04:00;13.8;0.0;3.3;nan;Clear
2935692;208414;49e559cff964a520c7631fe3;2017-10-28T05:47:00-04:00;12.6;0.0;4.5;nan;Clear
2936034;208458;54ab15df498ee7d7723bca15;2017-12-16T18:11:00-05:00;3.9;0.0;13.4;nan;Partially cloudy
2937081;208599;4b6b5abff964a520fb022ce3;2018-08-26T17:18:00-04:00;27.5;0.0;9.2;nan;Overcast
2937081;208599;4bc24023461576b056237d32;2018-08-26T19:12:00-04:00;28.1;0.0;10.6;nan;Overcast
2937081;208599;4b40cf3df964a5206bbb25e3;2018-08-26T19:58:00-04:00;28.1;0.0;8.9;nan;Overcast
2941248;209126;4db3374590a0843f295fb69b;2017-12-20T01:39:00-05:00;10.3;0.0;15.2;nan;Partially cloudy
2942686;209299;4b6b5abff964a520fb022ce3;2018-05-28T20:20:00-04:00;17.1;0.0;4.5;nan;Overcast
2943503;209400;515abd65e4b08eda86b30e6e;2018-07-22T14:19:00-04:00;26.4;0.0;11.0;nan;Overcast
2946947;209833;515abd65e4b08eda86b30e6e;2017-11-10T15:22:00-05:00;1.7;0.0;21.4;nan;Clear
2947104;209863;4a6b17bff964a520fdcd1fe3;2018-07-15T22:07:00-04:00;26.6;0.0;5.0;nan;Clear
2951460;210486;559ecd00498e965ccd39ea9f;2018-06-13T23:46:00-04:00;24.5;0.0;16.5;nan;Partially cloudy
2951460;210486;4abe7f9ef964a520068e20e3;2018-06-13T23:58:00-04:00;24.5;0.0;16.5;nan;Partially cloudy
2951460;210486;4eb90d85722e09311d356915;2018-06-14T00:04:00-04:00;24.5;0.0;16.5;nan;Partially cloudy
2951460;210486;4abe7f9ef964a520068e20e3;2018-06-14T00:14:00-04:00;24.5;0.0;16.5;nan;Partially cloudy
2961839;212006;554194a9498e08a6e9a7fde5;2017-12-05T19:20:00-05:00;14.4;0.156;11.1;rain;Rain, Partially cloudy
2961840;212006;4f0f47650cd695a0e54cb438;2017-12-06T13:56:00-05:00;6.0;0.0;14.8;nan;Partially cloudy
2961841;212006;509fd01de4b070da0a9d3c24;2017-12-07T14:15:00-05:00;6.9;0.0;21.0;nan;Clear
2961842;212006;57fe5fb9498e0dfb586bfe58;2017-12-08T14:02:00-05:00;3.5;0.0;8.3;nan;Partially cloudy
2961843;212006;587ffcc3ea29b80cdce3468d;2017-12-09T16:22:00-05:00;-0.5;1.465;11.4;rain,snow;Snow, Rain, Overcast
2961843;212006;431f7f00f964a52085271fe3;2017-12-09T19:52:00-05:00;-0.3;0.972;10.3;rain,snow;Snow, Rain, Partially cloudy
2961843;212006;55877ae9498ee57015ef8d23;2017-12-09T20:47:00-05:00;-0.3;0.449;5.3;rain,snow;Snow, Rain, Overcast
2961843;212006;4e1487251f6e33e7180b619d;2017-12-10T02:43:00-05:00;-0.2;0.0;7.1;rain,snow;Partially cloudy
2961843;212006;4b996536f964a520467835e3;2017-12-10T03:10:00-05:00;-0.2;0.0;7.1;rain,snow;Partially cloudy
2961844;212006;538f006c498e248f6fce912f;2017-12-10T15:19:00-05:00;4.0;0.0;28.8;nan;Partially cloudy
2961844;212006;4b6b5abff964a520fb022ce3;2017-12-10T18:18:00-05:00;2.9;0.0;15.6;nan;Partially cloudy
2961846;212006;4b829e60f964a52007db30e3;2017-12-12T16:09:00-05:00;6.8;0.0;14.3;nan;Partially cloudy
2966485;212802;4eb90d85722e09311d356915;2018-05-29T13:05:00-04:00;29.7;0.0;1.7;nan;Partially cloudy
2966490;212802;57745985498ea83e7485bed1;2018-08-29T23:04:00-04:00;30.9;0.0;12.8;nan;Clear
2966622;212817;519393ce498edf62feac9c12;2018-07-04T00:51:00-04:00;25.8;0.0;3.7;nan;Partially cloudy
2967387;212932;3fd66200f964a520b9ea1ee3;2017-10-15T17:32:00-04:00;21.4;0.0;21.3;nan;Overcast
2967387;212932;49e74532f964a52081641fe3;2017-10-15T19:17:00-04:00;21.3;0.0;14.8;nan;Overcast
2967905;213040;4dc5d928b0fb5556ccfc69a1;2018-05-05T22:59:00-04:00;19.4;0.0;8.5;nan;Partially cloudy
2967906;213040;548bafcf498e0c4238d87fe8;2018-05-07T22:51:00-04:00;14.5;0.0;4.4;nan;Clear
2967906;213040;49b87b8cf964a52044531fe3;2018-05-08T02:03:00-04:00;13.0;0.0;1.7;nan;Clear
2967970;213044;3fd66200f964a520bbe61ee3;2018-06-03T17:46:00-04:00;16.8;0.0;17.1;nan;Overcast
2967970;213044;5547ffe8498ec8a2c668a412;2018-06-03T20:33:00-04:00;14.1;0.0;14.5;nan;Overcast
2968234;213066;4b4fdfc8f964a520801827e3;2018-04-21T17:38:00-04:00;16.2;0.0;14.5;nan;Partially cloudy
2968290;213071;42893400f964a52054231fe3;2018-06-20T17:12:00-04:00;26.4;0.0;9.3;nan;Partially cloudy
2968290;213071;4a9ff5d9f964a520ba3d20e3;2018-06-20T20:09:00-04:00;24.5;0.0;3.7;nan;Overcast
2968416;213098;519393ce498edf62feac9c12;2018-10-14T22:03:00-04:00;12.5;0.0;8.6;nan;Partially cloudy
2969536;213288;5078413372da7d9d2e0d54ca;2017-12-11T01:28:00-05:00;2.2;0.0;10.8;nan;Overcast
2969538;213288;4a436c34f964a52085a61fe3;2017-12-16T00:44:00-05:00;-4.8;0.0;10.4;snow;Clear
2969562;213288;4a4baaf8f964a52091ac1fe3;2018-06-17T21:26:00-04:00;26.4;0.0;4.3;nan;Partially cloudy
2969562;213288;5078413372da7d9d2e0d54ca;2018-06-18T00:10:00-04:00;24.3;0.0;21.0;nan;Clear
2969566;213288;57c43c98498e2696b402a527;2018-07-15T18:50:00-04:00;27.8;0.0;10.8;nan;Clear
2969567;213288;58c1f3e97a8f044c6ea8934b;2018-07-16T23:48:00-04:00;28.0;0.0;12.2;nan;Clear
2970029;213364;49d7aaf5f964a5204a5d1fe3;2018-05-06T17:46:00-04:00;16.2;0.0;14.6;nan;Overcast
2970097;213377;4f36418ee4b017ad79b8e8a2;2017-11-03T16:51:00-04:00;23.0;0.0;12.5;nan;Partially cloudy
2970589;213456;4ff701aae4b0b8fda9f6b38f;2018-05-30T21:14:00-04:00;16.1;0.0;8.7;nan;Overcast
2971105;213526;522d1cad11d2add48247005a;2018-03-16T16:07:00-04:00;3.1;0.0;31.3;nan;Partially cloudy
2971105;213526;4d03ae3437036dcbfba10bfb;2018-03-16T16:14:00-04:00;3.1;0.0;31.3;nan;Partially cloudy
2971105;213526;4b96bd72f964a5207ce134e3;2018-03-16T17:08:00-04:00;3.2;0.0;26.0;nan;Partially cloudy
2973231;213805;55242cee498ef7f875331242;2018-07-14T18:58:00-04:00;31.1;0.0;14.3;nan;Partially cloudy
2977590;214352;4b466b09f964a520452026e3;2018-04-07T15:48:00-04:00;7.9;0.0;13.3;nan;Partially cloudy
2977590;214352;42893400f964a52054231fe3;2018-04-07T18:50:00-04:00;8.0;0.0;9.7;nan;Overcast
2977590;214352;42daf100f964a52035261fe3;2018-04-07T21:03:00-04:00;6.3;0.0;12.6;nan;Overcast
2977592;214352;4bcf38f6aeedef3b2a6dc598;2018-04-09T16:14:00-04:00;8.8;0.0;9.5;nan;Partially cloudy
2977593;214352;4c374bf80a71c9b6f2893ec9;2018-04-10T19:20:00-04:00;8.5;0.0;14.4;nan;Partially cloudy
2977594;214352;4db12e95a86e63d21166092b;2018-04-12T19:32:00-04:00;14.6;0.0;12.7;nan;Partially cloudy
2977595;214352;4bf30b89706e20a196c7a798;2018-04-14T18:39:00-04:00;12.7;0.0;15.7;nan;Partially cloudy
2977595;214352;559ecd00498e965ccd39ea9f;2018-04-14T19:24:00-04:00;12.7;0.0;15.7;nan;Partially cloudy
2977595;214352;57b9dda3498e876beb013404;2018-04-14T20:24:00-04:00;12.2;0.0;16.9;nan;Overcast
2982722;215032;3fd66200f964a520dbe61ee3;2017-12-03T04:02:00-05:00;6.4;0.0;7.8;nan;Overcast
2982723;215032;57218ba5498eb662eaa1e121;2017-12-03T23:07:00-05:00;6.4;0.0;1.2;nan;Clear
2982733;215032;57583641498e90001a32e13e;2018-03-28T17:45:00-04:00;10.6;0.0;7.6;nan;Overcast
2982733;215032;579c12cd498e6e815b3acf50;2018-03-28T20:01:00-04:00;10.3;0.0;5.0;nan;Overcast
2985501;215427;57e56690498e6a859d0fb62d;2017-10-16T18:45:00-04:00;13.1;0.0;20.4;nan;Partially cloudy
2985503;215427;3fd66200f964a52070e91ee3;2017-12-08T03:13:00-05:00;2.8;0.0;12.2;nan;Partially cloudy
2985693;215456;4eb90d85722e09311d356915;2017-10-27T18:20:00-04:00;14.9;0.0;5.8;nan;Clear
2986484;215581;49dcd4b4f964a520ad5f1fe3;2018-04-12T19:18:00-04:00;13.5;0.0;12.7;nan;Partially cloudy
2986593;215599;4cf021c094feb1f703420fba;2018-01-29T12:21:00-05:00;6.1;0.0;23.8;rain;Partially cloudy
2987567;215759;4b40cf3df964a5206bbb25e3;2018-08-12T18:29:00-04:00;27.3;0.0;13.9;nan;Partially cloudy
2987567;215759;4b41442ef964a5205bc425e3;2018-08-12T19:47:00-04:00;25.7;0.0;8.8;nan;Partially cloudy
2987568;215759;42893400f964a52054231fe3;2018-08-14T17:15:00-04:00;23.6;7.69;6.2;rain;Rain, Partially cloudy
2987568;215759;4a9aff11f964a520ef3320e3;2018-08-14T18:24:00-04:00;23.7;0.252;8.7;rain;Rain, Partially cloudy
2987568;215759;4a8951caf964a520df0720e3;2018-08-14T19:23:00-04:00;22.6;0.0;11.5;nan;Partially cloudy
2988755;215898;49f201def964a520cc691fe3;2017-10-19T16:26:00-04:00;21.7;0.0;11.6;nan;Clear
2988755;215898;40fc6080f964a520130b1fe3;2017-10-19T19:23:00-04:00;19.3;0.0;13.0;nan;Clear
2988757;215898;40fc6080f964a520130b1fe3;2017-10-22T13:28:00-04:00;23.8;0.0;14.3;nan;Partially cloudy
2988758;215898;4b23f44ff964a520b75d24e3;2017-10-23T23:20:00-04:00;20.8;0.0;24.1;nan;Partially cloudy
2989173;215958;42893400f964a52054231fe3;2018-02-15T15:13:00-05:00;13.8;0.0;5.7;nan;Partially cloudy
2989175;215958;4b6b5abff964a520fb022ce3;2018-02-17T21:33:00-05:00;0.6;2.812;5.9;rain,snow;Snow, Rain, Overcast
2989175;215958;515abd65e4b08eda86b30e6e;2018-02-18T00:13:00-05:00;0.6;1.224;7.0;rain,snow;Snow, Rain, Overcast
2989175;215958;4efd1635f790570bcf88cbfd;2018-02-18T01:12:00-05:00;0.6;0.297;6.2;rain,snow;Snow, Rain, Overcast
3000700;217332;509fd01de4b070da0a9d3c24;2018-07-15T21:24:00-04:00;27.0;0.0;8.1;nan;Clear
3000701;217332;4c98d854d799a1cd97b6b552;2018-08-12T17:25:00-04:00;28.0;0.0;9.7;nan;Partially cloudy
3012347;218924;542b4e59498e6ff85d98370b;2018-04-26T22:21:00-04:00;17.2;0.0;7.9;nan;Clear
3012615;218958;501d3c31e4b0c3028609cc2b;2018-09-17T22:13:00-04:00;24.1;0.0;16.6;nan;Overcast
3012791;218987;574f584a498ef745feb6d25a;2018-03-19T13:19:00-04:00;5.7;0.0;9.5;nan;Clear
3013641;219118;4c35de72452620a1ba5d270f;2018-08-15T16:05:00-04:00;30.4;0.0;15.9;nan;Partially cloudy
3013641;219118;4b6b5abff964a520fb022ce3;2018-08-15T20:22:00-04:00;29.1;0.0;15.9;nan;Partially cloudy
3014034;219180;501d3c31e4b0c3028609cc2b;2018-06-08T17:52:00-04:00;26.3;0.0;7.1;nan;Overcast
3016408;219512;59e7bfa8356b4970aea1be3f;2018-08-11T19:38:00-04:00;23.5;0.0;2.1;nan;Overcast
3019586;219964;540d97b5498e05abd30fd5ca;2017-11-28T20:52:00-05:00;11.2;0.0;17.2;nan;Clear
3019588;219964;57b9dda3498e876beb013404;2017-11-30T23:16:00-05:00;10.6;0.048;7.8;rain;Rain, Partially cloudy
3019600;219964;4abe7f9ef964a520068e20e3;2018-08-17T21:31:00-04:00;25.3;0.778;23.5;rain;Rain, Overcast
3024894;220783;4c374bf80a71c9b6f2893ec9;2018-05-12T20:12:00+03:00;12.5;0.88;10.1;rain;Rain, Overcast
3027397;221133;47f39422f964a5209b4e1fe3;2018-01-14T20:47:00-05:00;-7.9;0.0;20.2;nan;Clear
3028757;221344;4d03ae3437036dcbfba10bfb;2018-05-27T19:15:00-04:00;14.8;0.0;18.7;nan;Overcast
3028757;221344;4b829e60f964a52007db30e3;2018-05-27T20:01:00-04:00;14.7;0.0;17.2;nan;Overcast
3029977;221536;40f1d480f964a5205b0a1fe3;2017-10-28T16:51:00-04:00;18.6;0.0;15.4;nan;Partially cloudy
3031073;221708;3fd66200f964a520a0e61ee3;2017-10-29T20:48:00-04:00;17.9;6.435;17.8;rain;Rain, Overcast
3032316;221880;3fd66200f964a52071e61ee3;2018-04-21T22:45:00-04:00;12.5;0.0;9.3;nan;Partially cloudy
3032320;221880;3fd66200f964a52071e61ee3;2018-04-27T23:47:00-04:00;11.7;0.0;1.7;nan;Overcast
3032332;221880;43334580f964a52013281fe3;2018-05-25T22:45:00-04:00;26.0;0.0;17.3;nan;Clear
3032332;221880;3fd66200f964a52071e61ee3;2018-05-26T00:23:00-04:00;25.7;0.0;18.9;nan;Clear
3032336;221880;3fd66200f964a52071e61ee3;2018-06-01T22:29:00-04:00;22.8;0.0;2.4;nan;Partially cloudy
3032337;221880;505325e1e4b07f9d620f7b22;2018-06-03T00:31:00-04:00;19.7;303.0;15.7;rain;Rain, Overcast
3032356;221880;42055e00f964a5206e1f1fe3;2018-07-20T23:38:00-04:00;21.8;0.0;7.8;nan;Partially cloudy
3032367;221880;5748d802498eccc4228c7fd1;2018-08-04T19:56:00-04:00;29.3;0.0;8.8;nan;Clear
3032367;221880;4a149749f964a52055781fe3;2018-08-04T20:57:00-04:00;28.5;0.0;8.9;nan;Partially cloudy
3032429;221896;4bf30b89706e20a196c7a798;2018-03-06T14:41:00-05:00;7.2;0.0;14.9;nan;Clear
3032429;221896;558b389a498eb10250dfb5c1;2018-03-06T17:05:00-05:00;5.4;0.0;19.6;nan;Partially cloudy
3033216;222012;56eb3953498e9efb793f206b;2017-11-25T18:21:00-05:00;13.5;0.0;11.9;nan;Overcast
3034512;222209;42893400f964a52054231fe3;2017-10-22T16:20:00-04:00;22.8;0.0;10.2;nan;Partially cloudy
3036258;222515;53611b4b498e99f52a28cb32;2017-11-16T23:06:00-05:00;7.0;0.0;14.5;nan;Partially cloudy
3037567;222728;4aa44464f964a520234620e3;2018-02-08T17:48:00-05:00;-0.6;0.0;10.1;nan;Overcast
3037567;222728;43c2d364f964a5204b2d1fe3;2018-02-08T22:52:00-05:00;-1.8;0.0;15.4;nan;Clear
3040808;223161;57e086e5498e63392523069f;2017-12-15T20:54:00-05:00;-3.7;0.0;12.1;snow;Partially cloudy
3042349;223367;50129be3e4b0f164329daa1a;2018-01-18T21:02:00-05:00;-2.0;0.0;18.0;nan;Clear
3045995;223814;4f22ca77e4b0ed3396a83a05;2018-03-20T22:24:00-04:00;3.4;0.0;17.4;nan;Overcast
3046664;223917;42893400f964a52054231fe3;2018-02-03T17:38:00-05:00;-1.2;0.0;12.1;nan;Partially cloudy
3047554;224051;4eb90d85722e09311d356915;2017-11-16T04:40:00-05:00;11.5;0.16;10.6;rain;Rain, Partially cloudy
3048694;224200;4c17aac8f256a593dceaec3e;2018-04-29T00:14:00-04:00;12.1;0.3;6.1;rain;Rain, Overcast
3048707;224204;4b4e031df964a52016de26e3;2018-06-08T12:32:00-04:00;27.1;0.0;4.1;nan;Partially cloudy
3051920;224699;507453f7e4b0cfa6347259bb;2017-11-16T16:35:00-05:00;10.1;0.0;18.7;nan;Clear
3051920;224699;580820a638fae571fa62c326;2017-11-16T18:01:00-05:00;10.0;0.0;23.7;nan;Clear
3051920;224699;580f8f7438fa03649d3c2e64;2017-11-16T19:55:00-05:00;8.6;0.0;18.8;nan;Clear
3051924;224699;4abfd214f964a520739220e3;2017-12-13T21:55:00-05:00;-2.6;0.0;12.1;snow;Partially cloudy
3051928;224699;56f1c2a6498e96c5d9e9a31e;2018-02-08T16:33:00-05:00;-0.4;0.0;11.6;nan;Partially cloudy
3051997;224711;4b1b13ddf964a520bbf723e3;2017-11-22T23:03:00-05:00;2.5;0.0;21.5;nan;Clear
3051999;224711;57a240f1cd10ed172db51626;2017-11-24T15:38:00-05:00;9.7;0.0;7.5;nan;Clear
3052000;224711;4b27f94df964a5201f8d24e3;2017-11-25T14:18:00-05:00;13.3;0.0;5.1;nan;Clear
3052000;224711;515abd65e4b08eda86b30e6e;2017-11-25T16:52:00-05:00;13.4;0.0;9.6;nan;Partially cloudy
3054556;225099;4d950c78647d8cfa5a2a973d;2018-09-09T17:08:00-04:00;15.7;813.0;17.7;rain;Rain, Overcast
3054557;225099;4a807ab1f964a52067f51fe3;2018-09-12T02:12:00-04:00;22.8;0.0;2.9;nan;Overcast
3054557;225099;4f7f47b1754a7bf483d742d0;2018-09-12T02:30:00-04:00;22.8;0.0;2.9;nan;Overcast
3054787;225130;4ae8906ef964a52071b021e3;2018-05-12T23:31:00-04:00;11.6;0.0;8.9;nan;Overcast
3055102;225164;4abe7f9ef964a520068e20e3;2018-07-03T15:26:00-04:00;29.0;0.145;7.1;rain;Rain, Partially cloudy
3055102;225164;59b70eb2fd16bb50bdeccf29;2018-07-03T15:36:00-04:00;29.2;0.0;13.3;nan;Partially cloudy
3055102;225164;431f7f00f964a52085271fe3;2018-07-03T15:51:00-04:00;29.2;0.0;13.3;nan;Partially cloudy
3055102;225164;3fd66200f964a520d8f11ee3;2018-07-03T17:12:00-04:00;28.1;0.0;11.0;nan;Partially cloudy
3055102;225164;42daf100f964a52035261fe3;2018-07-03T17:58:00-04:00;26.8;0.048;4.1;rain;Rain, Partially cloudy
3055102;225164;4c35de72452620a1ba5d270f;2018-07-03T19:36:00-04:00;26.4;0.0;2.9;nan;Partially cloudy
3055102;225164;4c2ba1f857a9c9b67138f667;2018-07-03T19:52:00-04:00;26.4;0.0;2.9;nan;Partially cloudy
3055102;225164;42893400f964a52054231fe3;2018-07-03T20:14:00-04:00;26.4;0.0;2.9;nan;Partially cloudy
3055102;225164;4bddccbe6198c9b67bb911ff;2018-07-03T20:55:00-04:00;26.5;0.0;3.0;nan;Partially cloudy
3055225;225184;3fd66200f964a5202ce71ee3;2018-08-17T00:00:00-04:00;28.2;0.0;8.3;nan;Partially cloudy
3055640;225255;57218ba5498eb662eaa1e121;2017-11-12T18:13:00-05:00;6.3;0.0;7.8;nan;Partially cloudy
3055640;225255;3fd66200f964a520d7e41ee3;2017-11-12T20:48:00-05:00;6.2;0.0;4.8;nan;Partially cloudy
3056349;225361;4dd91850c65bee535ada5fdf;2018-06-27T17:59:00-04:00;22.1;0.0;13.0;nan;Overcast
3056349;225361;4a675deef964a52045c91fe3;2018-06-27T20:18:00-04:00;21.6;0.0;14.2;nan;Overcast
3057711;225603;4b6b5abff964a520fb022ce3;2018-10-09T18:05:00-04:00;23.1;0.0;9.4;nan;Partially cloudy
3057826;225630;4d0400598620224be873a640;2018-06-14T16:22:00-04:00;28.9;0.0;21.1;nan;Clear
3057834;225630;4b996536f964a520467835e3;2018-09-19T18:24:00-04:00;25.8;0.0;7.4;nan;Clear
3057838;225630;4c374bf80a71c9b6f2893ec9;2018-10-07T00:48:00-04:00;20.1;0.0;11.6;nan;Overcast
3058004;225663;5953e0555c683860ffa4e0cd;2017-10-29T01:11:00-04:00;18.3;0.0;8.8;nan;Overcast
3058004;225663;4c9d482e46978cfa8247967f;2017-10-29T02:17:00-04:00;18.3;0.0;14.0;nan;Overcast
3058004;225663;503fffabe4b05e5c0eace385;2017-10-29T03:17:00-04:00;17.6;0.0;19.6;nan;Partially cloudy
3059343;225874;559ecd00498e965ccd39ea9f;2017-11-17T16:44:00-05:00;7.5;0.0;27.9;nan;Clear
3063738;226476;4a7655b0f964a520dce21fe3;2018-09-04T17:46:00-04:00;32.0;0.0;5.0;nan;Partially cloudy
3063738;226476;54f9d808498eaa73550d399c;2018-09-04T19:42:00-04:00;30.4;0.0;8.1;nan;Partially cloudy
3065134;226698;4b1b13ddf964a520bbf723e3;2017-12-29T22:15:00-05:00;-7.7;0.0;13.4;nan;Clear
3076398;228368;57583641498e90001a32e13e;2018-07-02T17:17:00-04:00;31.7;0.0;14.9;nan;Clear
3076398;228368;41e46880f964a520d41e1fe3;2018-07-03T04:31:00-04:00;26.2;0.0;1.2;nan;Clear
3076399;228368;43334580f964a52013281fe3;2018-07-03T18:06:00-04:00;26.8;0.048;4.1;rain;Rain, Partially cloudy
3079347;228828;50c28307e4b0c5b6f33ec0e1;2018-08-07T20:45:00-04:00;24.2;0.365;10.8;rain;Rain, Partially cloudy
3080320;228966;4b8d4e62f964a52056f332e3;2018-01-31T18:19:00-05:00;-0.2;0.0;10.3;nan;Partially cloudy
3080330;228966;49f7456af964a5207b6c1fe3;2018-04-20T23:25:00-04:00;5.8;0.0;7.1;nan;Clear
3080330;228966;5521c2ff498ebe2368634187;2018-04-21T01:23:00-04:00;4.7;0.0;13.1;nan;Clear
3081017;229058;42893400f964a52054231fe3;2017-12-29T16:30:00-05:00;-6.1;0.0;18.8;nan;Partially cloudy
3081117;229076;4abe7f9ef964a520068e20e3;2017-11-09T21:07:00-05:00;12.0;0.0;9.8;nan;Overcast
3081119;229076;3fd66200f964a520d8e41ee3;2017-11-14T21:54:00-05:00;5.1;0.0;8.5;nan;Partially cloudy
3081128;229076;5521c2ff498ebe2368634187;2018-09-29T16:51:00-04:00;21.9;0.0;8.2;nan;Partially cloudy
3081933;229195;53ecff6c498e4189764e35ec;2018-07-15T00:16:00-04:00;27.9;0.0;7.7;nan;Partially cloudy
3085063;229585;4eb90d85722e09311d356915;2017-10-27T00:47:00-04:00;10.1;0.0;10.0;nan;Clear
3085064;229585;56c4b5facd10824dac9e062e;2017-12-24T02:23:00-05:00;4.0;0.0;18.5;nan;Clear
3085483;229635;4b40cf3df964a5206bbb25e3;2018-01-07T01:05:00-05:00;-14.1;0.0;19.6;nan;Clear
3087067;229865;4c35de72452620a1ba5d270f;2017-10-27T16:28:00-04:00;17.0;0.0;12.4;nan;Clear
3087067;229865;4a44cd95f964a5208fa71fe3;2017-10-27T19:31:00-04:00;14.3;0.0;8.7;nan;Clear
3087068;229865;4c374bf80a71c9b6f2893ec9;2017-10-28T19:06:00-04:00;18.0;0.0;14.2;nan;Partially cloudy
3090391;230332;4b6b5abff964a520fb022ce3;2018-03-10T19:20:00-05:00;3.7;0.0;17.4;nan;Overcast
3098815;231605;5893aa7e1e1de501d95e372e;2017-10-23T19:26:00-04:00;20.9;0.0;21.3;nan;Partially cloudy
3100751;231897;4c374bf80a71c9b6f2893ec9;2018-09-07T18:10:00-04:00;22.6;0.0;15.9;nan;Overcast
3102283;232192;559ecd00498e965ccd39ea9f;2018-07-26T19:13:00-04:00;28.5;0.0;7.5;nan;Partially cloudy
3102283;232192;4b40cf3df964a5206bbb25e3;2018-07-26T22:19:00-04:00;28.2;0.0;10.2;nan;Clear
3102283;232192;4bcf9774a8b3a5939497625f;2018-07-26T22:31:00-04:00;27.4;0.0;8.0;nan;Clear
3102828;232296;579607a3498e62c81b38aa75;2017-12-19T23:40:00-05:00;10.6;0.0;19.5;nan;Clear
3104642;232624;4e307390c65bcc8d7754de9d;2018-04-16T14:17:00-04:00;13.2;0.0;25.2;nan;Overcast
3104642;232624;4c0a69f1a1b32d7fb43899f0;2018-04-16T16:16:00-04:00;14.0;0.0;22.1;nan;Partially cloudy
3105374;232786;4d03ae3437036dcbfba10bfb;2018-09-15T17:42:00-04:00;24.3;0.0;13.0;nan;Clear
3105375;232786;4a1013b6f964a5208d761fe3;2018-10-06T22:34:00-04:00;19.6;0.0;5.1;nan;Overcast
3105507;232815;507f06e9e4b0d2368fcbada4;2017-10-24T17:09:00-04:00;20.4;0.308;29.1;rain;Rain, Overcast
3105793;232874;4b6b5abff964a520fb022ce3;2017-11-18T20:44:00-05:00;10.4;0.252;8.4;rain;Rain, Partially cloudy
3106211;232955;4b40cf3df964a5206bbb25e3;2018-07-29T19:26:00-04:00;27.2;0.0;9.3;nan;Partially cloudy
3106211;232955;4a871eb2f964a520b20220e3;2018-07-29T20:01:00-04:00;26.9;0.0;9.1;nan;Overcast
3106438;232998;4a05ea5cf964a5209b721fe3;2018-06-17T18:49:00-04:00;27.8;0.0;11.6;nan;Partially cloudy
3106438;232998;4fadc40de4b0efef5e702b95;2018-06-17T21:11:00-04:00;26.4;0.0;4.3;nan;Partially cloudy
3106438;232998;4a149749f964a52055781fe3;2018-06-18T01:32:00-04:00;23.6;0.0;11.1;nan;Partially cloudy
3106440;232998;56dcacb9498e12e3c47eb759;2018-09-30T02:24:00-04:00;15.3;0.0;2.9;nan;Clear
3106440;232998;4bc10965abf49521296bc093;2018-09-30T02:43:00-04:00;14.6;0.0;6.0;nan;Clear
3106930;233101;4b6b5abff964a520fb022ce3;2017-10-28T17:05:00-04:00;18.6;0.0;15.4;nan;Partially cloudy
3106932;233101;4a44cd95f964a5208fa71fe3;2017-11-03T17:01:00-04:00;23.0;0.0;12.5;nan;Partially cloudy
3106932;233101;42893400f964a52054231fe3;2017-11-03T18:22:00-04:00;21.9;0.0;14.8;nan;Overcast
3106936;233101;58ed71a915fb43399eff3fcb;2018-01-23T17:46:00-05:00;11.4;0.0;15.8;nan;Overcast
3106992;233108;3fd66200f964a520d7e41ee3;2018-04-13T21:51:00-04:00;22.0;0.0;8.0;nan;Partially cloudy
3107675;233266;4c757abb3adda1432e7707af;2018-05-24T13:08:00-04:00;26.6;0.0;5.2;nan;Clear
3108499;233399;4a675deef964a52045c91fe3;2018-09-24T21:05:00-04:00;16.4;0.0;20.6;nan;Overcast
3109140;233501;4f32c89319836c91c7fa2f84;2017-12-11T01:00:00-05:00;2.2;0.0;10.8;nan;Overcast
3109151;233503;4a50f472f964a52051b01fe3;2017-10-22T17:21:00-04:00;21.4;0.0;10.3;nan;Partially cloudy
3109482;233566;3fd66200f964a52037e31ee3;2018-02-04T00:54:00-05:00;-1.1;0.0;11.8;nan;Overcast
3109482;233566;4d03ae3437036dcbfba10bfb;2018-02-04T02:06:00-05:00;-0.7;0.0;8.6;nan;Overcast
3109758;233611;4b996536f964a520467835e3;2017-12-03T23:57:00-05:00;6.5;0.0;3.3;nan;Clear
3109758;233611;4a537663f964a5204cb21fe3;2017-12-04T00:28:00-05:00;6.5;0.0;3.3;nan;Clear
3114298;234216;507e0b2e011ca7f458d10d2f;2018-07-02T21:22:00-04:00;28.5;0.0;3.6;nan;Clear
3114426;234232;5547ffe8498ec8a2c668a412;2017-11-30T18:16:00-05:00;8.6;0.0;6.2;nan;Partially cloudy
3114426;234232;4fd38a04e4b065401a9aaf88;2017-11-30T23:52:00-05:00;10.0;0.653;7.5;rain;Rain, Partially cloudy
3114426;234232;59bdbf214c9be611fb5eae24;2017-12-01T03:09:00-05:00;9.5;0.0;4.8;nan;Overcast
3114427;234232;549481f3498e855d5f51cb66;2017-12-03T21:55:00-05:00;7.1;0.0;6.2;nan;Partially cloudy
3117062;234647;4b43c3dff964a5200ce925e3;2017-11-09T23:45:00-05:00;11.2;0.0;11.7;nan;Partially cloudy
3117062;234647;3fd66200f964a52091e61ee3;2017-11-10T03:53:00-05:00;8.5;0.0;14.2;nan;Clear
3117063;234647;4a523834f964a52068b11fe3;2017-11-11T00:47:00-05:00;-3.5;0.0;13.5;nan;Clear
3117064;234647;4a523834f964a52068b11fe3;2017-11-18T01:37:00-05:00;2.9;0.0;6.6;nan;Clear
3124664;235849;55103583498eed2d409b549a;2018-06-05T23:21:00-04:00;18.0;0.0;10.7;nan;Clear
3124664;235849;50e7557719a987828f27bd89;2018-06-05T23:22:00-04:00;18.0;0.0;10.7;nan;Clear
3125803;236100;42893400f964a52054231fe3;2018-09-23T19:18:00-04:00;17.7;0.0;7.9;nan;Overcast
3127354;236364;5a5a4767c9a51738665829cf;2018-03-11T16:40:00-04:00;7.0;0.0;11.2;nan;Clear
3127354;236364;58c9b84a0319b81f32a8bd37;2018-03-11T17:14:00-04:00;7.0;0.0;11.2;nan;Clear
3127355;236364;3fd66200f964a520daf11ee3;2018-06-17T14:30:00-04:00;31.6;0.0;6.9;nan;Partially cloudy
3127355;236364;4baae71df964a520118d3ae3;2018-06-17T14:35:00-04:00;32.1;0.0;8.0;nan;Partially cloudy
3127356;236364;58ab3a6a53f5bb4b6b267ad1;2018-06-22T22:42:00-04:00;19.8;0.048;14.0;rain;Rain, Overcast
3128459;236557;431f7f00f964a52085271fe3;2018-09-20T15:36:00-04:00;21.8;0.0;7.2;nan;Partially cloudy
3128976;236666;42daf100f964a52035261fe3;2018-08-18T18:02:00-04:00;27.3;0.0;23.4;nan;Overcast
3129946;236818;4ab7a271f964a520477a20e3;2018-02-22T19:45:00-05:00;3.6;0.0;17.2;nan;Overcast
3129946;236818;45719c4bf964a520693e1fe3;2018-02-22T22:29:00-05:00;3.5;0.0;14.9;nan;Overcast
3129947;236818;50e6eae5e4b06de013260a31;2018-02-24T02:36:00-05:00;6.3;0.0;10.0;nan;Overcast
3130383;236906;58ed71a915fb43399eff3fcb;2017-11-05T23:13:00-05:00;15.8;0.0;8.0;nan;Partially cloudy
3130383;236906;4eefd4506d86d722df8fd52e;2017-11-05T23:35:00-05:00;15.6;0.0;4.3;nan;Partially cloudy
3130384;236906;431e2d80f964a52079271fe3;2018-06-27T18:42:00-04:00;22.1;0.0;13.7;nan;Overcast
3130387;236906;52ad100d498eb6c1fda53c28;2018-07-22T20:39:00-04:00;24.5;3.832;16.6;rain;Rain, Overcast
3130971;237022;4b6b5abff964a520fb022ce3;2017-10-24T13:10:00-04:00;22.2;0.0;31.1;nan;Partially cloudy
3130971;237022;49ff62f9f964a52013701fe3;2017-10-24T16:55:00-04:00;20.4;0.308;29.1;rain;Rain, Overcast
3130971;237022;4db5b2bb81543d71da5dd719;2017-10-24T18:06:00-04:00;20.3;0.0;20.8;nan;Overcast
3130971;237022;431f7f00f964a52085271fe3;2017-10-24T18:15:00-04:00;20.3;0.0;20.8;nan;Overcast
3130972;237022;42893400f964a52054231fe3;2017-10-25T13:26:00-04:00;17.0;0.0;4.2;nan;Partially cloudy
3130972;237022;3fd66200f964a520d8f11ee3;2017-10-25T15:38:00-04:00;18.0;0.0;0.0;nan;Partially cloudy
3130995;237030;4b1b13ddf964a520bbf723e3;2017-10-23T12:36:00-04:00;22.5;0.0;15.3;nan;Partially cloudy
3130995;237030;4d63b18c1a83f04d4009762b;2017-10-23T17:46:00-04:00;21.2;0.0;15.9;nan;Partially cloudy
3131658;237107;4abe7f9ef964a520068e20e3;2017-12-22T18:45:00-05:00;8.8;0.0;5.3;nan;Overcast
3131658;237107;4b996536f964a520467835e3;2017-12-22T23:34:00-05:00;4.3;0.0;11.7;nan;Partially cloudy
3135493;237627;4c374bf80a71c9b6f2893ec9;2018-09-09T19:43:00-04:00;15.0;608.0;16.0;rain;Rain, Overcast
3139326;238140;509fd01de4b070da0a9d3c24;2018-02-16T19:41:00-05:00;5.7;0.0;24.8;nan;Partially cloudy
3141000;238452;59f38be7175562651c451266;2017-11-09T23:49:00-05:00;11.2;0.0;11.7;nan;Partially cloudy
3142848;238801;4e4e4c83bd4101d0d7a725d5;2017-11-06T04:21:00-05:00;16.1;0.0;9.0;nan;Overcast
3143163;238851;59d69082a423620b88f91b63;2018-01-11T18:18:00-05:00;8.2;0.0;10.6;nan;Partially cloudy
3143179;238858;3fd66200f964a5206be61ee3;2018-04-21T23:02:00-04:00;12.5;0.0;9.3;nan;Partially cloudy
3143179;238858;5675c52c498e2f30a978b6fb;2018-04-22T01:06:00-04:00;11.3;0.0;10.6;nan;Partially cloudy
3143346;238873;4a942a25f964a520972020e3;2018-01-24T18:46:00-05:00;0.8;0.0;17.8;nan;Clear
3146649;239403;3fd66200f964a52033eb1ee3;2018-01-20T23:06:00-05:00;7.1;0.0;9.2;nan;Clear
3146649;239403;58d2d521fb549a39850b04f6;2018-01-20T23:37:00-05:00;6.6;0.0;9.1;nan;Clear
3153444;240462;4a9442e3f964a520f92020e3;2017-10-24T18:39:00-04:00;20.3;0.0;18.0;nan;Overcast
3153549;240484;4ba7cbcaf964a5200fb439e3;2017-10-24T20:05:00-04:00;20.0;0.225;11.2;rain;Rain, Overcast
3153550;240484;564f3c88498ec41abeceef06;2017-11-10T22:44:00-05:00;-3.0;0.0;13.9;nan;Clear
3154060;240601;4ae8906ef964a52071b021e3;2017-10-26T14:58:00-04:00;14.1;0.0;14.8;nan;Partially cloudy
3155067;240761;56560a58498ea43ab5ffb24d;2017-11-12T23:09:00-05:00;6.2;0.0;2.9;nan;Partially cloudy
3155070;240761;59174f98ba4a647db918bfb5;2018-04-14T02:03:00-04:00;19.1;0.0;9.6;nan;Clear
3155850;240876;4165d880f964a5207e1d1fe3;2018-01-03T23:02:00-05:00;-1.9;0.0;10.7;rain,snow;Overcast
3156926;241035;5ab51b6aa4b51b3dc096ed68;2018-08-10T21:34:00-04:00;27.2;0.0;3.4;nan;Overcast
3158018;241196;560d1028498eee2df9f982f0;2017-11-08T20:06:00-05:00;8.3;0.0;8.3;nan;Overcast
3158021;241196;4fd38a04e4b065401a9aaf88;2017-11-12T00:49:00-05:00;0.4;0.0;7.6;nan;Partially cloudy
3158021;241196;5521c2ff498ebe2368634187;2017-11-12T02:48:00-05:00;0.7;0.0;2.6;nan;Partially cloudy
3163681;242142;4eb13d68e5e8c0f5bd2fd983;2018-02-16T19:14:00-05:00;6.4;0.0;22.9;nan;Partially cloudy
3164367;242264;4b9c4d34f964a520765d36e3;2018-05-23T14:43:00-04:00;25.7;0.0;9.8;nan;Clear
3165676;242511;4e307390c65bcc8d7754de9d;2018-01-04T01:42:00-05:00;-2.1;0.0;16.4;snow;Overcast
3170146;243195;4c35de72452620a1ba5d270f;2017-12-14T15:06:00-05:00;-0.5;0.0;20.9;rain,snow;Partially cloudy
3170146;243195;42893400f964a52054231fe3;2017-12-14T15:37:00-05:00;-1.3;0.0;23.7;rain,snow;Clear
3170146;243195;4a44cd95f964a5208fa71fe3;2017-12-14T17:11:00-05:00;-1.9;0.0;14.9;rain,snow;Clear
3172040;243474;5984eeb39be522744003dee5;2017-12-10T18:01:00-05:00;2.9;0.0;15.6;nan;Partially cloudy
3172040;243474;4b6b5abff964a520fb022ce3;2017-12-10T18:12:00-05:00;2.9;0.0;15.6;nan;Partially cloudy
3172041;243474;4b40cf3df964a5206bbb25e3;2017-12-11T20:57:00-05:00;3.6;0.0;2.6;nan;Overcast
3172041;243474;58d2d521fb549a39850b04f6;2017-12-11T22:14:00-05:00;3.9;0.0;7.0;nan;Overcast
3173355;243662;40f1d480f964a5205b0a1fe3;2018-01-24T14:07:00-05:00;4.1;0.0;23.9;nan;Partially cloudy
3173355;243662;556f7cd9498e61f524645bcf;2018-01-24T19:32:00-05:00;0.1;0.0;21.2;nan;Clear
3174411;243829;58801864cc5b6a14dedce689;2018-03-19T20:25:00-04:00;5.8;0.0;9.6;nan;Partially cloudy
3174411;243829;51fd65922fc6e0f97bffb0b7;2018-03-19T20:29:00-04:00;5.8;0.0;9.6;nan;Partially cloudy
3178427;244495;58f9ec44eb645b5ea0ecdb64;2017-10-26T21:56:00-04:00;11.3;0.0;14.9;nan;Clear
3178428;244495;5772e0d5cd10a42d05ed11a5;2017-12-24T21:10:00-05:00;3.8;0.0;17.8;nan;Overcast
3178428;244495;49e644c6f964a5202f641fe3;2017-12-24T21:21:00-05:00;3.8;0.0;17.8;nan;Overcast
3178428;244495;4b68f12cf964a5201f942be3;2017-12-24T21:47:00-05:00;3.2;0.0;19.3;nan;Overcast
3178428;244495;4ad78220f964a520960b21e3;2017-12-24T22:06:00-05:00;3.2;0.0;19.3;nan;Overcast
3179412;244633;42893400f964a52054231fe3;2018-08-30T13:36:00-04:00;31.6;0.0;15.4;nan;Partially cloudy
3180553;244817;431f7f00f964a52085271fe3;2018-09-28T18:37:00-04:00;16.4;0.0;3.7;nan;Partially cloudy
3181335;244956;4c374bf80a71c9b6f2893ec9;2017-11-11T23:36:00-05:00;1.1;0.0;2.9;nan;Partially cloudy
3185582;245563;4e5ecc4a52b1425a3776f4db;2018-06-23T16:23:00-04:00;18.6;0.0;12.7;nan;Overcast
3185583;245563;53861e0d498ec1985aa8b0a2;2018-06-24T23:01:00-04:00;22.6;0.039;3.6;rain;Rain, Partially cloudy
3187251;245781;42daf100f964a52035261fe3;2017-11-23T18:37:00-05:00;5.1;0.0;11.7;nan;Partially cloudy
3187251;245781;42893400f964a52054231fe3;2017-11-23T19:04:00-05:00;5.1;0.0;11.7;nan;Partially cloudy
3187251;245781;4bddccbe6198c9b67bb911ff;2017-11-23T20:35:00-05:00;4.1;0.0;7.9;nan;Clear
3187870;245886;4b957a85f964a520b7a434e3;2017-10-27T14:27:00-04:00;16.3;0.0;7.7;nan;Partially cloudy
3191451;246443;42893400f964a52054231fe3;2017-10-30T15:19:00-04:00;13.2;0.0;30.6;nan;Partially cloudy
3191451;246443;4fb3fc99e4b000a6da54687f;2017-10-30T19:21:00-04:00;12.0;0.0;18.7;nan;Clear
3191451;246443;4abe7f9ef964a520068e20e3;2017-10-30T20:29:00-04:00;11.8;0.0;12.6;nan;Clear
3191809;246501;53506fd9498ebca706a7c170;2017-11-14T01:01:00-05:00;4.3;0.0;8.3;nan;Clear
3194311;246905;5484890c498e985cf4e3c076;2017-11-02T02:39:00-04:00;14.9;0.0;4.2;nan;Overcast
3195254;247054;5984eeb39be522744003dee5;2018-04-01T20:32:00-04:00;9.0;0.0;15.7;rain;Partially cloudy
3195254;247054;581605b838faae96e66a8903;2018-04-01T20:38:00-04:00;9.0;0.0;15.7;rain;Partially cloudy
3195273;247054;5984eeb39be522744003dee5;2018-08-19T18:02:00-04:00;22.1;0.0;5.0;nan;Overcast
3195273;247054;579c12cd498e6e815b3acf50;2018-08-19T19:00:00-04:00;22.1;0.0;8.2;nan;Overcast
3201122;247896;4ae8906ef964a52071b021e3;2018-01-25T21:42:00-05:00;-1.4;0.0;12.6;nan;Partially cloudy
3201122;247896;515abd65e4b08eda86b30e6e;2018-01-25T23:49:00-05:00;-1.5;0.0;3.6;nan;Overcast
3201122;247896;4b6b5abff964a520fb022ce3;2018-01-26T00:51:00-05:00;-1.9;0.0;7.6;nan;Overcast
3207990;248973;54295f79498e5383362811c5;2017-10-28T13:05:00-04:00;20.2;0.0;14.1;nan;Partially cloudy
3207990;248973;55fc18b1498e2c019ea4e3b3;2017-10-28T14:49:00-04:00;20.3;0.0;23.1;nan;Partially cloudy
3209349;249192;515abd65e4b08eda86b30e6e;2018-03-28T22:58:00-04:00;9.9;0.0;11.7;nan;Overcast
3210890;249474;5984eeb39be522744003dee5;2018-03-15T14:28:00-04:00;6.9;0.0;24.9;nan;Partially cloudy
3210891;249474;57c43c98498e2696b402a527;2018-03-16T20:26:00-04:00;1.4;0.0;25.1;nan;Clear
3210891;249474;57b49df2498e4991755e961f;2018-03-16T21:38:00-04:00;0.4;0.0;20.3;nan;Clear
3211695;249640;515abd65e4b08eda86b30e6e;2017-11-28T23:30:00-05:00;10.8;0.0;13.9;nan;Clear
3211695;249640;50bcb93ae4b0efcb4c84d434;2017-11-29T02:42:00-05:00;10.3;0.0;8.2;nan;Clear
3212018;249694;53a5f4f0498e1d1f0be9ad8e;2018-06-30T15:46:00-04:00;33.4;0.0;7.4;nan;Clear
3212417;249769;4b23f44ff964a520b75d24e3;2017-11-09T18:19:00-05:00;11.4;0.0;5.1;nan;Partially cloudy
3212929;249828;549430f6498edcbb09ab35c0;2018-03-31T01:44:00-04:00;6.3;0.0;16.7;nan;Overcast
3213611;249896;557b7c4d498e8dd0400168e8;2018-03-27T20:12:00-04:00;5.4;0.0;4.5;nan;Overcast
3213611;249896;4d9b730b913a236a30a49f08;2018-03-27T20:21:00-04:00;5.4;0.0;4.5;nan;Overcast
3213722;249921;4eb90d85722e09311d356915;2017-11-04T19:49:00-04:00;11.1;0.0;11.1;nan;Partially cloudy
3213725;249921;42893400f964a52054231fe3;2017-11-08T16:47:00-05:00;9.0;0.0;8.7;nan;Partially cloudy
3223601;251520;4eb90d85722e09311d356915;2017-12-28T20:21:00-05:00;-9.2;0.0;25.2;nan;Clear
3224450;251651;56e7f585498ed6598b4030cd;2017-11-02T14:20:00-04:00;22.3;0.0;13.9;nan;Partially cloudy
3224450;251651;4bcf9774a8b3a5939497625f;2017-11-02T17:40:00-04:00;20.6;0.0;12.1;nan;Clear
3224676;251704;431f7f00f964a52085271fe3;2017-11-14T03:13:00-05:00;3.6;0.0;10.4;nan;Clear
3225300;251812;3fd66200f964a520bbe61ee3;2018-08-25T12:56:00-04:00;26.1;0.0;6.0;nan;Partially cloudy
3226156;251939;5362a2ae498e3b18c22334be;2017-10-29T18:25:00-04:00;18.1;3.914;14.2;rain;Rain, Overcast
3226156;251939;4eb90d85722e09311d356915;2017-10-29T19:36:00-04:00;18.5;3.152;19.2;rain;Rain, Overcast
3227501;252175;42daf100f964a52035261fe3;2018-07-23T17:46:00-04:00;26.8;0.0;13.7;nan;Overcast
3227501;252175;42893400f964a52054231fe3;2018-07-23T19:12:00-04:00;25.9;0.0;13.5;nan;Overcast
3227907;252262;4b9146f5f964a52058af33e3;2018-04-07T00:06:00-04:00;11.4;0.0;6.4;nan;Overcast
3229338;252470;4a675deef964a52045c91fe3;2018-06-10T12:31:00-04:00;20.8;0.0;4.4;nan;Partially cloudy
3229338;252470;559ecd00498e965ccd39ea9f;2018-06-10T19:15:00-04:00;18.3;0.0;2.1;nan;Overcast
3229342;252470;4b40cf3df964a5206bbb25e3;2018-06-17T13:37:00-04:00;31.6;0.0;6.9;nan;Partially cloudy
3233115;253040;4c35de72452620a1ba5d270f;2017-11-02T19:06:00-04:00;19.6;0.0;9.8;nan;Partially cloudy
3233115;253040;57f4fb59498efaaab7345b34;2017-11-02T22:25:00-04:00;18.5;0.0;4.6;nan;Partially cloudy
3233115;253040;4c5d7ac6d25320a175ffc57a;2017-11-02T22:55:00-04:00;18.1;0.0;6.8;nan;Partially cloudy
3233116;253040;4b829e60f964a52007db30e3;2017-11-03T18:48:00-04:00;19.3;0.0;20.1;nan;Partially cloudy
3233116;253040;57470da2498ed71d9912da41;2017-11-03T21:32:00-04:00;13.5;0.0;17.3;nan;Clear
3233116;253040;524f650e11d2b2e01dc964f8;2017-11-04T00:22:00-04:00;11.4;0.0;15.6;nan;Clear
3234226;253242;4a8d57e7f964a5207c0f20e3;2018-01-04T02:17:00-05:00;-2.1;0.0;16.4;snow;Overcast
3236528;253603;55103583498eed2d409b549a;2018-05-27T17:29:00-04:00;15.4;0.0;23.9;nan;Overcast
3242925;254554;49f220a3f964a520ee691fe3;2017-11-02T19:47:00-04:00;19.3;0.0;10.3;nan;Partially cloudy
3242958;254562;4b6b5abff964a520fb022ce3;2017-11-03T21:22:00-04:00;14.5;0.0;23.3;nan;Clear
3243784;254703;4c35de72452620a1ba5d270f;2018-06-15T19:32:00-04:00;22.5;0.0;3.7;nan;Clear
3243784;254703;59bd506ce2d4aa3d68b99a88;2018-06-15T22:35:00-04:00;20.8;0.0;3.4;nan;Partially cloudy
3244947;254879;4ad29877f964a52054e220e3;2018-03-15T22:19:00-04:00;3.5;0.0;21.3;nan;Overcast
3244947;254879;5568b82e498e0aec0de3eac5;2018-03-16T03:16:00-04:00;1.9;0.0;12.5;nan;Clear
3244947;254879;53251a06498e490f58a865dc;2018-03-16T04:15:00-04:00;1.4;0.0;15.5;nan;Clear
3244947;254879;5053d510e4b0719d67706d96;2018-03-16T11:38:00-04:00;3.8;0.0;26.0;nan;Overcast
3244948;254879;4d99fc29daec224bca036c3e;2018-03-17T14:21:00-04:00;7.6;0.0;31.9;nan;Partially cloudy
3244948;254879;4b3b9f27f964a5203a7725e3;2018-03-17T14:25:00-04:00;7.6;0.0;31.9;nan;Partially cloudy
3244948;254879;3fd66200f964a5202be61ee3;2018-03-17T14:28:00-04:00;7.6;0.0;31.9;nan;Partially cloudy
3244949;254879;4a24510af964a520107e1fe3;2018-03-18T17:25:00-04:00;6.0;0.0;20.7;nan;Clear
3244950;254879;4d99fc29daec224bca036c3e;2018-03-19T11:41:00-04:00;4.9;0.0;15.4;nan;Clear
3244950;254879;4a24510af964a520107e1fe3;2018-03-19T11:42:00-04:00;4.9;0.0;15.4;nan;Clear
3244950;254879;5568b82e498e0aec0de3eac5;2018-03-19T11:45:00-04:00;4.9;0.0;15.4;nan;Clear
3244950;254879;53ab0af5498e13bffddb8d96;2018-03-19T11:48:00-04:00;4.9;0.0;15.4;nan;Clear
3244950;254879;4ad29877f964a52054e220e3;2018-03-19T11:50:00-04:00;4.9;0.0;15.4;nan;Clear
3244950;254879;53251a06498e490f58a865dc;2018-03-19T12:38:00-04:00;5.7;0.0;9.5;nan;Clear
3244950;254879;4abcf921f964a520e68720e3;2018-03-19T12:45:00-04:00;5.7;0.0;9.5;nan;Clear
3245676;254983;57fd74cb498ecd4ccc2510ee;2017-11-04T00:47:00-04:00;10.9;0.0;16.6;nan;Clear
3245683;254985;4c35de72452620a1ba5d270f;2018-03-17T21:48:00-04:00;5.4;0.0;14.9;nan;Clear
3245899;255026;541a2341498e51ce1037963a;2018-08-12T23:40:00-04:00;24.9;0.0;8.9;nan;Overcast
3245904;255026;4eb90d85722e09311d356915;2018-08-29T00:27:00-04:00;30.0;0.0;12.0;nan;Clear
3245905;255026;4e5ecc4a52b1425a3776f4db;2018-08-30T19:40:00-04:00;29.1;0.0;8.5;nan;Clear
3245905;255026;4b40cf3df964a5206bbb25e3;2018-08-30T20:15:00-04:00;29.1;0.0;8.5;nan;Clear
3245905;255026;4a00def5f964a520b9701fe3;2018-08-30T21:09:00-04:00;28.7;0.0;9.2;nan;Clear
3245905;255026;4b996536f964a520467835e3;2018-08-30T21:30:00-04:00;28.7;0.0;9.2;nan;Clear
3245905;255026;4ba29b87f964a520c20838e3;2018-08-30T22:21:00-04:00;28.0;0.0;9.8;nan;Partially cloudy
3247098;255190;4eb90d85722e09311d356915;2017-11-26T23:07:00-05:00;4.6;0.0;13.1;nan;Partially cloudy
3247209;255205;515abd65e4b08eda86b30e6e;2018-03-15T19:10:00-04:00;5.9;0.0;15.3;nan;Partially cloudy
3247210;255205;42893400f964a52054231fe3;2018-03-17T18:08:00-04:00;8.6;0.0;19.9;nan;Partially cloudy
3247210;255205;4bddccbe6198c9b67bb911ff;2018-03-17T19:41:00-04:00;7.7;0.0;13.7;nan;Clear
3249286;255456;4bc7ab4c14d79521c6e367e9;2018-10-07T14:10:00-04:00;25.0;0.0;8.4;nan;Partially cloudy
3251547;255874;501d3c31e4b0c3028609cc2b;2018-06-24T19:01:00-04:00;29.1;0.0;11.6;nan;Partially cloudy
3253613;256201;4aec28cdf964a5206bc521e3;2018-04-14T22:56:00-04:00;9.3;0.0;21.6;nan;Overcast
3253614;256201;42893400f964a52054231fe3;2018-04-15T19:37:00-04:00;3.6;3.255;20.6;rain;Rain, Overcast
3253785;256237;4abe7f9ef964a520068e20e3;2018-05-06T18:09:00-04:00;16.2;0.0;14.6;nan;Overcast
3253785;256237;3fd66200f964a520d7e41ee3;2018-05-06T18:36:00-04:00;15.7;0.0;8.0;nan;Overcast
3253858;256247;42893400f964a52054231fe3;2018-04-06T17:01:00-04:00;16.3;0.0;22.5;nan;Partially cloudy
3253859;256247;5970df4d4a7aae59a88d4d63;2018-04-07T16:45:00-04:00;8.5;0.0;9.5;nan;Partially cloudy
3253859;256247;4b996536f964a520467835e3;2018-04-07T17:18:00-04:00;8.5;0.0;9.5;nan;Partially cloudy
3255191;256509;515abd65e4b08eda86b30e6e;2018-06-17T16:11:00-04:00;31.5;0.0;12.3;nan;Partially cloudy
3261067;257435;431e2d80f964a52079271fe3;2018-01-19T04:59:00-05:00;-3.4;0.0;13.6;nan;Clear
3264172;257976;5447e0b2498e49ee7c7b1dc0;2017-11-10T23:43:00-05:00;-3.6;0.0;15.4;nan;Clear
3264172;257976;5969763a5455b223c7a8371d;2017-11-11T01:44:00-05:00;-3.6;0.0;15.7;nan;Clear
3264442;258007;4dda977ad22d38ef4332c419;2018-06-11T23:04:00-04:00;15.9;0.0;9.7;nan;Clear
3264442;258007;49e7ce15f964a5201d651fe3;2018-06-11T23:54:00-04:00;15.3;0.0;3.0;nan;Clear
3264631;258039;42893400f964a52054231fe3;2018-05-27T02:26:00-04:00;26.7;0.0;1.2;nan;Partially cloudy
3265232;258136;3fd66200f964a52070e91ee3;2017-11-08T19:57:00-05:00;8.3;0.0;8.3;nan;Overcast
3265232;258136;3fd66200f964a52006e61ee3;2017-11-09T01:16:00-05:00;5.9;0.0;9.2;nan;Clear
3266124;258282;4c374bf80a71c9b6f2893ec9;2017-11-07T00:02:00-05:00;8.6;0.0;19.6;nan;Clear
3266124;258282;4a675deef964a52045c91fe3;2017-11-07T00:42:00-05:00;8.1;0.0;10.7;nan;Clear
3266124;258282;4b6b5abff964a520fb022ce3;2017-11-07T01:25:00-05:00;8.1;0.0;10.7;nan;Clear
3266424;258319;49b7aefcf964a5202d531fe3;2018-04-13T16:13:00-04:00;27.5;0.0;16.4;nan;Partially cloudy
3268191;258598;4ad35d08f964a520fae320e3;2018-09-05T00:22:00-04:00;27.8;0.0;3.0;nan;Clear
3271936;259162;4a9ff5d9f964a520ba3d20e3;2018-05-07T20:39:00-04:00;16.7;0.0;8.1;nan;Overcast
3271936;259162;57ae102d498e12fa1c146652;2018-05-07T21:18:00-04:00;16.7;0.0;8.1;nan;Overcast
3275621;259767;42e82000f964a52083261fe3;2018-09-16T21:58:00-04:00;23.1;0.0;8.8;nan;Partially cloudy
3277684;260169;4165d880f964a5207e1d1fe3;2018-07-20T21:38:00-04:00;22.4;0.0;7.8;nan;Partially cloudy
3282069;260903;4b6b5abff964a520fb022ce3;2017-11-13T22:06:00-05:00;5.1;0.0;9.2;nan;Clear
3285830;261457;579607a3498e62c81b38aa75;2018-09-17T16:43:00-04:00;24.2;0.0;17.4;nan;Partially cloudy
3289040;262004;56b536df498e79d32247a3d1;2018-07-28T18:26:00-04:00;28.2;0.0;9.3;nan;Partially cloudy
3289228;262034;4eb90d85722e09311d356915;2018-01-15T19:32:00-05:00;-3.5;0.0;12.8;nan;Clear
3291337;262493;577a8f47498ebddf91b56bbd;2017-12-09T17:56:00-05:00;-0.4;0.574;13.5;rain,snow;Snow, Rain, Overcast
3291337;262493;57acc558498e036ce8f2b0b4;2017-12-10T00:48:00-05:00;-0.4;0.0;8.9;rain,snow;Partially cloudy
3291339;262493;5419c024498e81544e23eee9;2017-12-16T19:24:00-05:00;3.7;0.0;14.5;nan;Overcast
3291340;262493;57c86b6a498e43a03acd849f;2017-12-17T19:26:00-05:00;2.4;0.0;2.5;nan;Partially cloudy
3291340;262493;49e7ce15f964a5201d651fe3;2017-12-17T21:31:00-05:00;2.2;0.0;9.5;nan;Overcast
3291473;262531;566c9c87498ef09a2940e605;2018-08-14T18:17:00-04:00;23.7;0.252;8.7;rain;Rain, Partially cloudy
3291473;262531;4c374bf80a71c9b6f2893ec9;2018-08-14T22:01:00-04:00;22.3;0.0;14.8;nan;Partially cloudy
3291743;262583;3fd66200f964a52067e61ee3;2018-03-16T19:22:00-04:00;1.6;0.0;24.4;nan;Partially cloudy
3291743;262583;515abd65e4b08eda86b30e6e;2018-03-17T00:10:00-04:00;-0.4;0.0;24.3;nan;Clear
3292898;262750;52eddc12498e40bb655e0d7a;2017-12-30T21:50:00-05:00;-5.7;0.039;14.3;snow;Snow, Partially cloudy
3294344;262980;49cf9efbf964a520b05a1fe3;2018-05-27T17:58:00-04:00;15.4;0.0;23.0;nan;Overcast
3295878;263214;4eb13d68e5e8c0f5bd2fd983;2018-03-06T17:32:00-05:00;4.7;0.0;19.9;nan;Partially cloudy
3296572;263318;59f38be7175562651c451266;2017-11-09T18:51:00-05:00;11.5;0.0;8.4;nan;Partially cloudy
3301365;264181;4b996536f964a520467835e3;2018-02-08T18:41:00-05:00;-1.1;0.0;14.6;nan;Overcast
3301365;264181;57470da2498ed71d9912da41;2018-02-08T18:48:00-05:00;-1.1;0.0;14.6;nan;Overcast
3301419;264197;58801864cc5b6a14dedce689;2018-09-15T16:07:00-04:00;25.1;0.0;5.5;nan;Overcast
3303365;264531;4b6b5abff964a520fb022ce3;2017-12-20T17:52:00-05:00;4.6;0.0;18.6;nan;Clear
3303365;264531;4ce41f161594236ac316fb49;2017-12-20T18:11:00-05:00;4.6;0.0;18.6;nan;Clear
3303708;264602;4bc24023461576b056237d32;2017-12-04T18:52:00-05:00;9.5;0.0;7.1;nan;Partially cloudy
3303708;264602;4b6b5abff964a520fb022ce3;2017-12-04T19:31:00-05:00;9.5;0.0;4.8;nan;Overcast
3303710;264602;42893400f964a52054231fe3;2017-12-06T20:35:00-05:00;4.6;0.0;10.0;nan;Partially cloudy
3303729;264602;560d1028498eee2df9f982f0;2018-08-03T23:03:00-04:00;25.4;0.0;4.4;nan;Clear
3303838;264621;4aad466df964a5206f5f20e3;2017-11-18T16:04:00-05:00;10.7;0.039;10.7;rain;Rain, Partially cloudy
3303838;264621;50474d91e4b0ea030c26e87b;2017-11-18T16:06:00-05:00;10.7;0.039;10.7;rain;Rain, Partially cloudy
3303838;264621;4a86e69ff964a5208a0120e3;2017-11-18T18:11:00-05:00;8.8;0.931;3.3;rain;Rain, Overcast
3303838;264621;4ba4fa44f964a5204dcb38e3;2017-11-18T19:45:00-05:00;9.8;0.147;12.8;rain;Rain, Overcast
3305480;264868;42893400f964a52054231fe3;2018-07-10T21:19:00-04:00;30.8;0.0;9.1;nan;Partially cloudy
3305482;264868;4a675deef964a52045c91fe3;2018-07-12T17:44:00-04:00;26.2;0.0;9.1;nan;Partially cloudy
3308000;265285;507453f7e4b0cfa6347259bb;2017-11-14T17:08:00-05:00;6.9;0.0;10.9;nan;Partially cloudy
3309765;265620;55959609498ebeaf9aaf0d07;2017-12-03T03:18:00-05:00;5.9;0.0;7.8;nan;Partially cloudy
3309773;265621;431f7f00f964a52085271fe3;2018-09-30T14:42:00-04:00;20.5;0.0;13.7;nan;Partially cloudy
3309773;265621;587ffcc3ea29b80cdce3468d;2018-09-30T15:18:00-04:00;20.5;0.0;13.7;nan;Partially cloudy
3309773;265621;4abe7f9ef964a520068e20e3;2018-09-30T15:20:00-04:00;20.5;0.0;13.7;nan;Partially cloudy
3309773;265621;5984eeb39be522744003dee5;2018-09-30T15:25:00-04:00;20.5;0.0;13.7;nan;Partially cloudy
3310407;265711;4e5a735bb993732579f6ce0c;2018-02-21T16:59:00-05:00;25.5;0.0;14.4;nan;Clear
3310407;265711;42daf100f964a52035261fe3;2018-02-21T17:33:00-05:00;23.5;0.0;12.9;nan;Clear
3310407;265711;4c2ba1f857a9c9b67138f667;2018-02-21T19:20:00-05:00;23.1;0.0;12.8;nan;Clear
3310407;265711;42893400f964a52054231fe3;2018-02-21T19:59:00-05:00;20.1;0.0;18.5;nan;Overcast
3310407;265711;4ab7a271f964a520477a20e3;2018-02-21T21:50:00-05:00;15.3;1.005;13.7;rain;Rain, Overcast
3310407;265711;4a97f535f964a520f92920e3;2018-02-21T22:13:00-05:00;15.3;1.005;13.7;rain;Rain, Overcast
3311241;265809;59d2188d7247503e69259f80;2017-12-27T21:12:00-05:00;-6.8;0.0;20.9;nan;Clear
3311244;265809;55b7dd92498e88a1ea18d3f8;2018-09-25T17:22:00-04:00;23.3;1.652;8.9;rain;Rain, Overcast
3314790;266413;4bddccbe6198c9b67bb911ff;2017-11-23T20:52:00-05:00;4.1;0.0;7.9;nan;Clear
3314790;266413;431f7f00f964a52085271fe3;2017-11-24T01:49:00-05:00;2.3;0.0;6.6;nan;Clear
3315493;266549;4c49e55a1b430f4722e129c4;2018-01-19T15:07:00-05:00;2.9;0.0;12.0;nan;Partially cloudy
3320074;267306;4b0d8b6bf964a520b14a23e3;2017-11-14T00:17:00-05:00;4.2;0.0;7.1;nan;Clear
3320076;267306;3fd66200f964a5202ce71ee3;2017-11-17T00:01:00-05:00;6.8;0.0;12.1;nan;Partially cloudy
3323555;267892;42893400f964a52054231fe3;2018-10-01T19:15:00-04:00;22.7;0.0;8.3;nan;Partially cloudy
3323783;267917;558b389a498eb10250dfb5c1;2017-11-10T00:04:00-05:00;11.2;0.0;11.7;nan;Partially cloudy
3323784;267917;558b389a498eb10250dfb5c1;2017-11-11T03:06:00-05:00;-3.9;0.0;15.3;nan;Clear
3323786;267917;558b389a498eb10250dfb5c1;2017-11-14T00:08:00-05:00;4.2;0.0;7.1;nan;Clear
3323786;267917;4c374bf80a71c9b6f2893ec9;2017-11-14T05:11:00-05:00;3.2;0.0;9.6;nan;Clear
3323788;267917;558b389a498eb10250dfb5c1;2017-11-15T03:40:00-05:00;3.3;0.0;10.6;nan;Partially cloudy
3323793;267917;558b389a498eb10250dfb5c1;2017-11-30T00:15:00-05:00;6.0;0.0;11.9;nan;Clear
3323794;267917;558b389a498eb10250dfb5c1;2017-12-02T03:57:00-05:00;4.4;0.0;2.4;nan;Clear
3323796;267917;558b389a498eb10250dfb5c1;2017-12-05T03:33:00-05:00;10.2;0.0;9.3;nan;Partially cloudy
3323797;267917;558b389a498eb10250dfb5c1;2017-12-06T23:58:00-05:00;4.5;0.0;19.9;nan;Partially cloudy
3323799;267917;558b389a498eb10250dfb5c1;2017-12-09T00:10:00-05:00;2.0;0.0;8.8;nan;Overcast
3323801;267917;558b389a498eb10250dfb5c1;2017-12-12T00:57:00-05:00;4.1;0.0;8.8;nan;Partially cloudy
3323802;267917;558b389a498eb10250dfb5c1;2017-12-13T00:32:00-05:00;-2.0;0.0;23.1;nan;Overcast
3323803;267917;558b389a498eb10250dfb5c1;2017-12-16T01:24:00-05:00;-4.8;0.0;10.4;snow;Clear
3323804;267917;558b389a498eb10250dfb5c1;2017-12-19T00:21:00-05:00;7.3;0.0;10.6;nan;Partially cloudy
3323805;267917;558b389a498eb10250dfb5c1;2017-12-19T23:24:00-05:00;10.4;0.0;17.8;nan;Clear
3323806;267917;558b389a498eb10250dfb5c1;2017-12-21T01:02:00-05:00;1.3;0.0;8.4;nan;Clear
3323807;267917;558b389a498eb10250dfb5c1;2017-12-22T00:36:00-05:00;2.1;0.0;9.2;nan;Partially cloudy
3323809;267917;558b389a498eb10250dfb5c1;2018-01-30T03:12:00-05:00;-0.6;0.261;11.7;rain,snow;Snow, Rain, Overcast
3325549;268229;5787b68e498efcabbebba4f8;2018-09-05T17:26:00-04:00;29.8;0.0;10.8;nan;Clear
3325549;268229;4e4e4c83bd4101d0d7a725d5;2018-09-06T01:41:00-04:00;25.8;0.0;7.7;nan;Clear
3328588;268743;54c265fd498e342726a93932;2017-11-10T20:11:00-05:00;-2.3;0.0;33.5;nan;Clear
3336354;269987;3fd66200f964a520c3e81ee3;2018-03-08T18:44:00-05:00;3.1;0.0;15.2;nan;Overcast
3336373;269995;4c374bf80a71c9b6f2893ec9;2018-07-08T18:20:00-04:00;25.8;0.0;12.8;nan;Clear
3336373;269995;40f5c900f964a520a30a1fe3;2018-07-08T18:31:00-04:00;25.0;0.0;6.4;nan;Clear
3338304;270369;4165d880f964a5207e1d1fe3;2018-05-28T17:48:00-04:00;20.0;0.0;6.1;nan;Overcast
3343690;271138;579c12cd498e6e815b3acf50;2018-09-21T00:10:00-04:00;19.7;0.0;5.7;nan;Overcast
3344972;271368;4c2ba1f857a9c9b67138f667;2018-09-19T16:16:00-04:00;27.0;0.0;13.4;nan;Partially cloudy
3344972;271368;515abd65e4b08eda86b30e6e;2018-09-19T21:49:00-04:00;21.9;0.0;5.2;nan;Overcast
3346201;271582;42893400f964a52054231fe3;2018-07-02T19:02:00-04:00;30.1;0.0;17.7;nan;Clear
3346201;271582;559ecd00498e965ccd39ea9f;2018-07-02T21:23:00-04:00;28.5;0.0;3.6;nan;Clear
3347009;271701;59f38be7175562651c451266;2018-01-05T19:00:00-05:00;-9.8;0.0;26.5;nan;Clear
3350651;272309;4b6b5abff964a520fb022ce3;2018-06-11T17:36:00-04:00;20.5;0.0;10.5;nan;Clear
3357911;273460;5970df4d4a7aae59a88d4d63;2018-04-20T19:45:00-04:00;6.9;0.0;19.2;nan;Clear
3361608;274186;4b16bee8f964a520dcbc23e3;2018-03-01T22:35:00-05:00;6.8;3.134;11.3;rain;Rain, Overcast
3361608;274186;579c12cd498e6e815b3acf50;2018-03-01T23:22:00-05:00;6.8;3.134;11.3;rain;Rain, Overcast
3361608;274186;5355a5ca498e506aae75edb7;2018-03-02T00:03:00-05:00;6.9;2.846;17.2;rain;Rain, Overcast
3361629;274186;5ab51b6aa4b51b3dc096ed68;2018-07-21T23:21:00-04:00;19.2;3.891;17.4;rain;Rain, Overcast
3367825;275258;4b829e60f964a52007db30e3;2018-04-26T17:34:00-04:00;20.8;0.0;13.2;nan;Partially cloudy
3368097;275314;4eb90d85722e09311d356915;2017-11-20T04:46:00-05:00;3.1;0.0;13.4;nan;Partially cloudy
3368866;275497;5227e38d11d20c833c575320;2018-05-19T21:06:00-04:00;13.2;0.0;2.9;nan;Overcast
3373690;276281;4b40cf3df964a5206bbb25e3;2018-02-19T19:31:00-05:00;8.7;0.312;1.7;rain;Rain, Overcast
3375736;276572;57acc558498e036ce8f2b0b4;2018-03-06T00:36:00-05:00;2.0;0.0;5.8;nan;Clear
3375736;276572;4d03ae3437036dcbfba10bfb;2018-03-06T03:20:00-05:00;1.5;0.0;10.5;nan;Clear
3376477;276674;590a00e74febd55af43a8267;2018-08-25T17:44:00-04:00;24.4;0.0;5.7;nan;Partially cloudy
3376477;276674;4eb13d68e5e8c0f5bd2fd983;2018-08-25T20:19:00-04:00;22.8;0.0;8.5;nan;Partially cloudy
3376477;276674;4a6b17bff964a520fdcd1fe3;2018-08-25T22:57:00-04:00;22.0;0.0;4.8;nan;Partially cloudy
3376478;276674;55e1c16f498e3be4f7108cab;2018-08-26T16:14:00-04:00;27.6;0.0;12.2;nan;Partially cloudy
3376479;276674;59713cc87564f739c83beee8;2018-08-27T18:16:00-04:00;30.0;0.0;11.0;nan;Partially cloudy
3376481;276674;4eb13d68e5e8c0f5bd2fd983;2018-08-29T17:39:00-04:00;33.3;0.0;17.4;nan;Clear
3376481;276674;49e24ccbf964a52007621fe3;2018-08-29T20:41:00-04:00;32.2;0.0;11.8;nan;Clear
3376481;276674;55103583498eed2d409b549a;2018-08-29T20:54:00-04:00;32.2;0.0;11.8;nan;Clear
3376482;276674;4b6b5abff964a520fb022ce3;2018-08-30T13:46:00-04:00;31.6;0.0;15.4;nan;Partially cloudy
3376482;276674;4e70a36d922e8e01baadf45c;2018-08-30T13:49:00-04:00;31.6;0.0;15.4;nan;Partially cloudy
3376817;276737;584067e6b50d521817d726a1;2017-11-16T18:16:00-05:00;10.0;0.0;23.7;nan;Clear
3377751;276849;4b6b5abff964a520fb022ce3;2017-11-16T20:07:00-05:00;8.6;0.0;18.8;nan;Clear
3377751;276849;40fb0f00f964a520db0a1fe3;2017-11-16T23:24:00-05:00;7.0;0.0;14.5;nan;Partially cloudy
3378801;277071;538e0830498ef7fef432f005;2018-09-08T18:30:00-04:00;18.2;0.0;15.6;nan;Overcast
3379088;277121;4eb90d85722e09311d356915;2017-11-17T21:07:00-05:00;4.8;0.0;14.0;nan;Clear
3387038;278479;42893400f964a52054231fe3;2018-06-24T16:10:00-04:00;27.6;0.0;13.2;nan;Partially cloudy
3387040;278479;4b40cf3df964a5206bbb25e3;2018-07-15T16:34:00-04:00;28.6;0.0;7.9;nan;Partially cloudy
3387040;278479;4b996536f964a520467835e3;2018-07-15T18:05:00-04:00;28.7;0.0;11.0;nan;Partially cloudy
3388319;278676;515abd65e4b08eda86b30e6e;2018-07-14T00:47:00-04:00;22.7;0.0;10.7;nan;Clear
3392372;279423;4a6e331af964a52031d41fe3;2017-11-18T15:20:00-05:00;10.4;0.028;11.9;rain;Rain, Partially cloudy
3392372;279423;50b516ebe4b0e6a87400cafd;2017-11-18T16:01:00-05:00;10.7;0.039;10.7;rain;Rain, Partially cloudy
3392576;279452;579e5513498e9ffc61b6ad8e;2018-06-30T17:11:00-04:00;33.1;0.0;11.3;nan;Clear
3393180;279570;45e3ee77f964a5203a431fe3;2017-12-07T02:46:00-05:00;4.1;0.0;18.1;nan;Partially cloudy
3394089;279674;4abe7f9ef964a520068e20e3;2018-07-04T15:35:00-04:00;28.3;0.0;7.2;nan;Partially cloudy
3394089;279674;4eb90d85722e09311d356915;2018-07-04T17:18:00-04:00;28.3;0.0;6.1;nan;Partially cloudy
3394236;279716;59f38be7175562651c451266;2017-11-18T20:19:00-05:00;9.8;0.147;12.8;rain;Rain, Overcast
3394242;279716;4b1c1e9bf964a520830224e3;2017-12-05T22:27:00-05:00;14.3;4.06;14.9;rain;Rain, Partially cloudy
3394576;279809;49e7ce15f964a5201d651fe3;2017-11-19T20:51:00-05:00;7.0;0.0;16.2;nan;Partially cloudy
3394576;279809;54d8f562498e06a504cb5c47;2017-11-19T23:21:00-05:00;3.8;0.0;13.7;nan;Partially cloudy
3394649;279824;515abd65e4b08eda86b30e6e;2018-05-05T18:45:00-04:00;21.1;0.0;9.9;nan;Partially cloudy
3396896;280219;48c91543f964a520e4511fe3;2018-01-13T00:32:00-05:00;13.3;0.028;13.1;rain;Rain, Overcast
3396898;280219;59480a78f62e090a3b4d6eb7;2018-01-15T01:21:00-05:00;-8.8;0.0;17.0;nan;Partially cloudy
3401017;280952;515abd65e4b08eda86b30e6e;2018-06-30T14:25:00-04:00;32.8;0.0;10.4;nan;Clear
3401017;280952;559ecd00498e965ccd39ea9f;2018-06-30T15:45:00-04:00;33.4;0.0;7.4;nan;Clear
3401017;280952;507f06e9e4b0d2368fcbada4;2018-06-30T16:35:00-04:00;33.1;0.0;11.3;nan;Clear
3408247;282140;42893400f964a52054231fe3;2018-09-16T23:07:00-04:00;22.9;0.0;10.4;nan;Partially cloudy
3408601;282208;4b6b5abff964a520fb022ce3;2017-11-26T16:15:00-05:00;7.5;0.0;15.1;nan;Partially cloudy
3410834;282577;42893400f964a52054231fe3;2018-02-10T16:51:00-05:00;8.0;0.108;5.4;rain;Rain, Overcast
3410930;282600;59822ae4e97dfb6a1519825b;2017-11-22T04:23:00-05:00;11.7;0.0;4.4;nan;Partially cloudy
3413800;283096;52eddc12498e40bb655e0d7a;2018-04-01T22:01:00-04:00;8.3;0.0;17.9;rain;Partially cloudy
3419603;283980;51b77ea1454a57610205b352;2017-11-24T21:25:00-05:00;8.0;0.0;10.5;nan;Clear
3421493;284237;5843e11b2980db2ff897ba51;2018-01-14T05:26:00-05:00;-8.7;0.0;17.7;nan;Clear
3425514;284908;561b24e5498ec9037e2ed048;2017-12-22T20:28:00-05:00;7.6;0.0;10.3;nan;Partially cloudy
3425514;284908;53a5f4f0498e1d1f0be9ad8e;2017-12-22T21:05:00-05:00;6.3;0.0;13.4;nan;Partially cloudy
3428682;285443;4b6b5abff964a520fb022ce3;2017-12-31T18:12:00-05:00;-10.6;0.0;19.9;nan;Clear
3433183;286175;4b40cf3df964a5206bbb25e3;2018-04-02T20:16:00-04:00;5.0;0.0;1.5;nan;Partially cloudy
3435423;286604;4b6b5abff964a520fb022ce3;2017-12-27T21:50:00-05:00;-7.3;0.0;13.9;nan;Clear
3436306;286750;54d29f57498eeabebcc63817;2018-01-07T04:00:00-05:00;-14.3;0.0;16.9;nan;Clear
3437360;286901;59bd506ce2d4aa3d68b99a88;2017-11-30T20:00:00-05:00;11.1;0.0;10.6;nan;Partially cloudy
3437360;286901;58ae412372714f32e282e2d7;2017-12-01T00:15:00-05:00;10.0;0.653;7.5;rain;Rain, Partially cloudy
3441540;287669;4d01634c527e236ac073c285;2017-11-26T19:04:00-05:00;5.8;0.0;10.2;nan;Clear
3441828;287721;5a189f73dab4b138e5cf44c6;2017-11-29T19:48:00-05:00;9.2;0.0;11.9;nan;Clear
3451302;289041;4bd1af599854d13a3ff3f94d;2018-09-04T21:47:00-04:00;28.8;0.0;5.3;nan;Partially cloudy
3454114;289421;59bd506ce2d4aa3d68b99a88;2018-08-03T17:29:00-04:00;24.6;0.0;5.8;nan;Partially cloudy
3454117;289421;4bfb0ac865fbc9b660e8906c;2018-08-28T21:04:00-04:00;32.1;0.0;14.7;nan;Clear
3457808;290043;3fd66200f964a520daf11ee3;2018-10-13T21:54:00-04:00;10.5;0.0;8.6;nan;Clear
3457822;290044;4b2ac07af964a520ecae24e3;2018-07-16T21:28:00-04:00;28.3;0.0;8.3;nan;Partially cloudy
3457822;290044;5074abbc5262942a6abb84ae;2018-07-16T21:42:00-04:00;28.5;0.0;5.3;nan;Partially cloudy
3457822;290044;5547ffe8498ec8a2c668a412;2018-07-16T21:53:00-04:00;28.5;0.0;5.3;nan;Partially cloudy
3457824;290044;4eb90d85722e09311d356915;2018-07-18T19:46:00-04:00;27.1;0.0;9.0;nan;Clear
3457824;290044;4a8d57e7f964a5207c0f20e3;2018-07-18T20:21:00-04:00;27.1;0.0;9.0;nan;Clear
3457824;290044;4a675deef964a52045c91fe3;2018-07-18T20:36:00-04:00;26.3;0.0;9.6;nan;Clear
3468153;291841;49c65aa8f964a52038571fe3;2017-12-07T23:24:00-05:00;4.6;0.0;6.5;nan;Partially cloudy
3468153;291841;4dfaacb9d4c01451df566572;2017-12-08T00:00:00-05:00;4.1;0.0;17.4;nan;Partially cloudy
3470203;292221;59f38be7175562651c451266;2017-12-18T18:18:00-05:00;8.0;0.0;12.6;nan;Overcast
3471301;292374;515abd65e4b08eda86b30e6e;2018-05-21T23:23:00-04:00;18.0;0.0;11.5;nan;Partially cloudy
3472063;292518;57acc558498e036ce8f2b0b4;2018-09-16T22:05:00-04:00;23.1;0.0;8.8;nan;Partially cloudy
3472882;292650;4bab56aff964a5209ea13ae3;2018-08-11T03:13:00-04:00;23.5;1.316;5.2;rain;Rain, Overcast
3474054;292830;4b576d3df964a520173728e3;2018-03-30T17:54:00-04:00;10.7;0.535;16.6;rain;Rain, Overcast
3476652;293277;4ad35d08f964a520fae320e3;2017-12-16T22:16:00-05:00;2.4;0.0;10.9;nan;Overcast
3479960;293816;3fd66200f964a52093ea1ee3;2017-12-04T18:15:00-05:00;9.0;0.0;11.1;nan;Partially cloudy
3483852;294478;507f06e9e4b0d2368fcbada4;2018-04-11T23:46:00-04:00;8.0;0.0;7.0;nan;Overcast
3483861;294478;4b6b5abff964a520fb022ce3;2018-10-07T17:51:00-04:00;25.9;0.0;3.9;nan;Overcast
3483995;294501;507f06e9e4b0d2368fcbada4;2017-12-09T23:44:00-05:00;-0.7;0.0;11.5;rain,snow;Partially cloudy
3487027;294892;4a675deef964a52045c91fe3;2018-08-20T18:46:00-04:00;22.3;0.0;4.0;nan;Partially cloudy
3487157;294914;52eddc12498e40bb655e0d7a;2018-05-12T21:49:00-04:00;12.1;0.0;11.2;nan;Overcast
3487580;295010;595805658173cb5b6fa964d9;2017-12-08T22:42:00-05:00;2.0;0.0;15.2;nan;Overcast
3487624;295018;522664d311d2cee66613afbc;2017-12-21T00:11:00-05:00;1.4;0.0;12.6;nan;Clear
3487624;295018;515f81d0e4b05d6decaaed19;2017-12-21T01:43:00-05:00;1.2;0.0;18.4;nan;Clear
3495930;296288;57acc558498e036ce8f2b0b4;2017-12-08T20:43:00-05:00;2.4;0.0;16.1;nan;Partially cloudy
3495930;296288;49ff62f9f964a52013701fe3;2017-12-08T22:36:00-05:00;2.0;0.0;15.2;nan;Overcast
3495940;296288;52474974498ed4486b4e1f68;2018-01-16T19:39:00-05:00;1.0;0.0;9.8;nan;Overcast
3495940;296288;59d828f0916bc1155fde2c04;2018-01-16T21:46:00-05:00;1.0;0.0;7.2;nan;Partially cloudy
3501250;297145;43334580f964a52013281fe3;2017-12-20T23:06:00-05:00;2.0;0.0;12.7;nan;Partially cloudy
3501416;297190;3fd66200f964a52071e61ee3;2017-12-09T17:17:00-05:00;-0.5;0.884;14.4;rain,snow;Snow, Rain, Partially cloudy
3501416;297190;55387c1b498e4eca6482f4f5;2017-12-09T21:42:00-05:00;-0.5;0.366;10.8;rain,snow;Snow, Rain, Overcast
3505387;297870;42893400f964a52054231fe3;2018-04-02T17:55:00-04:00;5.7;0.0;6.7;nan;Partially cloudy
3513263;299182;4ae8906ef964a52071b021e3;2018-05-27T15:33:00-04:00;15.9;0.0;22.8;nan;Overcast
3513465;299227;4ac3f3a5f964a520989d20e3;2018-03-25T23:53:00-04:00;3.4;0.0;11.4;nan;Clear
3515758;299599;4a807ab1f964a52067f51fe3;2017-12-13T17:33:00-05:00;-1.6;0.0;18.9;rain,snow;Clear
3515758;299599;3fd66200f964a520d9f11ee3;2017-12-13T20:30:00-05:00;-2.5;0.0;23.9;snow;Partially cloudy
3515759;299599;577c4a4a498e2c214c8f57e1;2017-12-15T17:28:00-05:00;-4.3;1.134;7.1;snow;Snow, Overcast
3515759;299599;501841ede4b09f5054d7bfd1;2017-12-15T22:03:00-05:00;-4.3;0.0;17.4;snow;Clear
3516777;299790;559ecd00498e965ccd39ea9f;2017-12-30T18:57:00-05:00;-5.6;0.0;12.0;snow;Clear
3516777;299790;4165d880f964a5207e1d1fe3;2017-12-30T20:26:00-05:00;-5.6;0.0;19.2;snow;Clear
3519909;300315;501d3c31e4b0c3028609cc2b;2018-08-10T23:05:00-04:00;26.6;0.0;2.6;nan;Partially cloudy
3520048;300337;4de7987e1fc7fcfe04ac252b;2018-08-25T20:35:00-04:00;22.8;0.0;10.2;nan;Partially cloudy
3520048;300337;530603cd498e8a2b85eb8e50;2018-08-25T21:01:00-04:00;22.8;0.0;10.2;nan;Partially cloudy
3523134;300892;5a8cc103c0cacb230546293d;2018-02-21T00:45:00-05:00;15.3;0.0;9.8;nan;Partially cloudy
3523134;300892;524c5b8111d22181bdd20690;2018-02-21T01:01:00-05:00;15.3;0.0;9.8;nan;Partially cloudy
3523134;300892;4afc3ba3f964a520bb2022e3;2018-02-21T01:09:00-05:00;15.3;0.0;9.8;nan;Partially cloudy
3523134;300892;4e0e6318ae603a50b542b4ca;2018-02-21T01:19:00-05:00;15.3;0.0;9.8;nan;Partially cloudy
3523134;300892;4b40cf3df964a5206bbb25e3;2018-02-21T01:23:00-05:00;15.3;0.0;9.8;nan;Partially cloudy
3523134;300892;571fc242498ead274d034e90;2018-02-21T01:42:00-05:00;13.3;0.0;4.2;nan;Partially cloudy
3523137;300892;42893400f964a52054231fe3;2018-02-25T17:33:00-05:00;6.0;0.0;2.9;nan;Overcast
3523137;300892;4e91b8cf550342b5a4b1ad78;2018-02-25T17:35:00-05:00;6.0;0.0;2.9;nan;Overcast
3523137;300892;42daf100f964a52035261fe3;2018-02-25T19:28:00-05:00;6.3;0.0;1.2;nan;Overcast
3523137;300892;4ab7a271f964a520477a20e3;2018-02-25T20:13:00-05:00;6.4;0.0;7.2;nan;Overcast
3523137;300892;56439a7538fa2ce64d09447e;2018-02-25T21:17:00-05:00;6.3;0.0;6.0;nan;Overcast
3523137;300892;5148a373e4b06af4b8cb2a80;2018-02-25T21:37:00-05:00;6.3;0.0;2.4;nan;Overcast
3523137;300892;4aea76b3f964a520abbb21e3;2018-02-25T21:45:00-05:00;6.3;0.0;2.4;nan;Overcast
3523137;300892;4bc72ae7af07a593909c7e2d;2018-02-25T22:26:00-05:00;6.3;0.0;2.4;nan;Overcast
3528813;301824;54e771c8498e750b0dee9579;2017-12-16T21:53:00-05:00;2.4;0.0;10.9;nan;Overcast
3529623;301982;4a9ff5d9f964a520ba3d20e3;2017-12-18T16:50:00-05:00;7.9;0.0;6.6;nan;Overcast
3533735;302697;4c128a4b1b5cef3b75c5edc4;2018-06-05T14:38:00-04:00;22.0;0.0;18.4;nan;Overcast
3533735;302697;4a871eb2f964a520b20220e3;2018-06-05T17:46:00-04:00;22.5;0.0;14.8;nan;Partially cloudy
3536822;303137;4eb90d85722e09311d356915;2017-12-19T18:06:00-05:00;12.7;0.0;15.3;nan;Partially cloudy
3536822;303137;4abe7f9ef964a520068e20e3;2017-12-19T18:13:00-05:00;12.7;0.0;15.3;nan;Partially cloudy
3539154;303540;4fb7ef4b7b0cd3a686313d43;2017-12-22T03:29:00-05:00;2.1;0.0;3.7;nan;Partially cloudy
3539155;303540;52d36856498e9256064e3fe3;2017-12-29T02:48:00-05:00;-11.5;0.0;15.6;nan;Partially cloudy
3539188;303540;4bc24023461576b056237d32;2018-06-23T03:01:00-04:00;17.6;0.0;16.1;nan;Overcast
3539197;303540;4baae71df964a520118d3ae3;2018-07-21T00:53:00-04:00;22.0;0.0;11.5;nan;Partially cloudy
3539210;303540;4c2caafb8ef52d7f823a33ba;2018-08-26T08:03:00-04:00;21.9;0.0;8.4;nan;Clear
3539222;303540;4af8f40cf964a520ab1022e3;2018-10-06T03:03:00-04:00;18.0;0.0;2.5;nan;Overcast
3542154;303984;40fb0f00f964a520db0a1fe3;2017-12-30T23:48:00-05:00;-6.6;0.562;14.6;snow;Snow
3542154;303984;507f06e9e4b0d2368fcbada4;2017-12-31T01:38:00-05:00;-6.8;0.0;14.5;snow;Clear
3545680;304600;50bcb93ae4b0efcb4c84d434;2017-12-27T21:17:00-05:00;-6.8;0.0;20.9;nan;Clear
3545680;304600;5467ceec498e1b95c0575e73;2017-12-27T21:50:00-05:00;-7.3;0.0;13.9;nan;Clear
3545681;304600;5362a2ae498e3b18c22334be;2017-12-28T17:05:00-05:00;-8.1;0.0;19.3;nan;Clear
3545681;304600;3fd66200f964a520c3e81ee3;2017-12-28T20:05:00-05:00;-9.2;0.0;25.2;nan;Clear
3545696;304605;4eb90d85722e09311d356915;2017-12-31T16:22:00-05:00;-9.9;0.0;19.9;nan;Partially cloudy
3545696;304605;515abd65e4b08eda86b30e6e;2017-12-31T17:19:00-05:00;-10.4;0.0;14.6;nan;Clear
3545696;304605;4b6b5abff964a520fb022ce3;2017-12-31T17:25:00-05:00;-10.4;0.0;14.6;nan;Clear
3549668;305274;42893400f964a52054231fe3;2018-05-26T18:21:00-04:00;30.9;0.0;7.3;nan;Partially cloudy
3549668;305274;4ae9c4eaf964a52039b621e3;2018-05-26T23:17:00-04:00;26.5;0.0;0.9;nan;Partially cloudy
3560205;307037;58801864cc5b6a14dedce689;2018-02-25T17:29:00-05:00;6.0;0.0;10.6;nan;Overcast
3560205;307037;4b6b5abff964a520fb022ce3;2018-02-25T17:47:00-05:00;6.0;0.0;2.9;nan;Overcast
3566655;307998;4a6b17bff964a520fdcd1fe3;2018-08-09T18:01:00-04:00;30.7;0.0;13.5;nan;Partially cloudy
3567645;308129;42daf100f964a52035261fe3;2018-10-13T19:41:00-04:00;12.0;0.0;19.5;nan;Clear
3568009;308188;4eb13d68e5e8c0f5bd2fd983;2017-12-28T13:47:00-05:00;-8.0;0.0;19.7;nan;Clear
3568539;308301;45ae08b6f964a52079411fe3;2017-12-29T20:36:00-05:00;-7.3;0.0;17.8;nan;Clear
3568540;308301;560d1028498eee2df9f982f0;2018-01-21T18:57:00-05:00;9.7;0.0;4.0;nan;Overcast
3569361;308455;55103583498eed2d409b549a;2018-10-06T20:27:00-04:00;19.0;0.0;5.2;nan;Overcast
3570637;308667;4b40cf3df964a5206bbb25e3;2018-09-08T19:22:00-04:00;17.5;185.0;12.9;rain;Rain, Overcast
3570641;308667;4bfacc665ec320a1932a8cd3;2018-09-13T12:13:00-04:00;22.6;0.0;14.0;nan;Overcast
3570642;308667;42893400f964a52054231fe3;2018-09-14T13:11:00-04:00;23.1;0.0;19.9;nan;Overcast
3570642;308667;4a44cd95f964a5208fa71fe3;2018-09-14T14:20:00-04:00;23.4;0.0;18.0;nan;Overcast
3570642;308667;5984eeb39be522744003dee5;2018-09-14T19:25:00-04:00;23.1;0.0;14.3;nan;Overcast
3570642;308667;4a524983f964a5207fb11fe3;2018-09-14T22:13:00-04:00;22.4;0.0;9.7;nan;Overcast
3573269;309100;49c69954f964a52063571fe3;2018-08-08T21:15:00-04:00;28.6;0.0;4.4;nan;Partially cloudy
3573269;309100;4aca45d0f964a52028c120e3;2018-08-08T22:10:00-04:00;28.4;0.0;9.9;nan;Partially cloudy
3582106;310546;5941c0abf193c012d47fc4e8;2018-03-30T15:32:00-04:00;14.1;0.0;6.5;nan;Overcast
3582106;310546;4afd9156f964a520a82822e3;2018-03-30T17:46:00-04:00;10.7;0.535;16.6;rain;Rain, Overcast
3582107;310546;515abd65e4b08eda86b30e6e;2018-04-01T15:51:00-04:00;13.0;0.0;16.1;rain;Partially cloudy
3583002;310712;3fd66200f964a52034eb1ee3;2018-05-27T14:36:00-04:00;16.0;0.0;24.8;nan;Overcast
3583002;310712;50bcb93ae4b0efcb4c84d434;2018-05-27T20:27:00-04:00;14.7;0.0;17.2;nan;Overcast
3583811;310882;4bc24023461576b056237d32;2018-05-25T18:06:00-04:00;30.0;0.0;16.9;nan;Partially cloudy
3583811;310882;53737e92498e33fbc10950b8;2018-05-25T18:42:00-04:00;29.6;0.0;31.2;nan;Clear
3586489;311368;49e7ce15f964a5201d651fe3;2018-03-25T20:10:00-04:00;5.0;0.0;10.3;nan;Partially cloudy
3586489;311368;4dda977ad22d38ef4332c419;2018-03-25T23:04:00-04:00;3.9;0.0;14.8;nan;Partially cloudy
3586508;311368;5a27f9bcf193c025540fafb9;2018-06-21T19:29:00-04:00;27.6;0.0;8.4;nan;Partially cloudy
3586508;311368;4dda977ad22d38ef4332c419;2018-06-22T01:38:00-04:00;21.3;0.0;9.1;nan;Partially cloudy
3586509;311368;539cb56e498eb12d43c89ff7;2018-06-23T20:31:00-04:00;18.8;0.0;7.0;nan;Overcast
3586521;311368;539cb56e498eb12d43c89ff7;2018-08-29T22:05:00-04:00;31.2;0.0;9.2;nan;Clear
3588821;311777;4a607307f964a520c7c01fe3;2018-05-17T19:09:00-04:00;21.6;0.0;3.3;nan;Partially cloudy
3588881;311788;4a97f535f964a520f92920e3;2018-02-02T16:52:00-05:00;-4.6;0.0;24.9;nan;Partially cloudy
3588881;311788;431f7f00f964a52085271fe3;2018-02-02T16:53:00-05:00;-4.6;0.0;24.9;nan;Partially cloudy
3590001;311969;510ad6e2e4b0a2ecec03b322;2018-08-11T19:42:00-04:00;23.5;0.0;2.1;nan;Overcast
3590001;311969;4bc24023461576b056237d32;2018-08-12T02:07:00-04:00;23.3;0.0;3.0;nan;Partially cloudy
3590003;311969;4a59f31df964a52095b91fe3;2018-08-13T14:31:00-04:00;23.1;0.0;19.0;nan;Overcast
3590003;311969;57acc558498e036ce8f2b0b4;2018-08-14T00:39:00-04:00;22.8;0.0;2.4;nan;Partially cloudy
3590390;312011;56e7f585498ed6598b4030cd;2018-04-24T17:32:00-04:00;15.7;0.0;12.9;nan;Overcast
3602579;313938;42893400f964a52054231fe3;2018-06-20T19:59:00-04:00;24.5;0.0;3.7;nan;Overcast
3602580;313938;4eb90d85722e09311d356915;2018-06-21T17:37:00-04:00;29.0;0.0;1.8;nan;Partially cloudy
3602580;313938;4c374bf80a71c9b6f2893ec9;2018-06-21T19:30:00-04:00;27.6;0.0;8.4;nan;Partially cloudy
3617599;316283;5787b68e498efcabbebba4f8;2018-02-21T19:05:00-05:00;23.1;0.0;12.8;nan;Clear
3618257;316402;4aa82d21f964a520d94f20e3;2018-01-10T23:44:00-05:00;4.8;0.0;7.5;nan;Partially cloudy
3618257;316402;57218ba5498eb662eaa1e121;2018-01-11T00:38:00-05:00;5.4;0.0;6.2;nan;Partially cloudy
3618258;316402;5748d802498eccc4228c7fd1;2018-03-24T20:06:00-04:00;7.6;0.0;6.7;nan;Clear
3618258;316402;4b6d9298f964a520607d2ce3;2018-03-25T06:23:00-04:00;1.2;0.0;15.3;nan;Partially cloudy
3618394;316422;3fd66200f964a520d5e31ee3;2018-01-31T17:49:00-05:00;-0.2;0.0;10.3;nan;Partially cloudy
3618515;316432;4ae8906ef964a52071b021e3;2018-03-16T14:53:00-04:00;3.5;0.0;25.7;nan;Partially cloudy
3618515;316432;4abe7f9ef964a520068e20e3;2018-03-16T15:03:00-04:00;3.5;0.0;25.7;nan;Partially cloudy
3618515;316432;4b6b5abff964a520fb022ce3;2018-03-16T15:08:00-04:00;3.5;0.0;25.7;nan;Partially cloudy
3618515;316432;42893400f964a52054231fe3;2018-03-16T18:16:00-04:00;2.5;0.0;27.0;nan;Partially cloudy
3618515;316432;4b40cf3df964a5206bbb25e3;2018-03-16T20:12:00-04:00;1.4;0.0;25.1;nan;Clear
3623027;317137;5a3edca30a08ab7b812b8d5c;2018-01-11T16:40:00-05:00;8.8;0.0;6.3;nan;Overcast
3626923;317845;4137b400f964a520d11a1fe3;2018-01-13T05:33:00-05:00;13.2;0.0;14.0;nan;Overcast
3630654;318433;59ee2c6162420b39d0974c61;2018-01-13T18:15:00-05:00;-3.6;0.0;23.5;nan;Clear
3634882;319116;53a7307a498e56d9917d8f32;2018-01-14T19:08:00-05:00;-6.5;0.0;14.4;nan;Clear
3635399;319218;4abe7f9ef964a520068e20e3;2018-03-06T16:05:00-05:00;6.6;0.0;14.3;nan;Clear
3641879;320312;4b6b5abff964a520fb022ce3;2018-01-19T15:51:00-05:00;3.1;0.0;10.5;nan;Partially cloudy
3642597;320420;5a600bfb1acf117e45e9231d;2018-01-18T15:29:00-05:00;-0.2;0.0;16.1;nan;Clear
3642747;320453;4d25497a903c8cfadc33cd25;2018-02-03T01:43:00-05:00;-8.7;0.0;14.6;nan;Clear
3642747;320453;5591c747498e45ec0b8171f1;2018-02-03T02:23:00-05:00;-8.7;0.0;14.6;nan;Clear
3643630;320572;4c28c07b9fb5d13a79059a57;2018-02-07T21:31:00-05:00;3.9;0.067;20.8;rain;Rain, Overcast
3643859;320600;57b9dda3498e876beb013404;2018-06-12T18:03:00-04:00;21.5;0.0;23.1;nan;Partially cloudy
3643860;320600;42893400f964a52054231fe3;2018-06-13T03:58:00-04:00;18.4;0.0;7.0;nan;Overcast
3644877;320769;40fb0f00f964a520db0a1fe3;2018-01-19T23:25:00-05:00;3.9;0.0;13.1;nan;Clear
3648327;321321;57a240f1cd10ed172db51626;2018-08-15T20:24:00-04:00;29.1;0.0;15.9;nan;Partially cloudy
3649026;321421;4a9bcc2ff964a5203b3520e3;2018-03-24T20:07:00-04:00;7.6;0.0;6.7;nan;Clear
3649026;321421;40f1d480f964a5205b0a1fe3;2018-03-24T20:22:00-04:00;7.6;0.0;6.7;nan;Clear
3649868;321569;507f06e9e4b0d2368fcbada4;2018-10-11T17:44:00-04:00;21.8;5.612;3.2;rain;Rain, Overcast
3649868;321569;53eba911498e9b26cc64bdff;2018-10-11T17:46:00-04:00;21.8;5.612;3.2;rain;Rain, Overcast
3652318;321993;49fe2f8af964a5207b6f1fe3;2018-01-23T13:14:00-05:00;13.3;1.118;11.7;rain;Rain, Overcast
3652632;322024;4b6b5abff964a520fb022ce3;2018-10-06T18:53:00-04:00;18.6;0.0;4.4;nan;Overcast
3654217;322230;58bb32417220e6425c43d0f4;2018-01-24T00:25:00-05:00;6.8;0.0;18.5;nan;Clear
3654222;322230;57c43c98498e2696b402a527;2018-03-04T21:47:00-05:00;1.5;0.0;16.1;nan;Clear
3654223;322230;596fd1c94c9be6633dca5248;2018-03-06T00:25:00-05:00;2.3;0.0;12.8;nan;Clear
3654223;322230;4af8d13cf964a520201022e3;2018-03-06T01:50:00-05:00;1.5;0.0;12.2;nan;Clear
3660779;323304;4abe7f9ef964a520068e20e3;2018-07-06T12:46:00-04:00;25.2;0.867;10.2;rain;Rain, Overcast
3660779;323304;576c2212498e72c8c38f1ddd;2018-07-06T17:59:00-04:00;26.9;0.0;18.9;nan;Partially cloudy
3663084;323733;42893400f964a52054231fe3;2018-08-13T22:26:00-04:00;23.1;0.0;0.0;nan;Overcast
3663084;323733;4b1d6c55f964a520551024e3;2018-08-13T22:28:00-04:00;23.1;0.0;0.0;nan;Overcast
3663104;323741;5387d2e2498ee7f0fb1c5b41;2018-02-04T04:04:00-05:00;-0.2;0.0;23.8;nan;Overcast
3663691;323836;4a86e69ff964a5208a0120e3;2018-04-13T12:51:00-04:00;24.1;0.0;13.4;nan;Partially cloudy
3663694;323836;4beb0c83246fb713dff8abdf;2018-07-07T22:31:00-04:00;18.9;0.0;4.1;nan;Clear
3666414;324297;500d3cede4b0f6804faa90a8;2018-01-26T20:07:00-05:00;1.5;0.0;12.8;nan;Clear
3666414;324297;540d97b5498e05abd30fd5ca;2018-01-26T20:57:00-05:00;1.2;0.0;11.5;nan;Clear
3673009;325335;58a253c830ecc66c9e5b40a0;2018-01-27T15:21:00-05:00;12.5;0.0;14.6;nan;Partially cloudy
3673010;325335;58a253c830ecc66c9e5b40a0;2018-01-28T14:51:00-05:00;9.8;0.0;3.6;nan;Overcast
3673010;325335;4adce358f964a520416221e3;2018-01-28T17:08:00-05:00;9.7;0.0;3.3;nan;Overcast
3673010;325335;4b8bd401f964a5205cad32e3;2018-02-02T00:16:00-05:00;4.7;0.721;3.0;rain;Rain, Overcast
3673011;325335;4adce358f964a520416221e3;2018-02-06T16:18:00-05:00;3.0;0.0;9.5;nan;Overcast
3673011;325335;4d9fad057ec88cfa681c8a5a;2018-02-06T21:44:00-05:00;1.2;0.0;8.4;nan;Partially cloudy
3673049;325340;4abe7f9ef964a520068e20e3;2018-01-27T19:18:00-05:00;12.9;0.0;13.9;nan;Partially cloudy
3673049;325340;4a6fa0abf964a520a4d61fe3;2018-01-27T19:30:00-05:00;12.9;0.0;13.9;nan;Partially cloudy
3673507;325459;4abe7f9ef964a520068e20e3;2018-04-26T22:38:00-04:00;16.5;0.0;6.6;nan;Clear
3673507;325459;57f81d3c498e4e964cfff584;2018-04-26T22:56:00-04:00;16.5;0.0;6.6;nan;Clear
3676377;325997;5894c9a15e56b417cf79e553;2018-01-28T22:39:00-05:00;7.6;0.0;8.4;nan;Partially cloudy
3676728;326054;444e0033f964a52090321fe3;2018-05-28T21:51:00-04:00;16.7;0.0;4.2;nan;Overcast
3680732;326734;4b520135f964a520aa6027e3;2018-01-30T16:23:00-05:00;1.4;0.0;18.2;nan;Partially cloudy
3680732;326734;57489345498e5d2282f54eac;2018-01-30T17:46:00-05:00;-0.7;0.0;29.2;nan;Overcast
3681199;326817;4bbb9dbded7776b0e1ad3e51;2018-01-30T23:04:00-05:00;-3.6;0.0;15.3;nan;Clear
3681199;326817;5748d802498eccc4228c7fd1;2018-01-31T01:21:00-05:00;-4.7;0.0;18.1;nan;Clear
3681199;326817;50bcb93ae4b0efcb4c84d434;2018-01-31T03:48:00-05:00;-6.5;0.0;21.2;nan;Clear
3686635;327705;4c37d0f493db0f47db922092;2018-03-06T01:57:00-05:00;1.5;0.0;12.2;nan;Clear
3688356;327960;4b2ac07af964a520ecae24e3;2018-02-02T15:28:00-05:00;-3.4;0.0;31.0;nan;Partially cloudy
3692342;328624;582dbaabd21e031c1a35423d;2018-03-29T14:23:00-04:00;10.4;0.0;7.5;nan;Overcast
3692342;328624;53b042cf498e396ed84d1344;2018-03-29T16:06:00-04:00;11.3;0.0;8.0;nan;Overcast
3692344;328624;52a5f60811d2996ed917d0c4;2018-04-18T21:28:00-04:00;10.7;0.0;13.8;nan;Clear
3692920;328732;52eddc12498e40bb655e0d7a;2018-02-03T23:52:00-05:00;-1.1;0.0;17.4;nan;Overcast
3693419;328813;49f50c47f964a520896b1fe3;2018-02-19T02:30:00-05:00;2.2;0.0;6.8;nan;Clear
3693421;328813;58b096c25804ea3ce7671d47;2018-02-28T19:20:00-05:00;13.4;0.0;11.7;nan;Clear
3693423;328813;4ae4bf7ef964a520bf9d21e3;2018-03-11T22:14:00-04:00;4.6;0.0;11.1;nan;Clear
3693649;328857;56ddc1f8cd1028ec415bf35a;2018-03-18T23:49:00-04:00;3.5;0.0;2.7;nan;Clear
3696478;329283;5197cbc1498ec577cfeb6fc2;2018-04-21T15:47:00-04:00;16.4;0.0;16.7;nan;Partially cloudy
3702269;330273;5afe1a97c62b49002c806600;2018-07-17T16:42:00-04:00;22.4;1.879;1.2;rain;Rain, Overcast
3706242;330910;431f7f00f964a52085271fe3;2018-02-10T16:29:00-05:00;7.8;1.688;1.7;rain;Rain, Overcast
3706243;330910;42893400f964a52054231fe3;2018-02-11T15:07:00-05:00;10.6;0.923;12.0;rain;Rain, Overcast
3706243;330910;4bddccbe6198c9b67bb911ff;2018-02-11T15:31:00-05:00;12.7;0.417;11.7;rain;Rain, Overcast
3706243;330910;4c35de72452620a1ba5d270f;2018-02-11T15:50:00-05:00;12.7;0.417;11.7;rain;Rain, Overcast
3706243;330910;4d77976f6af42d43120282f7;2018-02-11T16:10:00-05:00;12.7;0.417;11.7;rain;Rain, Overcast
3706243;330910;4f392567be770642eaf79a85;2018-02-11T16:11:00-05:00;12.7;0.417;11.7;rain;Rain, Overcast
3706243;330910;4b6b5abff964a520fb022ce3;2018-02-11T16:21:00-05:00;12.7;0.417;11.7;rain;Rain, Overcast
3706243;330910;4bfe7ed8e529c9289567bc8c;2018-02-11T17:42:00-05:00;13.9;0.866;3.3;rain;Rain, Overcast
3707748;331188;57e5755838faf76930372ec4;2018-02-10T14:34:00-05:00;7.3;2.334;6.1;rain;Rain, Overcast
3707748;331188;4cfbe34afeec6dcb5f344936;2018-02-10T20:35:00-05:00;7.0;2.304;1.7;rain;Rain, Overcast
3707748;331188;4a2c0e75f964a52014971fe3;2018-02-10T20:52:00-05:00;7.0;2.304;1.7;rain;Rain, Overcast
3711967;331962;3fd66200f964a520d5e31ee3;2018-02-24T17:33:00-05:00;8.0;0.252;4.1;rain;Rain, Overcast
3711967;331962;4e5ecc4a52b1425a3776f4db;2018-02-24T18:29:00-05:00;8.0;0.252;4.1;rain;Rain, Overcast
3713141;332137;4abe7f9ef964a520068e20e3;2018-07-22T18:37:00-04:00;24.0;6.993;20.0;rain;Rain, Overcast
3715341;332491;4bf844095ec320a1147588d3;2018-06-15T15:05:00-04:00;23.8;0.0;6.9;nan;Partially cloudy
3715341;332491;4bcc5dcd3740b713d5d86365;2018-06-15T15:55:00-04:00;23.8;0.0;9.7;nan;Partially cloudy
3715341;332491;593332f9123a1963f539daa0;2018-06-15T16:23:00-04:00;23.8;0.0;9.7;nan;Partially cloudy
3715343;332491;54295f79498e5383362811c5;2018-06-17T14:10:00-04:00;31.6;0.0;6.9;nan;Partially cloudy
3715358;332496;5984eeb39be522744003dee5;2018-04-04T17:53:00-04:00;12.0;0.0;31.9;nan;Partially cloudy
3715432;332500;4116be80f964a520fc0b1fe3;2018-02-16T06:57:00-05:00;13.2;0.048;10.4;rain;Rain, Overcast
3719679;333131;4a81c3c6f964a52080f71fe3;2018-03-09T00:21:00-05:00;0.8;0.0;12.9;nan;Overcast
3721629;333387;540d97b5498e05abd30fd5ca;2018-04-22T23:56:00-04:00;10.6;0.0;3.7;nan;Clear
3731159;335043;50bcb93ae4b0efcb4c84d434;2018-02-17T22:16:00-05:00;0.6;2.812;5.9;rain,snow;Snow, Rain, Overcast
3731159;335043;3fd66200f964a5203eea1ee3;2018-02-17T23:51:00-05:00;0.6;1.224;7.0;rain,snow;Snow, Rain, Overcast
3734098;335535;4d3a0ea9325ff04d4a491845;2018-10-02T14:49:00-04:00;25.3;0.0;7.9;nan;Partially cloudy
3734098;335535;4bddccbe6198c9b67bb911ff;2018-10-02T15:16:00-04:00;25.3;0.0;7.9;nan;Partially cloudy
3734121;335540;4b41442ef964a5205bc425e3;2018-02-25T16:13:00-05:00;5.7;0.0;17.0;nan;Overcast
3740049;336511;54b9346d498ef55d203d8696;2018-02-22T00:12:00-05:00;14.9;0.0;11.5;nan;Overcast
3740318;336543;49ccd495f964a52091591fe3;2018-02-22T14:06:00-05:00;5.8;0.208;17.8;rain;Rain, Overcast
3741449;336726;4abe7f9ef964a520068e20e3;2018-03-23T20:15:00-04:00;7.0;0.0;19.8;nan;Overcast
3745345;337420;4c374bf80a71c9b6f2893ec9;2018-09-17T16:59:00-04:00;24.2;0.0;17.4;nan;Partially cloudy
3745345;337420;4ee3cf579a52c1dad9af95b5;2018-09-17T23:44:00-04:00;24.1;185.0;7.0;rain;Rain, Overcast
3746088;337523;515abd65e4b08eda86b30e6e;2018-05-12T14:34:00-04:00;14.5;0.0;9.2;nan;Overcast
3746088;337523;4f22ca77e4b0ed3396a83a05;2018-05-12T16:33:00-04:00;14.4;0.0;10.5;nan;Overcast
3746088;337523;559ecd00498e965ccd39ea9f;2018-05-12T18:25:00-04:00;13.5;0.143;12.2;rain;Rain, Overcast
3760659;340083;583af456ce593d41644bd7a6;2018-04-08T14:39:00-04:00;6.7;0.0;18.4;nan;Partially cloudy
3765926;340997;4a5e6955f964a52085be1fe3;2018-03-05T19:03:00-05:00;4.0;0.0;14.8;nan;Clear
3765926;340997;574456e5498e39c73d234da1;2018-03-05T20:21:00-05:00;3.5;0.0;14.9;nan;Clear
3765926;340997;507f06e9e4b0d2368fcbada4;2018-03-05T22:16:00-05:00;3.0;0.0;13.9;nan;Clear
3765926;340997;4a5d19b7f964a52032bd1fe3;2018-03-06T03:17:00-05:00;1.5;0.0;10.5;nan;Clear
3766156;341035;42893400f964a52054231fe3;2018-03-16T15:44:00-04:00;3.1;0.0;31.3;nan;Partially cloudy
3766171;341037;4ad603f1f964a520790421e3;2018-03-13T17:35:00-04:00;4.2;0.0;22.5;nan;Clear
3766172;341037;59614fc15c68383973e85d14;2018-03-15T18:03:00-04:00;6.4;0.0;18.7;nan;Partially cloudy
3766172;341037;4af8f40cf964a520ab1022e3;2018-03-15T23:11:00-04:00;3.1;0.0;15.5;nan;Clear
3766174;341037;4ad603f1f964a520790421e3;2018-03-19T18:14:00-04:00;7.6;0.0;12.0;nan;Partially cloudy
3766174;341037;4a4f8656f964a52063af1fe3;2018-03-20T01:22:00-04:00;2.4;0.0;10.0;nan;Partially cloudy
3766174;341037;4af8f40cf964a520ab1022e3;2018-03-20T02:09:00-04:00;1.7;0.0;12.3;nan;Partially cloudy
3771686;341936;3fd66200f964a5206fe61ee3;2018-05-12T21:32:00-04:00;12.1;0.0;11.2;nan;Overcast
3773847;342273;431f7f00f964a52085271fe3;2018-09-27T13:33:00-04:00;21.2;0.0;5.3;nan;Partially cloudy
3773847;342273;4ab7a271f964a520477a20e3;2018-09-27T13:57:00-04:00;21.2;0.0;5.3;nan;Partially cloudy
3773847;342273;49c02175f964a5204b551fe3;2018-09-27T14:07:00-04:00;21.2;0.0;5.3;nan;Partially cloudy
3774389;342363;480f463ef964a5202a4f1fe3;2018-03-10T22:42:00-05:00;2.4;0.0;12.7;nan;Partially cloudy
3785050;344144;509fd01de4b070da0a9d3c24;2018-07-01T18:35:00-04:00;32.8;0.0;9.4;nan;Clear
3792079;345423;4c374bf80a71c9b6f2893ec9;2018-09-15T19:16:00-04:00;23.2;0.0;11.8;nan;Clear
3792079;345423;4a623abff964a52071c31fe3;2018-09-15T19:52:00-04:00;22.5;0.0;7.7;nan;Clear
3792079;345423;4ae8906ef964a52071b021e3;2018-09-15T20:02:00-04:00;22.5;0.0;7.7;nan;Clear
3792457;345485;4cdac798d6656a315f36fc3e;2018-03-14T12:11:00-04:00;3.9;0.0;20.1;nan;Partially cloudy
3792457;345485;4b6c221df964a52070252ce3;2018-03-14T12:23:00-04:00;3.9;0.0;20.1;nan;Partially cloudy
3806987;347982;4b6b5abff964a520fb022ce3;2018-08-11T17:18:00-04:00;23.3;0.952;9.2;rain;Rain, Overcast
3807092;348001;52eddc12498e40bb655e0d7a;2018-05-06T01:12:00-04:00;19.1;0.0;10.9;nan;Overcast
3816242;349530;4b996536f964a520467835e3;2018-05-23T16:15:00-04:00;26.0;0.0;7.5;nan;Partially cloudy
3816674;349607;5941c0abf193c012d47fc4e8;2018-04-04T14:33:00-04:00;12.9;0.067;29.1;rain;Rain, Overcast
3816675;349607;42893400f964a52054231fe3;2018-04-05T16:09:00-04:00;7.3;0.0;32.7;nan;Partially cloudy
3822084;350519;4bd716bd6798ef3b382c668d;2018-03-27T18:28:00-04:00;5.6;0.0;10.2;nan;Partially cloudy
3822084;350519;515abd65e4b08eda86b30e6e;2018-03-27T19:23:00-04:00;5.4;0.0;7.4;nan;Overcast
3822088;350519;4c374bf80a71c9b6f2893ec9;2018-03-31T14:30:00-04:00;12.7;0.0;7.2;nan;Clear
3822088;350519;4b996536f964a520467835e3;2018-03-31T14:55:00-04:00;13.4;0.0;14.6;nan;Clear
3822088;350519;4b40cf3df964a5206bbb25e3;2018-03-31T14:58:00-04:00;13.4;0.0;14.6;nan;Clear
3822285;350560;4b6b5abff964a520fb022ce3;2018-03-27T20:04:00-04:00;5.4;0.0;4.5;nan;Overcast
3822285;350560;579c12cd498e6e815b3acf50;2018-03-27T20:14:00-04:00;5.4;0.0;4.5;nan;Overcast
3826973;351369;579c12cd498e6e815b3acf50;2018-07-22T16:41:00-04:00;25.1;0.0;14.0;nan;Overcast
3831159;352093;4a8d57e7f964a5207c0f20e3;2018-05-17T04:07:00-04:00;13.2;0.08;9.6;rain;Rain, Overcast
3835583;352880;56c4a2bdcd10152bd6e1f17f;2018-04-05T15:53:00-04:00;7.3;0.0;32.7;nan;Partially cloudy
3835584;352880;554a4688498eca79568879dd;2018-04-06T12:31:00-04:00;8.8;0.0;18.0;nan;Overcast
3835585;352880;4b4a5eb9f964a5209a8526e3;2018-04-06T21:31:00-04:00;12.9;0.0;3.7;nan;Partially cloudy
3835585;352880;4c77e85ad3296dcb095d5366;2018-04-06T21:37:00-04:00;12.9;0.0;3.7;nan;Partially cloudy
3835598;352880;554a4688498eca79568879dd;2018-04-17T12:44:00-04:00;8.0;0.0;29.4;nan;Overcast
3835601;352880;56c4a2bdcd10152bd6e1f17f;2018-04-19T17:16:00-04:00;7.6;0.0;15.3;nan;Overcast
3835601;352880;5a442062a9fe12411afbc20c;2018-04-19T21:36:00-04:00;4.7;0.0;16.6;nan;Partially cloudy
3835603;352880;4bff2f9b369476b0ba8a8d1f;2018-04-21T23:52:00-04:00;11.9;0.0;14.1;nan;Partially cloudy
3835605;352880;554a4688498eca79568879dd;2018-04-23T12:48:00-04:00;17.0;0.0;12.2;nan;Clear
3835605;352880;56c4a2bdcd10152bd6e1f17f;2018-04-23T14:33:00-04:00;17.6;0.0;10.7;nan;Clear
3836980;353099;507e0b2e011ca7f458d10d2f;2018-04-05T17:55:00-04:00;6.8;0.0;17.4;nan;Partially cloudy
3836980;353099;4bf844095ec320a1147588d3;2018-04-05T20:15:00-04:00;5.8;0.0;16.7;nan;Clear
3838552;353388;4c42383fff711b8dbe381305;2018-04-14T16:54:00-04:00;18.0;0.0;19.1;nan;Clear
3838552;353388;42893400f964a52054231fe3;2018-04-14T18:45:00-04:00;12.7;0.0;15.7;nan;Partially cloudy
3840086;353634;4a663a8ef964a5203ec81fe3;2018-07-31T18:30:00-04:00;24.7;0.0;18.4;nan;Partially cloudy
3844770;354517;579607a3498e62c81b38aa75;2018-04-21T21:29:00-04:00;14.0;0.0;11.3;nan;Partially cloudy
3846912;354856;4bc72ae7af07a593909c7e2d;2018-04-09T19:16:00-04:00;5.2;0.0;6.1;nan;Overcast
3846912;354856;4abe7f9ef964a520068e20e3;2018-04-09T21:48:00-04:00;6.1;0.0;13.7;nan;Overcast
3848695;355153;42daf100f964a52035261fe3;2018-04-28T16:17:00-04:00;18.3;0.0;12.7;nan;Clear
3848695;355153;49f220a3f964a520ee691fe3;2018-04-28T22:00:00-04:00;12.5;0.42;12.1;rain;Rain, Overcast
3848696;355153;4a372daef964a5203a9e1fe3;2018-05-12T20:37:00-04:00;12.4;0.0;9.3;nan;Overcast
3850925;355578;56ad8486498e66c8883eaf32;2018-04-14T00:47:00-04:00;19.2;0.0;11.7;nan;Clear
3850931;355578;53f8bf14498e7dfcd2d9df48;2018-04-29T16:20:00-04:00;13.4;0.0;19.3;nan;Partially cloudy
3850933;355578;4c7c5699aa3ba0938c9eaa74;2018-05-03T23:58:00-04:00;23.3;0.0;2.6;nan;Partially cloudy
3850934;355578;57470da2498ed71d9912da41;2018-05-05T14:22:00-04:00;23.4;0.0;3.2;nan;Partially cloudy
3850934;355578;58fdf5ec6cf01a4f54c7792b;2018-05-05T15:26:00-04:00;23.7;0.0;1.8;nan;Partially cloudy
3851428;355665;564a86c8498ea245a802f0d1;2018-05-03T18:36:00-04:00;31.4;0.0;16.6;nan;Partially cloudy
3851433;355665;579607a3498e62c81b38aa75;2018-05-17T00:25:00-04:00;13.6;0.023;4.8;rain;Rain, Overcast
3853418;355986;5b5ca54722d490002c8d4de5;2018-09-03T21:58:00-04:00;28.9;0.0;8.1;nan;Clear
3854834;356272;521cad4011d2a9c6e2c198ae;2018-04-20T23:06:00-04:00;5.8;0.0;7.1;nan;Clear
3857183;356747;55552421498e3fa10a74e4e6;2018-04-22T19:28:00-04:00;13.8;0.0;15.2;nan;Clear
3857183;356747;57218ba5498eb662eaa1e121;2018-04-22T21:02:00-04:00;12.0;0.0;11.3;nan;Clear
3857202;356747;5925bd2d4c954c35f9757608;2018-05-21T15:15:00-04:00;25.4;0.0;5.4;nan;Partially cloudy
3857214;356747;5385a684498e2379f61a25a1;2018-06-06T13:28:00-04:00;21.0;0.0;8.8;nan;Partially cloudy
3857294;356760;45e5c256f964a52046431fe3;2018-04-14T20:36:00-04:00;11.2;0.0;23.9;nan;Overcast
3857294;356760;3fd66200f964a52095e61ee3;2018-04-14T21:44:00-04:00;10.3;0.0;18.5;nan;Overcast
3860780;357382;4c545b1b479fc9280e360293;2018-04-23T15:06:00-04:00;17.6;0.0;10.7;nan;Clear
3860780;357382;4b0c5736f964a5207a3b23e3;2018-04-23T16:26:00-04:00;16.7;0.0;14.5;nan;Clear
3860780;357382;4bd763f30b779c74411005a0;2018-04-23T17:46:00-04:00;13.5;0.0;18.4;nan;Clear
3862455;357681;4a149749f964a52055781fe3;2018-07-15T15:31:00-04:00;27.3;0.0;9.5;nan;Partially cloudy
3862455;357681;4b929790f964a5209a0734e3;2018-07-15T17:54:00-04:00;28.7;0.0;11.0;nan;Partially cloudy
3862564;357698;42893400f964a52054231fe3;2018-05-31T21:36:00-04:00;18.4;0.0;3.3;nan;Overcast
3864395;358094;57f4fb59498efaaab7345b34;2018-04-19T15:06:00-04:00;5.8;1.131;21.8;rain;Rain, Overcast
3864395;358094;57a240f1cd10ed172db51626;2018-04-19T15:52:00-04:00;6.9;0.351;17.0;rain;Rain, Partially cloudy
3866447;358483;4abe7f9ef964a520068e20e3;2018-04-20T20:09:00-04:00;6.9;0.0;19.2;nan;Clear
3866572;358514;4b60c708f964a520d0f829e3;2018-04-21T02:43:00-04:00;4.6;0.0;10.6;nan;Clear
3866630;358521;4b6b5abff964a520fb022ce3;2018-08-03T19:13:00-04:00;25.8;0.0;8.8;nan;Partially cloudy
3866630;358521;4a663a8ef964a5203ec81fe3;2018-08-03T20:39:00-04:00;25.9;0.0;8.7;nan;Partially cloudy
3881451;361320;4abe7f9ef964a520068e20e3;2018-06-09T10:46:00-04:00;24.0;0.0;6.8;nan;Clear
3881659;361365;4b6b5abff964a520fb022ce3;2018-05-12T19:48:00-04:00;12.5;0.88;10.1;rain;Rain, Overcast
3881871;361403;501d3c31e4b0c3028609cc2b;2018-05-02T13:43:00-04:00;31.2;0.0;19.2;nan;Partially cloudy
3883339;361650;4c35de72452620a1ba5d270f;2018-05-02T17:23:00-04:00;31.4;0.0;20.0;nan;Partially cloudy
3883339;361650;4a675deef964a52045c91fe3;2018-05-02T20:11:00-04:00;28.7;0.0;16.5;nan;Partially cloudy
3885714;362030;42daf100f964a52035261fe3;2018-08-19T14:04:00-04:00;21.8;0.0;12.1;nan;Overcast
3885714;362030;42893400f964a52054231fe3;2018-08-19T14:38:00-04:00;21.7;0.0;10.6;nan;Overcast
3887135;362281;4fbbd9ede4b0756c0d4c2364;2018-07-05T14:20:00-04:00;31.2;0.0;8.1;nan;Partially cloudy
3887135;362281;4a3c088df964a5200ba11fe3;2018-07-05T16:59:00-04:00;30.0;0.0;13.1;nan;Clear
3893373;363462;537b5258498e262a54b47216;2018-05-25T12:11:00-04:00;28.5;0.0;13.6;nan;Partially cloudy
3893374;363462;4f22cc3fe4b0e1207fe7c676;2018-06-01T18:11:00-04:00;26.7;0.0;7.7;nan;Partially cloudy
3893374;363462;5703eda0498eeba8f55d5bb8;2018-06-01T18:16:00-04:00;26.7;0.0;7.7;nan;Partially cloudy
3893375;363462;537b5258498e262a54b47216;2018-06-15T12:09:00-04:00;22.0;0.0;11.9;nan;Overcast
3893379;363462;5b84007ba2c00b002c54b592;2018-08-28T18:26:00-04:00;33.3;0.0;14.8;nan;Partially cloudy
3893871;363536;570f9d9f498e2930e33ef486;2018-05-07T14:02:00-04:00;22.8;0.0;9.8;nan;Partially cloudy
3893871;363536;5474aaee498e92bfb294f15c;2018-05-07T17:19:00-04:00;20.8;0.0;12.8;nan;Overcast
3893872;363536;570f9d9f498e2930e33ef486;2018-05-08T14:06:00-04:00;21.6;0.0;14.8;nan;Clear
3893872;363536;57ae0be1cd100274743d07df;2018-05-08T14:18:00-04:00;21.6;0.0;14.8;nan;Clear
3893872;363536;5474aaee498e92bfb294f15c;2018-05-08T18:28:00-04:00;19.3;0.0;10.7;nan;Clear
3893872;363536;540d97b5498e05abd30fd5ca;2018-05-08T19:48:00-04:00;16.4;0.0;10.7;nan;Clear
3894898;363751;52ac8847498e1390ec3ab77e;2018-05-06T12:55:00-04:00;16.9;0.0;16.7;nan;Overcast
3894899;363751;52ac8847498e1390ec3ab77e;2018-05-19T12:08:00-04:00;11.9;0.747;13.3;rain;Rain, Overcast
3894900;363751;53c6bdaf498e69023fc5ff4f;2018-05-20T14:30:00-04:00;26.7;0.0;16.7;nan;Overcast
3894900;363751;49bd4d49f964a52065541fe3;2018-05-20T15:27:00-04:00;27.2;0.0;11.2;nan;Partially cloudy
3894901;363751;528d3763498e3be0efe0d555;2018-08-08T22:27:00-04:00;28.4;0.0;9.9;nan;Partially cloudy
3896243;363991;4b6b5abff964a520fb022ce3;2018-09-26T13:39:00-04:00;26.6;0.0;14.2;nan;Overcast
3896243;363991;4a149749f964a52055781fe3;2018-09-26T16:46:00-04:00;27.7;0.0;7.4;nan;Partially cloudy
3897227;364214;4d01634c527e236ac073c285;2018-05-09T21:33:00-04:00;14.5;0.0;3.9;nan;Clear
3899681;364714;480f463ef964a5202a4f1fe3;2018-05-11T03:02:00-04:00;16.3;0.0;2.5;nan;Partially cloudy
3900451;364848;4c35de72452620a1ba5d270f;2018-05-12T15:17:00-04:00;14.5;0.0;9.2;nan;Overcast
3900451;364848;42893400f964a52054231fe3;2018-05-12T18:13:00-04:00;13.5;0.143;12.2;rain;Rain, Overcast
3900451;364848;4bb92a9453649c74dacb47fb;2018-05-12T22:14:00-04:00;12.1;0.0;11.2;nan;Overcast
3904724;365742;593a877b6fd6265aed8d8ac9;2018-06-22T17:32:00-04:00;21.8;0.0;13.6;nan;Partially cloudy
3904724;365742;4c35de72452620a1ba5d270f;2018-06-22T17:52:00-04:00;21.8;0.0;13.6;nan;Partially cloudy
3904724;365742;576c2212498e72c8c38f1ddd;2018-06-22T21:35:00-04:00;19.9;0.0;6.2;nan;Partially cloudy
3904724;365742;4a6fa0abf964a520a4d61fe3;2018-06-22T21:37:00-04:00;19.9;0.0;6.2;nan;Partially cloudy
3910047;366785;5771fda2498e387fcf93d765;2018-07-28T18:11:00-04:00;28.2;0.0;9.3;nan;Partially cloudy
3910047;366785;503fffabe4b05e5c0eace385;2018-07-29T01:28:00-04:00;24.7;0.0;7.0;nan;Partially cloudy
3914558;367626;5362a2ae498e3b18c22334be;2018-05-26T00:08:00-04:00;25.7;0.0;18.9;nan;Clear
3914558;367626;5a5a4767c9a51738665829cf;2018-05-26T00:16:00-04:00;25.7;0.0;18.9;nan;Clear
3916551;367993;4ae8906ef964a52071b021e3;2018-05-25T17:58:00-04:00;30.0;0.0;16.9;nan;Partially cloudy
3916552;367993;5ae107ba4c9be6002c090b33;2018-05-28T14:31:00-04:00;19.6;0.0;6.3;nan;Overcast
3921631;369011;4a2f3322f964a520b6981fe3;2018-06-13T00:52:00-04:00;18.3;0.0;11.6;nan;Partially cloudy
3925608;369809;5260016311d2841d5c2d7cb7;2018-06-01T23:07:00-04:00;22.3;0.0;2.1;nan;Partially cloudy
3925732;369830;4c98d854d799a1cd97b6b552;2018-06-02T00:36:00-04:00;22.0;4243.0;2.6;rain;Rain, Partially cloudy
3925733;369830;58801864cc5b6a14dedce689;2018-06-02T14:52:00-04:00;30.4;0.0;13.9;nan;Partially cloudy
3926003;369901;4b6d9298f964a520607d2ce3;2018-06-02T01:30:00-04:00;22.0;4243.0;2.6;rain;Rain, Partially cloudy
3930323;370735;54f27deb498e47a670f5e399;2018-06-16T16:24:00-04:00;28.7;0.0;7.2;nan;Clear
3931964;371109;4a6dea38f964a52052d31fe3;2018-08-18T16:06:00-04:00;29.6;0.067;14.2;rain;Rain, Partially cloudy
3942262;373177;4aedf3c0f964a52096d021e3;2018-06-15T14:41:00-04:00;23.8;0.0;6.9;nan;Partially cloudy
3945002;373677;4a96f137f964a520a02720e3;2018-06-16T14:58:00-04:00;28.4;0.0;12.9;nan;Clear
3945002;373677;5930b23fa0215b58b023f230;2018-06-16T18:21:00-04:00;28.9;0.0;4.5;nan;Partially cloudy
3945004;373677;4ba4215ff964a5208f8438e3;2018-07-15T19:30:00-04:00;27.8;0.0;10.8;nan;Clear
3945006;373677;4b829e60f964a52007db30e3;2018-08-18T17:44:00-04:00;27.3;0.0;23.4;nan;Overcast
3945006;373677;3fd66200f964a5202ce71ee3;2018-08-18T20:21:00-04:00;23.6;0.312;4.2;rain;Rain, Overcast
3948894;374310;42893400f964a52054231fe3;2018-06-17T20:37:00-04:00;26.4;0.0;4.3;nan;Partially cloudy
3951425;374834;5a25d4e6e65d0c0638925679;2018-06-27T21:29:00-04:00;21.6;0.0;18.7;nan;Overcast
3951565;374864;4c7d4f1b8da18cfa1afc9ece;2018-08-16T23:30:00-04:00;28.5;0.0;5.1;nan;Clear
3951992;374960;4a75e7aef964a52098e11fe3;2018-06-23T15:18:00-04:00;17.9;0.0;11.9;nan;Overcast
3951992;374960;58fd2804f79faa1c9cb04e81;2018-06-23T15:48:00-04:00;18.6;0.0;12.7;nan;Overcast
3951994;374960;53b2aa81498e6744c355ec9f;2018-06-29T17:18:00-04:00;31.7;0.0;15.6;nan;Clear
3956015;375812;5a382327dee7707dd4842ab8;2018-06-23T18:24:00-04:00;18.7;0.0;7.1;nan;Overcast
3956016;375812;4bd9259267b49c7480832214;2018-06-24T15:54:00-04:00;27.6;0.0;13.2;nan;Partially cloudy
3956019;375812;534812c9498ea391fbd552eb;2018-07-08T19:29:00-04:00;25.0;0.0;6.4;nan;Clear
3956019;375812;49c65f17f964a5203c571fe3;2018-07-09T01:31:00-04:00;20.2;0.0;6.9;nan;Clear
3956026;375812;3fd66200f964a52044e91ee3;2018-07-22T20:11:00-04:00;23.8;0.115;14.2;rain;Rain, Overcast
3956026;375812;534812c9498ea391fbd552eb;2018-07-22T20:41:00-04:00;24.5;3.832;16.6;rain;Rain, Overcast
3959016;376414;3fd66200f964a52037e31ee3;2018-07-27T03:45:00-04:00;25.4;0.0;8.4;nan;Clear
3959016;376414;4d03ae3437036dcbfba10bfb;2018-07-27T04:08:00-04:00;25.4;0.0;8.4;nan;Clear
3959017;376414;3fd66200f964a52037e31ee3;2018-08-08T04:21:00-04:00;25.1;0.0;3.3;nan;Clear
3959288;376465;4d0a945ef2c1236a74ccfc56;2018-06-29T13:33:00-04:00;31.0;0.0;12.8;nan;Clear
3959288;376465;4e0f2be5c65ba20da2275120;2018-06-29T19:21:00-04:00;30.6;0.0;13.4;nan;Partially cloudy
3959288;376465;56d1c7e2cd105fe2c5c705b6;2018-06-29T20:01:00-04:00;30.3;0.0;6.2;nan;Clear
3959288;376465;596e8fbd6f706a4c51646b72;2018-06-29T21:36:00-04:00;28.2;0.0;8.8;nan;Partially cloudy
3963203;377367;57755749498ea36b4bc9a775;2018-06-28T23:06:00-04:00;24.5;0.0;9.5;nan;Clear
3963203;377367;4a47e9f5f964a52048aa1fe3;2018-06-28T23:12:00-04:00;24.5;0.0;9.5;nan;Clear
3963203;377367;4ac2d629f964a520d79a20e3;2018-06-28T23:28:00-04:00;24.5;0.0;9.5;nan;Clear
3965365;377850;3fd66200f964a520b2ea1ee3;2018-07-24T23:10:00-04:00;25.1;0.0;12.2;nan;Overcast
3965694;377926;42893400f964a52054231fe3;2018-06-30T17:40:00-04:00;33.7;0.0;9.2;nan;Clear
3965694;377926;4a44cd95f964a5208fa71fe3;2018-06-30T20:21:00-04:00;32.0;0.0;11.3;nan;Clear
3969066;378663;5459292b498e72e209527504;2018-07-03T10:49:00-04:00;31.7;0.0;7.1;nan;Clear
3969067;378663;4d617fdfb6b9a1cd8d098851;2018-07-04T21:25:00-04:00;26.6;0.0;7.7;nan;Partially cloudy
3970384;378941;57acc558498e036ce8f2b0b4;2018-07-04T17:41:00-04:00;28.2;0.0;5.0;nan;Partially cloudy
3972046;379394;4a00def5f964a520b9701fe3;2018-08-26T21:29:00-04:00;27.5;0.0;12.2;nan;Partially cloudy
3972050;379394;4bd8feaae914a593356d55fa;2018-09-02T21:38:00-04:00;24.7;0.0;4.8;nan;Partially cloudy
3972050;379394;42893400f964a52054231fe3;2018-09-02T21:56:00-04:00;24.7;0.0;4.8;nan;Partially cloudy
3973228;379658;5b05dae2ee628b002d09c160;2018-09-15T14:04:00-04:00;25.7;0.0;7.6;nan;Partially cloudy
3975990;380329;40f5c900f964a520a30a1fe3;2018-08-11T20:26:00-04:00;23.5;0.0;2.1;nan;Overcast
3976860;380538;564145c5498eaae7ad4028da;2018-10-16T23:03:00-04:00;10.8;0.0;19.9;nan;Partially cloudy
3976863;380538;57470da2498ed71d9912da41;2018-10-19T18:49:00-04:00;13.7;0.0;23.7;nan;Partially cloudy
3978483;380931;4a118d01f964a52023771fe3;2018-08-18T21:25:00-04:00;23.6;0.067;6.9;rain;Rain, Overcast
3978483;380931;4b996536f964a520467835e3;2018-08-18T21:31:00-04:00;23.5;0.0;10.1;nan;Overcast
3978483;380931;59822ae4e97dfb6a1519825b;2018-08-18T22:04:00-04:00;23.5;0.0;10.1;nan;Overcast
3978489;380931;59822ae4e97dfb6a1519825b;2018-09-29T18:07:00-04:00;21.2;0.0;14.8;nan;Partially cloudy
3978489;380931;59287ec99cadd905284e4052;2018-09-29T19:52:00-04:00;19.2;0.0;9.5;nan;Partially cloudy
3979999;381270;57ab90ca498e7d61e13a6985;2018-08-04T02:07:00-04:00;25.0;0.0;12.1;nan;Partially cloudy
3980758;381449;49f220a3f964a520ee691fe3;2018-07-15T17:13:00-04:00;28.6;0.0;7.9;nan;Partially cloudy
3980758;381449;4ad35d08f964a520fae320e3;2018-07-15T18:53:00-04:00;27.8;0.0;10.8;nan;Clear
3980994;381500;4b6b5abff964a520fb022ce3;2018-07-21T20:18:00-04:00;21.2;0.08;22.5;rain;Rain, Overcast
3980994;381500;510ad6e2e4b0a2ecec03b322;2018-07-22T03:25:00-04:00;22.6;2.39;38.4;rain;Rain, Overcast
3980995;381500;50ca02c7245f2d4aa8c2cc9b;2018-07-22T14:52:00-04:00;26.2;0.0;14.0;nan;Overcast
3982277;381794;559ecd00498e965ccd39ea9f;2018-08-07T19:22:00-04:00;29.6;0.0;7.0;nan;Partially cloudy
3982277;381794;4b40cf3df964a5206bbb25e3;2018-08-07T21:34:00-04:00;24.2;0.0;7.5;nan;Partially cloudy
3983174;382024;4abe7f9ef964a520068e20e3;2018-10-19T18:00:00-04:00;13.5;0.0;17.9;nan;Partially cloudy
3983174;382024;58801864cc5b6a14dedce689;2018-10-19T19:51:00-04:00;13.5;0.0;19.6;nan;Partially cloudy
3984262;382264;4a807ab1f964a52067f51fe3;2018-09-18T02:17:00-04:00;24.0;0.0;8.2;nan;Overcast
3991413;384032;42893400f964a52054231fe3;2018-07-30T02:06:00-04:00;23.7;0.0;3.3;nan;Clear
3996328;385219;43334580f964a52013281fe3;2018-08-02T18:16:00-04:00;29.7;0.0;6.6;nan;Partially cloudy
3997290;385453;49bc236af964a5201b541fe3;2018-07-31T00:08:00-04:00;21.5;0.0;1.7;nan;Clear
3998656;385794;4e70a36d922e8e01baadf45c;2018-09-01T18:55:00-04:00;23.3;0.0;5.9;nan;Overcast
3998656;385794;4a675deef964a52045c91fe3;2018-09-01T19:45:00-04:00;22.5;0.0;6.4;nan;Partially cloudy
3998656;385794;4b3abe48f964a520b96d25e3;2018-09-01T22:13:00-04:00;22.0;0.0;7.0;nan;Overcast
3999100;385919;4b996536f964a520467835e3;2018-08-20T19:56:00-04:00;21.7;0.0;2.6;nan;Partially cloudy
3999100;385919;4abe7f9ef964a520068e20e3;2018-08-20T21:49:00-04:00;22.0;0.0;3.3;nan;Overcast
3999100;385919;4c1164576e5dc9b69506b02d;2018-08-20T22:37:00-04:00;21.6;0.0;7.6;nan;Partially cloudy
4001572;386604;4f22ca77e4b0ed3396a83a05;2018-08-04T21:46:00-04:00;27.6;0.0;8.2;nan;Partially cloudy
4001572;386604;556cb8c6498e751e51fbcf41;2018-08-04T22:05:00-04:00;27.6;0.0;8.2;nan;Partially cloudy
4001572;386604;4fadc40de4b0efef5e702b95;2018-08-04T22:54:00-04:00;27.1;0.0;4.9;nan;Partially cloudy
4003083;387076;571fc242498ead274d034e90;2018-08-08T20:00:00-04:00;28.6;0.0;8.7;nan;Partially cloudy
4007994;388492;4a4115a8f964a520c0a41fe3;2018-08-12T18:58:00-04:00;26.4;0.0;10.0;nan;Partially cloudy
4008056;388511;4c374bf80a71c9b6f2893ec9;2018-08-14T18:27:00-04:00;23.7;0.252;8.7;rain;Rain, Partially cloudy
4008058;388511;575dea4c498e2739e43a27e2;2018-08-19T23:48:00-04:00;21.9;0.0;12.5;nan;Overcast
4008068;388511;57224166498e768a5d14d00e;2018-09-18T15:23:00-04:00;22.0;8523.0;8.8;rain;Rain, Overcast
4008068;388511;5453da03498eb158b5bbb37d;2018-09-18T18:01:00-04:00;22.2;0.0;8.1;nan;Partially cloudy
4008070;388511;590a00e74febd55af43a8267;2018-09-21T22:59:00-04:00;22.0;0.0;9.4;nan;Overcast
4008071;388511;5824f9a470fc420660d82754;2018-09-23T20:00:00-04:00;18.1;0.0;3.8;nan;Overcast
4008072;388511;57224166498e768a5d14d00e;2018-09-24T13:52:00-04:00;20.5;0.0;23.8;nan;Partially cloudy
4008073;388511;584067e6b50d521817d726a1;2018-09-25T18:39:00-04:00;22.8;1.517;4.0;rain;Rain, Overcast
4008073;388511;4c154c9a77cea593c401d260;2018-09-26T22:30:00-04:00;22.8;1.782;16.8;rain;Rain, Overcast
4008074;388511;57224166498e768a5d14d00e;2018-09-27T15:32:00-04:00;22.1;0.0;10.3;nan;Partially cloudy
4008077;388511;4c374bf80a71c9b6f2893ec9;2018-10-03T19:20:00-04:00;21.5;0.0;8.2;nan;Clear
4008078;388511;560d1028498eee2df9f982f0;2018-10-04T18:58:00-04:00;23.3;0.0;3.0;nan;Overcast
4014256;390302;4a4eb977f964a520f8ae1fe3;2018-09-03T00:08:00-04:00;25.0;0.0;9.1;nan;Overcast
4014257;390302;5b09e1d459c423002c07fe5a;2018-09-05T17:45:00-04:00;29.0;0.0;11.9;nan;Clear
4014269;390302;4f6a28d5e4b085e9a4b3c5e1;2018-10-07T19:55:00-04:00;25.0;0.0;0.9;nan;Clear
4014271;390302;5418490f498e4d3bb75c7bcc;2018-10-14T16:04:00-04:00;14.1;0.0;13.3;nan;Partially cloudy
4016946;391124;49c65aa8f964a52038571fe3;2018-08-26T01:31:00-04:00;21.5;0.0;5.4;nan;Partially cloudy
4016946;391124;3fd66200f964a5206be61ee3;2018-08-26T03:56:00-04:00;21.7;0.0;2.9;nan;Partially cloudy
4016949;391124;53a5f4f0498e1d1f0be9ad8e;2018-08-29T19:24:00-04:00;33.1;0.0;15.0;nan;Clear
4016949;391124;3fd66200f964a520ede41ee3;2018-08-29T20:31:00-04:00;32.2;0.0;11.8;nan;Clear
4016949;391124;49f39795f964a520bd6a1fe3;2018-08-29T20:39:00-04:00;32.2;0.0;11.8;nan;Clear
4016950;391124;4b40cf3df964a5206bbb25e3;2018-08-30T22:08:00-04:00;28.0;0.0;9.8;nan;Partially cloudy
4016950;391124;4b55cd09f964a520acf027e3;2018-08-30T22:40:00-04:00;27.4;0.0;10.0;nan;Partially cloudy
4016951;391124;560d4a8e498e4a741d8a2c89;2018-08-31T22:02:00-04:00;22.4;0.0;19.3;nan;Overcast
4016957;391124;59bbdbda26659b702aa26472;2018-09-11T21:28:00-04:00;22.6;0.0;2.4;nan;Overcast
4016957;391124;3fd66200f964a520ede41ee3;2018-09-11T22:57:00-04:00;22.8;0.0;2.6;nan;Overcast
4016957;391124;3fd66200f964a52033eb1ee3;2018-09-11T23:38:00-04:00;22.9;0.0;1.2;nan;Overcast
4016958;391124;4bf1ae60324cc9b6b652cc92;2018-09-12T22:34:00-04:00;22.5;0.0;14.3;nan;Overcast
4016958;391124;59ad9de7d3cce86105d77b45;2018-09-13T00:47:00-04:00;21.9;0.0;15.9;nan;Overcast
4018464;391585;5985db5e4420d80bedd5e6ef;2018-09-13T17:37:00-04:00;23.6;0.0;14.8;nan;Overcast
4018466;391585;4ae8906ef964a52071b021e3;2018-09-27T16:52:00-04:00;20.8;0.0;11.0;nan;Partially cloudy
4018467;391585;5824f9a470fc420660d82754;2018-09-30T23:11:00-04:00;18.6;0.0;4.0;nan;Clear
4018469;391585;4c374bf80a71c9b6f2893ec9;2018-10-17T16:51:00-04:00;16.4;0.0;30.3;nan;Partially cloudy
4019336;391880;4a59f31df964a52095b91fe3;2018-08-30T11:36:00-04:00;30.3;0.0;24.1;nan;Partially cloudy
4019336;391880;540dad2e498ee75cf362403a;2018-08-30T12:20:00-04:00;30.3;0.0;24.1;nan;Partially cloudy
4019336;391880;4e11f28ed1647a0fff851926;2018-08-30T16:27:00-04:00;30.8;0.0;15.6;nan;Partially cloudy
4019336;391880;4e1bc07fa809bd1305bff584;2018-08-30T16:44:00-04:00;30.7;0.0;10.1;nan;Clear
4021885;392719;431f7f00f964a52085271fe3;2018-10-01T14:53:00-04:00;23.7;0.0;2.7;nan;Overcast
4021885;392719;5984eeb39be522744003dee5;2018-10-01T22:32:00-04:00;22.2;0.0;3.4;nan;Overcast
4021886;392719;431f7f00f964a52085271fe3;2018-10-03T14:55:00-04:00;23.5;0.0;11.3;nan;Partially cloudy
4022784;393003;49d14433f964a5206c5b1fe3;2018-09-10T21:33:00-04:00;17.8;913.0;18.8;rain;Rain, Overcast
4022784;393003;57470da2498ed71d9912da41;2018-09-10T22:06:00-04:00;17.8;913.0;18.8;rain;Rain, Overcast
4023209;393134;4e1afc327d8bb17ec6399698;2018-09-11T17:56:00-04:00;23.1;0.0;7.3;nan;Overcast
4023538;393240;4ad46a75f964a520cde720e3;2018-09-06T15:59:00-04:00;33.7;0.0;24.6;nan;Partially cloudy
4024048;393412;4ddd27fe22713339cd2601e9;2018-09-13T15:44:00-04:00;23.6;0.0;16.9;nan;Overcast
4024048;393412;4bc24023461576b056237d32;2018-09-13T15:53:00-04:00;23.6;0.0;16.9;nan;Overcast
4025434;393820;509fd01de4b070da0a9d3c24;2018-09-09T19:10:00-04:00;15.0;923.0;15.7;rain;Rain, Overcast
4029466;395212;59d51784396de03135fa2a9e;2018-09-20T01:53:00-04:00;20.2;0.0;12.8;nan;Overcast
4030754;395663;3fd66200f964a5202ce71ee3;2018-09-25T00:49:00-04:00;16.3;0.0;18.9;nan;Overcast
4031110;395809;4e4190fafa762ad6d846f883;2018-09-23T14:48:00-04:00;18.6;0.0;4.4;nan;Partially cloudy
4031110;395809;58fe4e1d6bd36b2d9d5c44ce;2018-09-23T17:59:00-04:00;18.3;0.0;5.7;nan;Overcast
4033495;396788;5bac05134b78c5002c40ac63;2018-09-29T17:53:00-04:00;21.2;0.0;14.8;nan;Partially cloudy
4033495;396788;56340350498e3714da69b1a4;2018-09-29T18:51:00-04:00;20.0;0.0;10.2;nan;Partially cloudy
4033996;397001;5b4169604a1cc0002c9bdb7c;2018-10-12T23:43:00-04:00;11.1;0.0;5.0;nan;Partially cloudy
4033996;397001;4e5ecc4a52b1425a3776f4db;2018-10-13T01:33:00-04:00;11.0;0.0;11.8;nan;Partially cloudy
4034420;397201;57c43c98498e2696b402a527;2018-10-02T23:39:00-04:00;18.7;3.791;10.8;rain;Rain, Overcast
4034421;397201;57c43c98498e2696b402a527;2018-10-04T01:20:00-04:00;17.3;0.0;1.2;nan;Clear
4036129;397967;42893400f964a52054231fe3;2018-10-06T21:16:00-04:00;19.0;0.0;5.3;nan;Overcast
