trail_id,user_id,num_poi,poi_id,timestamp,rating,temp,precip,windspeed,preciptype,conditions,city
1790507,101817,poi_1,4b243a7df964a520356424e3,2017-10-09T21:09:00,6.5,18.4,0.0,5.4,,Partially cloudy,Tokyo
1790507,101817,poi_2,4b19f917f964a520abe623e3,2017-10-09T21:54:00,7.8,19.7,0.0,3.6,,Clear,Tokyo
1790507,101817,poi_3,4b59843ff964a520da8a28e3,2017-10-09T21:56:00,7.5,19.7,0.0,3.6,,Clear,Tokyo
1790507,101817,poi_4,4b5ab7bff964a520eed128e3,2017-10-09T22:11:00,8.5,19.7,0.0,3.6,,Clear,Tokyo
1790507,101817,poi_5,4e5466d845dd5c591f4a1f09,2017-10-09T22:28:00,-1.0,19.7,0.0,3.6,,Clear,Tokyo
1790507,101817,poi_6,54866205498e6510cc2c7885,2017-10-09T23:11:00,-1.0,22.2,0.0,3.7,,Clear,Tokyo
1790507,101817,poi_7,4b52c581f964a520c28727e3,2017-10-09T23:34:00,-1.0,23.6,0.0,5.5,,Partially cloudy,Tokyo
1790507,101817,poi_8,4b64fbc9f964a520b0dd2ae3,2017-10-10T00:01:00,-1.0,23.6,0.0,5.5,,Partially cloudy,Tokyo
1790507,101817,poi_9,5025ef85e4b063baa09c06df,2017-10-10T00:08:00,7.3,23.6,0.0,5.5,,Partially cloudy,Tokyo
1790507,101817,poi_10,4b093eeff964a520e51423e3,2017-10-10T00:26:00,6.7,23.6,0.0,5.5,,Partially cloudy,Tokyo
1790507,101817,poi_11,4b243a7df964a520356424e3,2017-10-10T00:47:00,6.5,24.8,0.0,3.7,,Clear,Tokyo
1790523,101817,poi_1,4b55670ff964a52071e327e3,2017-11-13T20:23:00,8.5,10.9,0.0,9.3,,Overcast,Tokyo
1790523,101817,poi_2,4b5ab7bff964a520eed128e3,2017-11-13T20:35:00,8.5,10.4,0.0,5.5,,Partially cloudy,Tokyo
1790523,101817,poi_3,57832089498e4ac4106ec108,2017-11-13T20:42:00,7.6,10.4,0.0,5.5,,Partially cloudy,Tokyo
1790523,101817,poi_4,4b0587a6f964a5203d9e22e3,2017-11-13T21:20:00,7.1,10.4,0.0,5.5,,Partially cloudy,Tokyo
1790523,101817,poi_5,4df47c74d4c01ff6b2eff9d8,2017-11-13T21:31:00,-1.0,11.3,0.0,11.3,,Overcast,Tokyo
1790523,101817,poi_6,4b0587a6f964a5203e9e22e3,2017-11-13T22:19:00,7.9,11.3,0.0,11.3,,Overcast,Tokyo
1790523,101817,poi_7,4b19f917f964a520abe623e3,2017-11-13T22:31:00,7.8,11.4,0.0,7.8,,Overcast,Tokyo
1790523,101817,poi_8,4b55670ff964a52071e327e3,2017-11-13T22:35:00,8.5,11.4,0.0,7.8,,Overcast,Tokyo
1790523,101817,poi_9,4b612ca0f964a520fa0b2ae3,2017-11-13T22:59:00,8.3,11.4,0.0,7.8,,Overcast,Tokyo
1790523,101817,poi_10,4b5ab7bff964a520eed128e3,2017-11-13T23:14:00,8.5,11.4,0.0,7.8,,Overcast,Tokyo
1790523,101817,poi_11,4f502b8de4b0a637ab34f0e3,2017-11-14T00:58:00,8.8,13.1,0.0,7.5,,Overcast,Tokyo
1790532,101817,poi_1,4b2438f3f964a520116424e3,2017-11-30T20:00:00,-1.0,7.9,0.0,9.4,,Overcast,Tokyo
1790532,101817,poi_2,4b243a7df964a520356424e3,2017-11-30T20:13:00,6.5,7.9,0.0,9.4,,Overcast,Tokyo
1790532,101817,poi_3,4b1f4464f964a520372524e3,2017-11-30T21:09:00,6.0,7.9,0.0,5.6,,Overcast,Tokyo
1790532,101817,poi_4,4b6cedcef964a520825e2ce3,2017-11-30T21:22:00,8.8,7.9,0.0,5.6,,Overcast,Tokyo
1790532,101817,poi_5,4b2ce89af964a5209dca24e3,2017-11-30T22:01:00,5.4,7.6,0.0,9.4,,Overcast,Tokyo
1790532,101817,poi_6,4b385a52f964a520b44d25e3,2017-11-30T22:13:00,5.7,7.6,0.0,9.4,,Overcast,Tokyo
1790532,101817,poi_7,4b5aa058f964a52068ce28e3,2017-12-01T16:39:00,7.7,7.1,0.0,5.7,,Partially cloudy,Tokyo
1790532,101817,poi_8,4b19f917f964a520abe623e3,2017-12-01T18:07:00,7.8,6.6,0.0,9.4,,Partially cloudy,Tokyo
1790532,101817,poi_9,50da71d9498e6fa64e69bc7b,2017-12-01T18:25:00,6.1,6.6,0.0,9.4,,Partially cloudy,Tokyo
1790532,101817,poi_10,592ef696b1538e78d4872542,2017-12-01T19:38:00,7.4,5.2,0.0,5.6,,Clear,Tokyo
1790532,101817,poi_11,4b47db98f964a520ce4126e3,2017-12-01T21:55:00,7.0,4.9,0.0,3.9,,Clear,Tokyo
1790532,101817,poi_12,589871463bd4ab768af668b6,2017-12-01T22:36:00,-1.0,5.7,0.0,7.7,,Partially cloudy,Tokyo
1790549,101817,poi_1,4b80d935f964a520e38e30e3,2018-01-10T17:14:00,-1.0,4.7,0.0,11.3,,Clear,Tokyo
1790549,101817,poi_2,4e4788cf62e148603b81d924,2018-01-10T17:41:00,7.6,4.3,0.0,11.2,,Clear,Tokyo
1790549,101817,poi_3,4ce62908595cb1f75ac4ba14,2018-01-10T18:33:00,5.9,3.8,0.0,7.6,,Clear,Tokyo
1790549,101817,poi_4,4b19f917f964a520abe623e3,2018-01-10T18:36:00,7.8,3.8,0.0,7.6,,Clear,Tokyo
1790549,101817,poi_5,4b0587a6f964a5203d9e22e3,2018-01-10T18:54:00,7.1,3.8,0.0,7.6,,Clear,Tokyo
1790549,101817,poi_6,4b62dc94f964a5200e562ae3,2018-01-10T19:02:00,8.2,3.8,0.0,7.6,,Clear,Tokyo
1790549,101817,poi_7,4b556e1ef964a52016e427e3,2018-01-10T19:17:00,8.3,3.8,0.0,7.6,,Clear,Tokyo
1790549,101817,poi_8,4b5d8085f964a520295f29e3,2018-01-10T19:41:00,8.3,3.0,0.0,3.8,,Clear,Tokyo
1790549,101817,poi_9,4b0587a6f964a5203d9e22e3,2018-01-10T20:04:00,7.1,3.0,0.0,3.8,,Clear,Tokyo
1790549,101817,poi_10,4bd557cc6798ef3b4735638d,2018-01-10T20:17:00,6.1,3.0,0.0,3.8,,Clear,Tokyo
1790549,101817,poi_11,4b5aa9d9f964a520edcf28e3,2018-01-10T20:32:00,8.4,2.8,0.0,7.5,,Clear,Tokyo
1790549,101817,poi_12,4b093eeff964a520e51423e3,2018-01-10T20:41:00,6.7,2.8,0.0,7.5,,Clear,Tokyo
1790549,101817,poi_13,4b52c581f964a520c28727e3,2018-01-10T21:14:00,-1.0,2.8,0.0,7.5,,Clear,Tokyo
1790549,101817,poi_14,4b80d935f964a520e38e30e3,2018-01-10T21:18:00,-1.0,2.8,0.0,7.5,,Clear,Tokyo
1790549,101817,poi_15,4b5ab0ddf964a520f5d028e3,2018-01-10T22:11:00,8.5,1.8,0.005,1.9,"rain,snow","Snow, Rain",Tokyo
1790557,101817,poi_1,4b79d086f964a520de132fe3,2018-01-26T17:26:00,-1.0,-1.0,0.0,11.3,,Clear,Tokyo
1790557,101817,poi_2,4b38b418f964a520914f25e3,2018-01-26T17:45:00,5.6,-1.2,0.0,9.5,,Clear,Tokyo
1790557,101817,poi_3,54866205498e6510cc2c7885,2018-01-26T17:55:00,-1.0,-1.2,0.0,9.5,,Clear,Tokyo
1790557,101817,poi_4,4e5466d845dd5c591f4a1f09,2018-01-26T18:36:00,-1.0,-1.5,0.0,12.9,,Clear,Tokyo
1790557,101817,poi_5,4b59843ff964a520da8a28e3,2018-01-26T20:07:00,7.5,-0.5,0.0,14.6,,Clear,Tokyo
1790557,101817,poi_6,4b0587a6f964a5203d9e22e3,2018-01-31T17:44:00,7.1,3.1,0.0,9.2,,Partially cloudy,Tokyo
1790557,101817,poi_7,4b5c179ff964a520da2329e3,2018-01-31T17:51:00,6.7,3.1,0.0,9.2,,Partially cloudy,Tokyo
1790557,101817,poi_8,4b52d37af964a520ca8827e3,2018-01-31T17:59:00,6.4,3.1,0.0,9.2,,Partially cloudy,Tokyo
1790557,101817,poi_9,4b556e1ef964a52016e427e3,2018-01-31T18:28:00,8.3,3.1,0.0,9.2,,Partially cloudy,Tokyo
1790557,101817,poi_10,4b5c179ff964a520da2329e3,2018-01-31T18:32:00,6.7,3.1,0.0,7.5,,Clear,Tokyo
1790557,101817,poi_11,4b243a7df964a520356424e3,2018-01-31T19:07:00,6.5,3.1,0.0,7.5,,Clear,Tokyo
1790557,101817,poi_12,4b653734f964a52042e92ae3,2018-01-31T19:19:00,7.8,3.1,0.0,7.5,,Clear,Tokyo
1790560,101817,poi_1,4b243a7df964a520356424e3,2018-02-07T18:03:00,6.5,0.5,0.0,5.5,,Clear,Tokyo
1790560,101817,poi_2,4b093eeff964a520e51423e3,2018-02-07T18:24:00,6.7,0.5,0.0,5.5,,Clear,Tokyo
1790560,101817,poi_3,4b7fc151f964a5205b3c30e3,2018-02-07T18:31:00,5.2,0.1,0.0,5.4,,Clear,Tokyo
1790560,101817,poi_4,4b863a20f964a5203e8331e3,2018-02-07T18:57:00,-1.0,0.1,0.0,5.4,,Clear,Tokyo
1790560,101817,poi_5,4b52c581f964a520c28727e3,2018-02-07T19:27:00,-1.0,0.1,0.0,5.4,,Clear,Tokyo
1790560,101817,poi_6,54866205498e6510cc2c7885,2018-02-07T19:32:00,-1.0,0.1,0.0,7.5,,Clear,Tokyo
1790560,101817,poi_7,4e5466d845dd5c591f4a1f09,2018-02-07T20:03:00,-1.0,0.1,0.0,7.5,,Clear,Tokyo
1790560,101817,poi_8,4b0dfb78f964a520815323e3,2018-02-07T21:33:00,-1.0,0.1,0.0,5.6,,Clear,Tokyo
1790560,101817,poi_9,4b4122c2f964a520d6c125e3,2018-02-07T22:59:00,-1.0,2.0,0.0,5.5,,Clear,Tokyo
1790560,101817,poi_10,4b54fe62f964a52000d727e3,2018-02-07T23:13:00,-1.0,2.0,0.0,5.5,,Clear,Tokyo
1790560,101817,poi_11,4b243a7df964a520356424e3,2018-02-08T04:27:00,6.5,7.5,0.0,7.6,,Clear,Tokyo
1790560,101817,poi_12,4c88dd1c7223b1f7e2c52ea8,2018-02-08T04:31:00,-1.0,8.0,0.0,7.7,,Partially cloudy,Tokyo
1790566,101817,poi_1,4b6e3e46f964a520e2b32ce3,2018-02-22T17:14:00,5.7,1.9,0.0,11.2,,Overcast,Tokyo
1790566,101817,poi_2,4b79d086f964a520de132fe3,2018-02-22T17:24:00,-1.0,1.9,0.0,11.2,,Overcast,Tokyo
1790566,101817,poi_3,4b752765f964a52068ff2de3,2018-02-22T17:41:00,-1.0,1.9,0.002,7.7,"rain,snow","Snow, Rain, Overcast",Tokyo
1790566,101817,poi_4,4b2ef5adf964a520bce824e3,2018-02-22T17:59:00,-1.0,1.9,0.002,7.7,"rain,snow","Snow, Rain, Overcast",Tokyo
1790566,101817,poi_5,57e613a3498e947107dc1d4d,2018-02-22T21:49:00,-1.0,1.9,0.0,11.0,,Overcast,Tokyo
1790566,101817,poi_6,4b6a97d2f964a520a6d92be3,2018-02-22T22:28:00,-1.0,1.9,0.0,11.0,,Overcast,Tokyo
1790566,101817,poi_7,4b612ca0f964a520fa0b2ae3,2018-02-22T22:40:00,8.3,2.1,0.002,7.7,rain,"Rain, Overcast",Tokyo
1790566,101817,poi_8,4b5ab7bff964a520eed128e3,2018-02-22T22:52:00,8.5,2.1,0.002,7.7,rain,"Rain, Overcast",Tokyo
1790566,101817,poi_9,4b59843ff964a520da8a28e3,2018-02-22T22:57:00,7.5,2.1,0.002,7.7,rain,"Rain, Overcast",Tokyo
1790566,101817,poi_10,4ce62908595cb1f75ac4ba14,2018-02-22T23:06:00,5.9,2.1,0.002,7.7,rain,"Rain, Overcast",Tokyo
1790566,101817,poi_11,4ce5d291f1912d4373d5bf09,2018-02-22T23:09:00,6.3,2.1,0.002,7.7,rain,"Rain, Overcast",Tokyo
1790566,101817,poi_12,4b5bab10f964a520e00e29e3,2018-02-23T02:52:00,5.9,5.4,0.0,9.3,,Partially cloudy,Tokyo
1790566,101817,poi_13,4b9b0e62f964a52043ef35e3,2018-02-23T03:06:00,-1.0,5.4,0.0,9.3,,Partially cloudy,Tokyo
1846519,105788,poi_1,4b22504cf964a520704524e3,2017-10-13T18:11:00,5.6,14.2,8.948,9.4,rain,"Rain, Overcast",Tokyo
1846519,105788,poi_2,4b545885f964a5202eb827e3,2017-10-13T18:33:00,6.6,14.2,0.0,7.6,,Overcast,Tokyo
1846519,105788,poi_3,4fdb111ee4b024392426b175,2017-10-13T18:54:00,-1.0,14.2,0.0,7.6,,Overcast,Tokyo
1846519,105788,poi_4,4f751d1fe4b0e09b8aa00420,2017-10-13T19:45:00,8.1,14.2,0.0,11.2,,Overcast,Tokyo
1846519,105788,poi_5,4f84017f6d862d31a6a3191f,2017-10-13T23:08:00,5.2,14.1,0.0,5.6,,Overcast,Tokyo
1846519,105788,poi_6,4b19f917f964a520abe623e3,2017-10-14T00:48:00,7.8,14.4,0.0,11.1,,Overcast,Tokyo
1846519,105788,poi_7,4b5ab7bff964a520eed128e3,2017-10-14T00:56:00,8.5,14.4,0.0,11.1,,Overcast,Tokyo
1846519,105788,poi_8,4b612ca0f964a520fa0b2ae3,2017-10-14T01:28:00,8.3,14.4,0.0,11.1,,Overcast,Tokyo
1846519,105788,poi_9,4b595505f964a520528528e3,2017-10-14T02:09:00,5.7,14.9,0.0,5.6,,Overcast,Tokyo
1846519,105788,poi_10,4b603902f964a520a4da29e3,2017-10-14T02:36:00,-1.0,14.9,0.0,5.6,,Overcast,Tokyo
1846519,105788,poi_11,4b24e5a2f964a520636a24e3,2017-10-14T03:50:00,5.6,14.4,0.0,7.7,,Overcast,Tokyo
1846519,105788,poi_12,4b42a9c9f964a5206dd825e3,2017-10-14T04:03:00,5.7,14.4,0.0,7.7,,Overcast,Tokyo
1846519,105788,poi_13,4c6fb4d7d7fab1f710255cc9,2017-10-14T04:27:00,5.6,14.4,0.0,7.7,,Overcast,Tokyo
1846536,105788,poi_1,4fc6fbfee4b074a6795944c1,2017-11-11T16:10:00,7.9,11.2,0.0,16.7,,Clear,Tokyo
1846536,105788,poi_2,4ce4f953b43737046644f6ce,2017-11-11T16:37:00,-1.0,10.9,0.0,18.6,,Clear,Tokyo
1846536,105788,poi_3,4e695270091a21b6d7c159a9,2017-11-11T17:03:00,6.6,10.9,0.0,18.6,,Clear,Tokyo
1846536,105788,poi_4,4b52c581f964a520c28727e3,2017-11-11T17:36:00,-1.0,10.6,0.0,13.3,,Clear,Tokyo
1846536,105788,poi_5,4b612ca0f964a520fa0b2ae3,2017-11-11T17:58:00,8.3,10.6,0.0,13.3,,Clear,Tokyo
1846536,105788,poi_6,4b5bd76ef964a520411929e3,2017-11-11T18:21:00,-1.0,10.6,0.0,13.3,,Clear,Tokyo
1846536,105788,poi_7,4bd82e1e0b779c74318006a0,2017-11-11T18:41:00,-1.0,10.4,0.0,14.7,,Clear,Tokyo
1846536,105788,poi_8,4beca0228bbcc92817958cb1,2017-11-11T20:12:00,6.0,10.6,0.0,16.5,,Clear,Tokyo
1846536,105788,poi_9,58e0b3d719b1ad32c1d9c543,2017-11-11T20:30:00,5.6,10.6,0.0,16.5,,Clear,Tokyo
1846536,105788,poi_10,4b5ab7bff964a520eed128e3,2017-11-11T21:56:00,8.5,10.6,0.0,13.1,,Clear,Tokyo
1846536,105788,poi_11,4b6f61e5f964a52024ee2ce3,2017-11-11T22:15:00,-1.0,10.6,0.0,13.1,,Clear,Tokyo
1846536,105788,poi_12,4bbac8b753649c742f7249fb,2017-11-11T22:49:00,-1.0,11.8,0.0,18.3,,Clear,Tokyo
1846536,105788,poi_13,4b52c581f964a520c28727e3,2017-11-11T23:09:00,-1.0,11.8,0.0,18.3,,Clear,Tokyo
1846536,105788,poi_14,4b093eeff964a520e51423e3,2017-11-11T23:47:00,6.7,13.1,0.0,14.8,,Clear,Tokyo
1846536,105788,poi_15,4b64e40af964a520d5d72ae3,2017-11-12T00:19:00,5.5,13.1,0.0,14.8,,Clear,Tokyo
1846536,105788,poi_16,4b943b2ef964a520187034e3,2017-11-12T00:27:00,-1.0,13.1,0.0,14.8,,Clear,Tokyo
1846536,105788,poi_17,4bb61cb96edc76b0e667301c,2017-11-12T00:42:00,-1.0,14.3,0.0,16.3,,Clear,Tokyo
1846542,105788,poi_1,4b593347f964a520188128e3,2017-11-25T17:27:00,5.3,6.7,0.0,7.6,,Clear,Tokyo
1846542,105788,poi_2,4b20da83f964a520ec3424e3,2017-11-25T17:42:00,-1.0,5.9,0.0,9.4,,Clear,Tokyo
1846542,105788,poi_3,4c4ccc7cf5afa593eb4985d6,2017-11-25T17:57:00,-1.0,5.9,0.0,9.4,,Clear,Tokyo
1846542,105788,poi_4,4b1b7b31f964a5209efb23e3,2017-11-25T18:14:00,-1.0,5.9,0.0,9.4,,Clear,Tokyo
1846542,105788,poi_5,4b38b418f964a520914f25e3,2017-11-25T18:24:00,5.6,5.9,0.0,9.4,,Clear,Tokyo
1846542,105788,poi_6,4b5ab7bff964a520eed128e3,2017-11-25T18:54:00,8.5,6.0,0.0,7.7,,Clear,Tokyo
1846542,105788,poi_7,4b52c581f964a520c28727e3,2017-11-25T19:10:00,-1.0,6.0,0.0,7.7,,Clear,Tokyo
1846542,105788,poi_8,4b17b2e4f964a52040c723e3,2017-11-25T19:42:00,6.0,4.2,0.0,3.6,,Clear,Tokyo
1846542,105788,poi_9,5258d026498e2e0850f2b157,2017-11-25T20:03:00,7.8,4.2,0.0,3.6,,Clear,Tokyo
1846542,105788,poi_10,4b5d0200f964a520a74e29e3,2017-11-25T21:22:00,-1.0,3.9,0.0,1.9,,Partially cloudy,Tokyo
1846542,105788,poi_11,4be81b324485d13ad40294ee,2017-11-25T22:01:00,6.1,4.1,0.0,1.9,,Clear,Tokyo
1846542,105788,poi_12,4be8171c4485d13a470294ee,2017-11-25T22:12:00,7.3,4.1,0.0,1.9,,Clear,Tokyo
1846542,105788,poi_13,4b6e7d02f964a52060bf2ce3,2017-11-25T22:33:00,5.6,7.6,0.0,1.9,,Partially cloudy,Tokyo
1846542,105788,poi_14,4cf4be101c158cfaf73de5b5,2017-11-25T23:19:00,-1.0,7.6,0.0,1.9,,Partially cloudy,Tokyo
1846542,105788,poi_15,4b0587a6f964a5203d9e22e3,2017-11-26T03:03:00,7.1,15.2,0.0,4.7,,Partially cloudy,Tokyo
1846542,105788,poi_16,4cff0bf02685a35dcc8dc190,2017-11-26T03:33:00,5.9,17.8,0.0,15.5,,Clear,Tokyo
1846542,105788,poi_17,4b4ef864f964a520d5f726e3,2017-11-26T04:16:00,5.6,17.8,0.0,15.5,,Clear,Tokyo
1846558,105788,poi_1,4b95691ef964a52018a134e3,2017-12-29T11:10:00,-1.0,5.9,0.0,7.5,,Clear,Tokyo
1846558,105788,poi_2,4b0e60adf964a520305723e3,2017-12-29T11:25:00,6.6,5.9,0.0,7.5,,Clear,Tokyo
1846558,105788,poi_3,4b22504cf964a520704524e3,2017-12-29T11:38:00,5.6,5.7,0.0,11.0,,Partially cloudy,Tokyo
1846558,105788,poi_4,4b0b90e1f964a5204d3223e3,2017-12-29T23:59:00,5.7,5.9,0.0,5.6,,Clear,Tokyo
1846558,105788,poi_5,4b283516f964a520e19024e3,2017-12-30T00:22:00,5.6,5.9,0.0,5.6,,Clear,Tokyo
1846558,105788,poi_6,5a2b5d3086bc490bd2a7e7a7,2017-12-30T01:08:00,7.3,7.6,0.0,13.1,,Clear,Tokyo
1846558,105788,poi_7,4fefe2c1d63ed400f5306011,2017-12-30T02:13:00,5.7,9.2,0.0,20.4,,Clear,Tokyo
1846558,105788,poi_8,4b6e9d27f964a52006c42ce3,2017-12-30T02:21:00,-1.0,9.2,0.0,20.4,,Clear,Tokyo
1846558,105788,poi_9,4b5c2a7df964a520412629e3,2017-12-30T02:38:00,5.9,10.1,0.0,16.7,,Clear,Tokyo
1846558,105788,poi_10,4d8eebd25234a090df23bfbd,2017-12-30T02:59:00,-1.0,10.1,0.0,16.7,,Clear,Tokyo
1846558,105788,poi_11,4e4513e97d8bee2823a4b91f,2017-12-30T03:36:00,-1.0,10.6,0.0,13.0,,Partially cloudy,Tokyo
1846558,105788,poi_12,4b283516f964a520e19024e3,2017-12-30T11:04:00,5.6,5.9,0.0,7.8,,Overcast,Tokyo
1846558,105788,poi_13,4b0e60adf964a520305723e3,2017-12-30T11:20:00,6.6,5.9,0.0,7.8,,Overcast,Tokyo
1846558,105788,poi_14,4b22504cf964a520704524e3,2017-12-30T11:33:00,5.6,5.7,0.0,5.6,,Partially cloudy,Tokyo
1846558,105788,poi_15,4cec9db113aea143694c629f,2017-12-30T23:33:00,5.9,4.0,0.0,5.5,,Partially cloudy,Tokyo
1846558,105788,poi_16,4b0e60adf964a520305723e3,2017-12-30T23:43:00,6.6,4.0,0.0,5.5,,Partially cloudy,Tokyo
1846558,105788,poi_17,4db791d3a86e0cd3b65468fe,2017-12-31T00:49:00,-1.0,4.1,0.0,12.9,,Overcast,Tokyo
1846558,105788,poi_18,4b8e19aaf964a520651833e3,2017-12-31T01:00:00,5.5,4.1,0.0,12.9,,Overcast,Tokyo
1846558,105788,poi_19,4b55bbd2f964a520a1ed27e3,2017-12-31T01:11:00,4.9,4.1,0.0,12.9,,Overcast,Tokyo
1846558,105788,poi_20,4e461c2afa76a07fde55c22e,2017-12-31T01:25:00,-1.0,4.1,0.0,12.9,,Overcast,Tokyo
1846558,105788,poi_21,4e7d8e3b02d588010e58f8f9,2017-12-31T02:07:00,5.9,4.6,0.0,7.7,,Overcast,Tokyo
1846558,105788,poi_22,4b0587a6f964a5203d9e22e3,2017-12-31T02:26:00,7.1,4.6,0.0,7.7,,Overcast,Tokyo
1846558,105788,poi_23,4b166583f964a520acb823e3,2017-12-31T02:40:00,8.0,4.6,0.0,12.9,,Overcast,Tokyo
1846558,105788,poi_24,4e5ba52d8877c8a76e0192f6,2017-12-31T03:00:00,-1.0,4.6,0.0,12.9,,Overcast,Tokyo
1846586,105788,poi_1,50e10620e4b0a78b023221b2,2018-02-24T16:37:00,-1.0,4.8,0.0,11.2,,Clear,Tokyo
1846586,105788,poi_2,4bb61cb96edc76b0e667301c,2018-02-24T16:43:00,-1.0,4.8,0.0,11.2,,Clear,Tokyo
1846586,105788,poi_3,4b943b2ef964a520187034e3,2018-02-24T16:53:00,-1.0,4.8,0.0,11.2,,Clear,Tokyo
1846586,105788,poi_4,56962f6a498ec0def40b137d,2018-02-24T17:20:00,-1.0,4.8,0.0,11.2,,Clear,Tokyo
1846586,105788,poi_5,4b62a048f964a520454d2ae3,2018-02-24T17:38:00,6.7,4.3,0.0,5.6,,Partially cloudy,Tokyo
1846586,105788,poi_6,4b19f917f964a520abe623e3,2018-02-24T17:54:00,7.8,4.3,0.0,5.6,,Partially cloudy,Tokyo
1846586,105788,poi_7,53f99bd5498e277704f8a747,2018-02-24T18:13:00,-1.0,4.3,0.0,5.6,,Partially cloudy,Tokyo
1846586,105788,poi_8,4b5ab7bff964a520eed128e3,2018-02-24T18:56:00,8.5,3.2,0.0,3.9,,Clear,Tokyo
1846586,105788,poi_9,4b55670ff964a52071e327e3,2018-02-24T19:41:00,8.5,4.3,0.0,5.5,,Clear,Tokyo
1846586,105788,poi_10,4b594e15f964a520938428e3,2018-02-24T20:02:00,-1.0,4.3,0.0,5.5,,Clear,Tokyo
1846586,105788,poi_11,4b626ac4f964a520c4462ae3,2018-02-24T20:29:00,-1.0,4.3,0.0,5.5,,Clear,Tokyo
1846586,105788,poi_12,4b19f917f964a520abe623e3,2018-02-24T20:53:00,7.8,4.1,0.0,9.3,,Partially cloudy,Tokyo
1846586,105788,poi_13,4b0587a6f964a5203e9e22e3,2018-02-24T21:01:00,7.9,4.1,0.0,9.3,,Partially cloudy,Tokyo
1846621,105788,poi_1,4b283516f964a520e19024e3,2018-04-29T13:57:00,5.6,19.3,0.0,16.4,,Clear,Tokyo
1846621,105788,poi_2,4b0e60adf964a520305723e3,2018-04-29T14:05:00,6.6,19.3,0.0,16.4,,Clear,Tokyo
1846621,105788,poi_3,4b22504cf964a520704524e3,2018-04-29T14:19:00,5.6,19.3,0.0,16.4,,Clear,Tokyo
1846621,105788,poi_4,4cec9db113aea143694c629f,2018-04-29T22:02:00,5.9,20.6,0.0,14.6,,Clear,Tokyo
1846621,105788,poi_5,4bb6a5b546d4a5934d9dc6c0,2018-04-29T22:54:00,-1.0,21.8,0.0,20.2,,Clear,Tokyo
1846621,105788,poi_6,4b0587a6f964a5203e9e22e3,2018-04-30T00:26:00,7.9,23.7,0.0,23.6,,Partially cloudy,Tokyo
1846621,105788,poi_7,4b19f917f964a520abe623e3,2018-04-30T00:55:00,7.8,23.8,0.0,20.2,,Clear,Tokyo
1846621,105788,poi_8,4b73cca1f964a5203fbc2de3,2018-04-30T01:22:00,7.2,23.8,0.0,20.2,,Clear,Tokyo
1846621,105788,poi_9,4b5ab7bff964a520eed128e3,2018-04-30T01:50:00,8.5,23.3,0.0,22.0,,Partially cloudy,Tokyo
1846621,105788,poi_10,4b5ef219f964a520569f29e3,2018-04-30T02:19:00,5.8,23.3,0.0,22.0,,Partially cloudy,Tokyo
1846621,105788,poi_11,4bfb8f3cf214a5931c54af0e,2018-04-30T03:23:00,8.7,24.1,0.0,22.1,,Partially cloudy,Tokyo
1846621,105788,poi_12,4e604e5faeb7360313fd65e9,2018-04-30T03:55:00,6.3,24.6,0.0,23.8,,Clear,Tokyo
1846621,105788,poi_13,4b47db98f964a520ce4126e3,2018-04-30T04:58:00,7.0,23.3,0.0,25.7,,Partially cloudy,Tokyo
1846621,105788,poi_14,4b53f0dbf964a52021af27e3,2018-04-30T05:14:00,-1.0,23.3,0.0,25.7,,Partially cloudy,Tokyo
1846621,105788,poi_15,4be20cce1dd22d7fef3493bd,2018-04-30T05:59:00,-1.0,22.9,0.0,18.5,,Partially cloudy,Tokyo
1846651,105788,poi_1,50e10620e4b0a78b023221b2,2018-06-15T16:38:00,-1.0,15.2,0.004,11.3,rain,"Rain, Overcast",Tokyo
1846651,105788,poi_2,4bb61cb96edc76b0e667301c,2018-06-15T16:50:00,-1.0,15.2,0.004,11.3,rain,"Rain, Overcast",Tokyo
1846651,105788,poi_3,56962f6a498ec0def40b137d,2018-06-15T17:24:00,-1.0,15.2,0.004,11.3,rain,"Rain, Overcast",Tokyo
1846651,105788,poi_4,4b5bcc02f964a520be1629e3,2018-06-15T17:47:00,5.5,15.1,0.485,9.5,rain,"Rain, Overcast",Tokyo
1846651,105788,poi_5,4b6521d8f964a520a0e52ae3,2018-06-15T18:29:00,-1.0,15.1,0.485,9.5,rain,"Rain, Overcast",Tokyo
1846651,105788,poi_6,53533be2498ef0a3153be538,2018-06-15T19:06:00,-1.0,14.6,0.005,7.9,rain,"Rain, Overcast",Tokyo
1846651,105788,poi_7,4b56964cf964a520f31528e3,2018-06-15T19:23:00,-1.0,14.6,0.005,7.9,rain,"Rain, Overcast",Tokyo
1846651,105788,poi_8,5a178357d3cce821f8180588,2018-06-15T19:38:00,6.3,14.6,0.0,7.9,,Overcast,Tokyo
1846651,105788,poi_9,4e8a8c6c30f82dd42bb8255d,2018-06-15T20:02:00,-1.0,14.6,0.0,7.9,,Overcast,Tokyo
1846651,105788,poi_10,4d9e94082064ba7a71d63f4d,2018-06-15T21:04:00,-1.0,14.7,0.002,9.5,rain,"Rain, Overcast",Tokyo
1846651,105788,poi_11,4b38b418f964a520914f25e3,2018-06-15T21:41:00,5.6,14.7,0.004,11.2,rain,"Rain, Overcast",Tokyo
1846651,105788,poi_12,4df47c74d4c01ff6b2eff9d8,2018-06-15T23:32:00,-1.0,14.9,3.046,16.3,rain,"Rain, Overcast",Tokyo
1846651,105788,poi_13,4b4487c9f964a5201ef625e3,2018-06-16T01:03:00,-1.0,15.5,0.0,9.4,,Overcast,Tokyo
1846651,105788,poi_14,4b52ff05f964a5202b8c27e3,2018-06-16T04:39:00,-1.0,17.3,0.0,13.0,,Overcast,Tokyo
1846651,105788,poi_15,4b305ae0f964a5201ff924e3,2018-06-16T04:48:00,-1.0,17.3,0.0,13.0,,Overcast,Tokyo
1846652,105788,poi_1,4b24b5e7f964a5208d6924e3,2018-06-16T15:14:00,-1.0,15.5,0.0,9.3,,Partially cloudy,Tokyo
1846652,105788,poi_2,58d3d2a413c22350a63874f6,2018-06-16T15:18:00,5.7,15.5,0.0,9.3,,Partially cloudy,Tokyo
1846652,105788,poi_3,5ab101c1ee712030673c444b,2018-06-16T15:39:00,-1.0,15.6,0.0,5.4,,Overcast,Tokyo
1846652,105788,poi_4,4f73098cc2ee7d53879b46b1,2018-06-16T19:25:00,6.9,15.6,0.0,5.4,,Overcast,Tokyo
1846652,105788,poi_5,5494c5ee498eeff655f5be34,2018-06-16T20:43:00,7.6,16.0,0.0,5.3,,Overcast,Tokyo
1846652,105788,poi_6,4b0587b4f964a520a6a022e3,2018-06-16T21:04:00,6.9,16.0,0.0,5.3,,Overcast,Tokyo
1846652,105788,poi_7,4b243a7df964a520356424e3,2018-06-16T21:20:00,6.5,16.0,0.0,5.3,,Overcast,Tokyo
1846652,105788,poi_8,4b0587a6f964a5203d9e22e3,2018-06-16T21:28:00,7.1,16.0,0.0,5.3,,Overcast,Tokyo
1846652,105788,poi_9,57a017c2498ecff3bf5c9e6d,2018-06-16T21:35:00,7.0,16.1,0.0,5.4,,Overcast,Tokyo
1846652,105788,poi_10,4ba1ad28f964a52059c737e3,2018-06-16T21:42:00,5.6,16.1,0.0,5.4,,Overcast,Tokyo
1846652,105788,poi_11,4b5d8085f964a520295f29e3,2018-06-16T22:20:00,8.3,16.1,0.0,5.4,,Overcast,Tokyo
1846652,105788,poi_12,56962f6a498ec0def40b137d,2018-06-16T22:40:00,-1.0,17.1,0.0,7.4,,Overcast,Tokyo
1846652,105788,poi_13,4bb61cb96edc76b0e667301c,2018-06-16T23:31:00,-1.0,17.7,0.0,7.5,,Overcast,Tokyo
1846663,105788,poi_1,4b53bc1af964a520aba927e3,2018-07-06T17:24:00,-1.0,19.7,0.0,3.8,,Overcast,Tokyo
1846663,105788,poi_2,4b56e3c7f964a520491e28e3,2018-07-06T17:50:00,-1.0,19.9,0.059,3.8,rain,"Rain, Overcast",Tokyo
1846663,105788,poi_3,4b5ab7bff964a520eed128e3,2018-07-06T18:23:00,8.5,19.9,0.059,3.8,rain,"Rain, Overcast",Tokyo
1846663,105788,poi_4,4b19f917f964a520abe623e3,2018-07-06T18:44:00,7.8,20.2,0.0,1.9,,Overcast,Tokyo
1846663,105788,poi_5,4b0dfb78f964a520815323e3,2018-07-06T19:01:00,-1.0,20.2,0.0,1.9,,Overcast,Tokyo
1846663,105788,poi_6,4b564bf1f964a520da0928e3,2018-07-06T19:23:00,8.7,20.2,0.0,1.9,,Overcast,Tokyo
1846663,105788,poi_7,4beceb5dbac3c9b609affde9,2018-07-06T19:46:00,6.0,20.7,0.0,3.7,,Overcast,Tokyo
1846663,105788,poi_8,4b90ca57f964a520789733e3,2018-07-06T20:08:00,-1.0,20.7,0.0,3.7,,Overcast,Tokyo
1846663,105788,poi_9,4b4d9126f964a5202ed426e3,2018-07-06T22:26:00,-1.0,23.9,0.0,9.5,,Partially cloudy,Tokyo
1846663,105788,poi_10,4b600990f964a520e3d329e3,2018-07-06T22:33:00,6.1,25.3,0.0,13.1,,Partially cloudy,Tokyo
1846663,105788,poi_11,565e6b9c498ef7f123be05eb,2018-07-06T23:22:00,7.6,25.3,0.0,13.1,,Partially cloudy,Tokyo
1846663,105788,poi_12,4b19f917f964a520abe623e3,2018-07-07T00:44:00,7.8,28.0,0.0,22.1,,Partially cloudy,Tokyo
1846663,105788,poi_13,4b4327e6f964a5209fdc25e3,2018-07-07T00:54:00,5.9,28.0,0.0,22.1,,Partially cloudy,Tokyo
1846663,105788,poi_14,4ddb7583d164b4610a60f736,2018-07-07T02:01:00,7.3,28.5,0.0,15.1,,Partially cloudy,Tokyo
1846663,105788,poi_15,4b0e60adf964a520305723e3,2018-07-07T02:50:00,6.6,28.4,0.0,24.0,,Partially cloudy,Tokyo
1846683,105788,poi_1,4b283516f964a520e19024e3,2018-08-11T11:06:00,5.6,26.9,0.0,5.5,,Partially cloudy,Tokyo
1846683,105788,poi_2,4b0e60adf964a520305723e3,2018-08-11T11:18:00,6.6,26.9,0.0,5.5,,Partially cloudy,Tokyo
1846683,105788,poi_3,4b22504cf964a520704524e3,2018-08-11T11:37:00,5.6,26.7,0.475,2.2,rain,"Rain, Partially cloudy",Tokyo
1846683,105788,poi_4,4cec9db113aea143694c629f,2018-08-11T23:11:00,5.9,25.7,0.0,7.6,,Overcast,Tokyo
1846683,105788,poi_5,4b0e60adf964a520305723e3,2018-08-11T23:19:00,6.6,25.7,0.0,7.6,,Overcast,Tokyo
1846683,105788,poi_6,4b512e45f964a520464627e3,2018-08-11T23:30:00,5.9,25.7,0.0,7.6,,Overcast,Tokyo
1846683,105788,poi_7,4b592f1ef964a520898028e3,2018-08-11T23:55:00,7.3,26.4,0.396,11.1,rain,"Rain, Overcast",Tokyo
1846683,105788,poi_8,51687403e4b0a9cb23798f32,2018-08-12T00:15:00,-1.0,26.4,0.396,11.1,rain,"Rain, Overcast",Tokyo
1846683,105788,poi_9,51c4d590498e8a3a5d8e066b,2018-08-12T00:47:00,-1.0,27.3,0.0,5.5,,Overcast,Tokyo
1846683,105788,poi_10,4b5a8289f964a520ecc828e3,2018-08-12T01:09:00,8.3,27.3,0.0,5.5,,Overcast,Tokyo
1846683,105788,poi_11,4b7d1305f964a520ddad2fe3,2018-08-12T01:38:00,6.9,28.8,0.0,7.4,,Overcast,Tokyo
1846683,105788,poi_12,4f631a21e4b06367b89195ed,2018-08-12T01:52:00,-1.0,28.8,0.0,7.4,,Overcast,Tokyo
1846683,105788,poi_13,4b5eace7f964a520979529e3,2018-08-12T02:50:00,5.7,29.1,0.0,7.5,,Overcast,Tokyo
1846683,105788,poi_14,4b5a4723f964a5209eb928e3,2018-08-12T03:01:00,6.4,29.1,0.0,7.5,,Overcast,Tokyo
1846683,105788,poi_15,4b29ffe8f964a5209aa424e3,2018-08-12T03:05:00,4.8,29.1,0.0,7.5,,Overcast,Tokyo
1846683,105788,poi_16,4b23286ff964a520f65324e3,2018-08-12T03:15:00,-1.0,29.1,0.0,7.5,,Overcast,Tokyo
1846683,105788,poi_17,501269a8e4b05d9dc781c831,2018-08-12T03:46:00,-1.0,29.8,0.0,5.3,,Partially cloudy,Tokyo
1846683,105788,poi_18,4b899e09f964a5209b4632e3,2018-08-12T04:44:00,-1.0,29.1,0.0,5.4,,Partially cloudy,Tokyo
21148,1070,poi_1,598ae4f22632ec20bebbb753,2018-01-03T19:38:00,-1.0,1.5,0.0,11.0,,Clear,Tokyo
21148,1070,poi_2,4f49acfd7beb1e9ad88dc1cd,2018-01-03T19:52:00,5.5,1.5,0.0,11.0,,Clear,Tokyo
21148,1070,poi_3,4b933996f964a5200e3c34e3,2018-01-03T20:47:00,7.0,0.6,0.0,7.5,,Clear,Tokyo
21148,1070,poi_4,4b5e7f11f964a520e49029e3,2018-01-03T20:57:00,7.3,0.6,0.0,7.5,,Clear,Tokyo
21148,1070,poi_5,4dc4fbdd18387d1bd531ca19,2018-01-03T21:47:00,8.6,0.6,0.0,9.2,,Clear,Tokyo
21148,1070,poi_6,4f62d795e4b098b393c64c23,2018-01-03T22:31:00,8.7,3.3,0.0,9.3,,Clear,Tokyo
21148,1070,poi_7,4de1db7f2271bfb8448ecbac,2018-01-03T23:05:00,8.9,3.3,0.0,9.3,,Clear,Tokyo
21148,1070,poi_8,4c2674435c5ca593343646fe,2018-01-03T23:08:00,8.3,3.3,0.0,9.3,,Clear,Tokyo
21148,1070,poi_9,4e8176d7dab46ef0a8ab17a0,2018-01-03T23:17:00,7.8,3.3,0.0,9.3,,Clear,Tokyo
21148,1070,poi_10,4ff7f46fe4b03e29583a452c,2018-01-03T23:21:00,-1.0,3.3,0.0,9.3,,Clear,Tokyo
21148,1070,poi_11,4b5687b0f964a520241428e3,2018-01-03T23:37:00,-1.0,5.6,0.0,12.7,,Clear,Tokyo
21148,1070,poi_12,59b8c0770c9f31425bd40d8d,2018-01-03T23:41:00,-1.0,5.6,0.0,12.7,,Clear,Tokyo
21170,1070,poi_1,51dd18ee498ec77fefd3af6f,2018-01-24T05:32:00,-1.0,5.6,0.0,11.8,,Partially cloudy,Tokyo
21170,1070,poi_2,4b965fb5f964a520bec834e3,2018-01-24T13:26:00,-1.0,-0.6,0.0,9.4,,Clear,Tokyo
21170,1070,poi_3,4b60149cf964a5203ad529e3,2018-01-24T13:45:00,-1.0,-1.4,0.0,11.2,,Clear,Tokyo
21170,1070,poi_4,4d8fc388d00a6ea80ad0d64f,2018-01-24T13:51:00,6.1,-1.4,0.0,11.2,,Clear,Tokyo
21170,1070,poi_5,4b582f9bf964a5204f4d28e3,2018-01-24T13:58:00,5.6,-1.4,0.0,11.2,,Clear,Tokyo
21170,1070,poi_6,4b4fe7a7f964a520301927e3,2018-01-24T19:49:00,-1.0,-3.0,0.0,5.8,,Clear,Tokyo
21170,1070,poi_7,4eaa005f29c2152deb268308,2018-01-24T20:16:00,-1.0,-3.0,0.0,5.8,,Clear,Tokyo
21170,1070,poi_8,4b6053cff964a520d8df29e3,2018-01-24T20:25:00,-1.0,-3.0,0.0,5.8,,Clear,Tokyo
21170,1070,poi_9,4b727694f964a520917b2de3,2018-01-24T20:35:00,-1.0,-3.6,0.0,8.0,,Clear,Tokyo
21170,1070,poi_10,4b735f35f964a52037ab2de3,2018-01-24T20:40:00,-1.0,-3.6,0.0,8.0,,Clear,Tokyo
21170,1070,poi_11,4b661945f964a5208e132be3,2018-01-24T23:14:00,-1.0,-1.9,0.0,11.3,,Clear,Tokyo
21252,1070,poi_1,555ff6e0498e9707b4b149a3,2018-04-01T20:09:00,-1.0,12.7,0.0,7.4,,Clear,Tokyo
21252,1070,poi_2,4b58295af964a520924c28e3,2018-04-01T20:15:00,7.8,12.7,0.0,7.4,,Clear,Tokyo
21252,1070,poi_3,57e613a3498e947107dc1d4d,2018-04-01T20:35:00,-1.0,12.6,0.0,5.4,,Clear,Tokyo
21252,1070,poi_4,4b5bad9cf964a520820f29e3,2018-04-01T20:45:00,7.4,12.6,0.0,5.4,,Clear,Tokyo
21252,1070,poi_5,4b7f8e34f964a5203f3430e3,2018-04-01T21:18:00,-1.0,12.6,0.0,5.4,,Clear,Tokyo
21252,1070,poi_6,50a06df4e4b0577f9f26d8ed,2018-04-01T21:36:00,-1.0,14.8,0.0,7.5,,Clear,Tokyo
21252,1070,poi_7,4e6c677f7d8b2c711b43f3bd,2018-04-01T21:52:00,-1.0,14.8,0.0,7.5,,Clear,Tokyo
21252,1070,poi_8,4e928eac6c25b073b7c40e2b,2018-04-01T22:17:00,5.3,14.8,0.0,7.5,,Clear,Tokyo
21252,1070,poi_9,4b7520b8f964a520b6fe2de3,2018-04-01T22:22:00,5.8,14.8,0.0,7.5,,Clear,Tokyo
21252,1070,poi_10,512d3d43e4b0dc4fbfb69d8f,2018-04-01T22:28:00,-1.0,14.8,0.0,7.5,,Clear,Tokyo
21252,1070,poi_11,4b5fc287f964a520cecb29e3,2018-04-01T22:33:00,7.4,16.1,0.0,5.5,,Clear,Tokyo
21252,1070,poi_12,54276557498e538335f1c078,2018-04-01T22:49:00,8.2,16.1,0.0,5.5,,Clear,Tokyo
21252,1070,poi_13,4b6d2ef1f964a5206a6a2ce3,2018-04-01T23:02:00,7.8,16.1,0.0,5.5,,Clear,Tokyo
21252,1070,poi_14,51c2ce80498ea2b127fd572c,2018-04-01T23:32:00,8.4,19.1,0.0,7.4,,Clear,Tokyo
21268,1070,poi_1,5097ad0be4b03c3d305aca7a,2018-04-13T22:36:00,-1.0,13.0,0.0,5.5,,Overcast,Tokyo
21268,1070,poi_2,5028e276e4b0d14d966e6eaf,2018-04-13T22:40:00,-1.0,13.0,0.0,5.5,,Overcast,Tokyo
21268,1070,poi_3,4ee0a5737ee54945fe3b8a89,2018-04-13T22:42:00,6.1,13.0,0.0,5.5,,Overcast,Tokyo
21268,1070,poi_4,55d9785f498e23f4f3d6ad63,2018-04-13T23:04:00,-1.0,13.0,0.0,5.5,,Overcast,Tokyo
21268,1070,poi_5,4b5e7f11f964a520e49029e3,2018-04-13T23:18:00,7.3,13.0,0.0,5.5,,Overcast,Tokyo
21268,1070,poi_6,4f7ff567e4b042dc204cde28,2018-04-13T23:25:00,7.9,13.0,0.0,5.5,,Overcast,Tokyo
21268,1070,poi_7,4c2674435c5ca593343646fe,2018-04-13T23:32:00,8.3,13.9,0.0,3.7,,Partially cloudy,Tokyo
21268,1070,poi_8,4b556c7ef964a520f5e327e3,2018-04-13T23:37:00,9.2,13.9,0.0,3.7,,Partially cloudy,Tokyo
21268,1070,poi_9,4be65c22cf200f476a8b143c,2018-04-13T23:41:00,9.2,13.9,0.0,3.7,,Partially cloudy,Tokyo
21268,1070,poi_10,5882d2894bafb72b41d5042f,2018-04-14T00:49:00,9.1,15.5,0.0,5.6,,Partially cloudy,Tokyo
21268,1070,poi_11,57fda02e498efbfa0124c220,2018-04-14T00:56:00,-1.0,15.5,0.0,5.6,,Partially cloudy,Tokyo
21268,1070,poi_12,4de1db7f2271bfb8448ecbac,2018-04-14T01:54:00,8.9,17.0,0.0,9.5,,Overcast,Tokyo
21268,1070,poi_13,4b5fd063f964a520b3cd29e3,2018-04-14T02:11:00,7.9,17.0,0.0,9.5,,Overcast,Tokyo
21268,1070,poi_14,4b556c34f964a520ece327e3,2018-04-14T02:36:00,8.9,17.6,0.0,14.9,,Partially cloudy,Tokyo
21268,1070,poi_15,5aabac35e179107b87e99f52,2018-04-14T02:52:00,-1.0,17.6,0.0,14.9,,Partially cloudy,Tokyo
21277,1070,poi_1,4b965fb5f964a520bec834e3,2018-04-23T13:43:00,-1.0,15.3,0.0,9.4,,Overcast,Tokyo
21277,1070,poi_2,4b60149cf964a5203ad529e3,2018-04-23T14:07:00,-1.0,15.3,0.0,9.4,,Overcast,Tokyo
21277,1070,poi_3,4b582f9bf964a5204f4d28e3,2018-04-23T14:18:00,5.6,15.3,0.0,9.4,,Overcast,Tokyo
21277,1070,poi_4,4cadacd4bf70236a485f01f9,2018-04-23T18:49:00,8.0,15.6,0.0,7.5,,Overcast,Tokyo
21277,1070,poi_5,4b5589b1f964a520d6e627e3,2018-04-24T01:46:00,-1.0,20.6,0.0,14.5,,Partially cloudy,Tokyo
21277,1070,poi_6,4b965fb5f964a520bec834e3,2018-04-24T13:22:00,-1.0,17.1,0.0,14.6,,Overcast,Tokyo
21277,1070,poi_7,4b60149cf964a5203ad529e3,2018-04-24T13:45:00,-1.0,17.8,0.0,14.8,,Overcast,Tokyo
21277,1070,poi_8,4b582f9bf964a5204f4d28e3,2018-04-24T13:54:00,5.6,17.8,0.0,14.8,,Overcast,Tokyo
21277,1070,poi_9,4b57d94bf964a520bc4328e3,2018-04-24T18:45:00,8.2,18.1,0.0,18.4,,Partially cloudy,Tokyo
21277,1070,poi_10,4b6ce681f964a5208b5c2ce3,2018-04-25T01:10:00,7.5,19.1,0.227,27.2,rain,"Rain, Overcast",Tokyo
21277,1070,poi_11,51dd18ee498ec77fefd3af6f,2018-04-25T01:18:00,-1.0,19.1,0.227,27.2,rain,"Rain, Overcast",Tokyo
21277,1070,poi_12,4b663f1bf964a520891a2be3,2018-04-25T01:48:00,-1.0,19.5,0.06,13.3,rain,"Rain, Overcast",Tokyo
21287,1070,poi_1,4b581a23f964a520f34a28e3,2018-05-05T21:06:00,-1.0,16.1,0.0,5.5,,Partially cloudy,Tokyo
21287,1070,poi_2,5a7fbe4d5f68b97c862dfe5a,2018-05-05T21:12:00,-1.0,16.1,0.0,5.5,,Partially cloudy,Tokyo
21287,1070,poi_3,4fc87db0d5fbb69d599dc1d6,2018-05-05T21:21:00,-1.0,16.1,0.0,5.5,,Partially cloudy,Tokyo
21287,1070,poi_4,5aee9fd48c35dc002ce654df,2018-05-05T21:29:00,-1.0,16.1,0.0,5.5,,Partially cloudy,Tokyo
21287,1070,poi_5,4cc557b8306e224b6443a26c,2018-05-05T21:34:00,7.5,18.8,0.0,7.4,,Clear,Tokyo
21287,1070,poi_6,4c1c90beb9f876b0ff207c46,2018-05-05T21:42:00,5.7,18.8,0.0,7.4,,Clear,Tokyo
21287,1070,poi_7,535b3466498ef2eaabf666c8,2018-05-05T21:58:00,-1.0,18.8,0.0,7.4,,Clear,Tokyo
21287,1070,poi_8,4b5c11a5f964a520382329e3,2018-05-05T22:05:00,7.7,18.8,0.0,7.4,,Clear,Tokyo
21287,1070,poi_9,4b754fabf964a520b2052ee3,2018-05-05T22:18:00,6.4,18.8,0.0,7.4,,Clear,Tokyo
21287,1070,poi_10,56512901498ee09c2dd076c7,2018-05-05T22:28:00,6.9,18.8,0.0,7.4,,Clear,Tokyo
21287,1070,poi_11,536764d4498e39acc3bae4df,2018-05-05T22:45:00,-1.0,20.3,0.0,7.4,,Clear,Tokyo
21287,1070,poi_12,4c1b527463750f475aa2b467,2018-05-05T22:57:00,-1.0,20.3,0.0,7.4,,Clear,Tokyo
21287,1070,poi_13,4b5419a4f964a52031b227e3,2018-05-05T23:08:00,-1.0,20.3,0.0,7.4,,Clear,Tokyo
21287,1070,poi_14,50260831e4b056f766107308,2018-05-05T23:13:00,-1.0,20.3,0.0,7.4,,Clear,Tokyo
21287,1070,poi_15,514e492ae4b06f82799f1a09,2018-05-05T23:19:00,-1.0,20.3,0.0,7.4,,Clear,Tokyo
21287,1070,poi_16,4ba5b7e0f964a520181e39e3,2018-05-05T23:25:00,9.0,20.3,0.0,7.4,,Clear,Tokyo
21287,1070,poi_17,4b764445f964a520ed452ee3,2018-05-05T23:31:00,8.4,23.0,0.0,5.5,,Partially cloudy,Tokyo
21287,1070,poi_18,55407c71498e3e2361d7b58c,2018-05-05T23:40:00,8.2,23.0,0.0,5.5,,Partially cloudy,Tokyo
21287,1070,poi_19,4b5e7f11f964a520e49029e3,2018-05-05T23:47:00,7.3,23.0,0.0,5.5,,Partially cloudy,Tokyo
21287,1070,poi_20,4b700c55f964a520d2042de3,2018-05-05T23:56:00,-1.0,23.0,0.0,5.5,,Partially cloudy,Tokyo
21287,1070,poi_21,51b02be0498eead9b2524c9f,2018-05-06T00:19:00,-1.0,23.0,0.0,5.5,,Partially cloudy,Tokyo
21287,1070,poi_22,5aeeca27a6031c002c9502fc,2018-05-06T00:28:00,-1.0,23.0,0.0,5.5,,Partially cloudy,Tokyo
21287,1070,poi_23,4b965fb5f964a520bec834e3,2018-05-06T13:51:00,-1.0,19.2,0.0,22.5,,Overcast,Tokyo
21287,1070,poi_24,4b60149cf964a5203ad529e3,2018-05-06T14:19:00,-1.0,19.2,0.0,22.5,,Overcast,Tokyo
21287,1070,poi_25,4b582f9bf964a5204f4d28e3,2018-05-06T14:30:00,5.6,19.2,0.0,22.5,,Overcast,Tokyo
21287,1070,poi_26,52cd1cb9498e137a2e9bb8b3,2018-05-06T18:45:00,7.9,18.2,0.0,22.5,,Overcast,Tokyo
21287,1070,poi_27,4e6f2f83b9933190ed5ecc2d,2018-05-07T01:36:00,5.1,20.5,0.0,11.5,,Overcast,Tokyo
21287,1070,poi_28,4b5589b1f964a520d6e627e3,2018-05-07T02:07:00,-1.0,20.5,0.0,11.5,,Overcast,Tokyo
21289,1070,poi_1,4b965fb5f964a520bec834e3,2018-05-08T13:37:00,-1.0,11.8,0.017,14.6,rain,"Rain, Overcast",Tokyo
21289,1070,poi_2,51dd18ee498ec77fefd3af6f,2018-05-08T14:06:00,-1.0,11.8,0.017,14.6,rain,"Rain, Overcast",Tokyo
21289,1070,poi_3,4b582f9bf964a5204f4d28e3,2018-05-08T14:15:00,5.6,11.8,0.017,14.6,rain,"Rain, Overcast",Tokyo
21289,1070,poi_4,563c333acd1059cb272cabf2,2018-05-08T18:50:00,6.0,10.9,0.078,11.5,rain,"Rain, Overcast",Tokyo
21289,1070,poi_5,4ba1d083f964a52072cd37e3,2018-05-09T01:28:00,-1.0,11.1,0.005,11.7,rain,"Rain, Overcast",Tokyo
21289,1070,poi_6,4f0f66e2e4b0c3e81b44d21b,2018-05-09T01:32:00,-1.0,11.1,0.004,11.6,rain,"Rain, Overcast",Tokyo
21289,1070,poi_7,4b5589b1f964a520d6e627e3,2018-05-09T02:00:00,-1.0,11.1,0.004,11.6,rain,"Rain, Overcast",Tokyo
21289,1070,poi_8,4b965fb5f964a520bec834e3,2018-05-09T13:35:00,-1.0,12.7,0.0,5.6,,Partially cloudy,Tokyo
21289,1070,poi_9,4b60149cf964a5203ad529e3,2018-05-09T14:00:00,-1.0,12.7,0.0,5.6,,Partially cloudy,Tokyo
21289,1070,poi_10,4b582f9bf964a5204f4d28e3,2018-05-09T14:13:00,5.6,12.7,0.0,5.6,,Partially cloudy,Tokyo
21289,1070,poi_11,4cadacd4bf70236a485f01f9,2018-05-09T18:49:00,8.0,11.6,0.0,7.4,,Overcast,Tokyo
21289,1070,poi_12,4b6ce681f964a5208b5c2ce3,2018-05-10T01:36:00,7.5,11.1,0.005,5.7,rain,"Rain, Partially cloudy",Tokyo
21289,1070,poi_13,4f0f66e2e4b0c3e81b44d21b,2018-05-10T01:41:00,-1.0,11.1,0.005,5.7,rain,"Rain, Partially cloudy",Tokyo
21289,1070,poi_14,4b5589b1f964a520d6e627e3,2018-05-10T02:05:00,-1.0,11.1,0.005,5.7,rain,"Rain, Partially cloudy",Tokyo
21289,1070,poi_15,51711c3fe4b0d5c4f96580b2,2018-05-10T02:11:00,-1.0,11.1,0.005,5.7,rain,"Rain, Partially cloudy",Tokyo
21297,1070,poi_1,4b965fb5f964a520bec834e3,2018-05-16T13:35:00,-1.0,21.6,0.0,18.4,,Partially cloudy,Tokyo
21297,1070,poi_2,4b22109df964a520944324e3,2018-05-16T13:43:00,-1.0,21.6,0.0,18.4,,Partially cloudy,Tokyo
21297,1070,poi_3,4b60149cf964a5203ad529e3,2018-05-16T14:00:00,-1.0,21.6,0.0,18.4,,Partially cloudy,Tokyo
21297,1070,poi_4,4b582f9bf964a5204f4d28e3,2018-05-16T14:10:00,5.6,21.6,0.0,18.4,,Partially cloudy,Tokyo
21297,1070,poi_5,4c4ea90f9932e21e8e2419ce,2018-05-16T18:16:00,5.8,21.8,0.0,16.7,,Partially cloudy,Tokyo
21297,1070,poi_6,4b4fe7a7f964a520301927e3,2018-05-16T22:41:00,-1.0,23.1,0.0,15.1,,Partially cloudy,Tokyo
21297,1070,poi_7,4b0587a6f964a5203d9e22e3,2018-05-16T22:49:00,7.1,23.1,0.0,15.1,,Partially cloudy,Tokyo
21297,1070,poi_8,4b4ef864f964a520d5f726e3,2018-05-16T22:55:00,5.6,23.1,0.0,15.1,,Partially cloudy,Tokyo
21297,1070,poi_9,4b72ab90f964a5200f832de3,2018-05-16T23:01:00,5.7,23.1,0.0,15.1,,Partially cloudy,Tokyo
21297,1070,poi_10,4b0b90e1f964a5204d3223e3,2018-05-16T23:08:00,5.7,23.1,0.0,15.1,,Partially cloudy,Tokyo
21297,1070,poi_11,4b47db98f964a520ce4126e3,2018-05-16T23:34:00,7.0,25.3,0.0,13.4,,Partially cloudy,Tokyo
21297,1070,poi_12,5721982acd10ddb43cc00b37,2018-05-17T00:00:00,-1.0,25.3,0.0,13.4,,Partially cloudy,Tokyo
21297,1070,poi_13,4c1ae8280137952127c946f3,2018-05-17T00:05:00,6.0,25.3,0.0,13.4,,Partially cloudy,Tokyo
21297,1070,poi_14,4b6407d8f964a5200a9c2ae3,2018-05-17T00:12:00,-1.0,25.3,0.0,13.4,,Partially cloudy,Tokyo
21297,1070,poi_15,4fa7074de4b0baf7ce801821,2018-05-17T00:29:00,-1.0,25.3,0.0,13.4,,Partially cloudy,Tokyo
21297,1070,poi_16,4b7f9466f964a5203b3530e3,2018-05-17T00:32:00,5.6,24.3,0.0,16.7,,Partially cloudy,Tokyo
21297,1070,poi_17,57c294fb498e9a01127f5122,2018-05-17T00:38:00,-1.0,24.3,0.0,16.7,,Partially cloudy,Tokyo
21306,1070,poi_1,576f832a498e9e879de8371f,2018-05-26T22:08:00,-1.0,19.1,0.0,5.4,,Clear,Tokyo
21306,1070,poi_2,4ba6f6d4f964a520407a39e3,2018-05-26T22:13:00,6.3,19.1,0.0,5.4,,Clear,Tokyo
21306,1070,poi_3,4b8cbbd6f964a520bbdb32e3,2018-05-26T22:18:00,7.4,19.1,0.0,5.4,,Clear,Tokyo
21306,1070,poi_4,5087e400067d40f872355399,2018-05-26T22:23:00,-1.0,19.1,0.0,5.4,,Clear,Tokyo
21306,1070,poi_5,4ba7210bf964a5202a8239e3,2018-05-26T22:28:00,6.1,19.1,0.0,5.4,,Clear,Tokyo
21306,1070,poi_6,4f8a3a43e4b0bae897d1e6ff,2018-05-26T22:32:00,7.3,20.6,0.0,5.4,,Clear,Tokyo
21306,1070,poi_7,52bfc6ae11d2f9cf6df611d5,2018-05-26T23:00:00,-1.0,20.6,0.0,5.4,,Clear,Tokyo
21306,1070,poi_8,5b0a66c4872f7d002ca0cb1a,2018-05-26T23:07:00,-1.0,20.6,0.0,5.4,,Clear,Tokyo
21306,1070,poi_9,4c94c48482b56dcb01edd1aa,2018-05-26T23:30:00,-1.0,20.6,0.0,5.4,,Clear,Tokyo
21306,1070,poi_10,5a0579e6b8fd9d6364ebdd03,2018-05-26T23:55:00,-1.0,21.7,0.0,5.4,,Partially cloudy,Tokyo
21306,1070,poi_11,4b965fb5f964a520bec834e3,2018-05-27T13:41:00,-1.0,19.9,0.0,9.4,,Partially cloudy,Tokyo
21306,1070,poi_12,4b8f2d51f964a5206a4c33e3,2018-05-27T13:51:00,-1.0,19.9,0.0,9.4,,Partially cloudy,Tokyo
21306,1070,poi_13,4b60149cf964a5203ad529e3,2018-05-27T14:07:00,-1.0,19.9,0.0,9.4,,Partially cloudy,Tokyo
21306,1070,poi_14,4b582f9bf964a5204f4d28e3,2018-05-27T14:16:00,5.6,19.9,0.0,9.4,,Partially cloudy,Tokyo
21306,1070,poi_15,554aee52498ece868a77e8b0,2018-05-27T18:40:00,-1.0,18.9,0.0,5.3,,Overcast,Tokyo
21306,1070,poi_16,4b5589b1f964a520d6e627e3,2018-05-28T02:05:00,-1.0,22.6,0.0,9.4,,Overcast,Tokyo
21307,1070,poi_1,4b965fb5f964a520bec834e3,2018-05-28T13:21:00,-1.0,21.6,0.0,16.3,,Clear,Tokyo
21307,1070,poi_2,4b60149cf964a5203ad529e3,2018-05-28T13:43:00,-1.0,19.9,0.0,3.7,,Clear,Tokyo
21307,1070,poi_3,4b582f9bf964a5204f4d28e3,2018-05-28T13:53:00,5.6,19.9,0.0,3.7,,Clear,Tokyo
21307,1070,poi_4,4b4fe7a7f964a520301927e3,2018-05-28T18:05:00,-1.0,19.4,0.0,5.5,,Partially cloudy,Tokyo
21307,1070,poi_5,4b62a048f964a520454d2ae3,2018-05-28T18:18:00,6.7,19.4,0.0,5.5,,Partially cloudy,Tokyo
21307,1070,poi_6,4b1f4464f964a520372524e3,2018-05-28T18:33:00,6.0,20.3,0.0,7.6,,Partially cloudy,Tokyo
21307,1070,poi_7,4d070060eb582c0fb66b7653,2018-05-28T22:12:00,-1.0,21.8,0.0,5.5,,Partially cloudy,Tokyo
21307,1070,poi_8,4b5d6b86f964a5207e5c29e3,2018-05-28T22:19:00,8.0,21.8,0.0,5.5,,Partially cloudy,Tokyo
21307,1070,poi_9,4b1f4464f964a520372524e3,2018-05-28T22:33:00,6.0,22.8,0.0,3.8,,Clear,Tokyo
21307,1070,poi_10,4d92fcebb053b60c350684cb,2018-05-28T23:10:00,-1.0,22.8,0.0,3.8,,Clear,Tokyo
21307,1070,poi_11,4b965fb5f964a520bec834e3,2018-05-29T13:41:00,-1.0,21.6,0.0,14.6,,Partially cloudy,Tokyo
21307,1070,poi_12,4b60149cf964a5203ad529e3,2018-05-29T14:04:00,-1.0,21.6,0.0,14.6,,Partially cloudy,Tokyo
21307,1070,poi_13,4b582f9bf964a5204f4d28e3,2018-05-29T14:16:00,5.6,21.6,0.0,14.6,,Partially cloudy,Tokyo
21307,1070,poi_14,5b0e1d5ef427de002cb15496,2018-05-29T18:42:00,-1.0,21.1,0.0,9.1,,Overcast,Tokyo
21307,1070,poi_15,4ba1d083f964a52072cd37e3,2018-05-30T02:00:00,-1.0,23.6,0.0,11.1,,Overcast,Tokyo
21307,1070,poi_16,4b5589b1f964a520d6e627e3,2018-05-30T02:29:00,-1.0,23.6,0.0,11.1,,Overcast,Tokyo
21311,1070,poi_1,4b612a90f964a520b70b2ae3,2018-06-02T22:31:00,7.8,22.8,0.0,3.7,,Clear,Tokyo
21311,1070,poi_2,50a1dbbee4b09ea2f141fa2f,2018-06-02T22:42:00,-1.0,22.8,0.0,3.7,,Clear,Tokyo
21311,1070,poi_3,4b826065f964a520e1d030e3,2018-06-02T22:48:00,9.0,22.8,0.0,3.7,,Clear,Tokyo
21311,1070,poi_4,554af2ec498ebfc81a457e65,2018-06-02T23:22:00,-1.0,22.8,0.0,3.7,,Clear,Tokyo
21311,1070,poi_5,4e086e6714959022c89c47d0,2018-06-02T23:26:00,-1.0,22.8,0.0,3.7,,Clear,Tokyo
21311,1070,poi_6,5297035e11d2e6139008f1b6,2018-06-02T23:48:00,-1.0,23.2,0.0,3.7,,Partially cloudy,Tokyo
21311,1070,poi_7,58c8b169d8f3e90e89141ab7,2018-06-02T23:54:00,7.5,23.2,0.0,3.7,,Partially cloudy,Tokyo
21311,1070,poi_8,4bb45d1c643cd13ab09f395c,2018-06-03T00:01:00,-1.0,23.2,0.0,3.7,,Partially cloudy,Tokyo
21311,1070,poi_9,4b5e9fbff964a520409429e3,2018-06-03T00:21:00,8.6,23.2,0.0,3.7,,Partially cloudy,Tokyo
21311,1070,poi_10,4ff7fe81e4b0fe7c2160a1ee,2018-06-03T00:27:00,-1.0,23.2,0.0,3.7,,Partially cloudy,Tokyo
21311,1070,poi_11,4cb43a52562d224b5b853288,2018-06-03T00:33:00,-1.0,24.2,0.0,5.5,,Clear,Tokyo
21311,1070,poi_12,56658a89498ea7aba301d096,2018-06-03T00:42:00,6.6,24.2,0.0,5.5,,Clear,Tokyo
21311,1070,poi_13,4b6d2221f964a52044682ce3,2018-06-03T00:49:00,7.1,24.2,0.0,5.5,,Clear,Tokyo
21311,1070,poi_14,59642ce08264440893508cc7,2018-06-03T01:16:00,-1.0,24.2,0.0,5.5,,Clear,Tokyo
21311,1070,poi_15,4edc83ce0e61d46ada84a92a,2018-06-03T01:23:00,-1.0,24.2,0.0,5.5,,Clear,Tokyo
21311,1070,poi_16,4b5bea59f964a520151d29e3,2018-06-03T01:28:00,6.4,24.2,0.0,5.5,,Clear,Tokyo
21311,1070,poi_17,4b7f8716f964a520083330e3,2018-06-03T01:34:00,-1.0,26.3,0.0,14.5,,Clear,Tokyo
21311,1070,poi_18,4b5beeb7f964a520d61d29e3,2018-06-03T01:41:00,7.6,26.3,0.0,14.5,,Clear,Tokyo
21311,1070,poi_19,56dbdc0ecd10611e1b774fc0,2018-06-03T01:48:00,8.7,26.3,0.0,14.5,,Clear,Tokyo
21311,1070,poi_20,596c5a851c0b340b7512de18,2018-06-03T01:53:00,6.4,26.3,0.0,14.5,,Clear,Tokyo
21336,1070,poi_1,57ddfb16498ebe11da91dab8,2018-06-23T21:24:00,-1.0,19.2,0.012,7.5,rain,"Rain, Overcast",Tokyo
21336,1070,poi_2,4b19f7c2f964a5209de623e3,2018-06-23T21:31:00,5.8,19.2,0.005,12.6,rain,"Rain, Partially cloudy",Tokyo
21336,1070,poi_3,4b63696df964a520f3772ae3,2018-06-23T21:42:00,-1.0,19.2,0.005,12.6,rain,"Rain, Partially cloudy",Tokyo
21336,1070,poi_4,57d3af16498eccf681c716a3,2018-06-23T21:49:00,-1.0,19.2,0.005,12.6,rain,"Rain, Partially cloudy",Tokyo
21336,1070,poi_5,4e8176d7dab46ef0a8ab17a0,2018-06-23T22:02:00,7.8,19.2,0.005,12.6,rain,"Rain, Partially cloudy",Tokyo
21336,1070,poi_6,4eaa28fed3e3846cbc8b7272,2018-06-23T22:10:00,6.6,19.2,0.005,12.6,rain,"Rain, Partially cloudy",Tokyo
21336,1070,poi_7,4f7ff567e4b042dc204cde28,2018-06-23T22:20:00,7.9,19.2,0.005,12.6,rain,"Rain, Partially cloudy",Tokyo
21336,1070,poi_8,4ba5b7e0f964a520181e39e3,2018-06-23T22:27:00,9.0,19.2,0.005,12.6,rain,"Rain, Partially cloudy",Tokyo
21336,1070,poi_9,4c525380d797e21e8343857d,2018-06-23T22:36:00,8.4,19.6,0.0,9.2,,Partially cloudy,Tokyo
21336,1070,poi_10,4b7f61fdf964a520662b30e3,2018-06-23T22:44:00,8.7,19.6,0.0,9.2,,Partially cloudy,Tokyo
21336,1070,poi_11,4b556c7ef964a520f5e327e3,2018-06-23T22:55:00,9.2,19.6,0.0,9.2,,Partially cloudy,Tokyo
21336,1070,poi_12,4b5bda5ef964a520e41929e3,2018-06-23T23:13:00,7.8,19.6,0.0,9.2,,Partially cloudy,Tokyo
21336,1070,poi_13,4c3a58051e06d13a14387b3e,2018-06-23T23:19:00,-1.0,19.6,0.0,9.2,,Partially cloudy,Tokyo
21336,1070,poi_14,4b9d8dc0f964a5205ab336e3,2018-06-23T23:26:00,-1.0,19.6,0.0,9.2,,Partially cloudy,Tokyo
21336,1070,poi_15,4b5bba06f964a5208a1229e3,2018-06-23T23:43:00,8.1,19.7,1.986,7.7,rain,"Rain, Overcast",Tokyo
21336,1070,poi_16,553c8d9b498e07485b4e656c,2018-06-24T00:09:00,-1.0,19.7,1.986,7.7,rain,"Rain, Overcast",Tokyo
21336,1070,poi_17,4db3b8d14df05e5aaad21bf1,2018-06-24T00:29:00,-1.0,19.7,1.986,7.7,rain,"Rain, Overcast",Tokyo
21336,1070,poi_18,4dc64c6fb0fb5556cd0713ee,2018-06-24T00:47:00,-1.0,20.2,0.015,7.6,rain,"Rain, Partially cloudy",Tokyo
21336,1070,poi_19,4ba441eef964a520ae9038e3,2018-06-24T01:03:00,-1.0,20.2,0.015,7.6,rain,"Rain, Partially cloudy",Tokyo
21336,1070,poi_20,4cdfabc17e2e236ad520871b,2018-06-24T01:27:00,-1.0,20.2,0.015,7.6,rain,"Rain, Partially cloudy",Tokyo
21336,1070,poi_21,4b5ef219f964a520569f29e3,2018-06-24T01:46:00,5.8,20.9,0.0,3.8,,Partially cloudy,Tokyo
21379,1070,poi_1,4b4fc05df964a520001427e3,2018-07-28T16:15:00,5.7,25.8,0.053,16.5,rain,"Rain, Overcast",Tokyo
21379,1070,poi_2,5b191db4da7080002c99aa60,2018-07-28T16:17:00,7.4,25.8,0.053,16.5,rain,"Rain, Overcast",Tokyo
21379,1070,poi_3,4b558ed8f964a52066e727e3,2018-07-28T22:55:00,5.7,26.7,0.009,11.3,rain,"Rain, Partially cloudy",Tokyo
21379,1070,poi_4,57523d97498e15594bda7ed8,2018-07-28T23:10:00,-1.0,26.7,0.009,11.3,rain,"Rain, Partially cloudy",Tokyo
21379,1070,poi_5,4d9e766047ad3704d1523be5,2018-07-28T23:17:00,-1.0,26.7,0.009,11.3,rain,"Rain, Partially cloudy",Tokyo
21379,1070,poi_6,4b59bf5ff964a520f09528e3,2018-07-28T23:22:00,8.0,26.7,0.009,11.3,rain,"Rain, Partially cloudy",Tokyo
21379,1070,poi_7,5a410a58a4b51b63784951b8,2018-07-28T23:29:00,-1.0,26.7,0.009,11.3,rain,"Rain, Partially cloudy",Tokyo
21379,1070,poi_8,5230dd3711d27ac31c16787b,2018-07-28T23:42:00,-1.0,28.6,0.103,20.4,rain,"Rain, Partially cloudy",Tokyo
21379,1070,poi_9,50cc197be4b0373cbcd231d4,2018-07-28T23:50:00,8.6,28.6,0.103,20.4,rain,"Rain, Partially cloudy",Tokyo
21379,1070,poi_10,4b5a6789f964a520fac228e3,2018-07-28T23:59:00,8.4,28.6,0.103,20.4,rain,"Rain, Partially cloudy",Tokyo
21379,1070,poi_11,4c89ff421dcd199cc870501b,2018-07-29T00:12:00,-1.0,28.6,0.103,20.4,rain,"Rain, Partially cloudy",Tokyo
21379,1070,poi_12,4b2cb6b5f964a520bec824e3,2018-07-29T00:18:00,5.0,28.6,0.103,20.4,rain,"Rain, Partially cloudy",Tokyo
21379,1070,poi_13,4b5589b1f964a520d6e627e3,2018-07-29T00:39:00,-1.0,28.4,0.005,16.7,rain,"Rain, Partially cloudy",Tokyo
21379,1070,poi_14,51711c3fe4b0d5c4f96580b2,2018-07-29T00:45:00,-1.0,28.4,0.005,16.7,rain,"Rain, Partially cloudy",Tokyo
21387,1070,poi_1,4b4dc6bff964a5207ad726e3,2018-08-02T14:43:00,-1.0,27.9,0.0,9.2,,Partially cloudy,Tokyo
21387,1070,poi_2,4e59c2d452b1b78b81a22b7a,2018-08-02T19:21:00,-1.0,27.8,0.0,5.5,,Clear,Tokyo
21387,1070,poi_3,588be72ebbd6d163370dd038,2018-08-02T19:27:00,-1.0,27.8,0.0,5.5,,Clear,Tokyo
21387,1070,poi_4,5b63dad5724750002c40ffeb,2018-08-02T19:33:00,-1.0,27.8,0.0,5.5,,Partially cloudy,Tokyo
21387,1070,poi_5,59a9434beacf45447d618e7a,2018-08-02T19:38:00,-1.0,27.8,0.0,5.5,,Partially cloudy,Tokyo
21387,1070,poi_6,50dc2f2de4b0e04be8d318de,2018-08-02T19:44:00,-1.0,27.8,0.0,5.5,,Partially cloudy,Tokyo
21387,1070,poi_7,54bb491d498e7bffedc65f12,2018-08-02T19:59:00,-1.0,27.8,0.0,5.5,,Partially cloudy,Tokyo
21387,1070,poi_8,4b556c7ef964a520f5e327e3,2018-08-02T20:30:00,9.2,27.8,0.0,5.5,,Partially cloudy,Tokyo
21387,1070,poi_9,4de1db7f2271bfb8448ecbac,2018-08-02T21:06:00,8.9,28.6,0.0,7.5,,Partially cloudy,Tokyo
21387,1070,poi_10,4b5fd063f964a520b3cd29e3,2018-08-02T21:20:00,7.9,28.6,0.0,7.5,,Partially cloudy,Tokyo
21387,1070,poi_11,4be65c22cf200f476a8b143c,2018-08-02T21:54:00,9.2,29.1,0.0,7.5,,Clear,Tokyo
21387,1070,poi_12,510c85cde4b075469375ebbc,2018-08-02T22:22:00,7.7,29.1,0.0,7.5,,Clear,Tokyo
21387,1070,poi_13,53db450d498ef3eb39aa6be9,2018-08-02T22:27:00,8.5,29.1,0.0,7.5,,Clear,Tokyo
21387,1070,poi_14,4f62d795e4b098b393c64c23,2018-08-02T22:52:00,8.7,30.6,0.0,5.4,,Clear,Tokyo
21387,1070,poi_15,4ba84160f964a520a6d339e3,2018-08-02T22:59:00,6.1,30.6,0.0,5.4,,Clear,Tokyo
21387,1070,poi_16,4d0c0c715c46a093214206b4,2018-08-02T23:10:00,6.0,30.6,0.0,5.4,,Clear,Tokyo
21444,1070,poi_1,5361fc57498e376bd72c8c63,2018-09-20T20:44:00,6.5,16.4,0.0,14.6,,Overcast,Tokyo
21444,1070,poi_2,4b5e7f11f964a520e49029e3,2018-09-20T20:50:00,7.3,16.4,0.0,14.6,,Overcast,Tokyo
21444,1070,poi_3,4df444667d8b18e1723215d4,2018-09-20T21:55:00,8.5,16.8,0.0,13.0,,Partially cloudy,Tokyo
21444,1070,poi_4,4e8176d7dab46ef0a8ab17a0,2018-09-20T22:02:00,7.8,16.8,0.0,13.0,,Partially cloudy,Tokyo
21444,1070,poi_5,4b556c7ef964a520f5e327e3,2018-09-20T22:09:00,9.2,16.8,0.0,13.0,,Partially cloudy,Tokyo
21444,1070,poi_6,4dc4fbdd18387d1bd531ca19,2018-09-20T23:01:00,8.6,17.2,0.0,13.1,,Partially cloudy,Tokyo
21444,1070,poi_7,4f62d795e4b098b393c64c23,2018-09-21T00:07:00,8.7,17.3,10.303,14.8,rain,"Rain, Overcast",Tokyo
21444,1070,poi_8,510c85cde4b075469375ebbc,2018-09-21T01:15:00,7.7,17.4,0.0,16.6,,Partially cloudy,Tokyo
21444,1070,poi_9,4de1db7f2271bfb8448ecbac,2018-09-21T01:20:00,8.9,17.4,0.0,16.6,,Partially cloudy,Tokyo
21444,1070,poi_10,4b5fd063f964a520b3cd29e3,2018-09-21T01:27:00,7.9,17.4,0.0,16.6,,Partially cloudy,Tokyo
21444,1070,poi_11,4f7ff567e4b042dc204cde28,2018-09-21T01:47:00,7.9,17.7,0.0,13.5,,Partially cloudy,Tokyo
21444,1070,poi_12,4c65f9ef7abde21efb7d6268,2018-09-21T01:53:00,-1.0,17.7,0.0,13.5,,Partially cloudy,Tokyo
21444,1070,poi_13,4b55afa2f964a520cfeb27e3,2018-09-21T01:59:00,6.6,17.7,0.0,13.5,,Partially cloudy,Tokyo
1955666,113189,poi_1,4b4327e6f964a5209fdc25e3,2017-11-02T19:39:00,5.9,12.2,0.0,9.4,,Partially cloudy,Tokyo
1955666,113189,poi_2,4b443147f964a5208bf225e3,2017-11-02T20:00:00,-1.0,12.2,0.0,9.4,,Partially cloudy,Tokyo
1955666,113189,poi_3,4b5ff6b2f964a520ddd129e3,2017-11-02T20:15:00,-1.0,12.2,0.0,9.4,,Partially cloudy,Tokyo
1955666,113189,poi_4,4b627ed1f964a520a1492ae3,2017-11-02T20:34:00,8.3,12.2,0.0,9.5,,Partially cloudy,Tokyo
1955666,113189,poi_5,4b553983f964a5202adf27e3,2017-11-02T21:00:00,-1.0,12.2,0.0,9.5,,Partially cloudy,Tokyo
1955666,113189,poi_6,4e0c70f11f6e9300e4e6376f,2017-11-02T21:42:00,8.5,12.7,0.0,9.5,,Partially cloudy,Tokyo
1955666,113189,poi_7,4b19f917f964a520abe623e3,2017-11-02T23:06:00,7.8,15.3,0.002,9.5,rain,"Rain, Partially cloudy",Tokyo
1955666,113189,poi_8,4b093eeff964a520e51423e3,2017-11-02T23:31:00,6.7,15.9,0.0,9.5,,Partially cloudy,Tokyo
1955666,113189,poi_9,4b5bf5b7f964a520081f29e3,2017-11-03T00:11:00,7.3,15.9,0.0,9.5,,Partially cloudy,Tokyo
1955666,113189,poi_10,4b093eeff964a520e51423e3,2017-11-03T03:37:00,6.7,21.1,0.0,9.2,,Clear,Tokyo
1955666,113189,poi_11,4b19f917f964a520abe623e3,2017-11-03T04:09:00,7.8,21.1,0.0,9.2,,Clear,Tokyo
1955666,113189,poi_12,4e0c70f11f6e9300e4e6376f,2017-11-03T05:16:00,8.5,20.9,0.0,3.8,,Clear,Tokyo
1955668,113189,poi_1,4b56a0f8f964a5201f1728e3,2017-11-04T15:10:00,8.0,11.9,0.0,9.3,,Partially cloudy,Tokyo
1955668,113189,poi_2,4b54ea63f964a520efd227e3,2017-11-04T18:01:00,8.3,11.8,0.0,11.1,,Clear,Tokyo
1955668,113189,poi_3,4b443147f964a5208bf225e3,2017-11-04T18:21:00,-1.0,11.8,0.0,11.1,,Clear,Tokyo
1955668,113189,poi_4,4b59912bf964a520d58c28e3,2017-11-04T18:46:00,-1.0,11.6,0.0,16.3,,Clear,Tokyo
1955668,113189,poi_5,4b9c7fb6f964a520b06c36e3,2017-11-04T20:26:00,6.6,11.3,0.0,14.4,,Clear,Tokyo
1955668,113189,poi_6,4b595505f964a520528528e3,2017-11-04T22:05:00,5.7,11.0,0.0,7.9,,Clear,Tokyo
1955668,113189,poi_7,4b1211bcf964a520cb8823e3,2017-11-04T22:27:00,8.4,11.0,0.0,7.9,,Clear,Tokyo
1955668,113189,poi_8,4b62b1dbf964a5204f4f2ae3,2017-11-04T22:38:00,8.3,11.7,0.0,5.7,,Clear,Tokyo
1955668,113189,poi_9,4bf7a868508c0f476eda3d31,2017-11-04T22:52:00,7.2,11.7,0.0,5.7,,Clear,Tokyo
1955668,113189,poi_10,4b19f917f964a520abe623e3,2017-11-04T22:59:00,7.8,11.7,0.0,5.7,,Clear,Tokyo
1955668,113189,poi_11,4b4327e6f964a5209fdc25e3,2017-11-04T23:11:00,5.9,11.7,0.0,5.7,,Clear,Tokyo
1955693,113189,poi_1,4b4327e6f964a5209fdc25e3,2018-05-25T19:35:00,5.9,20.5,0.0,7.5,,Clear,Tokyo
1955693,113189,poi_2,4b7b65f0f964a520e2612fe3,2018-05-25T19:48:00,-1.0,20.5,0.0,7.5,,Clear,Tokyo
1955693,113189,poi_3,4b443147f964a5208bf225e3,2018-05-25T20:05:00,-1.0,20.5,0.0,7.5,,Clear,Tokyo
1955693,113189,poi_4,4b5ff6b2f964a520ddd129e3,2018-05-25T20:25:00,-1.0,20.5,0.0,7.5,,Clear,Tokyo
1955693,113189,poi_5,4b627ed1f964a520a1492ae3,2018-05-25T20:44:00,8.3,20.6,0.0,11.1,,Partially cloudy,Tokyo
1955693,113189,poi_6,4b443147f964a5208bf225e3,2018-05-25T21:06:00,-1.0,20.6,0.0,11.1,,Partially cloudy,Tokyo
1955693,113189,poi_7,4b53bc1af964a520aba927e3,2018-05-25T21:17:00,-1.0,20.6,0.0,11.1,,Partially cloudy,Tokyo
1955693,113189,poi_8,4e0c70f11f6e9300e4e6376f,2018-05-25T21:29:00,8.5,20.6,0.0,11.1,,Partially cloudy,Tokyo
1955693,113189,poi_9,4b19f917f964a520abe623e3,2018-05-25T22:36:00,7.8,21.8,0.0,11.0,,Clear,Tokyo
1955693,113189,poi_10,4b498d9df964a5202f7126e3,2018-05-25T22:55:00,5.5,21.8,0.0,11.0,,Clear,Tokyo
1955693,113189,poi_11,4dc83345ae6031fcb005f6d3,2018-05-25T23:10:00,6.5,21.8,0.0,11.0,,Clear,Tokyo
1955693,113189,poi_12,4b6674d0f964a520d5212be3,2018-05-25T23:52:00,8.9,22.9,0.0,9.3,,Partially cloudy,Tokyo
1955693,113189,poi_13,4b498d9df964a5202f7126e3,2018-05-26T03:22:00,5.5,24.6,0.0,16.4,,Partially cloudy,Tokyo
1955693,113189,poi_14,4b19f917f964a520abe623e3,2018-05-26T03:42:00,7.8,24.2,0.0,13.1,,Partially cloudy,Tokyo
1955693,113189,poi_15,4cb98aedadcd5481581e1da2,2018-05-26T03:46:00,5.5,24.2,0.0,13.1,,Partially cloudy,Tokyo
1955693,113189,poi_16,4e0c70f11f6e9300e4e6376f,2018-05-26T04:31:00,8.5,23.9,0.0,13.0,,Partially cloudy,Tokyo
1955699,113189,poi_1,4b4327e6f964a5209fdc25e3,2018-06-15T17:58:00,5.9,15.1,0.485,9.5,rain,"Rain, Overcast",Tokyo
1955699,113189,poi_2,4b7b65f0f964a520e2612fe3,2018-06-15T18:11:00,-1.0,15.1,0.485,9.5,rain,"Rain, Overcast",Tokyo
1955699,113189,poi_3,4b443147f964a5208bf225e3,2018-06-15T18:30:00,-1.0,15.1,0.485,9.5,rain,"Rain, Overcast",Tokyo
1955699,113189,poi_4,4b5ff6b2f964a520ddd129e3,2018-06-15T18:48:00,-1.0,14.6,0.005,7.9,rain,"Rain, Overcast",Tokyo
1955699,113189,poi_5,4b627ed1f964a520a1492ae3,2018-06-15T19:03:00,8.3,14.6,0.005,7.9,rain,"Rain, Overcast",Tokyo
1955699,113189,poi_6,4b59912bf964a520d58c28e3,2018-06-15T19:07:00,-1.0,14.6,0.005,7.9,rain,"Rain, Overcast",Tokyo
1955699,113189,poi_7,4b443147f964a5208bf225e3,2018-06-15T21:06:00,-1.0,14.7,0.002,9.5,rain,"Rain, Overcast",Tokyo
1955699,113189,poi_8,4b53bc1af964a520aba927e3,2018-06-15T21:31:00,-1.0,14.7,0.004,11.2,rain,"Rain, Overcast",Tokyo
1955699,113189,poi_9,4e0c70f11f6e9300e4e6376f,2018-06-15T21:48:00,8.5,14.7,0.004,11.2,rain,"Rain, Overcast",Tokyo
1955699,113189,poi_10,4b19f917f964a520abe623e3,2018-06-16T00:29:00,7.8,14.9,3.046,16.3,rain,"Rain, Overcast",Tokyo
1955699,113189,poi_11,4cb139ed562d224bf38b1d88,2018-06-16T00:38:00,5.3,15.5,0.0,9.4,,Overcast,Tokyo
1955699,113189,poi_12,4ee5dbfe77c8e893196dbb55,2018-06-16T00:55:00,-1.0,15.5,0.0,9.4,,Overcast,Tokyo
1955699,113189,poi_13,4b600990f964a520e3d329e3,2018-06-16T04:44:00,6.1,17.3,0.0,13.0,,Overcast,Tokyo
1955699,113189,poi_14,4e0c70f11f6e9300e4e6376f,2018-06-16T05:19:00,8.5,17.3,0.0,13.0,,Overcast,Tokyo
1955710,113189,poi_1,59ec45d64ce0665bc880f046,2018-08-09T17:30:00,7.9,27.2,0.0,11.4,,Clear,Tokyo
1955710,113189,poi_2,4b1211bcf964a520cb8823e3,2018-08-09T20:22:00,8.4,27.1,0.0,9.6,,Partially cloudy,Tokyo
1955710,113189,poi_3,4b598c34f964a520f78b28e3,2018-08-09T20:43:00,8.6,27.5,0.0,9.5,,Clear,Tokyo
1955710,113189,poi_4,4ce62908595cb1f75ac4ba14,2018-08-09T21:25:00,5.9,27.5,0.0,9.5,,Clear,Tokyo
1955710,113189,poi_5,4e0c70f11f6e9300e4e6376f,2018-08-09T21:44:00,8.5,29.3,0.0,11.2,,Clear,Tokyo
1955710,113189,poi_6,4b53bc1af964a520aba927e3,2018-08-09T23:00:00,-1.0,31.0,0.0,9.5,,Clear,Tokyo
1955710,113189,poi_7,4b443147f964a5208bf225e3,2018-08-09T23:15:00,-1.0,31.0,0.0,9.5,,Clear,Tokyo
1955710,113189,poi_8,4b5ff6b2f964a520ddd129e3,2018-08-09T23:17:00,-1.0,31.0,0.0,9.5,,Clear,Tokyo
1955710,113189,poi_9,4b46d0ebf964a520982826e3,2018-08-09T23:28:00,-1.0,31.0,0.0,9.5,,Clear,Tokyo
1955710,113189,poi_10,4b5ab0ddf964a520f5d028e3,2018-08-09T23:40:00,8.5,31.8,0.0,7.8,,Partially cloudy,Tokyo
1955710,113189,poi_11,4b46d0ebf964a520982826e3,2018-08-10T03:36:00,-1.0,33.0,0.0,14.8,,Clear,Tokyo
1955710,113189,poi_12,4b53bc1af964a520aba927e3,2018-08-10T03:49:00,-1.0,33.0,0.0,14.8,,Clear,Tokyo
1955714,113189,poi_1,4b4327e6f964a5209fdc25e3,2018-08-31T18:43:00,5.9,24.1,0.0,5.8,,Clear,Tokyo
1955714,113189,poi_2,4b7b65f0f964a520e2612fe3,2018-08-31T18:55:00,-1.0,24.1,0.0,5.8,,Clear,Tokyo
1955714,113189,poi_3,4b443147f964a5208bf225e3,2018-08-31T19:10:00,-1.0,24.1,0.0,5.8,,Clear,Tokyo
1955714,113189,poi_4,4b5ff6b2f964a520ddd129e3,2018-08-31T19:18:00,-1.0,24.1,0.0,5.8,,Clear,Tokyo
1955714,113189,poi_5,4b627ed1f964a520a1492ae3,2018-08-31T19:21:00,8.3,24.1,0.0,5.8,,Clear,Tokyo
1955714,113189,poi_6,4b9d9c9af964a52059b636e3,2018-08-31T19:38:00,7.5,24.4,0.0,7.9,,Partially cloudy,Tokyo
1955714,113189,poi_7,4b443147f964a5208bf225e3,2018-08-31T19:43:00,-1.0,24.4,0.0,7.9,,Partially cloudy,Tokyo
1955714,113189,poi_8,4b53bc1af964a520aba927e3,2018-08-31T19:50:00,-1.0,24.4,0.0,7.9,,Partially cloudy,Tokyo
1955714,113189,poi_9,4b19f917f964a520abe623e3,2018-09-01T01:24:00,7.8,28.8,0.0,7.8,,Partially cloudy,Tokyo
1955714,113189,poi_10,4e0c70f11f6e9300e4e6376f,2018-09-01T01:35:00,8.5,29.6,0.0,5.7,,Clear,Tokyo
1955714,113189,poi_11,564f1ba0498e317225e719fb,2018-09-01T01:59:00,8.1,29.6,0.0,5.7,,Clear,Tokyo
1955720,113189,poi_1,4b443147f964a5208bf225e3,2018-10-05T17:07:00,-1.0,18.6,0.0,7.4,,Partially cloudy,Tokyo
1955720,113189,poi_2,4b5ff6b2f964a520ddd129e3,2018-10-05T17:19:00,-1.0,18.6,0.0,7.4,,Partially cloudy,Tokyo
1955720,113189,poi_3,4b627ed1f964a520a1492ae3,2018-10-05T17:34:00,8.3,18.6,1.195,5.3,rain,"Rain, Overcast",Tokyo
1955720,113189,poi_4,4b553983f964a5202adf27e3,2018-10-05T17:57:00,-1.0,18.6,1.195,5.3,rain,"Rain, Overcast",Tokyo
1955720,113189,poi_5,4b59912bf964a520d58c28e3,2018-10-05T18:05:00,-1.0,18.6,1.195,5.3,rain,"Rain, Overcast",Tokyo
1955720,113189,poi_6,4b5907def964a5203b7928e3,2018-10-05T18:59:00,8.5,18.7,0.0,5.3,,Overcast,Tokyo
1955720,113189,poi_7,4b443147f964a5208bf225e3,2018-10-05T20:15:00,-1.0,18.6,0.0,3.5,,Overcast,Tokyo
1955720,113189,poi_8,4b53bc1af964a520aba927e3,2018-10-05T20:26:00,-1.0,18.6,0.0,3.5,,Overcast,Tokyo
1955720,113189,poi_9,4e0c70f11f6e9300e4e6376f,2018-10-05T21:42:00,8.5,19.3,0.0,3.6,,Overcast,Tokyo
1955720,113189,poi_10,4b19f917f964a520abe623e3,2018-10-05T22:08:00,7.8,19.3,0.0,3.6,,Overcast,Tokyo
1955720,113189,poi_11,4b0587a6f964a5203d9e22e3,2018-10-05T22:24:00,7.1,19.3,0.0,3.6,,Overcast,Tokyo
1955720,113189,poi_12,4b17d66cf964a520b7c823e3,2018-10-05T22:39:00,6.2,19.9,0.0,5.2,,Overcast,Tokyo
1955720,113189,poi_13,4ba3010ef964a520592738e3,2018-10-05T23:14:00,-1.0,19.9,0.0,5.2,,Overcast,Tokyo
1955720,113189,poi_14,4b17d66cf964a520b7c823e3,2018-10-06T03:08:00,6.2,27.3,0.0,9.4,,Partially cloudy,Tokyo
2040467,121016,poi_1,4b6534d3f964a520e3e82ae3,2017-11-17T16:07:00,6.6,9.4,0.0,7.5,,Clear,Tokyo
2040467,121016,poi_2,4c25758c136d20a1a4bfe361,2017-11-17T17:14:00,4.7,8.9,0.0,7.5,,Clear,Tokyo
2040467,121016,poi_3,58c8b590ef787f141d5382dc,2017-11-17T17:24:00,-1.0,8.9,0.0,7.5,,Clear,Tokyo
2040467,121016,poi_4,566bfd02498e58ba37145983,2017-11-17T17:33:00,7.2,8.6,0.0,7.5,,Overcast,Tokyo
2040467,121016,poi_5,4b5c5716f964a5209c2b29e3,2017-11-17T17:41:00,5.3,8.6,0.0,7.5,,Overcast,Tokyo
2040467,121016,poi_6,4b385a52f964a520b44d25e3,2017-11-17T17:53:00,5.7,8.6,0.0,7.5,,Overcast,Tokyo
2040467,121016,poi_7,4b544d5bf964a520eab627e3,2017-11-17T17:59:00,5.1,8.6,0.0,7.5,,Overcast,Tokyo
2040467,121016,poi_8,4b556d98f964a5200de427e3,2017-11-17T18:14:00,7.8,8.6,0.0,7.5,,Overcast,Tokyo
2040467,121016,poi_9,5503a7ad498e8d74c5aca69f,2017-11-17T19:33:00,7.9,8.4,0.0,5.4,,Partially cloudy,Tokyo
2040467,121016,poi_10,4c903dd56fbf224b4851528f,2017-11-17T22:35:00,6.1,10.4,0.0,3.8,,Overcast,Tokyo
2040467,121016,poi_11,50966024e4b0ad0d96424f52,2017-11-17T22:38:00,6.1,10.4,0.0,3.8,,Overcast,Tokyo
2040467,121016,poi_12,4b4ac1bcf964a520f68d26e3,2017-11-17T22:53:00,5.9,10.4,0.0,3.8,,Overcast,Tokyo
2040467,121016,poi_13,4b3883cff964a520624e25e3,2017-11-17T23:05:00,-1.0,10.4,0.0,3.8,,Overcast,Tokyo
2040467,121016,poi_14,4b305ae0f964a5201ff924e3,2017-11-17T23:21:00,-1.0,10.4,0.0,3.8,,Overcast,Tokyo
2040467,121016,poi_15,4b6a97d2f964a520a6d92be3,2017-11-17T23:32:00,-1.0,12.2,0.0,12.8,,Overcast,Tokyo
2040470,121016,poi_1,4cec9db113aea143694c629f,2017-12-01T17:28:00,5.9,7.1,0.0,5.7,,Partially cloudy,Tokyo
2040470,121016,poi_2,4b597bacf964a520bd8928e3,2017-12-01T17:33:00,5.9,6.6,0.0,9.4,,Partially cloudy,Tokyo
2040470,121016,poi_3,4b52f6e9f964a520828b27e3,2017-12-01T17:46:00,6.2,6.6,0.0,9.4,,Partially cloudy,Tokyo
2040470,121016,poi_4,4b3b587cf964a520bb7225e3,2017-12-01T17:51:00,5.7,6.6,0.0,9.4,,Partially cloudy,Tokyo
2040470,121016,poi_5,4c023e11310fc9b6bd35c461,2017-12-01T17:56:00,5.7,6.6,0.0,9.4,,Partially cloudy,Tokyo
2040470,121016,poi_6,4b556d98f964a5200de427e3,2017-12-01T18:25:00,7.8,6.6,0.0,9.4,,Partially cloudy,Tokyo
2040470,121016,poi_7,4b6a890af964a52002d82be3,2017-12-01T23:40:00,5.7,7.1,0.0,7.6,,Partially cloudy,Tokyo
2040470,121016,poi_8,4b80fba7f964a520349430e3,2017-12-01T23:51:00,5.9,7.1,0.0,7.6,,Partially cloudy,Tokyo
2040470,121016,poi_9,4b5442c4f964a520dfb527e3,2017-12-02T01:21:00,5.9,8.1,0.0,7.7,,Clear,Tokyo
2040470,121016,poi_10,4e1fab03d22d0a3f59e62a2f,2017-12-02T01:27:00,5.4,8.1,0.0,7.7,,Clear,Tokyo
2040470,121016,poi_11,4b5d332bf964a520525629e3,2017-12-02T01:34:00,-1.0,8.9,0.0,7.6,,Clear,Tokyo
2040470,121016,poi_12,4b55b43df964a52084ec27e3,2017-12-02T02:13:00,-1.0,8.9,0.0,7.6,,Clear,Tokyo
2040470,121016,poi_13,4ddc457a22713339cd12e734,2017-12-02T02:49:00,-1.0,10.4,0.0,5.5,,Partially cloudy,Tokyo
2040470,121016,poi_14,4b591824f964a520417c28e3,2017-12-02T03:01:00,7.0,10.4,0.0,5.5,,Partially cloudy,Tokyo
2040470,121016,poi_15,4b58dcdaf964a5206e6f28e3,2017-12-02T03:11:00,6.0,10.4,0.0,5.5,,Partially cloudy,Tokyo
2040470,121016,poi_16,4b5aad45f964a5206dd028e3,2017-12-02T03:20:00,6.5,10.4,0.0,5.5,,Partially cloudy,Tokyo
2040475,121016,poi_1,4b21c0def964a520104124e3,2017-12-16T17:16:00,6.4,5.0,0.0,5.6,,Clear,Tokyo
2040475,121016,poi_2,4bf81aea4a67c92841c324cf,2017-12-16T17:24:00,-1.0,5.0,0.0,5.6,,Clear,Tokyo
2040475,121016,poi_3,4e61ac4ca80951b3182e71db,2017-12-16T17:35:00,-1.0,5.9,0.0,5.6,,Partially cloudy,Tokyo
2040475,121016,poi_4,4cc3edabd43ba143f3c363f8,2017-12-16T17:37:00,5.3,5.9,0.0,5.6,,Partially cloudy,Tokyo
2040475,121016,poi_5,4bf35e8794af2d7f9a793972,2017-12-16T17:45:00,5.4,5.9,0.0,5.6,,Partially cloudy,Tokyo
2040475,121016,poi_6,4b52d37af964a520ca8827e3,2017-12-16T17:51:00,6.4,5.9,0.0,5.6,,Partially cloudy,Tokyo
2040475,121016,poi_7,4b5d8147f964a520415f29e3,2017-12-16T18:04:00,5.8,5.9,0.0,5.6,,Partially cloudy,Tokyo
2040475,121016,poi_8,4b7667eff964a520434b2ee3,2017-12-16T21:31:00,5.7,6.1,0.0,20.6,,Clear,Tokyo
2040475,121016,poi_9,5091fddae4b0bfe331c2cd6c,2017-12-16T22:16:00,5.1,6.1,0.0,20.6,,Clear,Tokyo
2040475,121016,poi_10,4b0587a6f964a5203d9e22e3,2017-12-16T22:25:00,7.1,6.1,0.0,20.6,,Clear,Tokyo
2040475,121016,poi_11,4e33d407ae60795fcfda34c3,2017-12-16T22:30:00,-1.0,6.1,0.0,20.6,,Clear,Tokyo
2040475,121016,poi_12,52e7263311d269e9a0ccb050,2017-12-17T01:00:00,5.2,7.9,0.0,24.3,,Clear,Tokyo
2040475,121016,poi_13,4b19f87df964a520a4e623e3,2017-12-17T01:31:00,5.9,8.5,0.0,18.8,,Clear,Tokyo
2040475,121016,poi_14,4d0c0c715c46a093214206b4,2017-12-17T01:43:00,6.0,8.5,0.0,18.8,,Clear,Tokyo
2040477,121016,poi_1,4bbc53e2afe1b713c141304b,2017-12-22T15:28:00,-1.0,4.6,0.0,9.3,,Clear,Tokyo
2040477,121016,poi_2,4b5f0ffef964a5204aa429e3,2017-12-22T15:34:00,-1.0,3.9,0.0,12.8,,Clear,Tokyo
2040477,121016,poi_3,4b5d7ba1f964a520765e29e3,2017-12-22T16:06:00,6.2,3.9,0.0,12.8,,Clear,Tokyo
2040477,121016,poi_4,4bcd30ab511f95211968b4c7,2017-12-22T17:27:00,5.4,3.2,0.0,12.9,,Clear,Tokyo
2040477,121016,poi_5,4b9e16a9f964a520f7c936e3,2017-12-22T19:36:00,7.8,2.1,0.0,9.3,,Clear,Tokyo
2040477,121016,poi_6,4b4e5461f964a5209ce926e3,2017-12-22T20:32:00,5.5,1.2,0.0,3.7,,Clear,Tokyo
2040477,121016,poi_7,4b8f9d39f964a520fa5933e3,2017-12-22T20:46:00,5.5,1.2,0.0,3.7,,Clear,Tokyo
2040477,121016,poi_8,4e7d464a77c83160a41e6411,2017-12-22T20:53:00,7.5,1.2,0.0,3.7,,Clear,Tokyo
2040477,121016,poi_9,4b556d98f964a5200de427e3,2017-12-22T21:05:00,7.8,1.2,0.0,3.7,,Clear,Tokyo
2040477,121016,poi_10,533a6d24498e412ae75dcb27,2017-12-22T22:00:00,-1.0,1.7,0.0,5.5,,Clear,Tokyo
2040477,121016,poi_11,4c555d3130f92d7f191ffdbb,2017-12-23T00:05:00,-1.0,6.6,0.0,5.4,,Clear,Tokyo
2040477,121016,poi_12,4bc5d071693695219b888488,2017-12-23T00:38:00,-1.0,8.8,0.0,7.6,,Clear,Tokyo
2040477,121016,poi_13,4b600990f964a520e3d329e3,2017-12-23T00:42:00,6.1,8.8,0.0,7.6,,Clear,Tokyo
2040477,121016,poi_14,4b780d38f964a5209bb32ee3,2017-12-23T00:51:00,-1.0,8.8,0.0,7.6,,Clear,Tokyo
2040524,121016,poi_1,4b35a0aaf964a5204a2e25e3,2018-05-19T16:41:00,7.0,15.0,0.0,11.2,,Partially cloudy,Tokyo
2040524,121016,poi_2,4c95dc1182b56dcbbfaadcaa,2018-05-19T16:49:00,7.7,15.0,0.0,11.2,,Partially cloudy,Tokyo
2040524,121016,poi_3,4bd01f4477b29c74032d8a82,2018-05-19T17:13:00,-1.0,15.0,0.0,11.2,,Partially cloudy,Tokyo
2040524,121016,poi_4,4ddb0b6cd22d4dbc8c12cc76,2018-05-19T17:17:00,-1.0,15.0,0.0,11.2,,Partially cloudy,Tokyo
2040524,121016,poi_5,4b563b1df964a520730628e3,2018-05-19T18:56:00,6.6,14.0,0.0,13.2,,Clear,Tokyo
2040524,121016,poi_6,4b68b2c8f964a520d0872be3,2018-05-19T19:17:00,-1.0,14.0,0.0,13.2,,Clear,Tokyo
2040524,121016,poi_7,4c9db3588afca0937c88f915,2018-05-19T19:23:00,6.4,14.0,0.0,13.2,,Clear,Tokyo
2040524,121016,poi_8,4b556d98f964a5200de427e3,2018-05-19T19:50:00,7.8,13.3,0.0,11.4,,Clear,Tokyo
2040524,121016,poi_9,4becaea60ddaa5936df11dc3,2018-05-19T23:00:00,8.0,15.5,0.0,13.2,,Clear,Tokyo
2040524,121016,poi_10,4cfceb9c7945224b99af8de7,2018-05-19T23:28:00,5.5,15.5,0.0,13.2,,Clear,Tokyo
2040524,121016,poi_11,4c839b5174d7b60cd0f58ad8,2018-05-19T23:45:00,-1.0,16.5,0.0,15.0,,Partially cloudy,Tokyo
2040524,121016,poi_12,51e3d8d1498ef8271b9cf7e8,2018-05-20T00:58:00,-1.0,16.4,0.0,13.2,,Clear,Tokyo
2040524,121016,poi_13,4ebf3740d3e3700a5b4bb952,2018-05-20T01:39:00,-1.0,18.3,0.0,14.9,,Clear,Tokyo
2062579,122592,poi_1,4b792714f964a52018ed2ee3,2017-10-06T16:41:00,7.6,15.2,0.0,11.3,,Overcast,Tokyo
2062579,122592,poi_2,4b46d0ebf964a520982826e3,2017-10-06T16:58:00,-1.0,15.2,0.0,11.3,,Overcast,Tokyo
2062579,122592,poi_3,4b5ab0ddf964a520f5d028e3,2017-10-06T17:07:00,8.5,15.2,0.0,11.3,,Overcast,Tokyo
2062579,122592,poi_4,4b443147f964a5208bf225e3,2017-10-06T18:38:00,-1.0,15.6,0.0,5.7,,Overcast,Tokyo
2062579,122592,poi_5,4b46d0ebf964a520982826e3,2017-10-06T20:19:00,-1.0,15.4,0.0,16.9,,Overcast,Tokyo
2062579,122592,poi_6,4b5ab0ddf964a520f5d028e3,2017-10-06T22:36:00,8.5,16.2,0.0,11.4,,Overcast,Tokyo
2062579,122592,poi_7,4b4dc6bff964a5207ad726e3,2017-10-07T14:22:00,-1.0,18.4,0.0,5.3,,Partially cloudy,Tokyo
2062579,122592,poi_8,4b46d0ebf964a520982826e3,2017-10-07T14:31:00,-1.0,18.1,0.0,3.7,,Partially cloudy,Tokyo
2062579,122592,poi_9,4b5ab0ddf964a520f5d028e3,2017-10-07T14:38:00,8.5,18.1,0.0,3.7,,Partially cloudy,Tokyo
2062579,122592,poi_10,4b580648f964a520f14828e3,2017-10-07T16:41:00,8.7,17.7,0.0,3.7,,Partially cloudy,Tokyo
2062579,122592,poi_11,4b7dcaf4f964a520f4d42fe3,2017-10-07T17:54:00,5.2,18.2,0.0,2.0,,Partially cloudy,Tokyo
2062579,122592,poi_12,4b5ab0ddf964a520f5d028e3,2017-10-07T22:14:00,8.5,18.8,0.0,3.7,,Overcast,Tokyo
2062587,122592,poi_1,4b92005ef964a520ebe233e3,2017-11-16T18:38:00,6.6,7.6,0.0,3.8,,Partially cloudy,Tokyo
2062587,122592,poi_2,4b67a5c4f964a52069592be3,2017-11-16T19:00:00,7.0,7.6,0.0,3.8,,Partially cloudy,Tokyo
2062587,122592,poi_3,4b5583def964a52032e627e3,2017-11-16T22:07:00,5.6,6.2,0.0,5.5,,Partially cloudy,Tokyo
2062587,122592,poi_4,4b792714f964a52018ed2ee3,2017-12-01T15:41:00,7.6,7.0,0.0,5.6,,Partially cloudy,Tokyo
2062587,122592,poi_5,4b0b90e1f964a5204d3223e3,2017-12-01T15:49:00,5.7,7.0,0.0,5.6,,Partially cloudy,Tokyo
2062587,122592,poi_6,4b47db98f964a520ce4126e3,2017-12-01T15:55:00,7.0,7.0,0.0,5.6,,Partially cloudy,Tokyo
2062587,122592,poi_7,4b6ff75cf964a520ac012de3,2017-12-01T21:48:00,6.8,4.9,0.0,3.9,,Clear,Tokyo
2062587,122592,poi_8,4b47db98f964a520ce4126e3,2017-12-01T23:17:00,7.0,5.7,0.0,7.7,,Partially cloudy,Tokyo
2062587,122592,poi_9,5501f993498e96fb35e5e428,2017-12-02T03:53:00,6.1,10.4,0.0,5.5,,Partially cloudy,Tokyo
2062587,122592,poi_10,4b600990f964a520e3d329e3,2017-12-02T05:33:00,6.1,10.4,0.0,9.4,,Partially cloudy,Tokyo
2062587,122592,poi_11,4b792714f964a52018ed2ee3,2017-12-15T17:48:00,7.6,3.9,0.0,7.5,,Partially cloudy,Tokyo
2062587,122592,poi_12,4b5e3de5f964a520b58529e3,2017-12-15T18:04:00,-1.0,3.9,0.0,7.5,,Partially cloudy,Tokyo
2062587,122592,poi_13,4b5bcf47f964a5206f1729e3,2017-12-15T18:23:00,-1.0,3.9,0.0,7.5,,Partially cloudy,Tokyo
2062587,122592,poi_14,4f751d1fe4b0e09b8aa00420,2017-12-15T18:28:00,8.1,3.9,0.0,7.5,,Partially cloudy,Tokyo
2062587,122592,poi_15,4f8e33fae4b0db4702573962,2017-12-15T20:37:00,-1.0,2.4,0.0,3.8,,Partially cloudy,Tokyo
2062589,122592,poi_1,4b792714f964a52018ed2ee3,2017-12-19T15:41:00,7.6,4.6,0.0,9.4,,Clear,Tokyo
2062589,122592,poi_2,4b19f917f964a520abe623e3,2017-12-20T00:50:00,7.8,6.2,0.0,9.2,,Clear,Tokyo
2062589,122592,poi_3,564eee96498e65eaa54c1ed7,2017-12-20T01:22:00,6.3,6.2,0.0,9.2,,Clear,Tokyo
2062589,122592,poi_4,4b19f917f964a520abe623e3,2017-12-20T01:54:00,7.8,8.0,0.0,5.4,,Clear,Tokyo
2062589,122592,poi_5,4b565cbff964a520380d28e3,2017-12-20T02:03:00,5.3,8.0,0.0,5.4,,Clear,Tokyo
2062589,122592,poi_6,4b56643df964a520700e28e3,2017-12-20T15:39:00,-1.0,2.4,0.0,9.4,,Clear,Tokyo
2062589,122592,poi_7,51db9334498e318c1a3c1584,2017-12-20T18:31:00,6.6,1.9,0.0,7.6,,Clear,Tokyo
2062589,122592,poi_8,4b56643df964a520700e28e3,2017-12-21T00:34:00,-1.0,5.4,0.0,7.7,,Clear,Tokyo
2062589,122592,poi_9,4b4dc6bff964a5207ad726e3,2017-12-21T16:00:00,-1.0,2.7,0.0,5.6,,Clear,Tokyo
2062589,122592,poi_10,4b7b38e9f964a520ea582fe3,2017-12-21T17:59:00,5.3,2.4,0.0,7.7,,Clear,Tokyo
2062589,122592,poi_11,4b19f917f964a520abe623e3,2017-12-21T22:00:00,7.8,2.1,0.0,9.2,,Partially cloudy,Tokyo
2062589,122592,poi_12,4b565cbff964a520380d28e3,2017-12-21T22:57:00,5.3,2.7,0.0,5.6,,Clear,Tokyo
2062589,122592,poi_13,4b54ea63f964a520efd227e3,2017-12-23T19:00:00,8.3,5.2,0.0,7.5,,Partially cloudy,Tokyo
2062589,122592,poi_14,4b70efe6f964a520fb342de3,2017-12-23T20:58:00,5.0,5.6,0.0,5.5,,Partially cloudy,Tokyo
2062589,122592,poi_15,4b5d5f2bf964a520195b29e3,2017-12-23T22:59:00,7.3,5.5,0.0,7.5,,Partially cloudy,Tokyo
2062589,122592,poi_16,4dbbb0594b222080d37efbd4,2017-12-24T00:54:00,7.4,6.4,0.0,5.6,,Partially cloudy,Tokyo
2062589,122592,poi_17,4b565cbff964a520380d28e3,2017-12-24T02:15:00,5.3,6.9,0.0,7.6,,Overcast,Tokyo
2062589,122592,poi_18,4b600990f964a520e3d329e3,2017-12-24T21:52:00,6.1,6.9,0.0,16.3,,Clear,Tokyo
2062589,122592,poi_19,4b792714f964a52018ed2ee3,2017-12-25T03:46:00,7.6,14.9,0.0,18.2,,Clear,Tokyo
2062589,122592,poi_20,4b92005ef964a520ebe233e3,2017-12-30T22:34:00,6.6,3.8,0.0,7.6,,Overcast,Tokyo
2062589,122592,poi_21,4b0587a6f964a5203d9e22e3,2018-01-02T21:25:00,7.1,2.8,0.0,13.1,,Clear,Tokyo
2062589,122592,poi_22,4b5837b9f964a5205c4e28e3,2018-01-02T21:36:00,8.1,3.1,0.0,13.0,,Clear,Tokyo
2062589,122592,poi_23,4b0587a6f964a5203d9e22e3,2018-01-02T22:39:00,7.1,3.1,0.0,13.4,,Clear,Tokyo
2062589,122592,poi_24,4b38b418f964a520914f25e3,2018-01-02T22:51:00,5.6,3.1,0.0,13.4,,Clear,Tokyo
2062589,122592,poi_25,4b565cbff964a520380d28e3,2018-01-02T22:58:00,5.3,3.1,0.0,13.4,,Clear,Tokyo
2062589,122592,poi_26,4b92005ef964a520ebe233e3,2018-01-04T23:48:00,6.6,3.5,0.0,5.5,,Partially cloudy,Tokyo
2062589,122592,poi_27,4b792714f964a52018ed2ee3,2018-01-12T20:41:00,7.6,-0.4,0.0,7.4,,Clear,Tokyo
2062589,122592,poi_28,4b46d0ebf964a520982826e3,2018-01-12T21:00:00,-1.0,-0.4,0.0,7.4,,Clear,Tokyo
2062589,122592,poi_29,4b5ab0ddf964a520f5d028e3,2018-01-12T21:11:00,8.5,-0.4,0.0,7.4,,Clear,Tokyo
2062605,122592,poi_1,4b792714f964a52018ed2ee3,2018-04-27T18:42:00,7.6,15.6,0.0,11.1,,Clear,Tokyo
2062605,122592,poi_2,4b19f917f964a520abe623e3,2018-04-27T18:49:00,7.8,15.6,0.0,11.1,,Clear,Tokyo
2062605,122592,poi_3,4b5982cbf964a520a58a28e3,2018-04-27T18:53:00,-1.0,15.6,0.0,11.1,,Clear,Tokyo
2062605,122592,poi_4,560e4d4d498e190f15581b80,2018-04-28T00:13:00,-1.0,22.3,0.0,13.0,,Clear,Tokyo
2062605,122592,poi_5,4b19f917f964a520abe623e3,2018-04-28T01:00:00,7.8,23.6,0.0,12.9,,Clear,Tokyo
2062605,122592,poi_6,4b565cbff964a520380d28e3,2018-04-28T17:48:00,5.3,15.4,0.0,5.6,,Clear,Tokyo
2062605,122592,poi_7,4b19f917f964a520abe623e3,2018-04-28T17:56:00,7.8,15.4,0.0,5.6,,Clear,Tokyo
2062605,122592,poi_8,4b17b2e4f964a52040c723e3,2018-04-28T18:37:00,6.0,15.2,0.0,7.5,,Clear,Tokyo
2062605,122592,poi_9,4b56cdbef964a520a91b28e3,2018-04-28T18:43:00,-1.0,15.2,0.0,7.5,,Clear,Tokyo
2062605,122592,poi_10,52b6603c498e1826becbdaf3,2018-04-28T20:07:00,6.2,14.2,0.0,5.6,,Clear,Tokyo
2062605,122592,poi_11,4b0587a6f964a5203d9e22e3,2018-04-28T20:35:00,7.1,15.6,0.0,5.5,,Clear,Tokyo
2062605,122592,poi_12,4b600990f964a520e3d329e3,2018-04-29T01:31:00,6.1,24.1,0.0,23.8,,Clear,Tokyo
2062605,122592,poi_13,4b0587a6f964a5203e9e22e3,2018-04-30T00:06:00,7.9,23.7,0.0,23.6,,Partially cloudy,Tokyo
2062605,122592,poi_14,4b565cbff964a520380d28e3,2018-05-04T21:49:00,5.3,15.8,0.0,9.1,,Clear,Tokyo
2062605,122592,poi_15,4b38b418f964a520914f25e3,2018-05-04T21:57:00,5.6,15.8,0.0,9.1,,Clear,Tokyo
2062605,122592,poi_16,526381a7498e22281e6c198a,2018-05-04T22:10:00,6.8,15.8,0.0,9.1,,Clear,Tokyo
2062605,122592,poi_17,4b792714f964a52018ed2ee3,2018-05-05T01:53:00,7.6,21.8,0.0,14.8,,Clear,Tokyo
2062607,122592,poi_1,4b7298eef964a520f47f2de3,2018-05-10T20:19:00,5.4,9.2,0.0,7.5,,Clear,Tokyo
2062607,122592,poi_2,4b243a7df964a520356424e3,2018-05-11T00:00:00,6.5,17.8,0.0,9.3,,Partially cloudy,Tokyo
2062607,122592,poi_3,4b80a277f964a520798230e3,2018-05-11T00:10:00,7.7,17.8,0.0,9.3,,Partially cloudy,Tokyo
2062607,122592,poi_4,4b541c27f964a52080b227e3,2018-05-12T16:03:00,-1.0,17.1,0.0,9.6,,Partially cloudy,Tokyo
2062607,122592,poi_5,4b370c13f964a5203d3f25e3,2018-05-12T22:12:00,-1.0,18.6,0.0,16.6,,Overcast,Tokyo
2062607,122592,poi_6,4b1b7b31f964a5209efb23e3,2018-05-12T22:22:00,-1.0,18.6,0.0,16.6,,Overcast,Tokyo
2062607,122592,poi_7,4b792714f964a52018ed2ee3,2018-05-25T20:46:00,7.6,20.6,0.0,11.1,,Partially cloudy,Tokyo
2062607,122592,poi_8,4b19f917f964a520abe623e3,2018-05-25T20:53:00,7.8,20.6,0.0,11.1,,Partially cloudy,Tokyo
2062607,122592,poi_9,4b8d1040f964a5206de632e3,2018-05-25T21:26:00,6.8,20.6,0.0,11.1,,Partially cloudy,Tokyo
2062607,122592,poi_10,4b4487c9f964a5201ef625e3,2018-05-25T22:22:00,-1.0,20.8,0.0,7.6,,Clear,Tokyo
2062607,122592,poi_11,4c0d9eed336220a15514cb77,2018-05-25T22:35:00,-1.0,21.8,0.0,11.0,,Clear,Tokyo
2062607,122592,poi_12,4b792714f964a52018ed2ee3,2018-05-28T19:41:00,7.6,19.9,0.0,5.5,,Partially cloudy,Tokyo
2062607,122592,poi_13,4b19f7c2f964a5209de623e3,2018-05-28T20:03:00,5.8,19.9,0.0,5.5,,Partially cloudy,Tokyo
2062607,122592,poi_14,4bdb9e182a3a0f47f61fb0b6,2018-05-28T20:16:00,6.1,19.9,0.0,5.5,,Partially cloudy,Tokyo
2062607,122592,poi_15,4b5c05e8f964a520842129e3,2018-05-28T21:53:00,7.8,21.8,0.0,5.5,,Partially cloudy,Tokyo
2062607,122592,poi_16,4b792714f964a52018ed2ee3,2018-05-29T00:29:00,7.6,23.8,0.0,3.8,,Partially cloudy,Tokyo
2062619,122592,poi_1,4b4dc6bff964a5207ad726e3,2018-07-08T15:42:00,-1.0,25.8,0.0,9.2,,Clear,Tokyo
2062619,122592,poi_2,59114170772fbc7fc6af831e,2018-07-08T15:56:00,-1.0,25.8,0.0,9.2,,Clear,Tokyo
2062619,122592,poi_3,4b8b54c3f964a5207f9c32e3,2018-07-08T18:13:00,7.2,25.2,0.0,7.4,,Partially cloudy,Tokyo
2062619,122592,poi_4,57521d0e498ea375bf736cc1,2018-07-08T18:28:00,6.9,25.2,0.0,7.4,,Partially cloudy,Tokyo
2062619,122592,poi_5,4b5c4864f964a520932929e3,2018-07-08T22:30:00,-1.0,26.8,0.0,3.8,,Partially cloudy,Tokyo
2062619,122592,poi_6,4b4dc6bff964a5207ad726e3,2018-07-09T16:00:00,-1.0,26.1,0.0,9.4,,Clear,Tokyo
2062619,122592,poi_7,59114170772fbc7fc6af831e,2018-07-09T16:11:00,-1.0,26.1,0.0,9.4,,Clear,Tokyo
2062619,122592,poi_8,4b970be0f964a52024f534e3,2018-07-09T18:09:00,-1.0,25.7,0.0,14.6,,Partially cloudy,Tokyo
2062619,122592,poi_9,4b792714f964a52018ed2ee3,2018-07-09T22:07:00,7.6,27.3,0.0,7.6,,Clear,Tokyo
2062619,122592,poi_10,4bc01ea14cdfc9b647899221,2018-07-17T22:09:00,6.0,28.6,0.0,0.4,,Clear,Tokyo
2062619,122592,poi_11,4e46756c1850c7ee212d3639,2018-07-18T01:54:00,8.7,34.0,0.0,12.9,,Clear,Tokyo
2062619,122592,poi_12,4b792714f964a52018ed2ee3,2018-07-18T03:08:00,7.6,33.8,0.0,16.6,,Partially cloudy,Tokyo
2062627,122592,poi_1,4b0e60adf964a520305723e3,2018-08-31T19:41:00,6.6,24.4,0.0,7.9,,Partially cloudy,Tokyo
2062627,122592,poi_2,4da79b3ffa8c4175d0a662c8,2018-08-31T19:49:00,-1.0,24.4,0.0,7.9,,Partially cloudy,Tokyo
2062627,122592,poi_3,4b545885f964a5202eb827e3,2018-08-31T20:22:00,6.6,24.4,0.0,7.9,,Partially cloudy,Tokyo
2062627,122592,poi_4,5ae17c75ccad6b002cc4a791,2018-08-31T20:40:00,-1.0,24.9,0.0,5.4,,Partially cloudy,Tokyo
2062627,122592,poi_5,4cb139ed562d224bf38b1d88,2018-08-31T23:01:00,5.3,26.8,0.002,2.0,rain,"Rain, Partially cloudy",Tokyo
2062627,122592,poi_6,4b792714f964a52018ed2ee3,2018-09-08T18:41:00,7.6,26.1,0.0,13.0,,Clear,Tokyo
2062627,122592,poi_7,4b971b9ff964a5205ff834e3,2018-09-08T18:51:00,-1.0,26.1,0.0,13.0,,Clear,Tokyo
2062627,122592,poi_8,4b553af0f964a52059df27e3,2018-09-08T18:58:00,-1.0,26.1,0.0,13.0,,Clear,Tokyo
2062627,122592,poi_9,4b70efb0f964a520f5342de3,2018-09-08T22:03:00,-1.0,27.8,0.0,16.6,,Partially cloudy,Tokyo
2062627,122592,poi_10,4b5ab0ddf964a520f5d028e3,2018-09-08T22:46:00,8.5,29.7,0.0,18.5,,Partially cloudy,Tokyo
2062627,122592,poi_11,4b792714f964a52018ed2ee3,2018-09-09T02:49:00,7.6,31.6,0.0,15.1,,Partially cloudy,Tokyo
2062628,122592,poi_1,4b600990f964a520e3d329e3,2018-09-23T16:54:00,6.1,23.2,0.0,5.7,,Partially cloudy,Tokyo
2062628,122592,poi_2,4b19f917f964a520abe623e3,2018-09-23T17:08:00,7.8,23.2,0.0,5.7,,Partially cloudy,Tokyo
2062628,122592,poi_3,4b595505f964a520528528e3,2018-09-23T17:15:00,5.7,23.2,0.0,5.7,,Partially cloudy,Tokyo
2062628,122592,poi_4,4b7544c3f964a520a8032ee3,2018-09-23T17:42:00,8.1,22.7,0.0,4.3,,Partially cloudy,Tokyo
2062628,122592,poi_5,4be8c523c5220f47e433aaca,2018-09-23T19:35:00,9.0,22.8,0.0,9.8,,Partially cloudy,Tokyo
2062628,122592,poi_6,4b7544c3f964a520a8032ee3,2018-09-23T20:49:00,8.1,22.4,0.0,8.0,,Partially cloudy,Tokyo
2062628,122592,poi_7,4b792714f964a52018ed2ee3,2018-10-04T15:15:00,7.6,19.6,0.0,7.7,,Overcast,Tokyo
2062628,122592,poi_8,4b19f962f964a520afe623e3,2018-10-04T15:20:00,5.2,19.6,0.0,7.7,,Overcast,Tokyo
2062628,122592,poi_9,4b6cf112f964a5203b5f2ce3,2018-10-04T15:32:00,-1.0,19.8,0.0,7.7,,Overcast,Tokyo
2062628,122592,poi_10,59114170772fbc7fc6af831e,2018-10-04T15:54:00,-1.0,19.8,0.0,7.7,,Overcast,Tokyo
2062628,122592,poi_11,4b946bf6f964a520cb7834e3,2018-10-04T18:24:00,7.4,19.6,0.0,5.6,,Overcast,Tokyo
2062628,122592,poi_12,4b58df1ff964a520137028e3,2018-10-04T19:07:00,-1.0,19.6,0.0,7.7,,Overcast,Tokyo
2062628,122592,poi_13,4b74c76ff964a52096f12de3,2018-10-04T19:22:00,-1.0,19.6,0.0,7.7,,Overcast,Tokyo
2062628,122592,poi_14,4b7d1904f964a52084ae2fe3,2018-10-04T19:50:00,-1.0,18.7,0.0,9.5,,Overcast,Tokyo
2062628,122592,poi_15,4b5b04cff964a52026df28e3,2018-10-04T21:25:00,-1.0,18.1,0.0,11.1,,Overcast,Tokyo
2062628,122592,poi_16,4b5c4864f964a520932929e3,2018-10-06T21:41:00,-1.0,26.0,0.0,20.7,,Clear,Tokyo
2062628,122592,poi_17,4b17b2e4f964a52040c723e3,2018-10-06T22:03:00,6.0,26.0,0.0,20.7,,Clear,Tokyo
2062628,122592,poi_18,4b56cdbef964a520a91b28e3,2018-10-06T22:09:00,-1.0,26.0,0.0,20.7,,Clear,Tokyo
2062628,122592,poi_19,4b38b418f964a520914f25e3,2018-10-07T05:17:00,5.6,31.3,0.0,18.3,,Clear,Tokyo
2062628,122592,poi_20,4b565cbff964a520380d28e3,2018-10-07T05:31:00,5.3,31.0,0.0,11.4,,Partially cloudy,Tokyo
2064954,122757,poi_1,4b46d0ebf964a520982826e3,2017-12-23T00:06:00,-1.0,6.6,0.0,5.4,,Clear,Tokyo
2064954,122757,poi_2,4b151fbff964a52083a823e3,2017-12-23T00:28:00,6.1,6.6,0.0,5.4,,Clear,Tokyo
2064954,122757,poi_3,4d10d5826331a09336105994,2017-12-23T00:49:00,-1.0,8.8,0.0,7.6,,Clear,Tokyo
2064954,122757,poi_4,4b151fbff964a52083a823e3,2017-12-23T04:57:00,6.1,13.0,0.0,7.6,,Clear,Tokyo
2064954,122757,poi_5,4b1b7b31f964a5209efb23e3,2017-12-23T05:26:00,-1.0,13.0,0.0,7.6,,Clear,Tokyo
2064954,122757,poi_6,4b5ef219f964a520569f29e3,2017-12-23T17:08:00,5.8,5.6,0.0,7.5,,Clear,Tokyo
2064954,122757,poi_7,4b23d1faf964a5206c5a24e3,2017-12-23T22:56:00,5.5,5.5,0.0,7.5,,Partially cloudy,Tokyo
2064954,122757,poi_8,4b5ef219f964a520569f29e3,2017-12-23T23:06:00,5.8,5.5,0.0,7.5,,Partially cloudy,Tokyo
2064954,122757,poi_9,4b4dffcbf964a52095dd26e3,2017-12-30T17:51:00,5.9,3.4,0.0,3.7,,Partially cloudy,Tokyo
2064954,122757,poi_10,4bb6aabb46d4a59312a6c6c0,2017-12-30T18:09:00,7.8,3.4,0.0,3.7,,Partially cloudy,Tokyo
2064954,122757,poi_11,4d0c8281f393224b19d016ee,2017-12-30T18:12:00,6.5,3.4,0.0,3.7,,Partially cloudy,Tokyo
2064954,122757,poi_12,4f44d654e4b062c961ee9c94,2017-12-30T22:25:00,7.1,3.6,0.0,9.3,,Overcast,Tokyo
2064954,122757,poi_13,4b4dffcbf964a52095dd26e3,2017-12-30T22:34:00,5.9,3.8,0.0,7.6,,Overcast,Tokyo
2064954,122757,poi_14,4b19f917f964a520abe623e3,2018-01-01T18:17:00,7.8,5.8,0.0,18.4,,Clear,Tokyo
2064954,122757,poi_15,4b0e60adf964a520305723e3,2018-01-01T18:36:00,6.6,5.3,0.0,13.3,,Clear,Tokyo
2064954,122757,poi_16,4b55be4ff964a52001ee27e3,2018-01-01T18:56:00,6.4,5.3,0.0,13.3,,Clear,Tokyo
2064954,122757,poi_17,4b0e60adf964a520305723e3,2018-01-01T23:46:00,6.6,7.3,0.0,18.3,,Clear,Tokyo
2064954,122757,poi_18,4b19f837f964a520a2e623e3,2018-01-03T16:08:00,6.9,4.0,0.0,12.7,,Clear,Tokyo
2064954,122757,poi_19,4b5ef219f964a520569f29e3,2018-01-03T22:47:00,5.8,3.3,0.0,9.3,,Clear,Tokyo
2064954,122757,poi_20,4b19f837f964a520a2e623e3,2018-01-07T00:17:00,6.9,6.6,0.0,11.4,,Partially cloudy,Tokyo
2064954,122757,poi_21,4b0587a6f964a5203e9e22e3,2018-01-12T16:54:00,7.9,0.3,0.0,5.5,,Clear,Tokyo
2064954,122757,poi_22,4b19f917f964a520abe623e3,2018-01-12T17:42:00,7.8,0.5,0.0,7.6,,Partially cloudy,Tokyo
2064954,122757,poi_23,4ba5404bf964a520bcf138e3,2018-01-12T17:54:00,6.1,0.5,0.0,7.6,,Partially cloudy,Tokyo
2064954,122757,poi_24,4b53bc1af964a520aba927e3,2018-01-12T19:42:00,-1.0,-0.4,0.0,7.6,,Clear,Tokyo
2064954,122757,poi_25,4b46d0ebf964a520982826e3,2018-01-12T19:58:00,-1.0,-0.4,0.0,7.6,,Clear,Tokyo
2064954,122757,poi_26,4b46d0ebf964a520982826e3,2018-01-12T22:29:00,-1.0,-0.5,0.0,9.4,,Clear,Tokyo
2064954,122757,poi_27,4b53bc1af964a520aba927e3,2018-01-12T22:36:00,-1.0,-0.2,0.0,9.4,,Clear,Tokyo
2064954,122757,poi_28,5a3608afe96d0c07804d9f06,2018-01-13T00:21:00,-1.0,1.5,0.0,7.6,,Clear,Tokyo
2064954,122757,poi_29,4b19f917f964a520abe623e3,2018-01-13T03:05:00,7.8,5.7,0.0,3.7,,Clear,Tokyo
2064954,122757,poi_30,537707f6498e8181c019835d,2018-01-20T17:26:00,5.6,4.6,0.0,7.6,,Clear,Tokyo
2064960,122757,poi_1,4b19f917f964a520abe623e3,2018-03-10T15:02:00,7.8,6.4,0.0,5.6,,Partially cloudy,Tokyo
2064960,122757,poi_2,4b53bc1af964a520aba927e3,2018-03-10T15:10:00,-1.0,6.4,0.0,5.6,,Partially cloudy,Tokyo
2064960,122757,poi_3,4b0587a6f964a5203d9e22e3,2018-03-10T15:25:00,7.1,6.4,0.0,5.6,,Partially cloudy,Tokyo
2064960,122757,poi_4,4b3d8ca3f964a520689525e3,2018-03-10T22:45:00,5.5,6.6,0.0,3.6,,Partially cloudy,Tokyo
2064960,122757,poi_5,4b132fd2f964a520489523e3,2018-03-10T22:53:00,5.9,6.6,0.0,3.6,,Partially cloudy,Tokyo
2064960,122757,poi_6,4b443147f964a5208bf225e3,2018-03-10T23:07:00,-1.0,6.6,0.0,3.6,,Partially cloudy,Tokyo
2064960,122757,poi_7,4b53bc1af964a520aba927e3,2018-03-10T23:16:00,-1.0,6.6,0.0,3.6,,Partially cloudy,Tokyo
2064960,122757,poi_8,4b19f917f964a520abe623e3,2018-03-11T02:45:00,7.8,11.4,0.0,7.6,,Partially cloudy,Tokyo
2064960,122757,poi_9,4b0a7f04f964a5207b2423e3,2018-03-16T15:29:00,5.3,5.7,0.0,16.5,,Overcast,Tokyo
2064960,122757,poi_10,4b132fd2f964a520489523e3,2018-03-17T00:15:00,5.9,6.6,0.0,7.7,,Clear,Tokyo
2064960,122757,poi_11,4b443147f964a5208bf225e3,2018-03-17T00:29:00,-1.0,6.6,0.0,7.7,,Clear,Tokyo
2064960,122757,poi_12,4b53bc1af964a520aba927e3,2018-03-17T00:37:00,-1.0,7.4,0.0,7.8,,Clear,Tokyo
2064960,122757,poi_13,4b19f917f964a520abe623e3,2018-03-17T00:44:00,7.8,7.4,0.0,7.8,,Clear,Tokyo
2064977,122757,poi_1,4b0a7f04f964a5207b2423e3,2018-06-09T23:13:00,5.3,20.8,0.004,14.7,rain,"Rain, Overcast",Tokyo
2064977,122757,poi_2,4b19f837f964a520a2e623e3,2018-06-17T04:33:00,6.9,21.1,0.0,11.1,,Overcast,Tokyo
2064977,122757,poi_3,4b0a7f04f964a5207b2423e3,2018-06-22T19:32:00,5.3,20.8,0.0,7.6,,Overcast,Tokyo
2064977,122757,poi_4,4b0587a6f964a5203d9e22e3,2018-06-23T04:33:00,7.1,22.8,0.002,9.5,rain,Rain,Tokyo
2064977,122757,poi_5,4b6e4768f964a520e2b52ce3,2018-06-23T04:40:00,-1.0,22.8,0.002,9.5,rain,Rain,Tokyo
2064977,122757,poi_6,4b60149cf964a5203ad529e3,2018-06-23T04:43:00,-1.0,22.8,0.002,9.5,rain,Rain,Tokyo
2064977,122757,poi_7,4b585654f964a520605328e3,2018-06-23T05:13:00,6.5,22.8,0.002,9.5,rain,Rain,Tokyo
2064977,122757,poi_8,537707f6498e8181c019835d,2018-06-29T19:06:00,5.6,25.3,0.0,13.4,,Clear,Tokyo
2064977,122757,poi_9,4b0587a6f964a5203d9e22e3,2018-06-29T19:28:00,7.1,25.3,0.0,13.4,,Clear,Tokyo
2064977,122757,poi_10,4b53bc1af964a520aba927e3,2018-06-30T03:18:00,-1.0,31.8,0.0,22.4,,Partially cloudy,Tokyo
2064977,122757,poi_11,4b19f917f964a520abe623e3,2018-06-30T03:25:00,7.8,31.8,0.0,22.4,,Partially cloudy,Tokyo
2064978,122757,poi_1,4b5ef219f964a520569f29e3,2018-07-06T19:30:00,5.8,20.2,0.0,1.9,,Overcast,Tokyo
2064978,122757,poi_2,4b0587a6f964a5203d9e22e3,2018-07-06T19:54:00,7.1,20.7,0.0,3.7,,Overcast,Tokyo
2064978,122757,poi_3,4b4426d1f964a52018f225e3,2018-07-07T03:16:00,-1.0,28.4,0.0,24.0,,Partially cloudy,Tokyo
2064978,122757,poi_4,4b56ed1df964a520801f28e3,2018-07-13T15:08:00,-1.0,26.7,0.0,5.5,,Clear,Tokyo
2064978,122757,poi_5,4b59871cf964a5203e8b28e3,2018-07-13T15:14:00,-1.0,26.7,0.0,5.5,,Clear,Tokyo
2064978,122757,poi_6,4b22115af964a5209a4324e3,2018-07-13T15:21:00,-1.0,26.7,0.0,5.5,,Clear,Tokyo
2064978,122757,poi_7,4b7544c3f964a520a8032ee3,2018-07-13T15:31:00,8.1,27.3,0.0,3.7,,Clear,Tokyo
2064978,122757,poi_8,4b22109df964a520944324e3,2018-07-13T21:08:00,-1.0,27.4,0.0,5.4,,Partially cloudy,Tokyo
2064978,122757,poi_9,4b6e4768f964a520e2b52ce3,2018-07-13T21:28:00,-1.0,27.4,0.0,5.4,,Partially cloudy,Tokyo
2064978,122757,poi_10,4b5bab10f964a520e00e29e3,2018-07-13T21:57:00,5.9,29.3,0.0,5.4,,Clear,Tokyo
2064978,122757,poi_11,4b132fd2f964a520489523e3,2018-07-14T03:33:00,5.9,34.6,0.0,7.8,,Partially cloudy,Tokyo
2064978,122757,poi_12,4b4426d1f964a52018f225e3,2018-07-14T03:56:00,-1.0,34.6,0.0,7.8,,Partially cloudy,Tokyo
2064978,122757,poi_13,4b56ed1df964a520801f28e3,2018-07-14T04:01:00,-1.0,34.6,0.0,7.8,,Partially cloudy,Tokyo
2064978,122757,poi_14,4b19f917f964a520abe623e3,2018-07-15T16:07:00,7.8,27.6,0.0,9.4,,Clear,Tokyo
2064978,122757,poi_15,4b5589b1f964a520d6e627e3,2018-07-15T17:16:00,-1.0,27.5,0.0,11.2,,Clear,Tokyo
2064978,122757,poi_16,591ea305c5b11c20a3e5b49c,2018-07-15T18:19:00,-1.0,27.5,0.0,9.4,,Partially cloudy,Tokyo
2064978,122757,poi_17,4b55d735f964a52055f227e3,2018-07-15T18:47:00,8.1,26.9,0.0,7.8,,Clear,Tokyo
2064978,122757,poi_18,4b63f8f9f964a52065992ae3,2018-07-15T23:13:00,5.1,31.0,0.0,5.6,,Clear,Tokyo
2064978,122757,poi_19,4b4426d1f964a52018f225e3,2018-07-15T23:36:00,-1.0,32.0,0.0,7.7,,Partially cloudy,Tokyo
2064978,122757,poi_20,4b56ed1df964a520801f28e3,2018-07-15T23:41:00,-1.0,32.0,0.0,7.7,,Partially cloudy,Tokyo
2064980,122757,poi_1,4b0a7f04f964a5207b2423e3,2018-07-20T17:21:00,5.3,27.8,0.0,9.6,,Clear,Tokyo
2064980,122757,poi_2,4b0587a6f964a5203d9e22e3,2018-07-21T02:44:00,7.1,34.0,0.0,22.1,,Partially cloudy,Tokyo
2064980,122757,poi_3,4b19f917f964a520abe623e3,2018-07-21T03:13:00,7.8,34.0,0.0,22.1,,Partially cloudy,Tokyo
2064980,122757,poi_4,4b2ce89af964a5209dca24e3,2018-07-21T16:43:00,5.4,27.4,0.0,5.7,,Clear,Tokyo
2064980,122757,poi_5,4bb70c132f70c9b641408630,2018-07-21T17:01:00,6.0,27.4,0.0,5.7,,Clear,Tokyo
2064980,122757,poi_6,4b63db65f964a52093942ae3,2018-07-21T17:24:00,5.5,27.4,0.0,5.7,,Clear,Tokyo
2064980,122757,poi_7,4b5abd43f964a520c3d228e3,2018-07-21T18:11:00,5.9,26.9,0.0,5.7,,Partially cloudy,Tokyo
2064980,122757,poi_8,4b556d98f964a5200de427e3,2018-07-21T19:40:00,7.8,26.7,0.0,3.8,,Partially cloudy,Tokyo
2064980,122757,poi_9,4b91c68cf964a52088d633e3,2018-07-21T20:17:00,8.5,26.7,0.0,3.8,,Partially cloudy,Tokyo
2064980,122757,poi_10,4bb70c132f70c9b641408630,2018-07-22T03:49:00,6.0,33.9,0.0,14.7,,Partially cloudy,Tokyo
2064980,122757,poi_11,4b0e60adf964a520305723e3,2018-07-22T04:06:00,6.6,33.9,0.0,14.7,,Partially cloudy,Tokyo
2064980,122757,poi_12,4b19f837f964a520a2e623e3,2018-07-22T04:24:00,6.9,33.9,0.0,14.7,,Partially cloudy,Tokyo
2064980,122757,poi_13,4b19f917f964a520abe623e3,2018-08-03T16:08:00,7.8,27.6,0.0,7.6,,Partially cloudy,Tokyo
2064980,122757,poi_14,4dfc34b4227185f38b94317a,2018-08-03T17:35:00,6.3,26.8,0.0,3.7,,Partially cloudy,Tokyo
2064980,122757,poi_15,4b19f917f964a520abe623e3,2018-08-03T18:55:00,7.8,27.0,0.0,5.5,,Overcast,Tokyo
2064980,122757,poi_16,4b243a7df964a520356424e3,2018-08-03T19:19:00,6.5,27.0,0.0,5.5,,Overcast,Tokyo
2064980,122757,poi_17,4b5966d3f964a5203c8728e3,2018-08-03T19:24:00,5.7,27.0,0.0,5.5,,Overcast,Tokyo
2064980,122757,poi_18,4b6e3e46f964a520e2b32ce3,2018-08-03T19:41:00,5.7,26.2,0.0,5.5,,Partially cloudy,Tokyo
2064980,122757,poi_19,4b243a7df964a520356424e3,2018-08-04T05:18:00,6.5,33.3,0.0,13.0,,Clear,Tokyo
2064980,122757,poi_20,4b5ef219f964a520569f29e3,2018-08-04T05:34:00,5.8,33.1,0.0,14.8,,Partially cloudy,Tokyo
2064980,122757,poi_21,4b19f837f964a520a2e623e3,2018-08-04T17:22:00,6.9,27.8,0.0,7.6,,Clear,Tokyo
2080300,123774,poi_1,4b42a9c9f964a5206dd825e3,2017-12-02T16:40:00,5.7,6.1,0.0,5.6,,Partially cloudy,Tokyo
2080300,123774,poi_2,561a349b498efdb18f41c711,2017-12-02T16:56:00,6.5,6.1,0.0,5.6,,Partially cloudy,Tokyo
2080300,123774,poi_3,4b19f917f964a520abe623e3,2017-12-02T20:53:00,7.8,5.5,0.0,7.6,,Partially cloudy,Tokyo
2080300,123774,poi_4,4b63adf6f964a520a18b2ae3,2017-12-02T21:28:00,6.5,5.5,0.0,7.6,,Partially cloudy,Tokyo
2080300,123774,poi_5,508a5ac1e4b0cc3702c2c970,2017-12-02T22:59:00,7.3,6.3,0.0,7.6,,Clear,Tokyo
2080300,123774,poi_6,4b63adf6f964a520a18b2ae3,2017-12-03T00:59:00,6.5,8.9,0.0,9.3,,Clear,Tokyo
2080300,123774,poi_7,4b7e73c3f964a5209ced2fe3,2017-12-03T04:52:00,-1.0,12.2,0.0,7.6,,Clear,Tokyo
2080300,123774,poi_8,4b92005ef964a520ebe233e3,2017-12-08T15:48:00,6.6,3.8,0.0,9.4,,Clear,Tokyo
2080300,123774,poi_9,563b2a97cd1051b78b6d5c83,2017-12-08T17:01:00,6.6,4.1,0.0,12.9,,Clear,Tokyo
2080300,123774,poi_10,4b08b4e5f964a520211123e3,2017-12-08T18:47:00,-1.0,4.0,0.0,14.4,,Clear,Tokyo
2080300,123774,poi_11,4e15032845ddafda4bf9844f,2017-12-08T19:40:00,-1.0,2.7,0.0,9.3,,Clear,Tokyo
2080300,123774,poi_12,4b41367af964a5205dc325e3,2017-12-08T22:53:00,-1.0,4.8,0.0,9.4,,Clear,Tokyo
2080300,123774,poi_13,4b5ebd8ff964a520499729e3,2017-12-08T23:13:00,6.7,4.8,0.0,9.4,,Clear,Tokyo
2080300,123774,poi_14,4b41367af964a5205dc325e3,2017-12-09T04:37:00,-1.0,9.7,0.0,11.1,,Clear,Tokyo
2080300,123774,poi_15,4b7e73c3f964a5209ced2fe3,2017-12-09T06:12:00,-1.0,8.9,0.0,9.3,,Clear,Tokyo
2080308,123774,poi_1,4b093eeff964a520e51423e3,2018-01-02T15:00:00,6.7,4.9,0.0,7.8,,Clear,Tokyo
2080308,123774,poi_2,4b545885f964a5202eb827e3,2018-01-02T15:25:00,6.6,4.9,0.0,7.8,,Clear,Tokyo
2080308,123774,poi_3,4f8f79fbe4b01d8f6d548774,2018-01-02T15:46:00,8.1,5.1,0.0,11.2,,Partially cloudy,Tokyo
2080308,123774,poi_4,4f751d1fe4b0e09b8aa00420,2018-01-02T16:09:00,8.1,5.1,0.0,11.2,,Partially cloudy,Tokyo
2080308,123774,poi_5,584b8b2ed439075d553159e8,2018-01-02T19:23:00,-1.0,3.9,0.0,11.4,,Clear,Tokyo
2080308,123774,poi_6,4bac1684f964a5207be33ae3,2018-01-02T20:35:00,-1.0,2.8,0.0,13.1,,Clear,Tokyo
2080308,123774,poi_7,4dbcdaa5f7b1ab37dd6a38e5,2018-01-02T21:46:00,-1.0,3.1,0.0,13.0,,Clear,Tokyo
2080308,123774,poi_8,4f751d1fe4b0e09b8aa00420,2018-01-02T22:16:00,8.1,3.1,0.0,13.0,,Clear,Tokyo
2080308,123774,poi_9,584b8b2ed439075d553159e8,2018-01-02T23:33:00,-1.0,4.6,0.0,15.2,,Clear,Tokyo
2080308,123774,poi_10,4b5bcf47f964a5206f1729e3,2018-01-03T01:25:00,-1.0,6.3,0.0,22.9,,Clear,Tokyo
2080308,123774,poi_11,4b948fd8f964a5207c7d34e3,2018-01-03T01:46:00,-1.0,7.6,0.0,28.0,,Clear,Tokyo
2080308,123774,poi_12,4b093eeff964a520e51423e3,2018-01-03T02:01:00,6.7,7.6,0.0,28.0,,Clear,Tokyo
2080308,123774,poi_13,566fe21a498e8a182a87a470,2018-01-03T02:14:00,-1.0,7.6,0.0,28.0,,Clear,Tokyo
2080308,123774,poi_14,4bfd0344e529c9285c3aba8c,2018-01-03T06:52:00,-1.0,6.4,0.0,29.6,,Clear,Tokyo
2080317,123774,poi_1,4b7e73c3f964a5209ced2fe3,2018-02-10T12:40:00,-1.0,8.3,0.007,12.9,rain,"Rain, Partially cloudy",Tokyo
2080317,123774,poi_2,4b6a03aff964a520d4c12be3,2018-02-10T14:12:00,-1.0,8.1,0.003,9.5,rain,"Rain, Partially cloudy",Tokyo
2080317,123774,poi_3,4c9f05fa54c8a1cd2d92934b,2018-02-10T17:07:00,8.5,6.1,0.0,3.7,,Overcast,Tokyo
2080317,123774,poi_4,4b2c905cf964a520d3c724e3,2018-02-10T17:49:00,5.7,6.7,2.008,9.4,rain,"Rain, Overcast",Tokyo
2080317,123774,poi_5,4b595505f964a520528528e3,2018-02-10T18:25:00,5.7,6.7,2.008,9.4,rain,"Rain, Overcast",Tokyo
2080317,123774,poi_6,4b19f917f964a520abe623e3,2018-02-10T18:38:00,7.8,6.3,0.0,9.4,,Overcast,Tokyo
2080317,123774,poi_7,508a5ac1e4b0cc3702c2c970,2018-02-10T18:53:00,7.3,6.3,0.0,9.4,,Overcast,Tokyo
2080317,123774,poi_8,524a9a5011d25873e74a6cb5,2018-02-10T22:54:00,6.8,8.1,0.0,10.9,,Clear,Tokyo
2080317,123774,poi_9,4b38b418f964a520914f25e3,2018-02-11T01:45:00,5.6,11.7,0.0,3.9,,Clear,Tokyo
2080317,123774,poi_10,4b0587a6f964a5203d9e22e3,2018-02-11T02:03:00,7.1,11.7,0.0,3.9,,Clear,Tokyo
2080317,123774,poi_11,4b62dc94f964a5200e562ae3,2018-02-11T02:19:00,8.2,11.7,0.0,3.9,,Clear,Tokyo
2080336,123774,poi_1,4b19f917f964a520abe623e3,2018-04-29T11:21:00,7.8,20.1,0.0,23.8,,Clear,Tokyo
2080336,123774,poi_2,4c5b43af7735c9b661408972,2018-04-29T13:57:00,-1.0,19.3,0.0,16.4,,Clear,Tokyo
2080336,123774,poi_3,576d1310498e5cbc55bfb0c2,2018-04-29T17:51:00,7.6,18.1,0.0,11.2,,Clear,Tokyo
2080336,123774,poi_4,4b093eeff964a520e51423e3,2018-04-29T19:07:00,6.7,17.5,0.0,12.8,,Clear,Tokyo
2080336,123774,poi_5,4b716198f964a520ca432de3,2018-04-29T19:15:00,5.2,17.5,0.0,12.8,,Clear,Tokyo
2080336,123774,poi_6,4b713260f964a5202a3c2de3,2018-04-29T19:45:00,8.0,17.5,0.0,12.8,,Clear,Tokyo
2080336,123774,poi_7,4b0587bbf964a5209aa122e3,2018-04-29T22:23:00,6.6,20.6,0.0,14.6,,Clear,Tokyo
2080336,123774,poi_8,4b093eeff964a520e51423e3,2018-04-29T23:26:00,6.7,21.8,0.0,20.2,,Clear,Tokyo
2080336,123774,poi_9,59684a47178a2a45a7824e32,2018-04-29T23:44:00,8.3,23.7,0.0,23.6,,Partially cloudy,Tokyo
2080336,123774,poi_10,4b0587a0f964a5205c9d22e3,2018-04-30T00:48:00,7.7,23.8,0.0,20.2,,Clear,Tokyo
2080336,123774,poi_11,59684a47178a2a45a7824e32,2018-04-30T03:52:00,8.3,24.6,0.0,23.8,,Clear,Tokyo
2080336,123774,poi_12,4b093eeff964a520e51423e3,2018-04-30T04:21:00,6.7,24.6,0.0,23.8,,Clear,Tokyo
2080367,123774,poi_1,4b92005ef964a520ebe233e3,2018-08-10T15:38:00,6.6,28.1,0.0,7.9,,Partially cloudy,Tokyo
2080367,123774,poi_2,4b765f02f964a520c4492ee3,2018-08-10T16:28:00,6.7,28.1,0.0,7.9,,Partially cloudy,Tokyo
2080367,123774,poi_3,4b0587b2f964a5204fa022e3,2018-08-10T18:53:00,8.0,26.8,0.0,5.5,,Partially cloudy,Tokyo
2080367,123774,poi_4,576d1310498e5cbc55bfb0c2,2018-08-11T00:52:00,7.6,31.1,0.0,7.5,,Clear,Tokyo
2080367,123774,poi_5,4bab3456f964a5204d993ae3,2018-08-11T02:50:00,-1.0,32.6,0.0,16.3,,Partially cloudy,Tokyo
2080367,123774,poi_6,56962f6a498ec0def40b137d,2018-08-11T06:11:00,-1.0,30.9,0.002,14.5,rain,"Rain, Partially cloudy",Tokyo
2080367,123774,poi_7,4b5e3de5f964a520b58529e3,2018-08-12T16:10:00,-1.0,26.5,0.0,5.4,,Partially cloudy,Tokyo
2080367,123774,poi_8,5b5d0bf4f870fd002c0f2498,2018-08-12T16:29:00,-1.0,26.5,0.0,5.4,,Partially cloudy,Tokyo
2080367,123774,poi_9,4b5bcf47f964a5206f1729e3,2018-08-12T17:22:00,-1.0,26.2,0.0,3.6,,Partially cloudy,Tokyo
2080367,123774,poi_10,4b5eab1ff964a520639529e3,2018-08-12T17:46:00,5.2,27.1,0.0,5.5,,Partially cloudy,Tokyo
2080367,123774,poi_11,4b19f917f964a520abe623e3,2018-08-13T00:47:00,7.8,30.5,0.0,3.8,,Clear,Tokyo
2080380,123774,poi_1,4b62a048f964a520454d2ae3,2018-09-16T16:38:00,6.7,21.8,0.0,0.4,,Partially cloudy,Tokyo
2080380,123774,poi_2,53cb72c9498e889ccf37741e,2018-09-16T16:56:00,7.9,21.8,0.0,0.4,,Partially cloudy,Tokyo
2080380,123774,poi_3,4b093eeff964a520e51423e3,2018-09-16T18:00:00,6.7,22.2,0.0,5.2,,Partially cloudy,Tokyo
2080380,123774,poi_4,4b926e26f964a52002f933e3,2018-09-16T18:15:00,5.7,22.2,0.0,5.2,,Partially cloudy,Tokyo
2080380,123774,poi_5,4b093eeff964a520e51423e3,2018-09-16T22:47:00,6.7,25.8,0.0,10.9,,Clear,Tokyo
2080380,123774,poi_6,4b41367af964a5205dc325e3,2018-09-16T22:58:00,-1.0,25.8,0.0,10.9,,Clear,Tokyo
2080380,123774,poi_7,4b5ebd8ff964a520499729e3,2018-09-16T23:05:00,6.7,25.8,0.0,10.9,,Clear,Tokyo
2080380,123774,poi_8,4b6f582ef964a52067ec2ce3,2018-09-17T04:33:00,5.3,29.0,0.0,7.6,,Partially cloudy,Tokyo
2080380,123774,poi_9,4b7e73c3f964a5209ced2fe3,2018-09-17T04:56:00,-1.0,29.0,0.0,7.6,,Partially cloudy,Tokyo
2080380,123774,poi_10,56962f6a498ec0def40b137d,2018-09-18T22:59:00,-1.0,21.0,0.0,12.7,,Partially cloudy,Tokyo
2080380,123774,poi_11,4b5aa9d9f964a520edcf28e3,2018-09-18T23:22:00,8.4,21.0,0.0,12.7,,Partially cloudy,Tokyo
2080380,123774,poi_12,55ba4b1d498e426ed26fde20,2018-09-18T23:23:00,8.5,21.0,0.0,12.7,,Partially cloudy,Tokyo
2080380,123774,poi_13,4c555a0c728920a1d3404284,2018-09-19T00:36:00,7.7,24.3,0.0,9.3,,Partially cloudy,Tokyo
2080380,123774,poi_14,4b47b936f964a520f53b26e3,2018-09-19T04:43:00,-1.0,26.8,0.0,9.4,,Clear,Tokyo
2080380,123774,poi_15,4b7e73c3f964a5209ced2fe3,2018-09-19T05:56:00,-1.0,26.5,0.0,14.5,,Partially cloudy,Tokyo
2175971,129853,poi_1,4c9d71e52fb1a143e2f7e040,2017-10-07T16:23:00,6.0,17.9,0.0,3.6,,Partially cloudy,Tokyo
2175971,129853,poi_2,4b765f02f964a520c4492ee3,2017-10-07T16:56:00,6.7,17.7,0.0,3.7,,Partially cloudy,Tokyo
2175971,129853,poi_3,561a349b498efdb18f41c711,2017-10-07T19:10:00,6.5,17.7,0.0,5.4,,Overcast,Tokyo
2175971,129853,poi_4,4b55570ff964a520fce127e3,2017-10-07T21:30:00,6.5,17.9,0.0,3.6,,Partially cloudy,Tokyo
2175971,129853,poi_5,561a349b498efdb18f41c711,2017-10-07T22:58:00,6.5,19.6,0.0,7.5,,Partially cloudy,Tokyo
2175971,129853,poi_6,4b5fa9adf964a520efc629e3,2017-10-08T02:23:00,7.3,23.8,0.0,5.6,,Partially cloudy,Tokyo
2175971,129853,poi_7,4b093eeff964a520e51423e3,2017-10-08T03:22:00,6.7,25.3,0.0,5.5,,Partially cloudy,Tokyo
2175971,129853,poi_8,4c9d71e52fb1a143e2f7e040,2017-10-08T20:53:00,6.0,16.6,0.0,3.7,,Clear,Tokyo
2175971,129853,poi_9,59489718b399f71075f7b07f,2017-10-08T21:49:00,-1.0,18.6,0.0,1.9,,Partially cloudy,Tokyo
2175971,129853,poi_10,561f7353498e17de8ce1f9c3,2017-10-08T22:48:00,-1.0,20.1,0.0,5.4,,Partially cloudy,Tokyo
2175971,129853,poi_11,4b4ef9abf964a520eaf726e3,2017-10-09T02:27:00,7.2,23.8,0.0,3.7,,Clear,Tokyo
2175971,129853,poi_12,4c9d71e52fb1a143e2f7e040,2017-10-13T17:51:00,6.0,14.2,8.948,9.4,rain,"Rain, Overcast",Tokyo
2175971,129853,poi_13,4b79286ff964a5204eed2ee3,2017-10-13T18:06:00,6.9,14.2,8.948,9.4,rain,"Rain, Overcast",Tokyo
2175971,129853,poi_14,4be520c52468c928a4bbff42,2017-10-13T18:33:00,-1.0,14.2,0.0,7.6,,Overcast,Tokyo
2175971,129853,poi_15,4b093eeff964a520e51423e3,2017-10-13T22:15:00,6.7,14.1,0.0,9.3,,Overcast,Tokyo
2175973,129853,poi_1,4b380ad7f964a520bc4a25e3,2017-10-20T17:39:00,-1.0,15.4,6.771,9.4,rain,"Rain, Overcast",Tokyo
2175973,129853,poi_2,4b6274c3f964a52051482ae3,2017-10-20T17:51:00,5.0,15.4,6.771,9.4,rain,"Rain, Overcast",Tokyo
2175973,129853,poi_3,4e15032845ddafda4bf9844f,2017-10-20T18:38:00,-1.0,15.4,0.002,5.7,rain,"Rain, Overcast",Tokyo
2175973,129853,poi_4,4b093eeff964a520e51423e3,2017-10-21T02:10:00,6.7,16.7,0.009,9.6,rain,"Rain, Overcast",Tokyo
2175973,129853,poi_5,4b79f7a8f964a520f11c2fe3,2017-10-21T02:22:00,6.8,16.7,0.009,9.6,rain,"Rain, Overcast",Tokyo
2175973,129853,poi_6,4b79286ff964a5204eed2ee3,2017-10-21T04:20:00,6.9,16.9,0.005,7.8,rain,"Rain, Overcast",Tokyo
2175973,129853,poi_7,4b093eeff964a520e51423e3,2017-10-26T20:24:00,6.7,11.0,0.0,5.5,,Clear,Tokyo
2175973,129853,poi_8,4b4dffcbf964a52095dd26e3,2017-10-26T20:32:00,5.9,9.9,0.0,3.8,,Clear,Tokyo
2175973,129853,poi_9,4b63c8e9f964a52077912ae3,2017-10-26T20:54:00,9.0,9.9,0.0,3.8,,Clear,Tokyo
2175973,129853,poi_10,4b093eeff964a520e51423e3,2017-10-27T01:42:00,6.7,18.4,0.0,5.5,,Clear,Tokyo
2175973,129853,poi_11,4b7291c5f964a520d17e2de3,2017-11-02T18:17:00,-1.0,12.7,4.958,7.8,rain,"Rain, Overcast",Tokyo
2175973,129853,poi_12,4b7ba460f964a520a4692fe3,2017-11-02T18:23:00,-1.0,12.7,4.958,7.8,rain,"Rain, Overcast",Tokyo
2175973,129853,poi_13,4b56a5e8f964a5208e1728e3,2017-11-02T18:36:00,9.2,12.4,0.0,5.7,,Partially cloudy,Tokyo
2175973,129853,poi_14,4b617128f964a520b4132ae3,2017-11-02T21:47:00,-1.0,12.7,0.0,9.5,,Partially cloudy,Tokyo
2175973,129853,poi_15,4b91cbbbf964a52008d833e3,2017-11-02T22:22:00,5.6,12.7,0.0,9.5,,Partially cloudy,Tokyo
2175973,129853,poi_16,4c9d71e52fb1a143e2f7e040,2017-11-02T22:40:00,6.0,15.3,0.002,9.5,rain,"Rain, Partially cloudy",Tokyo
2175973,129853,poi_17,4cc556f8c844721e1b4bee01,2017-11-02T22:56:00,-1.0,15.3,0.002,9.5,rain,"Rain, Partially cloudy",Tokyo
2175973,129853,poi_18,561a349b498efdb18f41c711,2017-11-03T00:55:00,6.5,17.9,0.0,12.9,,Clear,Tokyo
2175973,129853,poi_19,4b5ef219f964a520569f29e3,2017-11-03T23:46:00,5.8,16.6,0.0,7.5,,Partially cloudy,Tokyo
2175973,129853,poi_20,4b19f917f964a520abe623e3,2017-11-03T23:55:00,7.8,16.6,0.0,7.5,,Partially cloudy,Tokyo
2175973,129853,poi_21,508a5ac1e4b0cc3702c2c970,2017-11-04T00:07:00,7.3,16.6,0.0,7.5,,Partially cloudy,Tokyo
2175973,129853,poi_22,4b19f917f964a520abe623e3,2017-11-04T04:14:00,7.8,21.5,0.0,5.4,,Clear,Tokyo
2175976,129853,poi_1,4c9d71e52fb1a143e2f7e040,2017-11-18T16:40:00,6.0,8.4,0.0,27.9,,Partially cloudy,Tokyo
2175976,129853,poi_2,4b79286ff964a5204eed2ee3,2017-11-18T16:47:00,6.9,8.4,0.0,27.9,,Partially cloudy,Tokyo
2175976,129853,poi_3,4e15032845ddafda4bf9844f,2017-11-18T17:56:00,-1.0,7.7,0.0,22.3,,Clear,Tokyo
2175976,129853,poi_4,4b5ccea3f964a520044529e3,2017-11-18T21:47:00,5.9,6.7,0.0,13.3,,Partially cloudy,Tokyo
2175976,129853,poi_5,566d481e498e7d639125f53f,2017-11-18T22:06:00,-1.0,6.7,0.0,13.3,,Partially cloudy,Tokyo
2175976,129853,poi_6,5903fbe3acc5f543b15dd57a,2017-11-18T23:03:00,8.0,7.6,0.0,11.4,,Clear,Tokyo
2175976,129853,poi_7,4b77af61f964a520d8a62ee3,2017-11-19T04:17:00,6.2,10.6,0.0,5.6,,Partially cloudy,Tokyo
2175976,129853,poi_8,4b19f917f964a520abe623e3,2017-11-19T05:11:00,7.8,11.6,0.0,2.1,,Clear,Tokyo
2175976,129853,poi_9,4b5ef219f964a520569f29e3,2017-11-27T22:45:00,5.8,10.7,0.0,7.8,,Overcast,Tokyo
2175976,129853,poi_10,4b67a5c4f964a52069592be3,2017-11-27T23:16:00,7.0,10.7,0.0,7.8,,Overcast,Tokyo
2175976,129853,poi_11,4b74a6a7f964a5203bea2de3,2017-11-27T23:33:00,-1.0,10.9,0.0,7.7,,Overcast,Tokyo
2175976,129853,poi_12,4b0587b4f964a52092a022e3,2017-11-28T00:23:00,-1.0,10.9,0.0,7.7,,Overcast,Tokyo
2175976,129853,poi_13,4b67a5c4f964a52069592be3,2017-11-28T03:39:00,7.0,14.3,0.0,9.4,,Clear,Tokyo
2175976,129853,poi_14,4b5ef219f964a520569f29e3,2017-11-28T04:07:00,5.8,14.3,0.0,9.4,,Clear,Tokyo
2175976,129853,poi_15,4b380ad7f964a520bc4a25e3,2017-12-01T17:46:00,-1.0,6.6,0.0,9.4,,Partially cloudy,Tokyo
2175976,129853,poi_16,5386dd14498e8a382397d4cb,2017-12-01T18:16:00,8.9,6.6,0.0,9.4,,Partially cloudy,Tokyo
2175976,129853,poi_17,4c555a0c728920a1d3404284,2017-12-01T18:34:00,7.7,6.3,0.0,9.4,,Clear,Tokyo
2175977,129853,poi_1,4c9d71e52fb1a143e2f7e040,2017-12-02T18:30:00,6.0,6.1,0.0,7.6,,Partially cloudy,Tokyo
2175977,129853,poi_2,4c8a79009ef0224b0f395b7b,2017-12-02T19:09:00,5.7,5.8,0.0,9.3,,Partially cloudy,Tokyo
2175977,129853,poi_3,4b765f02f964a520c4492ee3,2017-12-02T20:10:00,6.7,5.3,0.0,5.6,,Partially cloudy,Tokyo
2175977,129853,poi_4,4b4ef9abf964a520eaf726e3,2017-12-03T00:59:00,7.2,8.9,0.0,9.3,,Clear,Tokyo
2175977,129853,poi_5,4b093eeff964a520e51423e3,2017-12-03T02:40:00,6.7,11.2,0.0,5.4,,Clear,Tokyo
2175977,129853,poi_6,4b19f917f964a520abe623e3,2017-12-08T22:38:00,7.8,4.8,0.0,9.4,,Clear,Tokyo
2175977,129853,poi_7,508a5ac1e4b0cc3702c2c970,2017-12-08T23:04:00,7.3,4.8,0.0,9.4,,Clear,Tokyo
2175977,129853,poi_8,4b5f1f18f964a52048a729e3,2017-12-09T04:57:00,7.9,9.7,0.0,11.1,,Clear,Tokyo
2175977,129853,poi_9,4b19f917f964a520abe623e3,2017-12-09T05:30:00,7.8,9.7,0.0,11.1,,Clear,Tokyo
2175977,129853,poi_10,4c9d71e52fb1a143e2f7e040,2017-12-15T16:06:00,6.0,4.2,0.0,9.3,,Partially cloudy,Tokyo
2175977,129853,poi_11,551113d0498ebe20228324c3,2017-12-15T16:19:00,6.5,4.2,0.0,9.3,,Partially cloudy,Tokyo
2175977,129853,poi_12,4eda49a577c8274efcfa3a7a,2017-12-15T16:28:00,7.8,4.2,0.0,9.3,,Partially cloudy,Tokyo
2175977,129853,poi_13,4be520c52468c928a4bbff42,2017-12-15T16:53:00,-1.0,4.2,0.0,7.6,,Clear,Tokyo
2175977,129853,poi_14,4b926e26f964a52002f933e3,2017-12-15T17:15:00,5.7,4.2,0.0,7.6,,Clear,Tokyo
2175977,129853,poi_15,4d5f2829196ba0932e970a56,2017-12-15T21:31:00,7.4,2.7,0.0,5.4,,Clear,Tokyo
2175977,129853,poi_16,4b093eeff964a520e51423e3,2017-12-15T22:41:00,6.7,5.3,0.0,5.4,,Clear,Tokyo
2175977,129853,poi_17,4e15032845ddafda4bf9844f,2017-12-15T22:56:00,-1.0,5.3,0.0,5.4,,Clear,Tokyo
2175981,129853,poi_1,4b305ae0f964a5201ff924e3,2018-01-01T18:12:00,-1.0,5.8,0.0,18.4,,Clear,Tokyo
2175981,129853,poi_2,5791bfee498e85cfb30c45da,2018-01-01T18:35:00,-1.0,5.3,0.0,13.3,,Clear,Tokyo
2175981,129853,poi_3,4db78dd91e7206c23cf65762,2018-01-01T20:01:00,-1.0,4.1,0.0,11.6,,Clear,Tokyo
2175981,129853,poi_4,51205dd9e4b0f55437016293,2018-01-01T22:21:00,6.4,3.1,0.0,11.3,,Clear,Tokyo
2175981,129853,poi_5,4b7e455ef964a520e0e72fe3,2018-01-01T23:34:00,-1.0,7.3,0.0,18.3,,Clear,Tokyo
2175981,129853,poi_6,4c9d71e52fb1a143e2f7e040,2018-01-03T20:50:00,6.0,0.6,0.0,7.5,,Clear,Tokyo
2175981,129853,poi_7,4b55a0abf964a520a5e927e3,2018-01-03T21:14:00,5.6,0.6,0.0,7.5,,Clear,Tokyo
2175981,129853,poi_8,4b62d8e3f964a5204b552ae3,2018-01-03T23:09:00,5.1,3.3,0.0,9.3,,Clear,Tokyo
2175981,129853,poi_9,4b0587bbf964a5209ea122e3,2018-01-04T00:40:00,7.8,7.3,0.0,11.2,,Clear,Tokyo
2175981,129853,poi_10,4b604241f964a52054dc29e3,2018-01-04T04:29:00,-1.0,9.1,0.0,8.2,,Clear,Tokyo
2175981,129853,poi_11,4b19f917f964a520abe623e3,2018-01-05T17:55:00,7.8,0.2,0.0,5.5,,Clear,Tokyo
2175981,129853,poi_12,524a9a5011d25873e74a6cb5,2018-01-05T18:16:00,6.8,0.2,0.0,5.5,,Clear,Tokyo
2175981,129853,poi_13,4b64040df964a5205a9b2ae3,2018-01-05T21:41:00,-1.0,-1.1,0.0,5.5,,Clear,Tokyo
2175981,129853,poi_14,508a5ac1e4b0cc3702c2c970,2018-01-05T23:21:00,7.3,0.2,0.0,5.4,,Clear,Tokyo
2175981,129853,poi_15,596ef75ef96b2c296fc8b092,2018-01-06T04:23:00,5.4,9.8,0.0,5.5,,Clear,Tokyo
2175987,129853,poi_1,4b5ef219f964a520569f29e3,2018-02-09T19:03:00,5.8,1.8,0.0,9.3,,Clear,Tokyo
2175987,129853,poi_2,4b0e60adf964a520305723e3,2018-02-09T20:33:00,6.6,1.4,0.0,7.4,,Partially cloudy,Tokyo
2175987,129853,poi_3,551fbdcc498e44cccec8ac48,2018-02-09T20:54:00,7.2,1.4,0.0,7.4,,Partially cloudy,Tokyo
2175987,129853,poi_4,4c67ce5019f3c9b66eafa3ff,2018-02-10T01:34:00,5.8,6.7,0.0,3.7,,Partially cloudy,Tokyo
2175987,129853,poi_5,4b19f917f964a520abe623e3,2018-02-10T05:27:00,7.8,10.7,0.0,9.5,,Clear,Tokyo
2175987,129853,poi_6,4b5ef219f964a520569f29e3,2018-02-11T17:28:00,5.8,3.3,0.0,16.1,,Partially cloudy,Tokyo
2175987,129853,poi_7,4b0587a6f964a5203d9e22e3,2018-02-11T17:49:00,7.1,2.8,0.0,14.5,,Partially cloudy,Tokyo
2175987,129853,poi_8,4b64d12ff964a52065d22ae3,2018-02-11T17:59:00,-1.0,2.8,0.0,14.5,,Partially cloudy,Tokyo
2175987,129853,poi_9,4d58f624fe7c224bde7172b5,2018-02-11T19:00:00,-1.0,1.8,0.0,16.1,,Clear,Tokyo
2175987,129853,poi_10,4d5bc7291e43236aa1671283,2018-02-12T01:37:00,5.7,7.5,0.0,13.7,,Clear,Tokyo
2175987,129853,poi_11,4b19f917f964a520abe623e3,2018-02-12T02:52:00,7.8,9.0,0.0,17.1,,Partially cloudy,Tokyo
2175987,129853,poi_12,4b380ad7f964a520bc4a25e3,2018-02-17T19:49:00,-1.0,-1.3,0.0,9.8,,Clear,Tokyo
2175987,129853,poi_13,4b6274c3f964a52051482ae3,2018-02-17T19:58:00,5.0,-1.3,0.0,9.8,,Clear,Tokyo
2175987,129853,poi_14,52cf90f511d20a999f768589,2018-02-17T21:04:00,-1.0,-0.1,0.0,18.2,,Clear,Tokyo
2175987,129853,poi_15,4e15032845ddafda4bf9844f,2018-02-17T21:14:00,-1.0,-0.1,0.0,18.2,,Clear,Tokyo
2175987,129853,poi_16,4c9d71e52fb1a143e2f7e040,2018-02-18T00:23:00,6.0,4.3,0.0,13.2,,Partially cloudy,Tokyo
2175991,129853,poi_1,4b41367af964a5205dc325e3,2018-03-30T21:38:00,-1.0,9.8,0.0,5.4,,Clear,Tokyo
2175991,129853,poi_2,4c3a3f5a18e72d7f6ea31bf5,2018-03-30T21:49:00,-1.0,9.8,0.0,5.4,,Clear,Tokyo
2175991,129853,poi_3,4b5ebd8ff964a520499729e3,2018-03-30T23:08:00,6.7,11.5,0.0,3.8,,Clear,Tokyo
2175991,129853,poi_4,5a7c61ff112c6c2652cbc7f8,2018-03-31T02:26:00,-1.0,15.1,0.0,11.0,,Clear,Tokyo
2175991,129853,poi_5,4b19f917f964a520abe623e3,2018-04-06T22:25:00,7.8,17.4,0.0,4.4,,Clear,Tokyo
2175991,129853,poi_6,4b7a56a6f964a520002a2fe3,2018-04-06T22:35:00,-1.0,19.0,0.0,6.6,,Partially cloudy,Tokyo
2175991,129853,poi_7,508a5ac1e4b0cc3702c2c970,2018-04-06T23:18:00,7.3,19.0,0.0,6.6,,Partially cloudy,Tokyo
2175991,129853,poi_8,4c2dac633a4d0f47473ee486,2018-04-07T04:06:00,-1.0,17.7,0.0,26.2,,Clear,Tokyo
2175991,129853,poi_9,4b19f917f964a520abe623e3,2018-04-13T18:45:00,7.8,12.0,0.0,7.5,,Clear,Tokyo
2175991,129853,poi_10,4b9ef7f0f964a5206e0d37e3,2018-04-13T19:11:00,6.3,12.0,0.0,7.5,,Clear,Tokyo
2175991,129853,poi_11,4bcc3d4468f976b0963a6283,2018-04-13T19:57:00,8.6,11.5,0.0,3.9,,Overcast,Tokyo
2175991,129853,poi_12,542554cf498ef4a58b759191,2018-04-13T23:50:00,6.4,13.9,0.0,3.7,,Partially cloudy,Tokyo
2175991,129853,poi_13,4c2dac633a4d0f47473ee486,2018-04-14T04:30:00,-1.0,17.7,0.0,13.4,,Overcast,Tokyo
2175991,129853,poi_14,4b19f917f964a520abe623e3,2018-04-21T19:00:00,7.8,14.1,0.0,5.5,,Clear,Tokyo
2175991,129853,poi_15,4d32a9c2b60937042bc8f9df,2018-04-21T19:03:00,-1.0,14.1,0.0,5.5,,Clear,Tokyo
2175991,129853,poi_16,4bb9653a53649c74c40448fb,2018-04-21T19:32:00,5.4,14.2,0.0,3.8,,Clear,Tokyo
2175991,129853,poi_17,4d5bc7291e43236aa1671283,2018-04-21T20:53:00,5.7,15.6,0.0,3.7,,Clear,Tokyo
2175991,129853,poi_18,4b4ef864f964a520d5f726e3,2018-04-21T22:36:00,5.6,21.6,0.0,7.6,,Clear,Tokyo
2175991,129853,poi_19,4d9e94082064ba7a71d63f4d,2018-04-21T22:56:00,-1.0,21.6,0.0,7.6,,Clear,Tokyo
2175991,129853,poi_20,55976452498e6e3d3b9268eb,2018-04-21T23:11:00,7.4,21.6,0.0,7.6,,Clear,Tokyo
2175991,129853,poi_21,4b85d58ff964a520757531e3,2018-04-22T04:45:00,-1.0,27.5,0.0,11.4,,Clear,Tokyo
2176002,129853,poi_1,4b5a4723f964a5209eb928e3,2018-06-15T17:37:00,6.4,15.1,0.485,9.5,rain,"Rain, Overcast",Tokyo
2176002,129853,poi_2,4b42a9c9f964a5206dd825e3,2018-06-16T01:18:00,5.7,15.5,0.0,9.4,,Overcast,Tokyo
2176002,129853,poi_3,4b0df959f964a520635323e3,2018-06-16T01:34:00,-1.0,16.1,0.0,12.8,,Overcast,Tokyo
2176002,129853,poi_4,59dca3b9916bc16d78db9982,2018-06-16T01:44:00,-1.0,16.1,0.0,12.8,,Overcast,Tokyo
2176002,129853,poi_5,4b093eeff964a520e51423e3,2018-06-23T16:30:00,6.7,18.7,0.0,9.3,,Partially cloudy,Tokyo
2176002,129853,poi_6,576d1310498e5cbc55bfb0c2,2018-06-23T17:09:00,7.6,18.6,0.0,3.7,,Partially cloudy,Tokyo
2176002,129853,poi_7,4b604241f964a52054dc29e3,2018-06-23T23:11:00,-1.0,19.6,0.0,9.2,,Partially cloudy,Tokyo
2176002,129853,poi_8,4b77866ef964a520d99f2ee3,2018-06-23T23:54:00,-1.0,19.7,1.986,7.7,rain,"Rain, Overcast",Tokyo
2176002,129853,poi_9,4b093eeff964a520e51423e3,2018-06-24T00:49:00,6.7,20.2,0.015,7.6,rain,"Rain, Partially cloudy",Tokyo
2176002,129853,poi_10,4b19f917f964a520abe623e3,2018-06-24T01:15:00,7.8,20.2,0.015,7.6,rain,"Rain, Partially cloudy",Tokyo
2176002,129853,poi_11,56d507bb498e6177d7d92ea5,2018-06-24T01:26:00,-1.0,20.2,0.015,7.6,rain,"Rain, Partially cloudy",Tokyo
2176015,129853,poi_1,4b093eeff964a520e51423e3,2018-08-14T22:27:00,6.7,29.1,0.0,22.1,,Clear,Tokyo
2176015,129853,poi_2,4b73ee4ef964a5208fc02de3,2018-08-14T22:41:00,6.8,30.8,0.0,14.9,,Clear,Tokyo
2176015,129853,poi_3,4b77866ef964a520d99f2ee3,2018-08-14T22:52:00,-1.0,30.8,0.0,14.9,,Clear,Tokyo
2176015,129853,poi_4,4b0587bbf964a5209ea122e3,2018-08-15T00:35:00,7.8,31.8,0.0,25.8,,Clear,Tokyo
2176015,129853,poi_5,4b093eeff964a520e51423e3,2018-08-15T05:19:00,6.7,32.5,0.0,27.7,,Clear,Tokyo
2176015,129853,poi_6,4b5ef219f964a520569f29e3,2018-08-31T15:15:00,5.8,25.2,0.0,3.8,,Clear,Tokyo
2176015,129853,poi_7,4b42a9c9f964a5206dd825e3,2018-08-31T15:55:00,5.7,25.7,0.0,6.0,,Clear,Tokyo
2176015,129853,poi_8,561a349b498efdb18f41c711,2018-08-31T16:30:00,6.5,25.7,0.0,6.0,,Clear,Tokyo
2176015,129853,poi_9,4b77866ef964a520d99f2ee3,2018-08-31T23:01:00,-1.0,26.8,0.002,2.0,rain,"Rain, Partially cloudy",Tokyo
2176015,129853,poi_10,4c699ef6d0bdc9b6a371a60b,2018-09-01T00:38:00,-1.0,28.8,0.0,7.8,,Partially cloudy,Tokyo
2176015,129853,poi_11,4b093eeff964a520e51423e3,2018-09-01T04:02:00,6.7,29.5,0.0,11.3,,Clear,Tokyo
29923,1477,poi_1,4ba261c8f964a5204df337e3,2017-10-31T19:27:00,6.1,10.7,0.0,7.5,,Partially cloudy,Tokyo
29923,1477,poi_2,4b243a7df964a520356424e3,2017-11-01T02:46:00,6.5,16.6,0.0,7.5,,Partially cloudy,Tokyo
29923,1477,poi_3,4ba261c8f964a5204df337e3,2017-11-01T19:10:00,6.1,9.7,0.0,5.5,,Clear,Tokyo
29923,1477,poi_4,4b243a7df964a520356424e3,2017-11-02T02:32:00,6.5,19.7,0.0,11.2,,Partially cloudy,Tokyo
29923,1477,poi_5,4ba261c8f964a5204df337e3,2017-11-03T19:10:00,6.1,15.2,0.0,7.3,,Partially cloudy,Tokyo
29923,1477,poi_6,4b243a7df964a520356424e3,2017-11-04T02:49:00,6.5,21.1,0.0,3.7,,Clear,Tokyo
29923,1477,poi_7,4ba261c8f964a5204df337e3,2017-11-04T20:15:00,6.1,11.3,0.0,14.4,,Clear,Tokyo
29923,1477,poi_8,4b243a7df964a520356424e3,2017-11-05T02:45:00,6.5,17.1,0.0,9.5,,Clear,Tokyo
29923,1477,poi_9,4ba261c8f964a5204df337e3,2017-11-05T20:23:00,6.1,8.2,0.0,5.5,,Clear,Tokyo
29923,1477,poi_10,4b243a7df964a520356424e3,2017-11-06T02:34:00,6.5,17.2,0.0,2.0,,Clear,Tokyo
29923,1477,poi_11,4b565633f964a5200b0c28e3,2017-11-06T02:51:00,-1.0,17.2,0.0,2.0,,Clear,Tokyo
29923,1477,poi_12,528051d611d2e93484715d31,2017-11-06T03:24:00,7.2,17.2,0.0,2.0,,Clear,Tokyo
29923,1477,poi_13,53e5f68c498eb8e9dc0955d8,2017-11-06T03:30:00,7.2,17.2,0.0,2.0,,Clear,Tokyo
29923,1477,poi_14,4b4fb9eef964a520c91227e3,2017-11-06T03:33:00,-1.0,19.5,0.0,5.6,,Clear,Tokyo
29927,1477,poi_1,4b243a7df964a520356424e3,2017-11-12T16:25:00,6.5,9.4,0.0,7.7,,Partially cloudy,Tokyo
29927,1477,poi_2,4ba261c8f964a5204df337e3,2017-11-12T19:13:00,6.1,8.7,0.0,5.5,,Partially cloudy,Tokyo
29927,1477,poi_3,4b557b9ff964a52072e527e3,2017-11-12T20:02:00,7.9,7.9,0.0,3.8,,Partially cloudy,Tokyo
29927,1477,poi_4,4b243a7df964a520356424e3,2017-11-13T02:31:00,6.5,14.4,0.0,5.4,,Partially cloudy,Tokyo
29927,1477,poi_5,4ba261c8f964a5204df337e3,2017-11-13T20:14:00,6.1,10.9,0.0,9.3,,Overcast,Tokyo
29927,1477,poi_6,4bff036468c7a593790e4044,2017-11-13T21:03:00,-1.0,10.4,0.0,5.5,,Partially cloudy,Tokyo
29927,1477,poi_7,4b243a7df964a520356424e3,2017-11-14T02:47:00,6.5,14.8,0.0,5.4,,Overcast,Tokyo
29927,1477,poi_8,4ba261c8f964a5204df337e3,2017-11-14T20:16:00,6.1,11.4,0.0,7.7,,Overcast,Tokyo
29927,1477,poi_9,4b243a7df964a520356424e3,2017-11-15T04:00:00,6.5,16.5,0.0,11.2,,Partially cloudy,Tokyo
29927,1477,poi_10,4b19f7c2f964a5209de623e3,2017-11-17T00:51:00,5.8,10.9,0.0,5.5,,Partially cloudy,Tokyo
29927,1477,poi_11,4b19f917f964a520abe623e3,2017-11-17T00:57:00,7.8,10.9,0.0,5.5,,Partially cloudy,Tokyo
29929,1477,poi_1,4ba261c8f964a5204df337e3,2017-11-18T19:10:00,6.1,7.6,0.0,18.4,,Clear,Tokyo
29929,1477,poi_2,4b243a7df964a520356424e3,2017-11-19T02:12:00,6.5,9.9,0.0,7.7,,Clear,Tokyo
29929,1477,poi_3,4ba261c8f964a5204df337e3,2017-11-19T20:38:00,6.1,5.0,0.0,9.2,,Partially cloudy,Tokyo
29929,1477,poi_4,4b243a7df964a520356424e3,2017-11-20T03:44:00,6.5,9.8,0.0,5.4,,Partially cloudy,Tokyo
29929,1477,poi_5,4ba261c8f964a5204df337e3,2017-11-20T20:20:00,6.1,5.9,0.0,18.2,,Clear,Tokyo
29929,1477,poi_6,4b243a7df964a520356424e3,2017-11-21T02:49:00,6.5,11.1,0.0,9.5,,Clear,Tokyo
29929,1477,poi_7,4ba261c8f964a5204df337e3,2017-11-21T19:26:00,6.1,4.3,0.0,7.7,,Partially cloudy,Tokyo
29929,1477,poi_8,4b243a7df964a520356424e3,2017-11-22T02:57:00,6.5,9.7,0.0,3.7,,Partially cloudy,Tokyo
29929,1477,poi_9,4ba261c8f964a5204df337e3,2017-11-22T20:49:00,6.1,6.6,0.013,9.5,rain,"Rain, Overcast",Tokyo
29929,1477,poi_10,4b243a7df964a520356424e3,2017-11-23T03:02:00,6.5,9.7,0.002,11.1,rain,"Rain, Overcast",Tokyo
29929,1477,poi_11,4b19f917f964a520abe623e3,2017-11-24T00:25:00,7.8,10.8,0.0,3.7,,Partially cloudy,Tokyo
29929,1477,poi_12,4b093eeff964a520e51423e3,2017-11-24T01:40:00,6.7,13.6,0.0,11.1,,Clear,Tokyo
29929,1477,poi_13,52d18c21498ea1fe915e538e,2017-11-24T02:39:00,7.4,13.6,0.0,7.9,,Clear,Tokyo
29946,1477,poi_1,4b243a7df964a520356424e3,2018-01-01T15:23:00,6.5,3.9,0.0,11.2,,Clear,Tokyo
29946,1477,poi_2,4ba261c8f964a5204df337e3,2018-01-01T20:16:00,6.1,4.1,0.0,11.6,,Clear,Tokyo
29946,1477,poi_3,4b243a7df964a520356424e3,2018-01-02T02:56:00,6.5,10.1,0.0,20.0,,Clear,Tokyo
29946,1477,poi_4,4ba261c8f964a5204df337e3,2018-01-02T19:04:00,6.1,3.9,0.0,11.4,,Clear,Tokyo
29946,1477,poi_5,4b243a7df964a520356424e3,2018-01-03T02:31:00,6.5,7.6,0.0,27.6,,Clear,Tokyo
29946,1477,poi_6,4ba261c8f964a5204df337e3,2018-01-03T21:51:00,6.1,0.6,0.0,9.2,,Clear,Tokyo
29946,1477,poi_7,4b243a7df964a520356424e3,2018-01-04T03:08:00,6.5,8.7,0.0,15.0,,Clear,Tokyo
29946,1477,poi_8,4ba261c8f964a5204df337e3,2018-01-05T20:34:00,6.1,-1.3,0.0,3.7,,Clear,Tokyo
29946,1477,poi_9,4b243a7df964a520356424e3,2018-01-06T02:54:00,6.5,8.8,0.0,3.8,,Clear,Tokyo
29946,1477,poi_10,4ba261c8f964a5204df337e3,2018-01-06T20:33:00,6.1,2.7,0.0,7.9,,Partially cloudy,Tokyo
29946,1477,poi_11,4b243a7df964a520356424e3,2018-01-07T02:52:00,6.5,10.1,0.0,18.0,,Partially cloudy,Tokyo
29977,1477,poi_1,4ba261c8f964a5204df337e3,2018-03-11T20:33:00,6.1,5.6,0.0,14.5,,Clear,Tokyo
29977,1477,poi_2,4b243a7df964a520356424e3,2018-03-12T02:57:00,6.5,13.5,0.0,5.8,,Clear,Tokyo
29977,1477,poi_3,4ba261c8f964a5204df337e3,2018-03-12T21:44:00,6.1,6.6,0.0,7.6,,Clear,Tokyo
29977,1477,poi_4,4b243a7df964a520356424e3,2018-03-13T02:51:00,6.5,16.0,0.0,7.8,,Clear,Tokyo
29977,1477,poi_5,4ba261c8f964a5204df337e3,2018-03-13T19:06:00,6.1,8.2,0.0,5.4,,Clear,Tokyo
29977,1477,poi_6,4b243a7df964a520356424e3,2018-03-14T02:28:00,6.5,19.5,0.0,7.5,,Clear,Tokyo
29977,1477,poi_7,4ba261c8f964a5204df337e3,2018-03-14T19:19:00,6.1,10.9,0.0,7.4,,Clear,Tokyo
29977,1477,poi_8,4b243a7df964a520356424e3,2018-03-15T03:13:00,6.5,21.0,0.0,15.2,,Partially cloudy,Tokyo
29977,1477,poi_9,4b243a7df964a520356424e3,2018-03-17T16:24:00,6.5,8.3,0.0,9.2,,Overcast,Tokyo
29977,1477,poi_10,4ba261c8f964a5204df337e3,2018-03-17T20:23:00,6.1,6.1,0.0,7.5,,Clear,Tokyo
29977,1477,poi_11,4b243a7df964a520356424e3,2018-03-18T02:41:00,6.5,14.6,0.0,5.6,,Partially cloudy,Tokyo
29977,1477,poi_12,4ba261c8f964a5204df337e3,2018-03-18T20:20:00,6.1,9.2,0.0,3.8,,Overcast,Tokyo
29977,1477,poi_13,4b243a7df964a520356424e3,2018-03-19T02:35:00,6.5,14.9,0.0,6.0,,Overcast,Tokyo
29977,1477,poi_14,4b565633f964a5200b0c28e3,2018-03-19T02:52:00,-1.0,14.9,0.0,6.0,,Overcast,Tokyo
29983,1477,poi_1,4b243a7df964a520356424e3,2018-03-30T16:23:00,6.5,8.7,0.0,3.8,,Clear,Tokyo
29983,1477,poi_2,4ba261c8f964a5204df337e3,2018-03-30T20:21:00,6.1,8.8,0.0,9.3,,Clear,Tokyo
29983,1477,poi_3,4b243a7df964a520356424e3,2018-03-31T03:13:00,6.5,15.2,0.0,12.9,,Clear,Tokyo
29983,1477,poi_4,4ba261c8f964a5204df337e3,2018-04-01T20:32:00,6.1,12.6,0.0,5.4,,Clear,Tokyo
29983,1477,poi_5,4b243a7df964a520356424e3,2018-04-02T02:28:00,6.5,22.4,0.0,3.9,,Clear,Tokyo
29983,1477,poi_6,4ba261c8f964a5204df337e3,2018-04-02T21:44:00,6.1,15.3,0.0,7.4,,Partially cloudy,Tokyo
29983,1477,poi_7,4b243a7df964a520356424e3,2018-04-03T02:36:00,6.5,21.1,0.0,11.1,,Partially cloudy,Tokyo
29983,1477,poi_8,4ba261c8f964a5204df337e3,2018-04-03T19:17:00,6.1,15.8,0.0,7.4,,Clear,Tokyo
29983,1477,poi_9,4b243a7df964a520356424e3,2018-04-04T02:50:00,6.5,24.3,0.0,20.5,,Clear,Tokyo
29983,1477,poi_10,4ba261c8f964a5204df337e3,2018-04-04T19:12:00,6.1,14.0,0.0,12.9,,Partially cloudy,Tokyo
29983,1477,poi_11,4bff036468c7a593790e4044,2018-04-04T19:34:00,-1.0,13.8,0.0,5.7,,Overcast,Tokyo
29983,1477,poi_12,4b243a7df964a520356424e3,2018-04-05T02:40:00,6.5,14.5,0.0,16.6,,Partially cloudy,Tokyo
2484302,155648,poi_1,4b0587a6f964a5203d9e22e3,2018-01-19T16:45:00,7.1,6.2,0.0,3.8,,Partially cloudy,Tokyo
2484302,155648,poi_2,4f0ee9dce4b023b37a478717,2018-01-19T17:00:00,7.0,6.2,0.0,3.8,,Partially cloudy,Tokyo
2484302,155648,poi_3,4b178e80f964a52059c623e3,2018-01-19T18:21:00,-1.0,5.9,0.0,5.4,,Overcast,Tokyo
2484302,155648,poi_4,5729a76f498ed577b626cc5e,2018-01-19T18:34:00,-1.0,5.6,0.0,9.2,,Overcast,Tokyo
2484302,155648,poi_5,4b178e80f964a52059c623e3,2018-01-19T21:09:00,-1.0,5.3,0.0,5.6,,Partially cloudy,Tokyo
2484302,155648,poi_6,4b0587a6f964a5203d9e22e3,2018-01-19T21:31:00,7.1,5.1,0.0,5.6,,Overcast,Tokyo
2484302,155648,poi_7,50bdc8ffe4b00ddbb4b357af,2018-01-20T17:38:00,6.4,5.5,0.0,9.4,,Partially cloudy,Tokyo
2484302,155648,poi_8,4b0587a6f964a5203d9e22e3,2018-01-20T18:08:00,7.1,5.5,0.0,9.4,,Partially cloudy,Tokyo
2484302,155648,poi_9,4b19f7c2f964a5209de623e3,2018-01-20T18:30:00,5.8,5.5,0.0,9.4,,Partially cloudy,Tokyo
2484302,155648,poi_10,4b5c05e8f964a520842129e3,2018-01-20T18:48:00,7.8,5.1,0.0,7.6,,Clear,Tokyo
2484302,155648,poi_11,4b19f7c2f964a5209de623e3,2018-01-20T22:27:00,5.8,3.6,0.0,5.5,,Clear,Tokyo
2484302,155648,poi_12,4b19f837f964a520a2e623e3,2018-01-20T22:32:00,6.9,4.3,0.0,7.6,,Partially cloudy,Tokyo
2484302,155648,poi_13,4d771b723915721e05e2fb82,2018-01-20T22:42:00,7.5,4.3,0.0,7.6,,Partially cloudy,Tokyo
2484302,155648,poi_14,4b5c05e8f964a520842129e3,2018-01-21T01:19:00,7.8,8.1,0.0,9.2,,Clear,Tokyo
2484364,155648,poi_1,4b093eeff964a520e51423e3,2018-05-04T19:18:00,6.7,12.7,0.0,7.3,,Clear,Tokyo
2484364,155648,poi_2,541fea9b498e451a8f195782,2018-05-04T19:28:00,-1.0,12.7,0.0,7.3,,Clear,Tokyo
2484364,155648,poi_3,4c555a0c728920a1d3404284,2018-05-04T20:10:00,7.7,12.1,0.0,3.6,,Clear,Tokyo
2484364,155648,poi_4,4b0587a6f964a5203e9e22e3,2018-05-05T17:27:00,7.9,17.6,0.0,3.7,,Clear,Tokyo
2484364,155648,poi_5,4b19f917f964a520abe623e3,2018-05-05T17:40:00,7.8,15.6,0.0,5.4,,Partially cloudy,Tokyo
2484364,155648,poi_6,54866205498e6510cc2c7885,2018-05-05T17:59:00,-1.0,15.6,0.0,5.4,,Partially cloudy,Tokyo
2484364,155648,poi_7,50d59e06e4b09e2e54f007fd,2018-05-05T19:04:00,7.6,15.2,0.0,7.5,,Clear,Tokyo
2484364,155648,poi_8,4b697fc5f964a520cea42be3,2018-05-05T21:12:00,5.7,16.1,0.0,5.5,,Partially cloudy,Tokyo
2484364,155648,poi_9,55a07901498e9e8ddfadc9cb,2018-05-08T21:15:00,6.0,10.4,0.066,11.6,rain,"Rain, Overcast",Tokyo
2484364,155648,poi_10,4b093eeff964a520e51423e3,2018-05-08T21:47:00,6.7,10.4,0.043,13.3,rain,"Rain, Overcast",Tokyo
2484364,155648,poi_11,4b62ddfcf964a5205e562ae3,2018-05-08T22:05:00,8.2,10.4,0.043,13.3,rain,"Rain, Overcast",Tokyo
2484364,155648,poi_12,4b380ad7f964a520bc4a25e3,2018-05-08T23:44:00,-1.0,10.7,24.828,15.2,rain,"Rain, Overcast",Tokyo
2484364,155648,poi_13,4c555a0c728920a1d3404284,2018-05-09T00:48:00,7.7,11.1,0.005,11.7,rain,"Rain, Overcast",Tokyo
2484364,155648,poi_14,4b19f837f964a520a2e623e3,2018-05-09T04:57:00,6.9,13.4,0.0,14.8,,Overcast,Tokyo
2484364,155648,poi_15,56c696b5cd10f0fc40db8ed0,2018-05-09T05:13:00,-1.0,13.4,0.0,14.8,,Overcast,Tokyo
2484364,155648,poi_16,4b19f837f964a520a2e623e3,2018-05-09T12:13:00,6.9,13.3,0.0,3.8,,Overcast,Tokyo
2484364,155648,poi_17,53d8700b498ebf762f761962,2018-05-09T12:22:00,6.3,13.3,0.0,3.8,,Overcast,Tokyo
2484364,155648,poi_18,55a07901498e9e8ddfadc9cb,2018-05-11T03:39:00,6.0,21.1,0.0,20.8,,Partially cloudy,Tokyo
2484366,155648,poi_1,4b0587a6f964a5203e9e22e3,2018-05-12T17:49:00,7.9,17.6,0.0,13.0,,Partially cloudy,Tokyo
2484366,155648,poi_2,4b19f917f964a520abe623e3,2018-05-12T17:57:00,7.8,17.6,0.0,13.0,,Partially cloudy,Tokyo
2484366,155648,poi_3,4cb7d3a143ec6dcbfab19031,2018-05-12T18:09:00,-1.0,17.6,0.0,13.0,,Partially cloudy,Tokyo
2484366,155648,poi_4,50d59e06e4b09e2e54f007fd,2018-05-12T18:52:00,7.6,17.5,0.0,11.3,,Partially cloudy,Tokyo
2484366,155648,poi_5,4b093eeff964a520e51423e3,2018-05-12T21:07:00,6.7,18.1,0.0,20.3,,Partially cloudy,Tokyo
2484366,155648,poi_6,4be520c52468c928a4bbff42,2018-05-12T21:56:00,-1.0,18.6,0.0,16.6,,Overcast,Tokyo
2484366,155648,poi_7,59cce1453c858d0a6ab02b9b,2018-05-13T00:29:00,7.0,20.3,0.0,11.6,,Partially cloudy,Tokyo
2484366,155648,poi_8,4b0587a6f964a5203e9e22e3,2018-05-13T02:26:00,7.9,20.4,0.0,13.3,,Overcast,Tokyo
2484366,155648,poi_9,55a07901498e9e8ddfadc9cb,2018-05-13T02:41:00,6.0,20.6,0.0,14.9,,Overcast,Tokyo
2484366,155648,poi_10,4b0587a6f964a5203d9e22e3,2018-05-18T01:40:00,7.1,25.3,0.0,7.6,,Partially cloudy,Tokyo
2484366,155648,poi_11,4d58f624fe7c224bde7172b5,2018-05-18T01:54:00,-1.0,25.3,0.0,7.6,,Partially cloudy,Tokyo
2484366,155648,poi_12,4b0587a6f964a5203d9e22e3,2018-05-18T04:22:00,7.1,25.7,0.0,16.3,,Partially cloudy,Tokyo
2484366,155648,poi_13,4f0ee9dce4b023b37a478717,2018-05-18T16:53:00,7.0,23.1,0.0,13.8,,Partially cloudy,Tokyo
2484366,155648,poi_14,4b093eeff964a520e51423e3,2018-05-18T17:49:00,6.7,22.3,0.002,24.2,rain,"Rain, Overcast",Tokyo
2484366,155648,poi_15,4b62ddfcf964a5205e562ae3,2018-05-18T18:02:00,8.2,22.3,0.002,24.2,rain,"Rain, Overcast",Tokyo
2484366,155648,poi_16,4be6b2832468c9287c970143,2018-05-18T19:00:00,-1.0,22.6,0.0,29.2,,Overcast,Tokyo
2484366,155648,poi_17,4b67b334f964a5204d5b2be3,2018-05-18T20:35:00,4.7,22.6,0.0,22.6,,Overcast,Tokyo
2484366,155648,poi_18,4b0587b2f964a5204fa022e3,2018-05-18T21:58:00,8.0,20.2,0.0,16.8,,Partially cloudy,Tokyo
2484366,155648,poi_19,4d8f1cce1d06b1f759d4573b,2018-05-19T01:01:00,-1.0,24.8,0.0,9.4,,Partially cloudy,Tokyo
2484367,155648,poi_1,4b0587a6f964a5203d9e22e3,2018-05-19T16:38:00,7.1,15.0,0.0,11.2,,Partially cloudy,Tokyo
2484367,155648,poi_2,53b03fe4498eb839deef9585,2018-05-19T16:58:00,7.8,15.0,0.0,11.2,,Partially cloudy,Tokyo
2484367,155648,poi_3,4b0587b4f964a520a4a022e3,2018-05-19T18:31:00,5.6,14.0,0.0,13.2,,Clear,Tokyo
2484367,155648,poi_4,4dccabbed4c065592f5400af,2018-05-19T19:24:00,5.3,14.0,0.0,13.2,,Clear,Tokyo
2484367,155648,poi_5,4b6f59bcf964a520b4ec2ce3,2018-05-19T21:25:00,-1.0,13.8,0.0,14.9,,Partially cloudy,Tokyo
2484367,155648,poi_6,4b0587a6f964a5203e9e22e3,2018-05-19T21:36:00,7.9,14.4,0.0,14.9,,Clear,Tokyo
2484367,155648,poi_7,55a07901498e9e8ddfadc9cb,2018-05-20T21:16:00,6.0,15.9,0.0,7.6,,Partially cloudy,Tokyo
2484367,155648,poi_8,4fa3574a121df8dabaf60d8b,2018-05-20T21:26:00,6.2,15.9,0.0,7.6,,Partially cloudy,Tokyo
2484367,155648,poi_9,4bfe3739f61dc9b6c41ea0de,2018-05-20T22:20:00,6.8,17.9,0.0,5.5,,Clear,Tokyo
2484367,155648,poi_10,59c74f6bf5e9d70dc12da704,2018-05-21T00:32:00,6.9,23.1,0.0,5.4,,Partially cloudy,Tokyo
2484367,155648,poi_11,4b7534e5f964a52011012ee3,2018-05-21T04:00:00,5.4,25.8,0.0,11.1,,Clear,Tokyo
2484368,155648,poi_1,4b19f837f964a520a2e623e3,2018-05-21T12:02:00,6.9,18.7,0.0,5.6,,Partially cloudy,Tokyo
2484368,155648,poi_2,53d8700b498ebf762f761962,2018-05-21T12:08:00,6.3,18.7,0.0,5.6,,Partially cloudy,Tokyo
2484368,155648,poi_3,55a07901498e9e8ddfadc9cb,2018-05-21T22:15:00,6.0,19.8,0.0,5.3,,Clear,Tokyo
2484368,155648,poi_4,4b093eeff964a520e51423e3,2018-05-21T22:47:00,6.7,22.3,0.0,5.3,,Clear,Tokyo
2484368,155648,poi_5,4b62ddfcf964a5205e562ae3,2018-05-21T23:02:00,8.2,22.3,0.0,5.3,,Clear,Tokyo
2484368,155648,poi_6,4b05879ef964a520f49c22e3,2018-05-21T23:48:00,8.0,23.3,0.0,7.5,,Clear,Tokyo
2484368,155648,poi_7,4b654ef3f964a520acec2ae3,2018-05-22T04:05:00,4.8,26.3,0.0,11.3,,Clear,Tokyo
2484368,155648,poi_8,4b661945f964a5208e132be3,2018-05-22T05:11:00,-1.0,26.3,0.0,16.6,,Clear,Tokyo
2484368,155648,poi_9,4b19f837f964a520a2e623e3,2018-05-22T12:03:00,6.9,19.1,0.0,16.3,,Clear,Tokyo
2484368,155648,poi_10,53d8700b498ebf762f761962,2018-05-22T12:13:00,6.3,19.1,0.0,16.3,,Clear,Tokyo
2484368,155648,poi_11,55a07901498e9e8ddfadc9cb,2018-05-23T01:16:00,6.0,20.7,0.0,12.7,,Overcast,Tokyo
2484368,155648,poi_12,4c555a0c728920a1d3404284,2018-05-23T01:45:00,7.7,20.4,0.0,7.7,,Partially cloudy,Tokyo
2484368,155648,poi_13,4b661945f964a5208e132be3,2018-05-23T04:53:00,-1.0,19.1,0.002,5.4,rain,"Rain, Overcast",Tokyo
2484368,155648,poi_14,4b19f837f964a520a2e623e3,2018-05-23T12:05:00,6.9,18.1,3.847,5.5,rain,"Rain, Overcast",Tokyo
2484368,155648,poi_15,53d8700b498ebf762f761962,2018-05-25T01:09:00,6.3,25.1,0.0,20.4,,Clear,Tokyo
2484368,155648,poi_16,59c74f6bf5e9d70dc12da704,2018-05-25T01:29:00,6.9,25.1,0.0,20.4,,Clear,Tokyo
2484370,155648,poi_1,4b093eeff964a520e51423e3,2018-05-26T18:47:00,6.7,16.7,0.0,5.3,,Clear,Tokyo
2484370,155648,poi_2,541fea9b498e451a8f195782,2018-05-26T19:42:00,-1.0,17.0,0.0,7.5,,Clear,Tokyo
2484370,155648,poi_3,4b64fbc9f964a520b0dd2ae3,2018-05-26T20:12:00,-1.0,17.0,0.0,7.5,,Clear,Tokyo
2484370,155648,poi_4,4b0587a6f964a5203e9e22e3,2018-05-26T20:32:00,7.9,18.1,0.0,7.5,,Partially cloudy,Tokyo
2484370,155648,poi_5,55a07901498e9e8ddfadc9cb,2018-05-26T20:44:00,6.0,18.1,0.0,7.5,,Partially cloudy,Tokyo
2484370,155648,poi_6,4b243a7df964a520356424e3,2018-05-29T01:29:00,6.5,24.8,0.0,3.9,,Partially cloudy,Tokyo
2484370,155648,poi_7,59d8a49a46e1b61072478299,2018-05-29T01:41:00,7.3,25.3,0.0,7.8,,Partially cloudy,Tokyo
2484370,155648,poi_8,4b19f837f964a520a2e623e3,2018-05-29T04:34:00,6.9,26.8,0.0,15.0,,Overcast,Tokyo
2484370,155648,poi_9,53d8700b498ebf762f761962,2018-05-29T12:18:00,6.3,22.1,0.0,20.2,,Partially cloudy,Tokyo
2484370,155648,poi_10,55a07901498e9e8ddfadc9cb,2018-05-30T22:15:00,6.0,18.9,0.0,7.5,,Partially cloudy,Tokyo
2484370,155648,poi_11,4b5ccea3f964a520044529e3,2018-05-30T22:36:00,5.9,20.8,0.0,5.5,,Overcast,Tokyo
2484370,155648,poi_12,4f260f4ac2ee05b71e0d0742,2018-05-30T22:45:00,-1.0,20.8,0.0,5.5,,Overcast,Tokyo
2484370,155648,poi_13,5903fbe3acc5f543b15dd57a,2018-05-30T23:49:00,8.0,20.5,0.0,3.8,,Partially cloudy,Tokyo
2484377,155648,poi_1,4b19f917f964a520abe623e3,2018-06-17T20:18:00,7.8,18.6,0.0,5.4,,Overcast,Tokyo
2484377,155648,poi_2,4b5b278df964a5200fe728e3,2018-06-17T20:39:00,7.2,18.8,0.0,3.8,,Partially cloudy,Tokyo
2484377,155648,poi_3,4bfe3739f61dc9b6c41ea0de,2018-06-17T22:31:00,6.8,20.1,0.0,5.5,,Overcast,Tokyo
2484377,155648,poi_4,56af1685498eb95ba790b8ee,2018-06-18T04:42:00,-1.0,19.7,0.0,5.6,,Overcast,Tokyo
2484377,155648,poi_5,53d8700b498ebf762f761962,2018-06-18T12:17:00,6.3,19.2,1.966,9.4,rain,"Rain, Overcast",Tokyo
2484377,155648,poi_6,55a07901498e9e8ddfadc9cb,2018-06-22T01:18:00,6.0,25.4,0.0,5.7,,Clear,Tokyo
2484377,155648,poi_7,4b0587a6f964a5203d9e22e3,2018-06-22T16:37:00,7.1,20.8,0.0,5.5,,Clear,Tokyo
2484377,155648,poi_8,4f0ee9dce4b023b37a478717,2018-06-22T16:52:00,7.0,20.8,0.0,5.5,,Clear,Tokyo
2484377,155648,poi_9,4c3d6d237c1ee21ee4ee8d71,2018-06-22T17:46:00,-1.0,20.8,0.0,5.5,,Partially cloudy,Tokyo
2484377,155648,poi_10,4db655f4f7b121c29f710c35,2018-06-22T20:40:00,6.7,21.1,0.0,3.8,,Overcast,Tokyo
2484377,155648,poi_11,4be6b2832468c9287c970143,2018-06-22T21:29:00,-1.0,21.1,0.0,3.8,,Overcast,Tokyo
2602797,167565,poi_1,4b504899f964a520bb1f27e3,2017-10-08T16:58:00,-1.0,17.7,0.0,3.7,,Partially cloudy,Tokyo
2602797,167565,poi_2,4b0587a6f964a5203d9e22e3,2017-10-08T17:09:00,7.1,17.7,0.0,3.7,,Partially cloudy,Tokyo
2602797,167565,poi_3,4b0e60adf964a520305723e3,2017-10-09T05:19:00,6.6,24.9,0.0,12.8,,Clear,Tokyo
2602797,167565,poi_4,4b0587a6f964a5203d9e22e3,2017-10-09T05:46:00,7.1,24.1,0.0,11.2,,Partially cloudy,Tokyo
2602797,167565,poi_5,4b504899f964a520bb1f27e3,2017-10-09T06:02:00,-1.0,24.1,0.0,11.2,,Partially cloudy,Tokyo
2602797,167565,poi_6,4b0587a6f964a5203d9e22e3,2017-10-13T13:06:00,7.1,15.1,0.0,7.6,,Overcast,Tokyo
2602797,167565,poi_7,56962f6a498ec0def40b137d,2017-10-14T11:08:00,-1.0,14.9,0.0,5.5,,Overcast,Tokyo
2602797,167565,poi_8,4b0587a6f964a5203d9e22e3,2017-10-14T11:14:00,7.1,14.9,0.0,5.5,,Overcast,Tokyo
2602797,167565,poi_9,4b504899f964a520bb1f27e3,2017-10-14T11:32:00,-1.0,14.9,0.0,3.9,,Overcast,Tokyo
2602797,167565,poi_10,4b545885f964a5202eb827e3,2017-10-20T15:10:00,6.6,15.4,0.004,7.8,rain,"Rain, Overcast",Tokyo
2602797,167565,poi_11,4b093eeff964a520e51423e3,2017-10-21T02:01:00,6.7,16.7,0.009,9.6,rain,"Rain, Overcast",Tokyo
2602797,167565,poi_12,50f3ce4ee4b0b060d5cf9406,2017-10-21T02:24:00,5.7,16.7,0.009,9.6,rain,"Rain, Overcast",Tokyo
2602799,167565,poi_1,4b595505f964a520528528e3,2017-10-25T23:43:00,5.7,16.0,0.0,5.6,,Partially cloudy,Tokyo
2602799,167565,poi_2,4bbeb16682a2ef3b45d52bd2,2017-10-25T23:51:00,-1.0,16.0,0.0,5.6,,Partially cloudy,Tokyo
2602799,167565,poi_3,4bf1002a24f020a1cca4684f,2017-10-26T00:12:00,5.6,16.0,0.0,5.6,,Partially cloudy,Tokyo
2602799,167565,poi_4,4b595505f964a520528528e3,2017-10-26T00:34:00,5.7,17.6,0.0,7.6,,Clear,Tokyo
2602799,167565,poi_5,4b504899f964a520bb1f27e3,2017-10-26T01:27:00,-1.0,17.6,0.0,7.6,,Clear,Tokyo
2602799,167565,poi_6,4b0587a6f964a5203d9e22e3,2017-10-26T15:36:00,7.1,11.4,0.0,7.5,,Clear,Tokyo
2602799,167565,poi_7,56962f6a498ec0def40b137d,2017-10-27T10:43:00,-1.0,15.9,0.0,7.6,,Clear,Tokyo
2602799,167565,poi_8,4b97b52cf964a520eb1035e3,2017-10-27T10:51:00,5.1,15.9,0.0,7.6,,Clear,Tokyo
2602799,167565,poi_9,4b0587a6f964a5203d9e22e3,2017-10-27T11:14:00,7.1,15.9,0.0,7.6,,Clear,Tokyo
2602799,167565,poi_10,4b504899f964a520bb1f27e3,2017-10-27T11:31:00,-1.0,14.6,0.0,7.6,,Partially cloudy,Tokyo
2602799,167565,poi_11,4b0587a6f964a5203d9e22e3,2017-10-27T21:06:00,7.1,13.9,0.0,5.6,,Overcast,Tokyo
2602799,167565,poi_12,500a42b2e4b0c2a4dfd0278c,2017-10-27T22:48:00,-1.0,14.6,0.0,9.4,,Clear,Tokyo
2602799,167565,poi_13,4df47c74d4c01ff6b2eff9d8,2017-10-27T23:20:00,-1.0,14.6,0.0,9.4,,Clear,Tokyo
2602799,167565,poi_14,52888e4811d2339248120465,2017-10-27T23:56:00,-1.0,14.9,0.0,12.9,,Overcast,Tokyo
2602799,167565,poi_15,4b59997ff964a520468e28e3,2017-10-28T00:15:00,-1.0,14.9,0.0,12.9,,Overcast,Tokyo
2602799,167565,poi_16,4b769c80f964a5205f542ee3,2017-10-28T00:59:00,-1.0,15.4,0.0,9.5,,Overcast,Tokyo
2602799,167565,poi_17,4b0587a6f964a5203d9e22e3,2017-10-28T05:00:00,7.1,15.9,0.0,9.4,,Overcast,Tokyo
2602799,167565,poi_18,4b504899f964a520bb1f27e3,2017-10-28T05:12:00,-1.0,15.9,0.0,9.4,,Overcast,Tokyo
2602799,167565,poi_19,4b0a405ff964a520c22223e3,2017-10-28T20:07:00,-1.0,13.6,0.017,14.8,rain,"Rain, Overcast",Tokyo
2602799,167565,poi_20,548d4429498e73a77bc70403,2017-10-28T20:17:00,-1.0,13.6,0.017,14.8,rain,"Rain, Overcast",Tokyo
2602799,167565,poi_21,4b0a405ff964a520c22223e3,2017-10-28T23:50:00,-1.0,13.7,14.946,13.0,rain,"Rain, Overcast",Tokyo
2602799,167565,poi_22,4b504899f964a520bb1f27e3,2017-10-29T00:24:00,-1.0,13.7,14.946,13.0,rain,"Rain, Overcast",Tokyo
2602799,167565,poi_23,4b2dc086f964a52012db24e3,2017-11-02T17:53:00,-1.0,12.7,4.958,7.8,rain,"Rain, Overcast",Tokyo
2602799,167565,poi_24,4b5d183af964a5205b5229e3,2017-11-02T18:04:00,8.3,12.7,4.958,7.8,rain,"Rain, Overcast",Tokyo
2602799,167565,poi_25,4b2dc086f964a52012db24e3,2017-11-02T21:32:00,-1.0,12.7,0.0,9.5,,Partially cloudy,Tokyo
2602799,167565,poi_26,4b504899f964a520bb1f27e3,2017-11-02T22:02:00,-1.0,12.7,0.0,9.5,,Partially cloudy,Tokyo
2602799,167565,poi_27,4b0587a6f964a5203d9e22e3,2017-11-03T20:56:00,7.1,15.1,0.0,3.9,,Overcast,Tokyo
2602799,167565,poi_28,4b5873c4f964a520705828e3,2017-11-03T21:02:00,6.9,15.1,0.0,3.9,,Overcast,Tokyo
2602799,167565,poi_29,4b0587a6f964a5203d9e22e3,2017-11-03T22:21:00,7.1,15.1,0.0,5.5,,Clear,Tokyo
2602799,167565,poi_30,4b504899f964a520bb1f27e3,2017-11-04T05:44:00,-1.0,19.2,0.0,3.8,,Partially cloudy,Tokyo
2602799,167565,poi_31,4b0587a6f964a5203d9e22e3,2017-11-04T20:12:00,7.1,11.3,0.0,14.4,,Clear,Tokyo
2602799,167565,poi_32,4b5873c4f964a520705828e3,2017-11-04T20:18:00,6.9,11.3,0.0,14.4,,Clear,Tokyo
2602799,167565,poi_33,4b0587a6f964a5203d9e22e3,2017-11-04T21:11:00,7.1,10.3,0.0,10.8,,Clear,Tokyo
2602799,167565,poi_34,4b093eeff964a520e51423e3,2017-11-05T01:25:00,6.7,15.6,0.0,12.9,,Clear,Tokyo
2602799,167565,poi_35,4b4ed7cef964a52039f626e3,2017-11-05T01:30:00,7.8,15.6,0.0,12.9,,Clear,Tokyo
2602799,167565,poi_36,5025ef85e4b063baa09c06df,2017-11-05T02:20:00,7.3,16.0,0.0,18.0,,Clear,Tokyo
2602799,167565,poi_37,4fa5f033e4b0c1088eba0e67,2017-11-05T02:44:00,5.5,17.1,0.0,9.5,,Clear,Tokyo
2602801,167565,poi_1,4b54ea63f964a520efd227e3,2017-11-10T14:08:00,8.3,10.8,0.0,4.0,,Clear,Tokyo
2602801,167565,poi_2,4b0587a6f964a5203d9e22e3,2017-11-10T17:02:00,7.1,17.2,0.0,18.9,,Overcast,Tokyo
2602801,167565,poi_3,4b504899f964a520bb1f27e3,2017-11-10T17:13:00,-1.0,17.2,0.0,18.9,,Overcast,Tokyo
2602801,167565,poi_4,4b0587a6f964a5203d9e22e3,2017-11-11T16:32:00,7.1,10.9,0.0,18.6,,Clear,Tokyo
2602801,167565,poi_5,4b19f917f964a520abe623e3,2017-11-11T17:06:00,7.8,10.9,0.0,18.6,,Clear,Tokyo
2602801,167565,poi_6,5976b2469fca560715ad9900,2017-11-11T17:21:00,-1.0,10.9,0.0,18.6,,Clear,Tokyo
2602801,167565,poi_7,4b52c581f964a520c28727e3,2017-11-11T19:11:00,-1.0,10.4,0.0,14.7,,Clear,Tokyo
2602801,167565,poi_8,4b4d9126f964a5202ed426e3,2017-11-11T19:24:00,-1.0,10.4,0.0,14.7,,Clear,Tokyo
2602801,167565,poi_9,4b7cc21ff964a5205fa42fe3,2017-11-11T19:36:00,-1.0,10.6,0.0,16.5,,Clear,Tokyo
2602801,167565,poi_10,4b90ca57f964a520789733e3,2017-11-11T20:21:00,-1.0,10.6,0.0,16.5,,Clear,Tokyo
2602801,167565,poi_11,4b90e2eff964a5200b9b33e3,2017-11-12T02:24:00,8.3,15.1,0.0,11.3,,Partially cloudy,Tokyo
2602801,167565,poi_12,4b53bc1af964a520aba927e3,2017-11-12T05:28:00,-1.0,14.9,0.0,5.7,,Clear,Tokyo
2602801,167565,poi_13,4b504899f964a520bb1f27e3,2017-11-12T06:12:00,-1.0,14.4,0.0,7.6,,Partially cloudy,Tokyo
2602806,167565,poi_1,4b504899f964a520bb1f27e3,2017-11-26T03:01:00,-1.0,15.2,0.0,4.7,,Partially cloudy,Tokyo
2602806,167565,poi_2,4b2dc086f964a52012db24e3,2017-12-01T11:32:00,-1.0,8.8,0.0,5.6,,Partially cloudy,Tokyo
2602806,167565,poi_3,4b47db98f964a520ce4126e3,2017-12-01T11:37:00,7.0,8.8,0.0,5.6,,Partially cloudy,Tokyo
2602806,167565,poi_4,4b5ab0ddf964a520f5d028e3,2017-12-01T11:46:00,8.5,8.8,0.0,5.6,,Partially cloudy,Tokyo
2602806,167565,poi_5,4b0b90e1f964a5204d3223e3,2017-12-01T18:53:00,5.7,6.3,0.0,9.4,,Clear,Tokyo
2602806,167565,poi_6,4b19f917f964a520abe623e3,2017-12-01T19:03:00,7.8,6.3,0.0,9.4,,Clear,Tokyo
2602806,167565,poi_7,4b9ef7f0f964a5206e0d37e3,2017-12-01T20:04:00,6.3,5.2,0.0,5.6,,Clear,Tokyo
2602806,167565,poi_8,4b46d0ebf964a520982826e3,2017-12-01T21:28:00,-1.0,4.7,0.0,5.7,,Partially cloudy,Tokyo
2602806,167565,poi_9,4b5ab0ddf964a520f5d028e3,2017-12-01T21:34:00,8.5,4.9,0.0,3.9,,Clear,Tokyo
2602806,167565,poi_10,4b47db98f964a520ce4126e3,2017-12-01T22:37:00,7.0,5.7,0.0,7.7,,Partially cloudy,Tokyo
2602806,167565,poi_11,4d5c8736ddac721ec6196ffe,2017-12-02T03:55:00,8.1,10.4,0.0,5.5,,Partially cloudy,Tokyo
2602806,167565,poi_12,4b0587a6f964a5203e9e22e3,2017-12-02T05:40:00,7.9,10.4,0.0,9.4,,Partially cloudy,Tokyo
2602806,167565,poi_13,4b54ea63f964a520efd227e3,2017-12-08T15:23:00,8.3,3.7,0.0,7.7,,Clear,Tokyo
2602806,167565,poi_14,4b59997ff964a520468e28e3,2017-12-08T17:37:00,-1.0,4.3,0.035,9.5,rain,Rain,Tokyo
2602806,167565,poi_15,4b0587a6f964a5203d9e22e3,2017-12-08T18:49:00,7.1,4.0,0.0,14.4,,Clear,Tokyo
2602806,167565,poi_16,4b243a7df964a520356424e3,2017-12-08T18:57:00,6.5,4.0,0.0,14.4,,Clear,Tokyo
2602806,167565,poi_17,4b63a351f964a520e8882ae3,2017-12-08T21:25:00,-1.0,1.7,0.0,5.5,,Clear,Tokyo
2602806,167565,poi_18,4b243a7df964a520356424e3,2017-12-09T01:53:00,6.5,8.4,0.0,9.4,,Clear,Tokyo
2602814,167565,poi_1,4b504899f964a520bb1f27e3,2017-12-30T22:47:00,-1.0,3.8,0.0,7.6,,Overcast,Tokyo
2602814,167565,poi_2,4b19f917f964a520abe623e3,2017-12-31T08:25:00,7.8,4.7,0.0,7.6,,Partially cloudy,Tokyo
2602814,167565,poi_3,4b9baed6f964a520cf1936e3,2017-12-31T08:30:00,-1.0,4.7,0.0,7.6,,Partially cloudy,Tokyo
2602814,167565,poi_4,4b52966cf964a520328327e3,2017-12-31T11:05:00,9.2,2.9,0.0,5.4,,Partially cloudy,Tokyo
2602814,167565,poi_5,4b19f917f964a520abe623e3,2017-12-31T13:32:00,7.8,2.7,0.0,5.4,,Partially cloudy,Tokyo
2602814,167565,poi_6,4b504899f964a520bb1f27e3,2017-12-31T14:00:00,-1.0,2.7,0.0,5.4,,Partially cloudy,Tokyo
2602814,167565,poi_7,4b443147f964a5208bf225e3,2018-01-05T00:30:00,-1.0,3.5,0.0,5.5,,Partially cloudy,Tokyo
2602814,167565,poi_8,4b504899f964a520bb1f27e3,2018-01-05T04:16:00,-1.0,5.6,0.0,5.4,,Overcast,Tokyo
2602814,167565,poi_9,4b0587a6f964a5203d9e22e3,2018-01-05T15:09:00,7.1,0.9,0.0,3.7,,Clear,Tokyo
2602814,167565,poi_10,4b55d735f964a52055f227e3,2018-01-05T15:20:00,8.1,0.9,0.0,3.7,,Clear,Tokyo
2602814,167565,poi_11,4b54ea63f964a520efd227e3,2018-01-05T18:25:00,8.3,0.2,0.0,5.5,,Clear,Tokyo
2602814,167565,poi_12,4b2692f9f964a520be7d24e3,2018-01-05T21:14:00,-1.0,-1.3,0.0,3.7,,Clear,Tokyo
2602814,167565,poi_13,4b4dc6bff964a5207ad726e3,2018-01-05T21:35:00,-1.0,-1.1,0.0,5.5,,Clear,Tokyo
2602814,167565,poi_14,4cd623fda5b34688c9709250,2018-01-05T22:30:00,6.2,-1.1,0.0,5.5,,Clear,Tokyo
2602814,167565,poi_15,4b4dc6bff964a5207ad726e3,2018-01-06T01:38:00,-1.0,8.1,0.0,9.3,,Clear,Tokyo
2602814,167565,poi_16,4b504899f964a520bb1f27e3,2018-01-06T02:14:00,-1.0,8.1,0.0,9.3,,Clear,Tokyo
2602814,167565,poi_17,4b0587a6f964a5203d9e22e3,2018-01-06T15:32:00,7.1,4.8,0.0,13.2,,Clear,Tokyo
2602814,167565,poi_18,4b504899f964a520bb1f27e3,2018-01-07T11:44:00,-1.0,6.4,0.0,10.9,,Partially cloudy,Tokyo
2602814,167565,poi_19,4b19f917f964a520abe623e3,2018-01-07T19:31:00,7.8,4.1,0.0,5.5,,Clear,Tokyo
2602814,167565,poi_20,4b0587a6f964a5203e9e22e3,2018-01-08T04:55:00,7.9,6.2,0.0,5.6,,Partially cloudy,Tokyo
2602814,167565,poi_21,4b504899f964a520bb1f27e3,2018-01-08T05:39:00,-1.0,7.9,0.002,9.3,rain,"Rain, Overcast",Tokyo
2602814,167565,poi_22,4ba5f0c7f964a520632a39e3,2018-01-08T05:43:00,5.6,7.9,0.002,9.3,rain,"Rain, Overcast",Tokyo
2602820,167565,poi_1,4b504899f964a520bb1f27e3,2018-02-10T19:33:00,-1.0,5.6,0.0,7.4,,Partially cloudy,Tokyo
2602820,167565,poi_2,4b0587a6f964a5203d9e22e3,2018-02-10T23:13:00,7.1,8.1,0.0,10.9,,Clear,Tokyo
2602820,167565,poi_3,4b504899f964a520bb1f27e3,2018-02-11T01:16:00,-1.0,11.0,0.0,10.8,,Partially cloudy,Tokyo
2602820,167565,poi_4,4b19f917f964a520abe623e3,2018-02-16T21:07:00,7.8,5.0,0.0,3.8,,Partially cloudy,Tokyo
2602820,167565,poi_5,4f24be57e4b0008742b8de92,2018-02-16T22:17:00,-1.0,3.6,0.0,3.6,,Clear,Tokyo
2602820,167565,poi_6,4b19f917f964a520abe623e3,2018-02-16T22:43:00,7.8,5.6,0.0,5.3,,Clear,Tokyo
2602820,167565,poi_7,4b0e60adf964a520305723e3,2018-02-17T03:09:00,6.6,10.6,0.0,5.6,,Partially cloudy,Tokyo
2602820,167565,poi_8,4b0587a6f964a5203d9e22e3,2018-02-17T03:31:00,7.1,10.4,0.0,4.0,,Clear,Tokyo
2602820,167565,poi_9,4b504899f964a520bb1f27e3,2018-02-17T03:44:00,-1.0,10.4,0.0,4.0,,Clear,Tokyo
2602820,167565,poi_10,4b19f917f964a520abe623e3,2018-02-24T18:41:00,7.8,3.2,0.0,3.9,,Clear,Tokyo
2602820,167565,poi_11,4bcd872fcc8cd13af2a4c2cf,2018-02-24T19:52:00,6.8,4.3,0.0,5.5,,Clear,Tokyo
2602820,167565,poi_12,4b19f917f964a520abe623e3,2018-02-24T21:43:00,7.8,4.3,0.0,11.1,,Overcast,Tokyo
2602820,167565,poi_13,4b19f7c2f964a5209de623e3,2018-02-24T21:49:00,5.8,4.3,0.0,11.1,,Overcast,Tokyo
2602820,167565,poi_14,4b5c05e8f964a520842129e3,2018-02-24T22:56:00,7.8,5.3,0.0,5.5,,Clear,Tokyo
2602820,167565,poi_15,4b19f7c2f964a5209de623e3,2018-02-25T02:40:00,5.8,7.1,0.0,5.6,,Partially cloudy,Tokyo
2602820,167565,poi_16,4b0587a6f964a5203d9e22e3,2018-02-25T03:05:00,7.1,7.1,0.0,5.6,,Partially cloudy,Tokyo
2602820,167565,poi_17,503633a5e4b0088cc62dcee0,2018-02-25T03:48:00,6.0,7.3,0.0,7.7,,Partially cloudy,Tokyo
2602820,167565,poi_18,4b0587a6f964a5203d9e22e3,2018-02-25T05:00:00,7.1,7.5,0.0,11.1,,Partially cloudy,Tokyo
2602820,167565,poi_19,4b504899f964a520bb1f27e3,2018-02-25T05:12:00,-1.0,7.5,0.0,11.1,,Partially cloudy,Tokyo
2602824,167565,poi_1,4b600990f964a520e3d329e3,2018-03-24T00:11:00,6.1,11.3,0.0,5.5,,Partially cloudy,Tokyo
2602824,167565,poi_2,4d5a6eed35966dcb7a9f6028,2018-03-24T00:42:00,-1.0,12.2,0.0,3.8,,Partially cloudy,Tokyo
2602824,167565,poi_3,4b600990f964a520e3d329e3,2018-03-24T03:35:00,6.1,16.1,0.0,12.9,,Partially cloudy,Tokyo
2602824,167565,poi_4,4b504899f964a520bb1f27e3,2018-03-24T04:06:00,-1.0,16.1,0.0,12.9,,Partially cloudy,Tokyo
2602824,167565,poi_5,4b0587a6f964a5203d9e22e3,2018-03-24T15:48:00,7.1,10.3,0.0,7.7,,Clear,Tokyo
2602824,167565,poi_6,4b5873c4f964a520705828e3,2018-03-24T16:00:00,6.9,10.3,0.0,7.7,,Clear,Tokyo
2602824,167565,poi_7,4b0e60adf964a520305723e3,2018-03-24T23:52:00,6.6,13.3,0.0,7.5,,Clear,Tokyo
2602824,167565,poi_8,59570b96b37e2b6d59aa3637,2018-03-25T00:15:00,-1.0,13.3,0.0,7.5,,Clear,Tokyo
2602824,167565,poi_9,4b0e60adf964a520305723e3,2018-03-25T00:41:00,6.6,15.1,0.0,7.7,,Clear,Tokyo
2602824,167565,poi_10,4b0587a6f964a5203d9e22e3,2018-03-25T01:00:00,7.1,15.1,0.0,7.7,,Clear,Tokyo
2602824,167565,poi_11,4b39cbf8f964a520045f25e3,2018-03-25T01:05:00,6.6,15.1,0.0,7.7,,Clear,Tokyo
2602830,167565,poi_1,4b0587a6f964a5203d9e22e3,2018-04-12T22:30:00,7.1,13.3,0.0,15.1,,Clear,Tokyo
2602830,167565,poi_2,4b19f917f964a520abe623e3,2018-04-12T22:45:00,7.8,15.6,0.0,13.6,,Clear,Tokyo
2602830,167565,poi_3,4eb4dd2df5b94bd85b93733f,2018-04-13T01:05:00,8.3,17.1,0.0,20.9,,Clear,Tokyo
2602830,167565,poi_4,4b19f917f964a520abe623e3,2018-04-13T02:45:00,7.8,19.1,0.0,15.1,,Clear,Tokyo
2602830,167565,poi_5,4b504899f964a520bb1f27e3,2018-04-13T03:45:00,-1.0,19.4,0.0,9.7,,Clear,Tokyo
2602830,167565,poi_6,4b0587a6f964a5203d9e22e3,2018-04-13T15:25:00,7.1,13.1,0.0,14.3,,Clear,Tokyo
2602830,167565,poi_7,56962f6a498ec0def40b137d,2018-04-14T11:13:00,-1.0,16.4,0.0,18.6,,Overcast,Tokyo
2602830,167565,poi_8,4b0587a6f964a5203d9e22e3,2018-04-14T11:26:00,7.1,16.4,0.0,18.6,,Overcast,Tokyo
2602830,167565,poi_9,4b504899f964a520bb1f27e3,2018-04-14T11:44:00,-1.0,16.7,0.007,18.4,rain,"Rain, Overcast",Tokyo
2602830,167565,poi_10,4b0587a6f964a5203d9e22e3,2018-04-14T21:10:00,7.1,18.1,0.002,31.7,rain,"Rain, Overcast",Tokyo
2602830,167565,poi_11,4b17b2e4f964a52040c723e3,2018-04-15T02:14:00,6.0,21.8,0.0,17.4,,Partially cloudy,Tokyo
2602833,167565,poi_1,4b504899f964a520bb1f27e3,2018-06-02T00:18:00,-1.0,21.9,0.0,3.7,,Partially cloudy,Tokyo
2602833,167565,poi_2,4b0587a6f964a5203d9e22e3,2018-06-02T00:29:00,7.1,21.9,0.0,3.7,,Partially cloudy,Tokyo
2602833,167565,poi_3,53a01eb7498e9480b6fcf1ba,2018-06-02T01:22:00,-1.0,24.8,0.0,5.5,,Partially cloudy,Tokyo
2602833,167565,poi_4,4b0587a6f964a5203d9e22e3,2018-06-02T03:55:00,7.1,26.8,0.0,11.2,,Partially cloudy,Tokyo
2602833,167565,poi_5,4b504899f964a520bb1f27e3,2018-06-02T04:06:00,-1.0,26.8,0.0,11.2,,Partially cloudy,Tokyo
2602833,167565,poi_6,4b0587a6f964a5203e9e22e3,2018-06-08T04:37:00,7.9,27.5,0.0,24.1,,Clear,Tokyo
2602833,167565,poi_7,4b7e73c3f964a5209ced2fe3,2018-06-08T04:52:00,-1.0,27.5,0.0,24.1,,Clear,Tokyo
2602833,167565,poi_8,4b0e60adf964a520305723e3,2018-06-09T05:20:00,6.6,29.7,0.0,11.0,,Clear,Tokyo
2602833,167565,poi_9,4b0587a6f964a5203d9e22e3,2018-06-09T05:43:00,7.1,29.2,0.0,9.6,,Partially cloudy,Tokyo
2602833,167565,poi_10,4b504899f964a520bb1f27e3,2018-06-09T05:56:00,-1.0,29.2,0.0,9.6,,Partially cloudy,Tokyo
2602833,167565,poi_11,4b0587a6f964a5203d9e22e3,2018-06-09T15:54:00,7.1,21.5,0.0,16.6,,Partially cloudy,Tokyo
2602833,167565,poi_12,4b19f917f964a520abe623e3,2018-06-09T16:56:00,7.8,21.1,0.002,18.3,rain,"Rain, Partially cloudy",Tokyo
2602833,167565,poi_13,4f24be57e4b0008742b8de92,2018-06-09T19:30:00,-1.0,20.8,0.0,16.5,,Partially cloudy,Tokyo
2602833,167565,poi_14,4eb4dd2df5b94bd85b93733f,2018-06-09T23:03:00,8.3,20.8,0.004,14.7,rain,"Rain, Overcast",Tokyo
2602833,167565,poi_15,4b19f917f964a520abe623e3,2018-06-10T01:16:00,7.8,20.2,0.0,9.6,,Overcast,Tokyo
2602833,167565,poi_16,4b0587a6f964a5203d9e22e3,2018-06-10T01:36:00,7.1,20.2,0.002,11.3,rain,"Rain, Overcast",Tokyo
2602833,167565,poi_17,4fe9899de4b0faf491b4fd08,2018-06-10T03:22:00,5.3,19.7,0.0,7.9,,Overcast,Tokyo
2602833,167565,poi_18,4b0587a6f964a5203d9e22e3,2018-06-10T11:15:00,7.1,19.3,0.002,4.0,rain,"Rain, Overcast",Tokyo
2602833,167565,poi_19,4b504899f964a520bb1f27e3,2018-06-10T11:31:00,-1.0,19.3,18.524,5.7,rain,"Rain, Overcast",Tokyo
2602833,167565,poi_20,4b46d0ebf964a520982826e3,2018-06-13T20:11:00,-1.0,19.3,0.0,5.5,,Overcast,Tokyo
2602833,167565,poi_21,4b5ab0ddf964a520f5d028e3,2018-06-13T20:19:00,8.5,19.3,0.0,5.5,,Overcast,Tokyo
2602833,167565,poi_22,57877dec498e1178caeefbdc,2018-06-14T03:42:00,7.4,24.1,0.0,13.1,,Partially cloudy,Tokyo
2602833,167565,poi_23,4b59871cf964a5203e8b28e3,2018-06-14T04:16:00,-1.0,24.1,0.0,13.1,,Partially cloudy,Tokyo
2602833,167565,poi_24,4b504899f964a520bb1f27e3,2018-06-14T04:50:00,-1.0,22.8,0.0,14.8,,Partially cloudy,Tokyo
2602833,167565,poi_25,4b46d0ebf964a520982826e3,2018-06-14T22:41:00,-1.0,18.7,0.0,9.5,,Overcast,Tokyo
2602833,167565,poi_26,4b5ab0ddf964a520f5d028e3,2018-06-15T00:20:00,8.5,19.4,0.0,14.6,,Overcast,Tokyo
2602833,167565,poi_27,4b46d0ebf964a520982826e3,2018-06-15T03:15:00,-1.0,16.9,0.0,11.3,,Overcast,Tokyo
2602833,167565,poi_28,4b504899f964a520bb1f27e3,2018-06-15T03:47:00,-1.0,16.4,0.0,9.7,,Overcast,Tokyo
2602834,167565,poi_1,4cd4d2954ebba090be2ea9d6,2018-06-15T23:21:00,-1.0,14.9,0.0,12.9,,Overcast,Tokyo
2602834,167565,poi_2,4d7383efd145a1cd64efc3f3,2018-06-15T23:25:00,-1.0,14.9,0.0,12.9,,Overcast,Tokyo
2602834,167565,poi_3,4b19f917f964a520abe623e3,2018-06-16T02:43:00,7.8,17.5,0.0,12.9,,Partially cloudy,Tokyo
2602834,167565,poi_4,58c7ae4e76f2ca62bbb818ab,2018-06-16T02:52:00,-1.0,17.5,0.0,12.9,,Partially cloudy,Tokyo
2602834,167565,poi_5,4b0587a6f964a5203d9e22e3,2018-06-16T05:59:00,7.1,17.2,0.0,9.5,,Overcast,Tokyo
2602834,167565,poi_6,4b504899f964a520bb1f27e3,2018-06-16T06:11:00,-1.0,17.2,0.0,9.5,,Overcast,Tokyo
2602834,167565,poi_7,4b0587a6f964a5203d9e22e3,2018-06-22T16:49:00,7.1,20.8,0.0,5.5,,Clear,Tokyo
2602834,167565,poi_8,4b243a7df964a520356424e3,2018-06-23T00:08:00,6.5,21.9,0.0,7.4,,Overcast,Tokyo
2602834,167565,poi_9,4b19f962f964a520afe623e3,2018-06-23T00:34:00,5.2,22.2,0.0,3.7,,Partially cloudy,Tokyo
2602834,167565,poi_10,5773bd23498e86f29d02a7ef,2018-06-23T01:04:00,-1.0,22.2,0.0,3.7,,Partially cloudy,Tokyo
2602834,167565,poi_11,4b19f962f964a520afe623e3,2018-06-23T03:35:00,5.2,22.3,0.0,7.7,,Overcast,Tokyo
2602834,167565,poi_12,4b0587a6f964a5203d9e22e3,2018-06-23T03:51:00,7.1,22.3,0.0,7.7,,Overcast,Tokyo
2602834,167565,poi_13,4b504899f964a520bb1f27e3,2018-06-23T04:06:00,-1.0,22.3,0.0,7.7,,Overcast,Tokyo
2602834,167565,poi_14,4b0587a6f964a5203d9e22e3,2018-06-23T20:57:00,7.1,19.2,0.012,7.5,rain,"Rain, Overcast",Tokyo
2602834,167565,poi_15,4b5873c4f964a520705828e3,2018-06-23T21:03:00,6.9,19.2,0.012,7.5,rain,"Rain, Overcast",Tokyo
2602834,167565,poi_16,4b504899f964a520bb1f27e3,2018-06-24T03:37:00,-1.0,24.7,0.0,5.6,,Partially cloudy,Tokyo
2602834,167565,poi_17,4b0587a6f964a5203d9e22e3,2018-06-29T18:06:00,7.1,25.5,0.0,18.3,,Partially cloudy,Tokyo
2602834,167565,poi_18,4b19f917f964a520abe623e3,2018-06-29T21:18:00,7.8,26.1,0.0,22.2,,Partially cloudy,Tokyo
2602834,167565,poi_19,4b4327e6f964a5209fdc25e3,2018-06-29T22:28:00,5.9,28.0,0.0,18.4,,Clear,Tokyo
2602834,167565,poi_20,51a03fff498e1831fce610ee,2018-06-29T23:10:00,-1.0,29.6,0.0,16.7,,Clear,Tokyo
2602834,167565,poi_21,4b4327e6f964a5209fdc25e3,2018-06-30T01:16:00,5.9,31.3,0.0,27.5,,Clear,Tokyo
2602834,167565,poi_22,4b0587a6f964a5203d9e22e3,2018-06-30T01:43:00,7.1,31.8,0.0,22.5,,Clear,Tokyo
2602834,167565,poi_23,4b504899f964a520bb1f27e3,2018-06-30T03:00:00,-1.0,31.8,0.0,22.4,,Partially cloudy,Tokyo
2602834,167565,poi_24,4b0587a6f964a5203d9e22e3,2018-06-30T11:49:00,7.1,27.5,0.0,18.3,,Partially cloudy,Tokyo
2602835,167565,poi_1,4b0587a6f964a5203d9e22e3,2018-07-01T05:35:00,7.1,30.8,0.0,22.4,,Clear,Tokyo
2602835,167565,poi_2,4b504899f964a520bb1f27e3,2018-07-01T05:56:00,-1.0,30.8,0.0,22.4,,Clear,Tokyo
2602835,167565,poi_3,4b0587a6f964a5203d9e22e3,2018-07-06T14:57:00,7.1,19.4,0.003,7.6,rain,"Rain, Overcast",Tokyo
2602835,167565,poi_4,4b52c581f964a520c28727e3,2018-07-06T19:51:00,-1.0,20.7,0.0,3.7,,Overcast,Tokyo
2602835,167565,poi_5,4b626afcf964a520d2462ae3,2018-07-06T20:01:00,-1.0,20.7,0.0,3.7,,Overcast,Tokyo
2602835,167565,poi_6,4b584b0cf964a520605128e3,2018-07-06T20:17:00,7.8,20.7,0.0,3.7,,Overcast,Tokyo
2602835,167565,poi_7,4b19f917f964a520abe623e3,2018-07-06T21:35:00,7.8,23.9,0.0,9.5,,Partially cloudy,Tokyo
2602835,167565,poi_8,4b0587a6f964a5203d9e22e3,2018-07-06T22:00:00,7.1,23.9,0.0,9.5,,Partially cloudy,Tokyo
2602835,167565,poi_9,4b504899f964a520bb1f27e3,2018-07-06T23:53:00,-1.0,26.8,0.0,15.0,,Partially cloudy,Tokyo
2602835,167565,poi_10,4b0587a6f964a5203d9e22e3,2018-07-07T16:32:00,7.1,24.5,0.0,14.7,,Clear,Tokyo
2602835,167565,poi_11,4e16e392aeb7e76b4f21b9bb,2018-07-07T20:45:00,6.9,25.3,0.0,11.1,,Partially cloudy,Tokyo
2602835,167565,poi_12,579b038f498ecfc17e1e56af,2018-07-07T22:44:00,-1.0,26.9,0.0,14.7,,Clear,Tokyo
2602835,167565,poi_13,4c00a5419cf52d7f422e14e7,2018-07-08T02:16:00,5.7,30.1,0.0,18.5,,Partially cloudy,Tokyo
2602835,167565,poi_14,4b19f917f964a520abe623e3,2018-07-08T02:45:00,7.8,30.1,0.0,18.4,,Partially cloudy,Tokyo
2602835,167565,poi_15,4dc3c87bd22dafda2f79dbc8,2018-07-08T03:00:00,6.7,30.1,0.0,18.4,,Partially cloudy,Tokyo
2602835,167565,poi_16,4b19f917f964a520abe623e3,2018-07-08T05:54:00,7.8,29.7,0.0,14.9,,Partially cloudy,Tokyo
2602835,167565,poi_17,4b0587a6f964a5203d9e22e3,2018-07-08T06:14:00,7.1,29.7,0.0,14.9,,Partially cloudy,Tokyo
2602835,167565,poi_18,4b504899f964a520bb1f27e3,2018-07-08T06:27:00,-1.0,29.7,0.0,14.9,,Partially cloudy,Tokyo
2602835,167565,poi_19,4b0587a6f964a5203d9e22e3,2018-07-08T16:57:00,7.1,25.8,0.0,5.3,,Clear,Tokyo
2602835,167565,poi_20,4b570dbff964a5208e2428e3,2018-07-08T17:27:00,-1.0,25.8,0.0,5.3,,Clear,Tokyo
2602835,167565,poi_21,5539f9c9498e4704470acd55,2018-07-08T17:34:00,7.7,25.2,0.0,7.4,,Partially cloudy,Tokyo
2602835,167565,poi_22,4c3bb6ee5a10b713b34fa34d,2018-07-08T18:53:00,5.2,24.7,0.0,3.6,,Clear,Tokyo
2602835,167565,poi_23,4b557772f964a52013e527e3,2018-07-09T05:44:00,6.1,29.7,0.014,16.8,rain,"Rain, Partially cloudy",Tokyo
2602835,167565,poi_24,4b504899f964a520bb1f27e3,2018-07-09T06:18:00,-1.0,29.7,0.014,16.8,rain,"Rain, Partially cloudy",Tokyo
2602835,167565,poi_25,4b0587a6f964a5203d9e22e3,2018-07-15T05:55:00,7.1,33.5,0.0,16.8,,Clear,Tokyo
2602835,167565,poi_26,56962f6a498ec0def40b137d,2018-07-15T06:04:00,-1.0,33.5,0.0,16.8,,Clear,Tokyo
2602849,167565,poi_1,4b504899f964a520bb1f27e3,2018-09-22T04:37:00,-1.0,24.9,0.0,7.5,,Partially cloudy,Tokyo
2602849,167565,poi_2,4b0587a6f964a5203e9e22e3,2018-09-22T19:00:00,7.9,22.2,0.0,6.0,,Partially cloudy,Tokyo
2602849,167565,poi_3,4b19f917f964a520abe623e3,2018-09-23T01:28:00,7.8,26.0,0.0,6.1,,Partially cloudy,Tokyo
2602849,167565,poi_4,4bf135213a15d13a46453f9f,2018-09-23T03:11:00,6.0,28.2,0.0,7.9,,Partially cloudy,Tokyo
2602849,167565,poi_5,4b19f917f964a520abe623e3,2018-09-23T05:08:00,7.8,27.0,0.0,11.0,,Partially cloudy,Tokyo
2602849,167565,poi_6,4b0587a6f964a5203d9e22e3,2018-09-23T05:31:00,7.1,27.3,0.0,13.4,,Partially cloudy,Tokyo
2602849,167565,poi_7,4b504899f964a520bb1f27e3,2018-09-23T05:44:00,-1.0,27.3,0.0,13.4,,Partially cloudy,Tokyo
2602849,167565,poi_8,4b595505f964a520528528e3,2018-09-23T14:48:00,5.7,23.0,0.0,5.4,,Partially cloudy,Tokyo
2602849,167565,poi_9,4b7544c3f964a520a8032ee3,2018-09-23T14:57:00,8.1,23.0,0.0,5.4,,Partially cloudy,Tokyo
2602849,167565,poi_10,4b6f7f7bf964a52007f32ce3,2018-09-23T17:33:00,6.1,22.7,0.0,4.3,,Partially cloudy,Tokyo
2602849,167565,poi_11,4b0587a7f964a5206e9e22e3,2018-09-23T19:13:00,8.2,22.7,0.0,7.9,,Partially cloudy,Tokyo
2602849,167565,poi_12,4b7544c3f964a520a8032ee3,2018-09-23T21:45:00,8.1,21.8,0.0,7.9,,Partially cloudy,Tokyo
2602849,167565,poi_13,5765345e498e1f0ba7525699,2018-09-24T03:30:00,-1.0,26.6,0.0,7.8,,Partially cloudy,Tokyo
2602849,167565,poi_14,4b595505f964a520528528e3,2018-09-24T04:45:00,5.7,27.8,0.0,5.4,,Partially cloudy,Tokyo
2602849,167565,poi_15,4b504899f964a520bb1f27e3,2018-09-24T05:12:00,-1.0,27.8,0.0,5.4,,Partially cloudy,Tokyo
403686,19784,poi_1,4b558306f964a5201be627e3,2017-11-02T22:38:00,-1.0,15.3,0.002,9.5,rain,"Rain, Partially cloudy",Tokyo
403686,19784,poi_2,4b243a7df964a520356424e3,2017-11-04T19:01:00,6.5,11.6,0.0,16.3,,Clear,Tokyo
403686,19784,poi_3,4b558306f964a5201be627e3,2017-11-09T18:45:00,-1.0,10.2,0.0,9.5,,Partially cloudy,Tokyo
403686,19784,poi_4,4c88dd1c7223b1f7e2c52ea8,2017-11-09T19:12:00,-1.0,10.2,0.0,9.5,,Partially cloudy,Tokyo
403686,19784,poi_5,4b243a7df964a520356424e3,2017-11-10T20:23:00,6.5,17.7,0.0,18.8,,Partially cloudy,Tokyo
403686,19784,poi_6,4b5a905df964a52084cb28e3,2017-11-10T20:32:00,-1.0,16.9,0.0,13.5,,Partially cloudy,Tokyo
403686,19784,poi_7,534f7554498e969c4304ebd6,2017-11-10T20:43:00,-1.0,16.9,0.0,13.5,,Partially cloudy,Tokyo
403686,19784,poi_8,4b6d2221f964a52044682ce3,2017-11-10T21:34:00,7.1,18.8,0.0,18.7,,Partially cloudy,Tokyo
403686,19784,poi_9,4b243a7df964a520356424e3,2017-11-11T18:41:00,6.5,10.4,0.0,14.7,,Clear,Tokyo
403686,19784,poi_10,4b62f53df964a520c35a2ae3,2017-11-11T18:51:00,7.0,10.4,0.0,14.7,,Clear,Tokyo
403686,19784,poi_11,4b766665f964a520074b2ee3,2017-11-11T19:12:00,-1.0,10.4,0.0,14.7,,Clear,Tokyo
403691,19784,poi_1,4b558306f964a5201be627e3,2017-11-30T18:46:00,-1.0,7.7,0.0,9.4,,Overcast,Tokyo
403691,19784,poi_2,4b243a7df964a520356424e3,2017-12-02T17:31:00,6.5,6.1,0.0,7.6,,Partially cloudy,Tokyo
403691,19784,poi_3,4b19f837f964a520a2e623e3,2017-12-02T17:51:00,6.9,6.1,0.0,7.6,,Partially cloudy,Tokyo
403691,19784,poi_4,4b19f917f964a520abe623e3,2017-12-02T18:15:00,7.8,6.1,0.0,7.6,,Partially cloudy,Tokyo
403691,19784,poi_5,4b4bee5ff964a5207cab26e3,2017-12-02T18:26:00,5.7,6.1,0.0,7.6,,Partially cloudy,Tokyo
403691,19784,poi_6,4b7e431af964a520a7e72fe3,2017-12-02T19:11:00,8.2,5.8,0.0,9.3,,Partially cloudy,Tokyo
403691,19784,poi_7,4b0587a6f964a5203e9e22e3,2017-12-02T21:00:00,7.9,5.5,0.0,7.6,,Partially cloudy,Tokyo
403691,19784,poi_8,4b19f837f964a520a2e623e3,2017-12-02T22:46:00,6.9,6.3,0.0,7.6,,Clear,Tokyo
403691,19784,poi_9,4b243a7df964a520356424e3,2017-12-02T23:43:00,6.5,8.1,0.0,9.3,,Partially cloudy,Tokyo
403691,19784,poi_10,4b093eeff964a520e51423e3,2017-12-06T23:10:00,6.7,4.4,0.0,7.6,,Clear,Tokyo
403691,19784,poi_11,4b558306f964a5201be627e3,2017-12-07T18:47:00,-1.0,4.2,0.0,9.2,,Clear,Tokyo
403691,19784,poi_12,4b243a7df964a520356424e3,2017-12-07T19:05:00,6.5,4.2,0.0,9.2,,Clear,Tokyo
403691,19784,poi_13,58084cf038fa47c09f12bc30,2017-12-07T19:29:00,-1.0,4.2,0.0,9.2,,Clear,Tokyo
403691,19784,poi_14,4b2697a6f964a520037e24e3,2017-12-08T01:52:00,5.9,7.8,0.0,3.6,,Clear,Tokyo
403691,19784,poi_15,4ba24245f964a520b2e737e3,2017-12-08T01:56:00,7.2,7.8,0.0,3.6,,Clear,Tokyo
403691,19784,poi_16,4b95d823f964a52057b534e3,2017-12-08T02:41:00,6.1,8.8,0.0,1.9,,Overcast,Tokyo
403692,19784,poi_1,5845462e9465dd4262921aea,2017-12-11T18:58:00,6.0,5.4,0.0,17.0,,Clear,Tokyo
403692,19784,poi_2,4b558306f964a5201be627e3,2017-12-11T23:02:00,-1.0,5.4,0.0,15.0,,Clear,Tokyo
403692,19784,poi_3,4b558306f964a5201be627e3,2017-12-14T18:46:00,-1.0,4.0,0.0,9.3,,Clear,Tokyo
403692,19784,poi_4,4b243a7df964a520356424e3,2017-12-14T18:57:00,6.5,4.0,0.0,9.3,,Clear,Tokyo
403692,19784,poi_5,4b7f74d5f964a5208f2f30e3,2017-12-14T19:28:00,7.1,4.0,0.0,9.3,,Clear,Tokyo
403692,19784,poi_6,4b79d086f964a520de132fe3,2017-12-14T19:39:00,-1.0,3.2,0.0,7.6,,Clear,Tokyo
403692,19784,poi_7,4b243a7df964a520356424e3,2017-12-17T15:55:00,6.5,2.9,0.0,9.4,,Clear,Tokyo
403692,19784,poi_8,4b19f837f964a520a2e623e3,2017-12-17T20:33:00,6.9,0.7,0.0,5.4,,Clear,Tokyo
403692,19784,poi_9,4b243a7df964a520356424e3,2017-12-17T21:32:00,6.5,0.6,0.0,9.2,,Clear,Tokyo
403692,19784,poi_10,4b79d086f964a520de132fe3,2017-12-17T21:36:00,-1.0,0.6,0.0,9.2,,Clear,Tokyo
403692,19784,poi_11,4b243a7df964a520356424e3,2017-12-18T15:54:00,6.5,3.1,0.0,7.7,,Clear,Tokyo
403692,19784,poi_12,4b0587a6f964a5203d9e22e3,2017-12-18T16:04:00,7.1,3.1,0.0,7.7,,Clear,Tokyo
403692,19784,poi_13,4b22504cf964a520704524e3,2017-12-18T17:18:00,5.6,0.7,0.0,3.7,,Clear,Tokyo
403692,19784,poi_14,4b0e60adf964a520305723e3,2017-12-18T17:53:00,6.6,0.7,0.0,3.7,,Clear,Tokyo
403692,19784,poi_15,4b19f837f964a520a2e623e3,2017-12-18T18:36:00,6.9,1.1,0.0,3.7,,Clear,Tokyo
403692,19784,poi_16,4bf20460189f0f4708fab762,2017-12-18T18:42:00,5.4,1.1,0.0,3.7,,Clear,Tokyo
403692,19784,poi_17,4ec77d46722e14379655acca,2017-12-18T18:57:00,-1.0,1.1,0.0,3.7,,Clear,Tokyo
403692,19784,poi_18,4b243a7df964a520356424e3,2017-12-18T19:20:00,6.5,1.1,0.0,3.7,,Clear,Tokyo
403692,19784,poi_19,4b79d086f964a520de132fe3,2017-12-18T19:22:00,-1.0,1.1,0.0,3.7,,Clear,Tokyo
403694,19784,poi_1,4b243a7df964a520356424e3,2017-12-21T01:09:00,6.5,5.4,0.0,7.7,,Clear,Tokyo
403694,19784,poi_2,4b62f53df964a520c35a2ae3,2017-12-21T01:17:00,7.0,5.4,0.0,7.7,,Clear,Tokyo
403694,19784,poi_3,4b79d086f964a520de132fe3,2017-12-21T01:47:00,-1.0,8.0,0.0,9.5,,Partially cloudy,Tokyo
403694,19784,poi_4,4e5e3644814d9e0233e0151e,2017-12-26T16:04:00,6.9,3.7,0.0,5.7,,Clear,Tokyo
403694,19784,poi_5,4b80c50ff964a520218b30e3,2017-12-26T17:27:00,6.6,2.7,0.0,5.6,,Clear,Tokyo
403694,19784,poi_6,4b79d086f964a520de132fe3,2017-12-26T18:01:00,-1.0,3.5,0.0,7.6,,Clear,Tokyo
403694,19784,poi_7,4b243a7df964a520356424e3,2017-12-27T19:41:00,6.5,1.6,0.0,12.6,,Clear,Tokyo
403694,19784,poi_8,4b678b3bf964a52090542be3,2017-12-27T19:47:00,6.4,1.6,0.0,12.6,,Clear,Tokyo
403694,19784,poi_9,4b0587a6f964a5203e9e22e3,2017-12-27T20:09:00,7.9,1.6,0.0,12.6,,Clear,Tokyo
403694,19784,poi_10,4b243a7df964a520356424e3,2017-12-27T21:24:00,6.5,2.1,0.0,11.1,,Clear,Tokyo
403694,19784,poi_11,4b79d086f964a520de132fe3,2017-12-27T21:30:00,-1.0,2.1,0.0,11.1,,Clear,Tokyo
403694,19784,poi_12,4b243a7df964a520356424e3,2017-12-28T15:50:00,6.5,3.3,0.0,13.0,,Clear,Tokyo
403694,19784,poi_13,4b0587a6f964a5203d9e22e3,2017-12-28T16:00:00,7.1,3.3,0.0,13.0,,Clear,Tokyo
403694,19784,poi_14,56962f6a498ec0def40b137d,2017-12-28T16:10:00,-1.0,3.3,0.0,13.0,,Clear,Tokyo
403702,19784,poi_1,4b563f2ef964a520460728e3,2018-01-18T18:52:00,5.1,8.1,0.0,11.3,,Clear,Tokyo
403702,19784,poi_2,4b19f917f964a520abe623e3,2018-01-18T19:05:00,7.8,8.1,0.0,11.3,,Clear,Tokyo
403702,19784,poi_3,4b59d729f964a520449b28e3,2018-01-18T21:06:00,7.1,6.6,0.0,11.3,,Partially cloudy,Tokyo
403702,19784,poi_4,4fa3574a121df8dabaf60d8b,2018-01-18T21:24:00,6.2,6.6,0.0,11.3,,Partially cloudy,Tokyo
403702,19784,poi_5,4b243a7df964a520356424e3,2018-01-18T21:46:00,6.5,6.8,0.0,9.5,,Clear,Tokyo
403702,19784,poi_6,4b79d086f964a520de132fe3,2018-01-18T22:12:00,-1.0,6.8,0.0,9.5,,Clear,Tokyo
403702,19784,poi_7,4b243a7df964a520356424e3,2018-01-20T19:11:00,6.5,5.1,0.0,7.6,,Clear,Tokyo
403702,19784,poi_8,4b678b3bf964a52090542be3,2018-01-20T19:19:00,6.4,5.1,0.0,7.6,,Clear,Tokyo
403702,19784,poi_9,4b0587a6f964a5203d9e22e3,2018-01-20T19:25:00,7.1,5.1,0.0,7.6,,Clear,Tokyo
403702,19784,poi_10,4b17b2e4f964a52040c723e3,2018-01-20T21:13:00,6.0,3.0,0.0,5.5,,Partially cloudy,Tokyo
403702,19784,poi_11,4b0587a6f964a5203d9e22e3,2018-01-20T21:20:00,7.1,3.0,0.0,5.5,,Partially cloudy,Tokyo
403702,19784,poi_12,4b243a7df964a520356424e3,2018-01-20T21:56:00,6.5,3.6,0.0,5.5,,Clear,Tokyo
403702,19784,poi_13,4b79d086f964a520de132fe3,2018-01-20T22:35:00,-1.0,4.3,0.0,7.6,,Partially cloudy,Tokyo
403709,19784,poi_1,4b558306f964a5201be627e3,2018-02-13T01:07:00,-1.0,6.8,0.0,7.7,,Clear,Tokyo
403709,19784,poi_2,4e5e3644814d9e0233e0151e,2018-02-13T16:12:00,6.9,1.6,0.0,7.4,,Clear,Tokyo
403709,19784,poi_3,5845462e9465dd4262921aea,2018-02-13T17:41:00,6.0,0.6,0.0,9.2,,Clear,Tokyo
403709,19784,poi_4,4b558306f964a5201be627e3,2018-02-14T01:41:00,-1.0,8.5,0.0,7.8,,Clear,Tokyo
403709,19784,poi_5,4b243a7df964a520356424e3,2018-02-14T01:55:00,6.5,8.5,0.0,7.8,,Clear,Tokyo
403709,19784,poi_6,4e3cc54018a83d5b283bd260,2018-02-14T02:03:00,6.8,8.5,0.0,7.8,,Clear,Tokyo
403709,19784,poi_7,4b766665f964a520074b2ee3,2018-02-14T02:23:00,-1.0,8.5,0.0,7.8,,Clear,Tokyo
403709,19784,poi_8,57c9946d498ec171ba858e0c,2018-02-14T16:31:00,6.5,6.6,0.0,7.9,,Clear,Tokyo
403709,19784,poi_9,4b558306f964a5201be627e3,2018-02-14T20:27:00,-1.0,8.6,0.0,11.5,,Clear,Tokyo
403709,19784,poi_10,4bab3669f964a520be993ae3,2018-02-15T16:00:00,6.6,6.0,0.0,12.8,,Clear,Tokyo
403709,19784,poi_11,4b766665f964a520074b2ee3,2018-02-15T16:08:00,-1.0,6.0,0.0,12.8,,Clear,Tokyo
403722,19784,poi_1,4b243a7df964a520356424e3,2018-04-27T13:32:00,6.5,17.4,0.0,5.5,,Clear,Tokyo
403722,19784,poi_2,4b7481e1f964a520bde02de3,2018-04-27T13:35:00,-1.0,17.4,0.0,5.5,,Clear,Tokyo
403722,19784,poi_3,4b0587a6f964a5203e9e22e3,2018-04-27T21:40:00,7.9,19.1,0.0,23.4,,Clear,Tokyo
403722,19784,poi_4,4b79d5cbf964a5202a152fe3,2018-04-27T21:46:00,-1.0,19.1,0.0,23.4,,Clear,Tokyo
403722,19784,poi_5,4b243a7df964a520356424e3,2018-05-05T17:15:00,6.5,17.6,0.0,3.7,,Clear,Tokyo
403722,19784,poi_6,4b678b3bf964a52090542be3,2018-05-05T17:17:00,6.4,17.6,0.0,3.7,,Clear,Tokyo
403722,19784,poi_7,4b5ef219f964a520569f29e3,2018-05-05T17:30:00,5.8,17.6,0.0,3.7,,Clear,Tokyo
403722,19784,poi_8,4b5db18ff964a520246729e3,2018-05-05T17:33:00,5.8,15.6,0.0,5.4,,Partially cloudy,Tokyo
403722,19784,poi_9,4b5ef219f964a520569f29e3,2018-05-05T21:44:00,5.8,18.8,0.0,7.4,,Clear,Tokyo
403722,19784,poi_10,4b243a7df964a520356424e3,2018-05-05T22:07:00,6.5,18.8,0.0,7.4,,Clear,Tokyo
403722,19784,poi_11,4b79d086f964a520de132fe3,2018-05-05T22:10:00,-1.0,18.8,0.0,7.4,,Clear,Tokyo
408873,20022,poi_1,4b19f837f964a520a2e623e3,2017-10-03T13:14:00,6.9,20.1,0.0,11.4,,Overcast,Tokyo
408873,20022,poi_2,4b0587a6f964a5203e9e22e3,2017-10-03T13:24:00,7.9,20.1,0.0,11.4,,Overcast,Tokyo
408873,20022,poi_3,4b0dfb40f964a5207c5323e3,2017-10-03T13:34:00,-1.0,19.7,0.0,11.4,,Overcast,Tokyo
408873,20022,poi_4,4b0df959f964a520635323e3,2017-10-03T13:43:00,-1.0,19.7,0.0,11.4,,Overcast,Tokyo
408873,20022,poi_5,4b6fe241f964a520dcfe2ce3,2017-10-03T13:48:00,8.0,19.7,0.0,11.4,,Overcast,Tokyo
408873,20022,poi_6,4b0587b1f964a52025a022e3,2017-10-03T18:54:00,8.4,19.2,0.0,11.3,,Overcast,Tokyo
408873,20022,poi_7,4b0df959f964a520635323e3,2017-10-04T01:29:00,-1.0,19.1,0.0,11.3,,Partially cloudy,Tokyo
408873,20022,poi_8,4b0dfb40f964a5207c5323e3,2017-10-04T01:39:00,-1.0,19.6,0.0,9.5,,Overcast,Tokyo
408873,20022,poi_9,4b0587a6f964a5203e9e22e3,2017-10-04T01:45:00,7.9,19.6,0.0,9.5,,Overcast,Tokyo
408873,20022,poi_10,4b19f917f964a520abe623e3,2017-10-04T01:55:00,7.8,19.6,0.0,9.5,,Overcast,Tokyo
408873,20022,poi_11,57b3d4a5498e6155e8305bc3,2017-10-04T01:58:00,7.2,19.6,0.0,9.5,,Overcast,Tokyo
408873,20022,poi_12,4b5dcff1f964a520196d29e3,2017-10-04T02:41:00,8.8,19.3,0.0,11.3,,Partially cloudy,Tokyo
408873,20022,poi_13,4b19f917f964a520abe623e3,2017-10-04T03:40:00,7.8,21.1,0.0,5.7,,Partially cloudy,Tokyo
408873,20022,poi_14,4b19f837f964a520a2e623e3,2017-10-04T13:13:00,6.9,15.7,0.0,11.3,,Partially cloudy,Tokyo
408873,20022,poi_15,4b0587a6f964a5203e9e22e3,2017-10-04T13:24:00,7.9,15.7,0.0,11.3,,Partially cloudy,Tokyo
408873,20022,poi_16,4b0dfb40f964a5207c5323e3,2017-10-04T13:35:00,-1.0,15.6,0.0,11.2,,Partially cloudy,Tokyo
408873,20022,poi_17,4b0df959f964a520635323e3,2017-10-04T13:44:00,-1.0,15.6,0.0,11.2,,Partially cloudy,Tokyo
408873,20022,poi_18,4b6fe241f964a520dcfe2ce3,2017-10-04T13:48:00,8.0,15.6,0.0,11.2,,Partially cloudy,Tokyo
408874,20022,poi_1,4b0df959f964a520635323e3,2017-10-05T01:19:00,-1.0,17.9,0.0,11.1,,Partially cloudy,Tokyo
408874,20022,poi_2,4b0dfb40f964a5207c5323e3,2017-10-05T01:29:00,-1.0,17.9,0.0,11.1,,Partially cloudy,Tokyo
408874,20022,poi_3,4b0587a6f964a5203e9e22e3,2017-10-05T01:36:00,7.9,19.1,0.0,14.8,,Partially cloudy,Tokyo
408874,20022,poi_4,4b19f837f964a520a2e623e3,2017-10-05T13:01:00,6.9,16.2,0.0,7.7,,Overcast,Tokyo
408874,20022,poi_5,4b0587a6f964a5203e9e22e3,2017-10-05T13:12:00,7.9,16.2,0.0,7.7,,Overcast,Tokyo
408874,20022,poi_6,4b0dfb40f964a5207c5323e3,2017-10-05T13:24:00,-1.0,16.2,0.0,7.7,,Overcast,Tokyo
408874,20022,poi_7,4b0df959f964a520635323e3,2017-10-05T13:32:00,-1.0,16.2,0.0,5.6,,Overcast,Tokyo
408874,20022,poi_8,4b6fe241f964a520dcfe2ce3,2017-10-05T13:37:00,8.0,16.2,0.0,5.6,,Overcast,Tokyo
408874,20022,poi_9,4b0b3091f964a5205e2e23e3,2017-10-05T16:44:00,7.9,16.1,0.0,7.5,,Overcast,Tokyo
408874,20022,poi_10,4b55279cf964a52011dd27e3,2017-10-05T17:34:00,-1.0,15.4,0.0,7.6,,Overcast,Tokyo
408874,20022,poi_11,519af27e498e87e1af850fce,2017-10-05T17:52:00,6.1,15.4,0.0,7.6,,Overcast,Tokyo
408874,20022,poi_12,4bb08f7ef964a520fd4b3ce3,2017-10-05T21:50:00,5.7,14.9,0.0,9.4,,Overcast,Tokyo
408874,20022,poi_13,4b0df959f964a520635323e3,2017-10-06T01:50:00,-1.0,17.7,0.0,13.0,,Overcast,Tokyo
408874,20022,poi_14,4b0dfb40f964a5207c5323e3,2017-10-06T02:00:00,-1.0,17.7,0.0,13.0,,Overcast,Tokyo
408874,20022,poi_15,4b0587a6f964a5203e9e22e3,2017-10-06T02:05:00,7.9,17.7,0.0,13.0,,Overcast,Tokyo
408874,20022,poi_16,4b19f837f964a520a2e623e3,2017-10-06T02:17:00,6.9,17.7,0.0,13.0,,Overcast,Tokyo
408878,20022,poi_1,4b0df959f964a520635323e3,2017-10-10T01:16:00,-1.0,24.8,0.0,3.7,,Clear,Tokyo
408878,20022,poi_2,4b0dfb40f964a5207c5323e3,2017-10-10T01:27:00,-1.0,24.8,0.0,3.7,,Clear,Tokyo
408878,20022,poi_3,4b19f837f964a520a2e623e3,2017-10-10T13:13:00,6.9,21.6,0.0,5.4,,Clear,Tokyo
408878,20022,poi_4,4b0587a6f964a5203e9e22e3,2017-10-10T13:25:00,7.9,21.6,0.0,5.4,,Clear,Tokyo
408878,20022,poi_5,4b0dfb40f964a5207c5323e3,2017-10-10T13:36:00,-1.0,21.1,0.0,3.6,,Clear,Tokyo
408878,20022,poi_6,4b0df959f964a520635323e3,2017-10-10T13:44:00,-1.0,21.1,0.0,3.6,,Clear,Tokyo
408878,20022,poi_7,4b6fe241f964a520dcfe2ce3,2017-10-10T13:48:00,8.0,21.1,0.0,3.6,,Clear,Tokyo
408878,20022,poi_8,4b0587b1f964a52025a022e3,2017-10-10T17:39:00,8.4,20.1,0.0,5.4,,Clear,Tokyo
408878,20022,poi_9,4b0df959f964a520635323e3,2017-10-11T01:03:00,-1.0,22.6,0.0,5.6,,Overcast,Tokyo
408878,20022,poi_10,4b0dfb40f964a5207c5323e3,2017-10-11T01:11:00,-1.0,22.6,0.0,5.6,,Overcast,Tokyo
408878,20022,poi_11,4b0587a6f964a5203e9e22e3,2017-10-11T01:17:00,7.9,22.6,0.0,5.6,,Overcast,Tokyo
408878,20022,poi_12,4b19f917f964a520abe623e3,2017-10-11T01:27:00,7.8,22.6,0.0,5.6,,Overcast,Tokyo
408878,20022,poi_13,4ce62908595cb1f75ac4ba14,2017-10-11T01:29:00,5.9,22.6,0.0,5.6,,Overcast,Tokyo
408878,20022,poi_14,57b3d4a5498e6155e8305bc3,2017-10-11T01:31:00,7.2,22.4,0.0,13.0,,Overcast,Tokyo
408878,20022,poi_15,4b55670ff964a52071e327e3,2017-10-11T02:43:00,8.5,22.7,0.0,7.7,,Overcast,Tokyo
408878,20022,poi_16,4d5bc7291e43236aa1671283,2017-10-11T02:50:00,5.7,22.7,0.0,7.7,,Overcast,Tokyo
408878,20022,poi_17,4b19f917f964a520abe623e3,2017-10-11T04:07:00,7.8,22.9,0.0,11.2,,Overcast,Tokyo
408878,20022,poi_18,4b19f837f964a520a2e623e3,2017-10-11T13:13:00,6.9,20.6,0.0,1.9,,Overcast,Tokyo
408878,20022,poi_19,4b0587a6f964a5203e9e22e3,2017-10-11T13:24:00,7.9,20.6,0.0,1.9,,Overcast,Tokyo
408878,20022,poi_20,4b0dfb40f964a5207c5323e3,2017-10-11T13:36:00,-1.0,20.6,0.0,5.4,,Overcast,Tokyo
408878,20022,poi_21,4b0df959f964a520635323e3,2017-10-11T13:43:00,-1.0,20.6,0.0,5.4,,Overcast,Tokyo
408878,20022,poi_22,4b6fe241f964a520dcfe2ce3,2017-10-11T13:47:00,8.0,20.6,0.0,5.4,,Overcast,Tokyo
408880,20022,poi_1,4cbc1e3ef50e224b1132fdfb,2017-10-13T02:19:00,-1.0,15.4,0.0,16.4,,Overcast,Tokyo
408880,20022,poi_2,4b0df959f964a520635323e3,2017-10-13T03:54:00,-1.0,15.2,0.0,9.3,,Overcast,Tokyo
408880,20022,poi_3,4b0dfb40f964a5207c5323e3,2017-10-16T01:33:00,-1.0,13.4,0.0,7.8,,Overcast,Tokyo
408880,20022,poi_4,4b0587a6f964a5203e9e22e3,2017-10-16T01:40:00,7.9,13.4,0.0,7.8,,Overcast,Tokyo
408880,20022,poi_5,4b19f837f964a520a2e623e3,2017-10-16T13:13:00,6.9,12.2,0.0,5.6,,Overcast,Tokyo
408880,20022,poi_6,4b0587a6f964a5203e9e22e3,2017-10-16T13:23:00,7.9,12.2,0.0,5.6,,Overcast,Tokyo
408880,20022,poi_7,4b0dfb40f964a5207c5323e3,2017-10-16T13:36:00,-1.0,12.1,0.0,7.8,,Overcast,Tokyo
408880,20022,poi_8,4b0df959f964a520635323e3,2017-10-16T13:44:00,-1.0,12.1,0.0,7.8,,Overcast,Tokyo
408880,20022,poi_9,4b6fe241f964a520dcfe2ce3,2017-10-16T13:48:00,8.0,12.1,0.0,7.8,,Overcast,Tokyo
408880,20022,poi_10,4bcadf31fb84c9b6aedf1d3e,2017-10-16T18:19:00,7.8,12.1,5.01,5.7,rain,"Rain, Overcast",Tokyo
408880,20022,poi_11,4bc19206461576b076277c32,2017-10-16T19:29:00,-1.0,12.2,0.0,7.7,,Overcast,Tokyo
408880,20022,poi_12,4b0df959f964a520635323e3,2017-10-17T01:50:00,-1.0,13.4,0.0,5.4,,Overcast,Tokyo
408880,20022,poi_13,4b0dfb40f964a5207c5323e3,2017-10-17T01:59:00,-1.0,13.4,0.0,5.4,,Overcast,Tokyo
408880,20022,poi_14,4b0587a6f964a5203e9e22e3,2017-10-17T02:05:00,7.9,13.4,0.0,5.4,,Overcast,Tokyo
408880,20022,poi_15,4b19f837f964a520a2e623e3,2017-10-17T13:28:00,6.9,13.9,0.0,7.6,,Partially cloudy,Tokyo
408880,20022,poi_16,4b0587a6f964a5203e9e22e3,2017-10-17T13:37:00,7.9,14.1,0.0,9.3,,Partially cloudy,Tokyo
408880,20022,poi_17,4b0dfb40f964a5207c5323e3,2017-10-17T13:49:00,-1.0,14.1,0.0,9.3,,Partially cloudy,Tokyo
408880,20022,poi_18,4b0df959f964a520635323e3,2017-10-17T13:57:00,-1.0,14.1,0.0,9.3,,Partially cloudy,Tokyo
408880,20022,poi_19,4b6fe241f964a520dcfe2ce3,2017-10-17T14:02:00,8.0,14.1,0.0,9.3,,Partially cloudy,Tokyo
408880,20022,poi_20,4b0587b1f964a52025a022e3,2017-10-17T19:11:00,8.4,12.3,0.0,7.5,,Clear,Tokyo
408880,20022,poi_21,4b0df959f964a520635323e3,2017-10-18T01:23:00,-1.0,16.7,0.0,14.7,,Clear,Tokyo
408880,20022,poi_22,4b0dfb40f964a5207c5323e3,2017-10-18T01:32:00,-1.0,18.5,0.0,9.5,,Partially cloudy,Tokyo
408880,20022,poi_23,4b0587a6f964a5203e9e22e3,2017-10-18T01:37:00,7.9,18.5,0.0,9.5,,Partially cloudy,Tokyo
408883,20022,poi_1,4b19f837f964a520a2e623e3,2017-10-22T15:58:00,6.9,18.2,0.158,15.0,rain,"Rain, Overcast",Tokyo
408883,20022,poi_2,4b0587a6f964a5203e9e22e3,2017-10-22T16:10:00,7.9,18.2,0.158,15.0,rain,"Rain, Overcast",Tokyo
408883,20022,poi_3,4b0dfb40f964a5207c5323e3,2017-10-22T16:21:00,-1.0,18.2,0.158,15.0,rain,"Rain, Overcast",Tokyo
408883,20022,poi_4,4b0df959f964a520635323e3,2017-10-22T16:33:00,-1.0,19.7,0.093,8.8,rain,"Rain, Overcast",Tokyo
408883,20022,poi_5,4b6fe241f964a520dcfe2ce3,2017-10-22T16:37:00,8.0,19.7,0.093,8.8,rain,"Rain, Overcast",Tokyo
408883,20022,poi_6,4b5fb1c3f964a52093c829e3,2017-10-22T18:09:00,-1.0,21.7,33.177,40.8,rain,"Rain, Overcast",Tokyo
408883,20022,poi_7,4b0df959f964a520635323e3,2017-10-23T01:07:00,-1.0,20.6,0.0,31.1,,Overcast,Tokyo
408883,20022,poi_8,4b0dfb40f964a5207c5323e3,2017-10-23T01:15:00,-1.0,20.6,0.0,31.1,,Overcast,Tokyo
408883,20022,poi_9,4b0587a6f964a5203e9e22e3,2017-10-23T01:20:00,7.9,20.6,0.0,31.1,,Overcast,Tokyo
408883,20022,poi_10,4b19f837f964a520a2e623e3,2017-10-23T13:01:00,6.9,15.6,0.0,12.8,,Clear,Tokyo
408883,20022,poi_11,4b0587a6f964a5203e9e22e3,2017-10-23T13:13:00,7.9,15.6,0.0,12.8,,Clear,Tokyo
408883,20022,poi_12,4b0dfb40f964a5207c5323e3,2017-10-23T13:22:00,-1.0,15.6,0.0,12.8,,Clear,Tokyo
408883,20022,poi_13,4b0df959f964a520635323e3,2017-10-23T13:29:00,-1.0,15.6,0.0,12.8,,Clear,Tokyo
408883,20022,poi_14,4b6fe241f964a520dcfe2ce3,2017-10-23T13:34:00,8.0,15.6,0.0,16.3,,Partially cloudy,Tokyo
408883,20022,poi_15,4bcadf31fb84c9b6aedf1d3e,2017-10-23T18:56:00,7.8,14.1,0.0,7.6,,Partially cloudy,Tokyo
408883,20022,poi_16,4b0df959f964a520635323e3,2017-10-24T01:14:00,-1.0,16.2,0.0,11.1,,Partially cloudy,Tokyo
408883,20022,poi_17,4b0dfb40f964a5207c5323e3,2017-10-24T01:23:00,-1.0,16.2,0.0,11.1,,Partially cloudy,Tokyo
408883,20022,poi_18,4b0587a6f964a5203e9e22e3,2017-10-24T01:27:00,7.9,16.2,0.0,11.1,,Partially cloudy,Tokyo
408883,20022,poi_19,4b19f837f964a520a2e623e3,2017-10-24T13:13:00,6.9,13.9,0.0,5.6,,Partially cloudy,Tokyo
408883,20022,poi_20,4b0587a6f964a5203e9e22e3,2017-10-24T13:24:00,7.9,13.9,0.0,5.6,,Partially cloudy,Tokyo
408883,20022,poi_21,4b0dfb40f964a5207c5323e3,2017-10-24T13:36:00,-1.0,14.3,0.0,9.4,,Partially cloudy,Tokyo
408883,20022,poi_22,4b0df959f964a520635323e3,2017-10-24T13:45:00,-1.0,14.3,0.0,9.4,,Partially cloudy,Tokyo
408883,20022,poi_23,4b6fe241f964a520dcfe2ce3,2017-10-24T13:49:00,8.0,14.3,0.0,9.4,,Partially cloudy,Tokyo
408883,20022,poi_24,4b0587b1f964a52025a022e3,2017-10-24T20:12:00,8.4,12.9,0.0,7.8,,Partially cloudy,Tokyo
408883,20022,poi_25,4bb08f7ef964a520fd4b3ce3,2017-10-24T22:18:00,5.7,12.4,0.0,7.7,,Overcast,Tokyo
408883,20022,poi_26,4b0df959f964a520635323e3,2017-10-25T01:18:00,-1.0,12.4,0.002,9.6,rain,"Rain, Overcast",Tokyo
408883,20022,poi_27,4b0dfb40f964a5207c5323e3,2017-10-25T01:26:00,-1.0,12.4,0.002,9.6,rain,"Rain, Overcast",Tokyo
408883,20022,poi_28,4b0587a6f964a5203e9e22e3,2017-10-25T01:32:00,7.9,13.1,0.008,11.3,rain,"Rain, Overcast",Tokyo
408883,20022,poi_29,4b19f917f964a520abe623e3,2017-10-25T01:43:00,7.8,13.1,0.008,11.3,rain,"Rain, Overcast",Tokyo
408883,20022,poi_30,4b55670ff964a52071e327e3,2017-10-25T01:47:00,8.5,13.1,0.008,11.3,rain,"Rain, Overcast",Tokyo
408883,20022,poi_31,560e4d4d498e190f15581b80,2017-10-25T01:58:00,-1.0,13.1,0.008,11.3,rain,"Rain, Overcast",Tokyo
408883,20022,poi_32,4b19f917f964a520abe623e3,2017-10-25T02:58:00,7.8,13.4,0.005,9.4,rain,"Rain, Overcast",Tokyo
408883,20022,poi_33,4b19f837f964a520a2e623e3,2017-10-25T13:13:00,6.9,12.2,0.0,9.4,,Clear,Tokyo
408883,20022,poi_34,4b0587a6f964a5203e9e22e3,2017-10-25T13:23:00,7.9,12.2,0.0,9.4,,Clear,Tokyo
408883,20022,poi_35,4b0dfb40f964a5207c5323e3,2017-10-25T13:37:00,-1.0,11.4,0.0,7.5,,Clear,Tokyo
408883,20022,poi_36,4b0df959f964a520635323e3,2017-10-25T13:45:00,-1.0,11.4,0.0,7.5,,Clear,Tokyo
408883,20022,poi_37,4b6fe241f964a520dcfe2ce3,2017-10-25T13:50:00,8.0,11.4,0.0,7.5,,Clear,Tokyo
408883,20022,poi_38,4b4be891f964a52007ab26e3,2017-10-25T19:35:00,7.6,10.7,0.0,7.6,,Clear,Tokyo
408883,20022,poi_39,4b0df959f964a520635323e3,2017-10-26T01:58:00,-1.0,19.0,0.0,7.7,,Clear,Tokyo
408883,20022,poi_40,4b0dfb40f964a5207c5323e3,2017-10-26T02:07:00,-1.0,19.0,0.0,7.7,,Clear,Tokyo
408883,20022,poi_41,4b0587a6f964a5203e9e22e3,2017-10-26T02:13:00,7.9,19.0,0.0,7.7,,Clear,Tokyo
408886,20022,poi_1,4b19f837f964a520a2e623e3,2017-10-29T13:14:00,6.9,15.4,0.0,9.3,,Clear,Tokyo
408886,20022,poi_2,4b0587a6f964a5203e9e22e3,2017-10-29T13:24:00,7.9,15.4,0.0,9.3,,Clear,Tokyo
408886,20022,poi_3,4b0dfb40f964a5207c5323e3,2017-10-29T13:35:00,-1.0,15.2,0.0,12.9,,Clear,Tokyo
408886,20022,poi_4,4b0df959f964a520635323e3,2017-10-29T13:47:00,-1.0,15.2,0.0,12.9,,Clear,Tokyo
408886,20022,poi_5,4b6fe241f964a520dcfe2ce3,2017-10-29T13:51:00,8.0,15.2,0.0,12.9,,Clear,Tokyo
408886,20022,poi_6,53c8a475498e9d47f970510f,2017-10-29T18:45:00,6.4,14.9,0.0,18.0,,Clear,Tokyo
408886,20022,poi_7,4b0df959f964a520635323e3,2017-10-30T01:18:00,-1.0,18.9,0.0,22.6,,Clear,Tokyo
408886,20022,poi_8,4b0dfb40f964a5207c5323e3,2017-10-30T01:29:00,-1.0,18.9,0.0,22.6,,Clear,Tokyo
408886,20022,poi_9,4b0587a6f964a5203e9e22e3,2017-10-30T01:35:00,7.9,18.7,0.0,27.9,,Clear,Tokyo
408886,20022,poi_10,4b19f917f964a520abe623e3,2017-10-30T01:42:00,7.8,18.7,0.0,27.9,,Clear,Tokyo
408886,20022,poi_11,4b55670ff964a52071e327e3,2017-10-30T01:45:00,8.5,18.7,0.0,27.9,,Clear,Tokyo
408886,20022,poi_12,4b19f917f964a520abe623e3,2017-10-30T02:41:00,7.8,18.2,0.0,24.4,,Clear,Tokyo
408886,20022,poi_13,4b19f837f964a520a2e623e3,2017-10-30T13:13:00,6.9,11.4,0.0,13.4,,Clear,Tokyo
408886,20022,poi_14,4b0587a6f964a5203e9e22e3,2017-10-30T13:23:00,7.9,11.4,0.0,13.4,,Clear,Tokyo
408886,20022,poi_15,4b0dfb40f964a5207c5323e3,2017-10-30T13:35:00,-1.0,11.4,0.0,13.3,,Partially cloudy,Tokyo
408886,20022,poi_16,4b0df959f964a520635323e3,2017-10-30T13:43:00,-1.0,11.4,0.0,13.3,,Partially cloudy,Tokyo
408886,20022,poi_17,4b6fe241f964a520dcfe2ce3,2017-10-30T13:47:00,8.0,11.4,0.0,13.3,,Partially cloudy,Tokyo
408886,20022,poi_18,4ba1eb59f964a520e9d137e3,2017-10-30T19:21:00,7.7,9.7,0.0,11.1,,Clear,Tokyo
408886,20022,poi_19,4b0df959f964a520635323e3,2017-10-31T01:46:00,-1.0,15.7,0.0,11.2,,Partially cloudy,Tokyo
408886,20022,poi_20,4b0587a6f964a5203e9e22e3,2017-10-31T02:00:00,7.9,15.7,0.0,11.2,,Partially cloudy,Tokyo
408886,20022,poi_21,4b19f837f964a520a2e623e3,2017-10-31T13:14:00,6.9,11.6,0.0,7.5,,Clear,Tokyo
408886,20022,poi_22,4b0587a6f964a5203e9e22e3,2017-10-31T13:24:00,7.9,11.6,0.0,7.5,,Clear,Tokyo
408886,20022,poi_23,4b0dfb40f964a5207c5323e3,2017-10-31T13:37:00,-1.0,11.4,0.0,7.5,,Clear,Tokyo
408886,20022,poi_24,4b0df959f964a520635323e3,2017-10-31T13:44:00,-1.0,11.4,0.0,7.5,,Clear,Tokyo
408886,20022,poi_25,4b6fe241f964a520dcfe2ce3,2017-10-31T13:48:00,8.0,11.4,0.0,7.5,,Clear,Tokyo
408886,20022,poi_26,4bcadf31fb84c9b6aedf1d3e,2017-10-31T19:21:00,7.8,10.7,0.0,7.5,,Partially cloudy,Tokyo
408886,20022,poi_27,4b0df959f964a520635323e3,2017-11-01T01:28:00,-1.0,14.9,0.0,9.2,,Partially cloudy,Tokyo
408886,20022,poi_28,4b0dfb40f964a5207c5323e3,2017-11-01T01:40:00,-1.0,15.4,0.0,7.4,,Partially cloudy,Tokyo
408886,20022,poi_29,4b0587a6f964a5203e9e22e3,2017-11-01T01:45:00,7.9,15.4,0.0,7.4,,Partially cloudy,Tokyo
408886,20022,poi_30,4b19f917f964a520abe623e3,2017-11-01T01:57:00,7.8,15.4,0.0,7.4,,Partially cloudy,Tokyo
408886,20022,poi_31,4ce62908595cb1f75ac4ba14,2017-11-01T01:59:00,5.9,15.4,0.0,7.4,,Partially cloudy,Tokyo
408886,20022,poi_32,57b3d4a5498e6155e8305bc3,2017-11-01T02:01:00,7.2,15.4,0.0,7.4,,Partially cloudy,Tokyo
408886,20022,poi_33,4b5dcff1f964a520196d29e3,2017-11-01T02:36:00,8.8,16.6,0.0,7.5,,Partially cloudy,Tokyo
408886,20022,poi_34,4b19f917f964a520abe623e3,2017-11-01T03:24:00,7.8,16.6,0.0,7.5,,Partially cloudy,Tokyo
408886,20022,poi_35,4b19f837f964a520a2e623e3,2017-11-01T03:33:00,6.9,17.7,0.0,3.7,,Clear,Tokyo
408891,20022,poi_1,4b0df959f964a520635323e3,2017-11-06T01:23:00,-1.0,14.2,0.0,3.6,,Clear,Tokyo
408891,20022,poi_2,4b0dfb40f964a5207c5323e3,2017-11-06T01:33:00,-1.0,15.6,0.0,3.6,,Clear,Tokyo
408891,20022,poi_3,4b19f837f964a520a2e623e3,2017-11-06T13:01:00,6.9,13.2,0.0,9.4,,Clear,Tokyo
408891,20022,poi_4,4b0587a6f964a5203e9e22e3,2017-11-06T13:12:00,7.9,13.2,0.0,9.4,,Clear,Tokyo
408891,20022,poi_5,4b0dfb40f964a5207c5323e3,2017-11-06T13:22:00,-1.0,13.2,0.0,9.4,,Clear,Tokyo
408891,20022,poi_6,4b0df959f964a520635323e3,2017-11-06T13:29:00,-1.0,13.2,0.0,9.4,,Clear,Tokyo
408891,20022,poi_7,4b6fe241f964a520dcfe2ce3,2017-11-06T13:33:00,8.0,12.6,0.0,7.5,,Clear,Tokyo
408891,20022,poi_8,4b0587b1f964a52025a022e3,2017-11-06T19:32:00,8.4,9.7,0.0,3.6,,Clear,Tokyo
408891,20022,poi_9,4b0df959f964a520635323e3,2017-11-07T01:06:00,-1.0,15.7,0.0,3.5,,Clear,Tokyo
408891,20022,poi_10,4b0dfb40f964a5207c5323e3,2017-11-07T01:14:00,-1.0,15.7,0.0,3.5,,Clear,Tokyo
408891,20022,poi_11,4b0587a6f964a5203e9e22e3,2017-11-07T01:21:00,7.9,15.7,0.0,3.5,,Clear,Tokyo
408891,20022,poi_12,4b19f837f964a520a2e623e3,2017-11-07T13:13:00,6.9,15.7,0.0,9.5,,Partially cloudy,Tokyo
408891,20022,poi_13,4b0587a6f964a5203e9e22e3,2017-11-07T13:24:00,7.9,15.7,0.0,9.5,,Partially cloudy,Tokyo
408891,20022,poi_14,4b0dfb40f964a5207c5323e3,2017-11-07T13:37:00,-1.0,14.7,0.0,9.5,,Clear,Tokyo
408891,20022,poi_15,4b0df959f964a520635323e3,2017-11-07T13:46:00,-1.0,14.7,0.0,9.5,,Clear,Tokyo
408891,20022,poi_16,4b6fe241f964a520dcfe2ce3,2017-11-07T13:51:00,8.0,14.7,0.0,9.5,,Clear,Tokyo
408891,20022,poi_17,4c1ae28363750f475e1fb467,2017-11-07T19:26:00,6.7,14.7,0.0,7.9,,Overcast,Tokyo
408891,20022,poi_18,4b0df959f964a520635323e3,2017-11-08T02:53:00,-1.0,15.3,0.0,13.3,,Overcast,Tokyo
408891,20022,poi_19,4b0dfb40f964a5207c5323e3,2017-11-08T03:04:00,-1.0,15.3,0.0,13.3,,Overcast,Tokyo
408891,20022,poi_20,4b0587a6f964a5203e9e22e3,2017-11-08T03:11:00,7.9,15.3,0.0,13.3,,Overcast,Tokyo
408891,20022,poi_21,4b19f837f964a520a2e623e3,2017-11-08T13:01:00,6.9,12.8,0.0,5.6,,Clear,Tokyo
408891,20022,poi_22,4b0587a6f964a5203e9e22e3,2017-11-08T13:11:00,7.9,12.8,0.0,5.6,,Clear,Tokyo
408891,20022,poi_23,4b0dfb40f964a5207c5323e3,2017-11-08T13:22:00,-1.0,12.8,0.0,5.6,,Clear,Tokyo
408891,20022,poi_24,4b0df959f964a520635323e3,2017-11-08T13:28:00,-1.0,12.8,0.0,5.6,,Clear,Tokyo
408891,20022,poi_25,4b6fe241f964a520dcfe2ce3,2017-11-08T13:33:00,8.0,12.7,0.0,9.3,,Clear,Tokyo
408891,20022,poi_26,4bcadf31fb84c9b6aedf1d3e,2017-11-08T20:25:00,7.8,11.9,0.0,9.4,,Clear,Tokyo
408891,20022,poi_27,4b0df959f964a520635323e3,2017-11-09T01:32:00,-1.0,18.2,0.0,22.6,,Clear,Tokyo
408891,20022,poi_28,4b0dfb40f964a5207c5323e3,2017-11-09T01:40:00,-1.0,18.2,0.0,22.6,,Clear,Tokyo
408891,20022,poi_29,4b0587a6f964a5203e9e22e3,2017-11-09T01:47:00,7.9,18.2,0.0,22.6,,Clear,Tokyo
408891,20022,poi_30,4b19f837f964a520a2e623e3,2017-11-09T13:13:00,6.9,12.2,0.0,9.3,,Clear,Tokyo
408891,20022,poi_31,4b0587a6f964a5203e9e22e3,2017-11-09T13:24:00,7.9,12.2,0.0,9.3,,Clear,Tokyo
408891,20022,poi_32,4b0dfb40f964a5207c5323e3,2017-11-09T13:37:00,-1.0,12.3,0.0,12.7,,Clear,Tokyo
408891,20022,poi_33,4b0df959f964a520635323e3,2017-11-09T13:44:00,-1.0,12.3,0.0,12.7,,Clear,Tokyo
408891,20022,poi_34,4b6fe241f964a520dcfe2ce3,2017-11-09T13:48:00,8.0,12.3,0.0,12.7,,Clear,Tokyo
408891,20022,poi_35,4b0587b1f964a52025a022e3,2017-11-09T18:03:00,8.4,10.6,0.0,3.8,,Partially cloudy,Tokyo
408891,20022,poi_36,4b0df959f964a520635323e3,2017-11-10T01:59:00,-1.0,14.1,0.0,3.6,,Clear,Tokyo
408891,20022,poi_37,4b0dfb40f964a5207c5323e3,2017-11-10T02:07:00,-1.0,14.1,0.0,3.6,,Clear,Tokyo
408891,20022,poi_38,4b0587a6f964a5203e9e22e3,2017-11-10T02:12:00,7.9,14.1,0.0,3.6,,Clear,Tokyo
408894,20022,poi_1,4b19f837f964a520a2e623e3,2017-11-12T13:13:00,6.9,11.4,0.0,7.6,,Partially cloudy,Tokyo
408894,20022,poi_2,4b0587a6f964a5203e9e22e3,2017-11-12T13:23:00,7.9,11.4,0.0,7.6,,Partially cloudy,Tokyo
408894,20022,poi_3,4b0dfb40f964a5207c5323e3,2017-11-12T13:34:00,-1.0,11.2,0.0,9.3,,Partially cloudy,Tokyo
408894,20022,poi_4,4b0df959f964a520635323e3,2017-11-12T13:44:00,-1.0,11.2,0.0,9.3,,Partially cloudy,Tokyo
408894,20022,poi_5,4b6fe241f964a520dcfe2ce3,2017-11-12T13:49:00,8.0,11.2,0.0,9.3,,Partially cloudy,Tokyo
408894,20022,poi_6,58c0df066ad73d45a1272a50,2017-11-12T19:26:00,8.0,8.7,0.0,5.5,,Partially cloudy,Tokyo
408894,20022,poi_7,4b0df959f964a520635323e3,2017-11-13T01:29:00,-1.0,12.5,0.0,9.2,,Clear,Tokyo
408894,20022,poi_8,4b0dfb40f964a5207c5323e3,2017-11-13T01:37:00,-1.0,13.4,0.0,5.4,,Clear,Tokyo
408894,20022,poi_9,4b0587a6f964a5203e9e22e3,2017-11-13T01:47:00,7.9,13.4,0.0,5.4,,Clear,Tokyo
408894,20022,poi_10,4b19f837f964a520a2e623e3,2017-11-13T13:13:00,6.9,11.4,0.0,9.2,,Partially cloudy,Tokyo
408894,20022,poi_11,4b0587a6f964a5203e9e22e3,2017-11-13T13:24:00,7.9,11.4,0.0,9.2,,Partially cloudy,Tokyo
408894,20022,poi_12,4b0dfb40f964a5207c5323e3,2017-11-13T13:37:00,-1.0,10.9,0.0,1.9,,Partially cloudy,Tokyo
408894,20022,poi_13,4b0df959f964a520635323e3,2017-11-13T13:45:00,-1.0,10.9,0.0,1.9,,Partially cloudy,Tokyo
408894,20022,poi_14,4b6fe241f964a520dcfe2ce3,2017-11-13T13:50:00,8.0,10.9,0.0,1.9,,Partially cloudy,Tokyo
408895,20022,poi_1,4b0df959f964a520635323e3,2017-11-14T01:23:00,-1.0,13.1,0.0,7.5,,Overcast,Tokyo
408895,20022,poi_2,4b0dfb40f964a5207c5323e3,2017-11-14T01:33:00,-1.0,14.8,0.0,5.3,,Partially cloudy,Tokyo
408895,20022,poi_3,4b0587a6f964a5203e9e22e3,2017-11-14T01:42:00,7.9,14.8,0.0,5.3,,Partially cloudy,Tokyo
408895,20022,poi_4,4b19f837f964a520a2e623e3,2017-11-14T13:13:00,6.9,11.2,0.0,5.4,,Clear,Tokyo
408895,20022,poi_5,4b0587a6f964a5203e9e22e3,2017-11-14T13:23:00,7.9,11.2,0.0,5.4,,Clear,Tokyo
408895,20022,poi_6,4b0dfb40f964a5207c5323e3,2017-11-14T13:36:00,-1.0,10.7,0.0,3.7,,Clear,Tokyo
408895,20022,poi_7,4b0df959f964a520635323e3,2017-11-14T13:44:00,-1.0,10.7,0.0,3.7,,Clear,Tokyo
408895,20022,poi_8,4b6fe241f964a520dcfe2ce3,2017-11-14T13:48:00,8.0,10.7,0.0,3.7,,Clear,Tokyo
408895,20022,poi_9,4bcadf31fb84c9b6aedf1d3e,2017-11-14T19:12:00,7.8,11.4,0.0,7.6,,Overcast,Tokyo
408895,20022,poi_10,4b0df959f964a520635323e3,2017-11-15T01:33:00,-1.0,14.6,0.0,5.6,,Partially cloudy,Tokyo
408895,20022,poi_11,4b0587a6f964a5203e9e22e3,2017-11-15T01:50:00,7.9,14.6,0.0,5.6,,Partially cloudy,Tokyo
408895,20022,poi_12,4b19f917f964a520abe623e3,2017-11-15T01:56:00,7.8,14.6,0.0,5.6,,Partially cloudy,Tokyo
408895,20022,poi_13,4b19f837f964a520a2e623e3,2017-11-15T13:17:00,6.9,11.9,0.0,5.6,,Clear,Tokyo
408895,20022,poi_14,4b0587a6f964a5203e9e22e3,2017-11-15T13:23:00,7.9,11.9,0.0,5.6,,Clear,Tokyo
408895,20022,poi_15,4b0dfb40f964a5207c5323e3,2017-11-15T13:35:00,-1.0,12.3,0.0,5.7,,Partially cloudy,Tokyo
408895,20022,poi_16,4b0df959f964a520635323e3,2017-11-15T13:42:00,-1.0,12.3,0.0,5.7,,Partially cloudy,Tokyo
408895,20022,poi_17,4b6fe241f964a520dcfe2ce3,2017-11-15T13:47:00,8.0,12.3,0.0,5.7,,Partially cloudy,Tokyo
408895,20022,poi_18,5170b506e4b08e115b49457f,2017-11-15T18:45:00,-1.0,8.9,0.0,3.8,,Clear,Tokyo
408895,20022,poi_19,4b0df959f964a520635323e3,2017-11-16T01:17:00,-1.0,14.0,0.0,14.9,,Clear,Tokyo
408895,20022,poi_20,4b0dfb40f964a5207c5323e3,2017-11-16T01:25:00,-1.0,14.0,0.0,14.9,,Clear,Tokyo
408895,20022,poi_21,4b0587a6f964a5203e9e22e3,2017-11-16T01:32:00,7.9,15.3,0.0,12.9,,Clear,Tokyo
408895,20022,poi_22,4b19f837f964a520a2e623e3,2017-11-16T13:01:00,6.9,9.5,0.0,11.2,,Partially cloudy,Tokyo
408895,20022,poi_23,4b0587a6f964a5203e9e22e3,2017-11-16T13:12:00,7.9,9.5,0.0,11.2,,Partially cloudy,Tokyo
408895,20022,poi_24,4b0dfb40f964a5207c5323e3,2017-11-16T13:22:00,-1.0,9.5,0.0,11.2,,Partially cloudy,Tokyo
408895,20022,poi_25,4b0df959f964a520635323e3,2017-11-16T13:33:00,-1.0,9.0,0.0,11.2,,Partially cloudy,Tokyo
408895,20022,poi_26,4b6fe241f964a520dcfe2ce3,2017-11-16T13:37:00,8.0,9.0,0.0,11.2,,Partially cloudy,Tokyo
408895,20022,poi_27,4b0587b1f964a52025a022e3,2017-11-16T19:10:00,8.4,7.6,0.0,3.8,,Partially cloudy,Tokyo
408899,20022,poi_1,4b0df959f964a520635323e3,2017-11-20T01:54:00,-1.0,8.0,0.0,7.4,,Overcast,Tokyo
408899,20022,poi_2,4b0dfb40f964a5207c5323e3,2017-11-20T02:03:00,-1.0,8.0,0.0,7.4,,Overcast,Tokyo
408899,20022,poi_3,4b0587a6f964a5203e9e22e3,2017-11-20T02:10:00,7.9,8.0,0.0,7.4,,Overcast,Tokyo
408899,20022,poi_4,4b19f837f964a520a2e623e3,2017-11-20T13:01:00,6.9,4.1,0.0,9.2,,Clear,Tokyo
408899,20022,poi_5,4b0587a6f964a5203e9e22e3,2017-11-20T13:15:00,7.9,4.1,0.0,9.2,,Clear,Tokyo
408899,20022,poi_6,4b0dfb40f964a5207c5323e3,2017-11-20T13:25:00,-1.0,4.1,0.0,9.2,,Clear,Tokyo
408899,20022,poi_7,4b0df959f964a520635323e3,2017-11-20T13:33:00,-1.0,4.7,0.0,9.3,,Clear,Tokyo
408899,20022,poi_8,4b6fe241f964a520dcfe2ce3,2017-11-20T13:37:00,8.0,4.7,0.0,9.3,,Clear,Tokyo
408899,20022,poi_9,4b0587b1f964a52025a022e3,2017-11-20T19:25:00,8.4,6.6,0.0,20.6,,Clear,Tokyo
408899,20022,poi_10,4b0df959f964a520635323e3,2017-11-21T02:23:00,-1.0,10.4,0.0,16.4,,Clear,Tokyo
408899,20022,poi_11,4b0dfb40f964a5207c5323e3,2017-11-21T02:31:00,-1.0,11.1,0.0,9.5,,Clear,Tokyo
408899,20022,poi_12,4b0587a6f964a5203e9e22e3,2017-11-21T02:38:00,7.9,11.1,0.0,9.5,,Clear,Tokyo
408899,20022,poi_13,4b19f837f964a520a2e623e3,2017-11-21T13:01:00,6.9,7.0,0.0,9.3,,Clear,Tokyo
408899,20022,poi_14,4b0587a6f964a5203e9e22e3,2017-11-21T13:11:00,7.9,7.0,0.0,9.3,,Clear,Tokyo
408899,20022,poi_15,4b0dfb40f964a5207c5323e3,2017-11-21T13:21:00,-1.0,7.0,0.0,9.3,,Clear,Tokyo
408899,20022,poi_16,4b0df959f964a520635323e3,2017-11-21T13:28:00,-1.0,7.0,0.0,9.3,,Clear,Tokyo
408899,20022,poi_17,4b6fe241f964a520dcfe2ce3,2017-11-21T13:33:00,8.0,5.1,0.0,3.8,,Clear,Tokyo
408899,20022,poi_18,4e24d1dc814dcc2663cb222a,2017-11-21T15:26:00,6.2,4.4,0.0,3.8,,Clear,Tokyo
408911,20022,poi_1,4b0df959f964a520635323e3,2017-12-06T01:28:00,-1.0,8.0,0.0,9.5,,Clear,Tokyo
408911,20022,poi_2,4b0dfb40f964a5207c5323e3,2017-12-06T01:38:00,-1.0,9.2,0.0,7.8,,Clear,Tokyo
408911,20022,poi_3,4b0587a6f964a5203e9e22e3,2017-12-06T01:44:00,7.9,9.2,0.0,7.8,,Clear,Tokyo
408911,20022,poi_4,4b19f917f964a520abe623e3,2017-12-06T01:53:00,7.8,9.2,0.0,7.8,,Clear,Tokyo
408911,20022,poi_5,4b55670ff964a52071e327e3,2017-12-06T01:56:00,8.5,9.2,0.0,7.8,,Clear,Tokyo
408911,20022,poi_6,4b5dcff1f964a520196d29e3,2017-12-06T02:19:00,8.8,9.2,0.0,7.8,,Clear,Tokyo
408911,20022,poi_7,4b19f917f964a520abe623e3,2017-12-06T03:07:00,7.8,10.2,0.0,9.4,,Clear,Tokyo
408911,20022,poi_8,4b19f837f964a520a2e623e3,2017-12-06T13:00:00,6.9,6.2,0.0,5.6,,Clear,Tokyo
408911,20022,poi_9,4b0587a6f964a5203e9e22e3,2017-12-06T13:11:00,7.9,6.2,0.0,5.6,,Clear,Tokyo
408911,20022,poi_10,4b0dfb40f964a5207c5323e3,2017-12-06T13:22:00,-1.0,6.2,0.0,5.6,,Clear,Tokyo
408911,20022,poi_11,4b0df959f964a520635323e3,2017-12-06T13:31:00,-1.0,6.0,0.0,7.6,,Clear,Tokyo
408911,20022,poi_12,4b6fe241f964a520dcfe2ce3,2017-12-06T13:35:00,8.0,6.0,0.0,7.6,,Clear,Tokyo
408915,20022,poi_1,4b19f837f964a520a2e623e3,2017-12-10T13:01:00,6.9,6.4,0.0,8.3,,Clear,Tokyo
408915,20022,poi_2,4b0587a6f964a5203e9e22e3,2017-12-10T13:11:00,7.9,6.4,0.0,8.3,,Clear,Tokyo
408915,20022,poi_3,4b0dfb40f964a5207c5323e3,2017-12-10T13:22:00,-1.0,6.4,0.0,8.3,,Clear,Tokyo
408915,20022,poi_4,4b0df959f964a520635323e3,2017-12-10T13:29:00,-1.0,6.4,0.0,8.3,,Clear,Tokyo
408915,20022,poi_5,4b6fe241f964a520dcfe2ce3,2017-12-10T13:33:00,8.0,5.6,0.0,4.1,,Clear,Tokyo
408915,20022,poi_6,4b0587b1f964a52025a022e3,2017-12-10T19:39:00,8.4,6.9,0.0,9.7,,Clear,Tokyo
408915,20022,poi_7,4b0df959f964a520635323e3,2017-12-11T01:12:00,-1.0,10.0,0.0,8.0,,Clear,Tokyo
408915,20022,poi_8,4b0dfb40f964a5207c5323e3,2017-12-11T01:21:00,-1.0,10.0,0.0,8.0,,Clear,Tokyo
408915,20022,poi_9,4b0587a6f964a5203e9e22e3,2017-12-11T01:28:00,7.9,10.0,0.0,8.0,,Clear,Tokyo
408915,20022,poi_10,4b19f837f964a520a2e623e3,2017-12-11T13:01:00,6.9,9.1,0.0,17.4,,Clear,Tokyo
408915,20022,poi_11,4b0587a6f964a5203e9e22e3,2017-12-11T13:11:00,7.9,9.1,0.0,17.4,,Clear,Tokyo
408915,20022,poi_12,4b0dfb40f964a5207c5323e3,2017-12-11T13:22:00,-1.0,9.1,0.0,17.4,,Clear,Tokyo
408915,20022,poi_13,4b0df959f964a520635323e3,2017-12-11T13:29:00,-1.0,9.1,0.0,17.4,,Clear,Tokyo
408915,20022,poi_14,4b6fe241f964a520dcfe2ce3,2017-12-11T13:34:00,8.0,8.5,0.0,21.2,,Clear,Tokyo
408915,20022,poi_15,5170b506e4b08e115b49457f,2017-12-11T17:58:00,-1.0,5.4,0.0,17.0,,Clear,Tokyo
408915,20022,poi_16,4bb08f7ef964a520fd4b3ce3,2017-12-11T21:48:00,5.7,4.2,0.0,15.0,,Clear,Tokyo
408915,20022,poi_17,4b0df959f964a520635323e3,2017-12-12T01:05:00,-1.0,8.6,0.0,14.9,,Clear,Tokyo
408915,20022,poi_18,4b0dfb40f964a5207c5323e3,2017-12-12T01:13:00,-1.0,8.6,0.0,14.9,,Clear,Tokyo
408915,20022,poi_19,4b0587a6f964a5203e9e22e3,2017-12-12T01:20:00,7.9,8.6,0.0,14.9,,Clear,Tokyo
408915,20022,poi_20,4b19f837f964a520a2e623e3,2017-12-12T13:01:00,6.9,4.9,0.0,7.6,,Clear,Tokyo
408915,20022,poi_21,4b0587a6f964a5203e9e22e3,2017-12-12T13:11:00,7.9,4.9,0.0,7.6,,Clear,Tokyo
408915,20022,poi_22,4b0dfb40f964a5207c5323e3,2017-12-12T13:21:00,-1.0,4.9,0.0,7.6,,Clear,Tokyo
408915,20022,poi_23,4b0df959f964a520635323e3,2017-12-12T13:29:00,-1.0,4.9,0.0,7.6,,Clear,Tokyo
408915,20022,poi_24,4b6fe241f964a520dcfe2ce3,2017-12-12T13:34:00,8.0,4.9,0.0,7.6,,Clear,Tokyo
408915,20022,poi_25,4bcadf31fb84c9b6aedf1d3e,2017-12-12T19:11:00,7.8,3.8,0.0,12.9,,Clear,Tokyo
408915,20022,poi_26,4b0df959f964a520635323e3,2017-12-13T01:13:00,-1.0,7.9,0.0,7.7,,Clear,Tokyo
408915,20022,poi_27,4b0dfb78f964a520815323e3,2017-12-13T01:25:00,-1.0,7.9,0.0,7.7,,Clear,Tokyo
408915,20022,poi_28,4b0b90e1f964a5204d3223e3,2017-12-13T01:29:00,5.7,7.9,0.0,7.7,,Clear,Tokyo
408915,20022,poi_29,4b19f917f964a520abe623e3,2017-12-13T01:35:00,7.8,8.9,0.0,7.6,,Clear,Tokyo
408915,20022,poi_30,4b55670ff964a52071e327e3,2017-12-13T01:39:00,8.5,8.9,0.0,7.6,,Clear,Tokyo
408915,20022,poi_31,4b9c67e8f964a520546636e3,2017-12-13T01:44:00,6.6,8.9,0.0,7.6,,Clear,Tokyo
408915,20022,poi_32,4b19f917f964a520abe623e3,2017-12-13T02:01:00,7.8,8.9,0.0,7.6,,Clear,Tokyo
408915,20022,poi_33,4b19f837f964a520a2e623e3,2017-12-13T02:06:00,6.9,8.9,0.0,7.6,,Clear,Tokyo
408915,20022,poi_34,4b0587a6f964a5203e9e22e3,2017-12-13T13:11:00,7.9,4.3,0.0,9.4,,Clear,Tokyo
408915,20022,poi_35,4b0dfb40f964a5207c5323e3,2017-12-13T13:21:00,-1.0,4.3,0.0,9.4,,Clear,Tokyo
408915,20022,poi_36,4b0df959f964a520635323e3,2017-12-13T13:29:00,-1.0,4.3,0.0,9.4,,Clear,Tokyo
408915,20022,poi_37,4b6fe241f964a520dcfe2ce3,2017-12-13T13:33:00,8.0,3.6,0.0,9.5,,Clear,Tokyo
408915,20022,poi_38,4bb08f7ef964a520fd4b3ce3,2017-12-13T20:59:00,5.7,2.2,0.0,11.4,,Clear,Tokyo
408915,20022,poi_39,4b0df959f964a520635323e3,2017-12-14T01:57:00,-1.0,8.4,0.0,33.3,,Clear,Tokyo
408915,20022,poi_40,4b0dfb40f964a5207c5323e3,2017-12-14T02:06:00,-1.0,8.4,0.0,33.3,,Clear,Tokyo
408915,20022,poi_41,4b0587a6f964a5203e9e22e3,2017-12-14T02:12:00,7.9,8.4,0.0,33.3,,Clear,Tokyo
408917,20022,poi_1,4b19f837f964a520a2e623e3,2017-12-17T13:01:00,6.9,3.9,0.0,11.2,,Clear,Tokyo
408917,20022,poi_2,4b0587a6f964a5203e9e22e3,2017-12-17T13:11:00,7.9,3.9,0.0,11.2,,Clear,Tokyo
408917,20022,poi_3,4b0dfb40f964a5207c5323e3,2017-12-17T13:23:00,-1.0,3.9,0.0,11.2,,Clear,Tokyo
408917,20022,poi_4,4b0df959f964a520635323e3,2017-12-17T13:32:00,-1.0,3.6,0.0,9.4,,Clear,Tokyo
408917,20022,poi_5,4b6fe241f964a520dcfe2ce3,2017-12-17T13:37:00,8.0,3.6,0.0,9.4,,Clear,Tokyo
408917,20022,poi_6,5170b506e4b08e115b49457f,2017-12-17T18:32:00,-1.0,1.8,0.0,5.5,,Partially cloudy,Tokyo
408917,20022,poi_7,4b0df959f964a520635323e3,2017-12-18T00:57:00,-1.0,5.3,0.0,5.3,,Partially cloudy,Tokyo
408917,20022,poi_8,4b0dfb40f964a5207c5323e3,2017-12-18T01:08:00,-1.0,5.3,0.0,5.3,,Partially cloudy,Tokyo
408917,20022,poi_9,4b0587a6f964a5203e9e22e3,2017-12-18T01:15:00,7.9,5.3,0.0,5.3,,Partially cloudy,Tokyo
408917,20022,poi_10,4b19f837f964a520a2e623e3,2017-12-18T13:01:00,6.9,4.7,0.0,7.7,,Clear,Tokyo
408917,20022,poi_11,4b0587a6f964a5203e9e22e3,2017-12-18T13:11:00,7.9,4.7,0.0,7.7,,Clear,Tokyo
408917,20022,poi_12,4b0dfb40f964a5207c5323e3,2017-12-18T13:21:00,-1.0,4.7,0.0,7.7,,Clear,Tokyo
408917,20022,poi_13,4b0df959f964a520635323e3,2017-12-18T13:30:00,-1.0,4.7,0.0,7.7,,Clear,Tokyo
408917,20022,poi_14,4b6fe241f964a520dcfe2ce3,2017-12-18T13:34:00,8.0,4.2,0.0,9.4,,Clear,Tokyo
408918,20022,poi_1,4b0df959f964a520635323e3,2017-12-19T01:24:00,-1.0,8.6,0.0,9.2,,Clear,Tokyo
408918,20022,poi_2,4b0dfb40f964a5207c5323e3,2017-12-19T01:33:00,-1.0,10.1,0.0,12.8,,Clear,Tokyo
408918,20022,poi_3,4b0587a6f964a5203e9e22e3,2017-12-19T01:39:00,7.9,10.1,0.0,12.8,,Clear,Tokyo
408918,20022,poi_4,4b19f837f964a520a2e623e3,2017-12-19T12:53:00,6.9,6.2,0.0,11.5,,Clear,Tokyo
408918,20022,poi_5,4b0587a6f964a5203e9e22e3,2017-12-19T13:06:00,7.9,6.2,0.0,11.5,,Clear,Tokyo
408918,20022,poi_6,4b0dfb40f964a5207c5323e3,2017-12-19T13:17:00,-1.0,6.2,0.0,11.5,,Clear,Tokyo
408918,20022,poi_7,4b0df959f964a520635323e3,2017-12-19T13:26:00,-1.0,6.2,0.0,11.5,,Clear,Tokyo
408918,20022,poi_8,4b6fe241f964a520dcfe2ce3,2017-12-19T13:31:00,8.0,5.4,0.0,14.7,,Clear,Tokyo
408918,20022,poi_9,4b0587b1f964a52025a022e3,2017-12-19T20:15:00,8.4,3.6,0.0,7.7,,Partially cloudy,Tokyo
408918,20022,poi_10,4b0df959f964a520635323e3,2017-12-20T01:36:00,-1.0,8.0,0.0,5.4,,Clear,Tokyo
408918,20022,poi_11,4b0dfb40f964a5207c5323e3,2017-12-20T01:47:00,-1.0,8.0,0.0,5.4,,Clear,Tokyo
408918,20022,poi_12,4b0587a6f964a5203e9e22e3,2017-12-20T01:54:00,7.9,8.0,0.0,5.4,,Clear,Tokyo
408918,20022,poi_13,4b19f837f964a520a2e623e3,2017-12-20T12:53:00,6.9,5.8,0.0,7.6,,Clear,Tokyo
408918,20022,poi_14,4b0587a6f964a5203e9e22e3,2017-12-20T13:06:00,7.9,5.8,0.0,7.6,,Clear,Tokyo
408918,20022,poi_15,4b0dfb40f964a5207c5323e3,2017-12-20T13:17:00,-1.0,5.8,0.0,7.6,,Clear,Tokyo
408918,20022,poi_16,4b0df959f964a520635323e3,2017-12-20T13:25:00,-1.0,5.8,0.0,7.6,,Clear,Tokyo
408918,20022,poi_17,4b6fe241f964a520dcfe2ce3,2017-12-20T13:32:00,8.0,5.1,0.0,7.6,,Clear,Tokyo
418746,20473,poi_1,4b91cbbbf964a52008d833e3,2017-10-03T13:50:00,5.6,19.7,0.0,11.4,,Overcast,Tokyo
418746,20473,poi_2,4b67a5c4f964a52069592be3,2017-10-03T13:58:00,7.0,19.7,0.0,11.4,,Overcast,Tokyo
418746,20473,poi_3,4b6c0307f964a5208c1f2ce3,2017-10-03T23:58:00,6.5,17.9,0.0,11.3,,Overcast,Tokyo
418746,20473,poi_4,4b91cbbbf964a52008d833e3,2017-10-04T13:50:00,5.6,15.6,0.0,11.2,,Partially cloudy,Tokyo
418746,20473,poi_5,4b67a5c4f964a52069592be3,2017-10-04T14:02:00,7.0,15.6,0.0,11.2,,Partially cloudy,Tokyo
418746,20473,poi_6,4b6c0307f964a5208c1f2ce3,2017-10-05T00:48:00,6.5,17.9,0.0,11.1,,Partially cloudy,Tokyo
418746,20473,poi_7,4b91cbbbf964a52008d833e3,2017-10-05T13:50:00,5.6,16.2,0.0,5.6,,Overcast,Tokyo
418746,20473,poi_8,4b67a5c4f964a52069592be3,2017-10-05T13:58:00,7.0,16.2,0.0,5.6,,Overcast,Tokyo
418746,20473,poi_9,4b6c0307f964a5208c1f2ce3,2017-10-06T19:43:00,6.5,15.4,0.0,16.9,,Overcast,Tokyo
418746,20473,poi_10,5025ef85e4b063baa09c06df,2017-10-06T19:57:00,7.3,15.4,0.0,16.9,,Overcast,Tokyo
418746,20473,poi_11,4b6c0307f964a5208c1f2ce3,2017-10-06T20:12:00,6.5,15.4,0.0,16.9,,Overcast,Tokyo
418746,20473,poi_12,4becaea60ddaa5936df11dc3,2017-10-07T21:59:00,8.0,18.8,0.0,3.7,,Overcast,Tokyo
418746,20473,poi_13,4b73c26df964a520e3ba2de3,2017-10-07T22:32:00,8.0,19.6,0.0,7.5,,Partially cloudy,Tokyo
418746,20473,poi_14,4c293995ed0ac9b6b68161aa,2017-10-08T01:41:00,5.7,23.8,0.0,5.6,,Partially cloudy,Tokyo
418746,20473,poi_15,4becaea60ddaa5936df11dc3,2017-10-08T05:22:00,8.0,25.1,0.0,9.6,,Overcast,Tokyo
418746,20473,poi_16,4b3836cef964a520e64c25e3,2017-10-08T21:05:00,5.2,16.6,0.0,3.7,,Clear,Tokyo
418746,20473,poi_17,4b6267cdf964a52036462ae3,2017-10-08T21:09:00,5.3,16.6,0.0,3.7,,Clear,Tokyo
418746,20473,poi_18,4b6f582ef964a52067ec2ce3,2017-10-09T01:49:00,5.3,23.8,0.0,3.7,,Clear,Tokyo
418746,20473,poi_19,4fa3574a121df8dabaf60d8b,2017-10-09T01:55:00,6.2,23.8,0.0,3.7,,Clear,Tokyo
418746,20473,poi_20,4b91cbbbf964a52008d833e3,2017-10-09T13:50:00,5.6,20.7,0.0,3.9,,Partially cloudy,Tokyo
418746,20473,poi_21,4b67a5c4f964a52069592be3,2017-10-09T13:57:00,7.0,20.7,0.0,3.9,,Partially cloudy,Tokyo
418746,20473,poi_22,4b91cbbbf964a52008d833e3,2017-10-10T13:50:00,5.6,21.1,0.0,3.6,,Clear,Tokyo
418746,20473,poi_23,4b67a5c4f964a52069592be3,2017-10-10T13:59:00,7.0,21.1,0.0,3.6,,Clear,Tokyo
418746,20473,poi_24,4b6c0307f964a5208c1f2ce3,2017-10-11T00:43:00,6.5,22.6,0.0,5.6,,Overcast,Tokyo
418746,20473,poi_25,4b91cbbbf964a52008d833e3,2017-10-11T13:50:00,5.6,20.6,0.0,5.4,,Overcast,Tokyo
418746,20473,poi_26,4b67a5c4f964a52069592be3,2017-10-11T13:57:00,7.0,20.6,0.0,5.4,,Overcast,Tokyo
418746,20473,poi_27,4b6c0307f964a5208c1f2ce3,2017-10-12T00:09:00,6.5,23.9,0.0,3.8,,Partially cloudy,Tokyo
418746,20473,poi_28,5025ef85e4b063baa09c06df,2017-10-12T00:16:00,7.3,23.9,0.0,3.8,,Partially cloudy,Tokyo
418746,20473,poi_29,4b5aa9d9f964a520edcf28e3,2017-10-12T00:35:00,8.4,26.1,0.0,5.5,,Clear,Tokyo
418746,20473,poi_30,4b6c0307f964a5208c1f2ce3,2017-10-12T00:52:00,6.5,26.1,0.0,5.5,,Clear,Tokyo
418746,20473,poi_31,4b91cbbbf964a52008d833e3,2017-10-12T13:50:00,5.6,20.4,0.0,9.6,,Overcast,Tokyo
418746,20473,poi_32,4b67a5c4f964a52069592be3,2017-10-12T14:01:00,7.0,20.4,0.0,9.6,,Overcast,Tokyo
418746,20473,poi_33,4b716198f964a520ca432de3,2017-10-13T00:35:00,5.2,15.2,0.0,14.7,,Overcast,Tokyo
418746,20473,poi_34,4fa3574a121df8dabaf60d8b,2017-10-13T00:51:00,6.2,15.2,0.0,14.7,,Overcast,Tokyo
418746,20473,poi_35,4b612ca0f964a520fa0b2ae3,2017-10-13T01:13:00,8.3,15.2,0.0,14.7,,Overcast,Tokyo
418746,20473,poi_36,4b5aee19f964a520c9da28e3,2017-10-13T01:39:00,6.7,15.4,0.0,16.4,,Overcast,Tokyo
418746,20473,poi_37,4b6c0307f964a5208c1f2ce3,2017-10-13T18:41:00,6.5,14.2,0.0,7.6,,Overcast,Tokyo
418746,20473,poi_38,4b62a048f964a520454d2ae3,2017-10-13T23:41:00,6.7,14.2,10.819,9.5,rain,"Rain, Overcast",Tokyo
418746,20473,poi_39,4b641c3df964a5208c9f2ae3,2017-10-14T17:09:00,6.5,15.7,0.0,5.5,,Overcast,Tokyo
418746,20473,poi_40,4b5a4723f964a5209eb928e3,2017-10-15T00:12:00,6.4,15.6,4.032,5.5,rain,"Rain, Overcast",Tokyo
418746,20473,poi_41,4ec0d5979911a2ec5c6cdda6,2017-10-15T00:14:00,6.1,15.6,4.032,5.5,rain,"Rain, Overcast",Tokyo
418750,20473,poi_1,4b91cbbbf964a52008d833e3,2017-10-19T13:50:00,5.6,11.6,0.0,9.8,,Overcast,Tokyo
418750,20473,poi_2,4b67a5c4f964a52069592be3,2017-10-19T13:57:00,7.0,11.6,0.0,9.8,,Overcast,Tokyo
418750,20473,poi_3,4b91cbbbf964a52008d833e3,2017-10-20T03:26:00,5.6,14.7,0.0,13.2,,Overcast,Tokyo
418750,20473,poi_4,4cb139ed562d224bf38b1d88,2017-10-20T18:37:00,5.3,15.4,0.002,5.7,rain,"Rain, Overcast",Tokyo
418750,20473,poi_5,4b6f582ef964a52067ec2ce3,2017-10-21T03:13:00,5.3,16.7,0.005,9.5,rain,"Rain, Overcast",Tokyo
418750,20473,poi_6,4ec0d5979911a2ec5c6cdda6,2017-10-22T12:56:00,6.1,16.9,0.041,18.4,rain,"Rain, Overcast",Tokyo
418750,20473,poi_7,4b67a5c4f964a52069592be3,2017-10-22T13:20:00,7.0,16.9,0.041,18.4,rain,"Rain, Overcast",Tokyo
418750,20473,poi_8,4b6c0307f964a5208c1f2ce3,2017-10-23T02:56:00,6.5,21.9,0.0,44.1,,Clear,Tokyo
418750,20473,poi_9,4ec0d5979911a2ec5c6cdda6,2017-10-23T13:35:00,6.1,15.6,0.0,16.3,,Partially cloudy,Tokyo
418750,20473,poi_10,4b67a5c4f964a52069592be3,2017-10-23T14:02:00,7.0,15.6,0.0,16.3,,Partially cloudy,Tokyo
418750,20473,poi_11,4ec0d5979911a2ec5c6cdda6,2017-10-24T02:26:00,6.1,17.3,0.0,9.3,,Overcast,Tokyo
418756,20473,poi_1,4ec0d5979911a2ec5c6cdda6,2017-11-04T21:11:00,6.1,10.3,0.0,10.8,,Clear,Tokyo
418756,20473,poi_2,4b669d8af964a52097252be3,2017-11-04T21:47:00,-1.0,11.0,0.0,7.9,,Clear,Tokyo
418756,20473,poi_3,4b8098e5f964a520e37f30e3,2017-11-04T23:47:00,-1.0,14.1,0.0,14.8,,Clear,Tokyo
418756,20473,poi_4,59f2e936419a9e34fc58f6cc,2017-11-04T23:57:00,7.5,14.1,0.0,14.8,,Clear,Tokyo
418756,20473,poi_5,4ba9747ff964a5203c283ae3,2017-11-05T01:04:00,5.4,15.6,0.0,12.9,,Clear,Tokyo
418756,20473,poi_6,4b716198f964a520ca432de3,2017-11-05T01:13:00,5.2,15.6,0.0,12.9,,Clear,Tokyo
418756,20473,poi_7,4b91cbbbf964a52008d833e3,2017-11-05T13:50:00,5.6,11.1,0.0,5.6,,Clear,Tokyo
418756,20473,poi_8,4b67a5c4f964a52069592be3,2017-11-05T13:57:00,7.0,11.1,0.0,5.6,,Clear,Tokyo
418756,20473,poi_9,4ec0d5979911a2ec5c6cdda6,2017-11-06T05:34:00,6.1,18.7,0.0,11.2,,Clear,Tokyo
418756,20473,poi_10,4b91cbbbf964a52008d833e3,2017-11-06T13:50:00,5.6,12.6,0.0,7.5,,Clear,Tokyo
418756,20473,poi_11,4b67a5c4f964a52069592be3,2017-11-06T13:57:00,7.0,12.6,0.0,7.5,,Clear,Tokyo
418756,20473,poi_12,4b91cbbbf964a52008d833e3,2017-11-07T00:27:00,5.6,14.1,0.0,9.1,,Clear,Tokyo
418756,20473,poi_13,4b5aa198f964a520b3ce28e3,2017-11-07T00:33:00,8.8,15.7,0.0,3.5,,Clear,Tokyo
418756,20473,poi_14,4b91cbbbf964a52008d833e3,2017-11-07T00:45:00,5.6,15.7,0.0,3.5,,Clear,Tokyo
418756,20473,poi_15,4becaea60ddaa5936df11dc3,2017-11-07T01:13:00,8.0,15.7,0.0,3.5,,Clear,Tokyo
418756,20473,poi_16,4b73c26df964a520e3ba2de3,2017-11-07T01:28:00,8.0,15.7,0.0,3.5,,Clear,Tokyo
418756,20473,poi_17,4c293995ed0ac9b6b68161aa,2017-11-07T01:50:00,5.7,18.4,0.0,1.9,,Clear,Tokyo
418756,20473,poi_18,4becaea60ddaa5936df11dc3,2017-11-07T04:38:00,8.0,21.2,0.0,7.7,,Clear,Tokyo
418756,20473,poi_19,4ec0d5979911a2ec5c6cdda6,2017-11-07T13:36:00,6.1,14.7,0.0,9.5,,Clear,Tokyo
418756,20473,poi_20,4b67a5c4f964a52069592be3,2017-11-07T14:00:00,7.0,14.7,0.0,9.5,,Clear,Tokyo
418756,20473,poi_21,4b6c0307f964a5208c1f2ce3,2017-11-08T00:17:00,6.5,14.0,0.014,6.0,rain,"Rain, Overcast",Tokyo
418756,20473,poi_22,4b91cbbbf964a52008d833e3,2017-11-08T13:50:00,5.6,12.7,0.0,9.3,,Clear,Tokyo
418756,20473,poi_23,4b67a5c4f964a52069592be3,2017-11-08T13:59:00,7.0,12.7,0.0,9.3,,Clear,Tokyo
418758,20473,poi_1,4b91cbbbf964a52008d833e3,2017-11-09T13:50:00,5.6,12.3,0.0,12.7,,Clear,Tokyo
418758,20473,poi_2,4b67a5c4f964a52069592be3,2017-11-09T13:57:00,7.0,12.3,0.0,12.7,,Clear,Tokyo
418758,20473,poi_3,4b6c0307f964a5208c1f2ce3,2017-11-10T00:12:00,6.5,12.7,0.0,5.5,,Partially cloudy,Tokyo
418758,20473,poi_4,4ec0d5979911a2ec5c6cdda6,2017-11-10T19:45:00,6.1,17.7,0.0,18.8,,Partially cloudy,Tokyo
418758,20473,poi_5,4e99bbd6e5e8dffcaeb36897,2017-11-10T19:55:00,5.4,17.7,0.0,18.8,,Partially cloudy,Tokyo
418758,20473,poi_6,4b823278f964a520f0cc30e3,2017-11-10T21:34:00,-1.0,18.8,0.0,18.7,,Partially cloudy,Tokyo
418758,20473,poi_7,4b6e5c29f964a5201aba2ce3,2017-11-10T21:37:00,-1.0,18.8,0.0,18.7,,Partially cloudy,Tokyo
418758,20473,poi_8,4b698ab2f964a520aba62be3,2017-11-10T23:30:00,-1.0,19.3,0.0,18.8,,Partially cloudy,Tokyo
418758,20473,poi_9,4b6e3e46f964a520e2b32ce3,2017-11-11T01:13:00,5.7,17.9,0.0,11.5,,Partially cloudy,Tokyo
418758,20473,poi_10,4b7481e1f964a520bde02de3,2017-11-11T01:18:00,-1.0,17.9,0.0,11.5,,Partially cloudy,Tokyo
418758,20473,poi_11,4b5cda0ef964a5205f4729e3,2017-11-11T02:26:00,-1.0,20.0,0.0,14.8,,Partially cloudy,Tokyo
418758,20473,poi_12,4b3166f9f964a520400625e3,2017-11-11T02:39:00,-1.0,19.6,0.0,11.4,,Partially cloudy,Tokyo
418758,20473,poi_13,4b5cda0ef964a5205f4729e3,2017-11-11T02:59:00,-1.0,19.6,0.0,11.4,,Partially cloudy,Tokyo
418758,20473,poi_14,4b70ec05f964a52057342de3,2017-11-11T03:16:00,-1.0,19.6,0.0,11.4,,Partially cloudy,Tokyo
418758,20473,poi_15,4b96c2e6f964a520d9e234e3,2017-11-11T03:19:00,-1.0,19.6,0.0,11.4,,Partially cloudy,Tokyo
418758,20473,poi_16,4bf81aea4a67c92841c324cf,2017-11-11T03:31:00,-1.0,19.1,0.0,15.0,,Partially cloudy,Tokyo
418758,20473,poi_17,4b7e9bbbf964a5202df52fe3,2017-11-11T03:54:00,-1.0,19.1,0.0,15.0,,Partially cloudy,Tokyo
418758,20473,poi_18,5359cf4a498e5c4bed4b17bc,2017-11-11T03:55:00,-1.0,19.1,0.0,15.0,,Partially cloudy,Tokyo
418758,20473,poi_19,4b87392af964a52038b731e3,2017-11-11T04:05:00,-1.0,19.1,0.0,15.0,,Partially cloudy,Tokyo
418758,20473,poi_20,4c4008dacc410f471418a961,2017-11-11T04:16:00,-1.0,19.1,0.0,15.0,,Partially cloudy,Tokyo
418758,20473,poi_21,4b572499f964a5200e2828e3,2017-11-11T04:28:00,-1.0,19.1,0.0,15.0,,Partially cloudy,Tokyo
418758,20473,poi_22,4b7b9edbf964a520f4682fe3,2017-11-11T04:47:00,-1.0,18.7,0.0,11.5,,Partially cloudy,Tokyo
418758,20473,poi_23,4e936240d5fbb6eb8ebccbd6,2017-11-11T04:49:00,4.7,18.7,0.0,11.5,,Partially cloudy,Tokyo
418758,20473,poi_24,4ec0d5979911a2ec5c6cdda6,2017-11-11T05:00:00,6.1,18.7,0.0,11.5,,Partially cloudy,Tokyo
418760,20473,poi_1,4b91cbbbf964a52008d833e3,2017-11-12T13:50:00,5.6,11.2,0.0,9.3,,Partially cloudy,Tokyo
418760,20473,poi_2,4b67a5c4f964a52069592be3,2017-11-12T13:57:00,7.0,11.2,0.0,9.3,,Partially cloudy,Tokyo
418760,20473,poi_3,4b6c0307f964a5208c1f2ce3,2017-11-13T04:13:00,6.5,15.1,0.0,7.5,,Clear,Tokyo
418760,20473,poi_4,4b91cbbbf964a52008d833e3,2017-11-13T13:50:00,5.6,10.9,0.0,1.9,,Partially cloudy,Tokyo
418760,20473,poi_5,4b67a5c4f964a52069592be3,2017-11-13T13:57:00,7.0,10.9,0.0,1.9,,Partially cloudy,Tokyo
418760,20473,poi_6,4b91cbbbf964a52008d833e3,2017-11-14T13:52:00,5.6,10.7,0.0,3.7,,Clear,Tokyo
418760,20473,poi_7,4b67a5c4f964a52069592be3,2017-11-14T14:00:00,7.0,10.7,0.0,3.7,,Clear,Tokyo
418760,20473,poi_8,4b6c0307f964a5208c1f2ce3,2017-11-15T00:11:00,6.5,12.5,0.0,12.9,,Partially cloudy,Tokyo
418760,20473,poi_9,4b91cbbbf964a52008d833e3,2017-11-15T13:50:00,5.6,12.3,0.0,5.7,,Partially cloudy,Tokyo
418760,20473,poi_10,4b67a5c4f964a52069592be3,2017-11-15T13:57:00,7.0,12.3,0.0,5.7,,Partially cloudy,Tokyo
418760,20473,poi_11,4b6c0307f964a5208c1f2ce3,2017-11-15T23:59:00,6.5,12.9,0.0,13.1,,Clear,Tokyo
418764,20473,poi_1,4b67a5c4f964a52069592be3,2017-11-21T04:09:00,7.0,11.5,0.0,9.5,,Clear,Tokyo
418764,20473,poi_2,4b6c0307f964a5208c1f2ce3,2017-11-21T04:11:00,6.5,11.5,0.0,9.5,,Clear,Tokyo
418764,20473,poi_3,4b91cbbbf964a52008d833e3,2017-11-21T13:50:00,5.6,5.1,0.0,3.8,,Clear,Tokyo
418764,20473,poi_4,4b67a5c4f964a52069592be3,2017-11-21T13:57:00,7.0,5.1,0.0,3.8,,Clear,Tokyo
418764,20473,poi_5,4ec0d5979911a2ec5c6cdda6,2017-11-22T04:01:00,6.1,10.4,0.0,5.3,,Overcast,Tokyo
418764,20473,poi_6,4b91cbbbf964a52008d833e3,2017-11-23T13:50:00,5.6,8.9,0.0,9.5,,Clear,Tokyo
418764,20473,poi_7,4b67a5c4f964a52069592be3,2017-11-23T13:57:00,7.0,8.9,0.0,9.5,,Clear,Tokyo
418764,20473,poi_8,4b6c0307f964a5208c1f2ce3,2017-11-23T23:58:00,6.5,10.8,0.0,3.7,,Partially cloudy,Tokyo
418764,20473,poi_9,4c4d2eef4237be9ab09e8b13,2017-11-24T00:17:00,-1.0,10.8,0.0,3.7,,Partially cloudy,Tokyo
418764,20473,poi_10,4fa3574a121df8dabaf60d8b,2017-11-24T20:41:00,6.2,3.9,0.0,3.7,,Clear,Tokyo
418764,20473,poi_11,592ef696b1538e78d4872542,2017-11-24T20:47:00,7.4,3.9,0.0,3.7,,Clear,Tokyo
418764,20473,poi_12,4fa3574a121df8dabaf60d8b,2017-11-25T01:14:00,6.2,11.2,0.0,9.1,,Clear,Tokyo
418777,20473,poi_1,4ec0d5979911a2ec5c6cdda6,2017-12-15T22:35:00,6.1,5.3,0.0,5.4,,Clear,Tokyo
418777,20473,poi_2,4b22504cf964a520704524e3,2017-12-15T22:46:00,5.6,5.3,0.0,5.4,,Clear,Tokyo
418777,20473,poi_3,4b243a7df964a520356424e3,2017-12-15T23:07:00,6.5,5.3,0.0,5.4,,Clear,Tokyo
418777,20473,poi_4,4b63f1c5f964a52033982ae3,2017-12-15T23:54:00,7.8,7.1,0.0,3.5,,Partially cloudy,Tokyo
418777,20473,poi_5,4b678b3bf964a52090542be3,2017-12-16T00:20:00,6.4,7.1,0.0,3.5,,Partially cloudy,Tokyo
418777,20473,poi_6,4b98bfb9f964a520084e35e3,2017-12-16T21:53:00,6.1,6.1,0.0,20.6,,Clear,Tokyo
418777,20473,poi_7,4fa3574a121df8dabaf60d8b,2017-12-17T02:14:00,6.2,8.5,0.0,18.8,,Clear,Tokyo
418777,20473,poi_8,4b91cbbbf964a52008d833e3,2017-12-17T13:50:00,5.6,3.6,0.0,9.4,,Clear,Tokyo
418777,20473,poi_9,4b67a5c4f964a52069592be3,2017-12-17T13:57:00,7.0,3.6,0.0,9.4,,Clear,Tokyo
418777,20473,poi_10,4b6c0307f964a5208c1f2ce3,2017-12-18T04:30:00,6.5,8.8,0.0,9.2,,Clear,Tokyo
418777,20473,poi_11,4b91cbbbf964a52008d833e3,2017-12-18T13:50:00,5.6,4.2,0.0,9.4,,Clear,Tokyo
418777,20473,poi_12,4b67a5c4f964a52069592be3,2017-12-18T14:01:00,7.0,4.2,0.0,9.4,,Clear,Tokyo
418777,20473,poi_13,4b91cbbbf964a52008d833e3,2017-12-19T13:50:00,5.6,5.4,0.0,14.7,,Clear,Tokyo
418777,20473,poi_14,4b67a5c4f964a52069592be3,2017-12-19T13:57:00,7.0,5.4,0.0,14.7,,Clear,Tokyo
418777,20473,poi_15,4ec0d5979911a2ec5c6cdda6,2017-12-20T05:30:00,6.1,9.4,0.0,7.4,,Partially cloudy,Tokyo
418777,20473,poi_16,4b91cbbbf964a52008d833e3,2017-12-20T13:51:00,5.6,5.1,0.0,7.6,,Clear,Tokyo
418777,20473,poi_17,4b67a5c4f964a52069592be3,2017-12-20T13:57:00,7.0,5.1,0.0,7.6,,Clear,Tokyo
418777,20473,poi_18,4b6c0307f964a5208c1f2ce3,2017-12-21T13:54:00,6.5,5.3,0.0,5.5,,Clear,Tokyo
418777,20473,poi_19,4b67a5c4f964a52069592be3,2017-12-21T14:02:00,7.0,5.3,0.0,5.5,,Clear,Tokyo
418777,20473,poi_20,4b62a048f964a520454d2ae3,2017-12-22T02:29:00,6.7,7.6,0.0,5.3,,Clear,Tokyo
418777,20473,poi_21,4b59997ff964a520468e28e3,2017-12-22T02:33:00,-1.0,9.1,0.0,3.7,,Partially cloudy,Tokyo
418777,20473,poi_22,4b62a048f964a520454d2ae3,2017-12-22T02:53:00,6.7,9.1,0.0,3.7,,Partially cloudy,Tokyo
439523,21517,poi_1,4b545885f964a5202eb827e3,2017-10-06T00:36:00,6.6,17.6,0.0,9.5,,Overcast,Tokyo
439523,21517,poi_2,4cec9db113aea143694c629f,2017-10-09T02:17:00,5.9,23.8,0.0,3.7,,Clear,Tokyo
439523,21517,poi_3,4b4e91abf964a520aef126e3,2017-10-12T19:09:00,8.0,18.2,0.0,16.6,,Overcast,Tokyo
439523,21517,poi_4,4b545885f964a5202eb827e3,2017-10-13T00:29:00,6.6,15.2,0.017,11.2,rain,"Rain, Overcast",Tokyo
439523,21517,poi_5,4b093eeff964a520e51423e3,2017-10-13T00:56:00,6.7,15.2,0.0,14.7,,Overcast,Tokyo
439523,21517,poi_6,4b5ac819f964a52060d428e3,2017-10-13T01:15:00,7.8,15.2,0.0,14.7,,Overcast,Tokyo
439523,21517,poi_7,4fc1adc6e4b06229f98579a4,2017-10-13T05:03:00,-1.0,15.1,0.0,11.2,,Overcast,Tokyo
439523,21517,poi_8,4b093eeff964a520e51423e3,2017-10-13T05:48:00,6.7,15.4,2.108,9.4,rain,"Rain, Overcast",Tokyo
439523,21517,poi_9,4b4122c2f964a520d6c125e3,2017-10-13T06:08:00,-1.0,15.4,2.108,9.4,rain,"Rain, Overcast",Tokyo
439523,21517,poi_10,4b093eeff964a520e51423e3,2017-10-13T21:18:00,6.7,13.9,0.0,9.3,,Overcast,Tokyo
439523,21517,poi_11,4b0587a6f964a5203d9e22e3,2017-10-14T00:02:00,7.1,14.2,10.819,9.5,rain,"Rain, Overcast",Tokyo
439523,21517,poi_12,4c9e389a03133704d3ab66d5,2017-10-14T00:59:00,-1.0,14.4,0.0,11.1,,Overcast,Tokyo
439523,21517,poi_13,4fe9899de4b0faf491b4fd08,2017-10-14T04:29:00,5.3,14.4,0.0,7.7,,Overcast,Tokyo
439523,21517,poi_14,4b0587a6f964a5203d9e22e3,2017-10-14T06:17:00,7.1,15.4,0.505,3.7,rain,"Rain, Overcast",Tokyo
439523,21517,poi_15,4b093eeff964a520e51423e3,2017-10-14T06:29:00,6.7,15.4,0.505,3.7,rain,"Rain, Overcast",Tokyo
439523,21517,poi_16,576e2c83498e091a4d0ed04d,2017-10-14T06:58:00,-1.0,14.9,0.0,7.6,,Overcast,Tokyo
439525,21517,poi_1,4b545885f964a5202eb827e3,2017-10-15T23:32:00,6.6,12.7,9.921,12.9,rain,"Rain, Overcast",Tokyo
439525,21517,poi_2,4b0587a6f964a5203d9e22e3,2017-10-16T00:14:00,7.1,12.7,9.921,12.9,rain,"Rain, Overcast",Tokyo
439525,21517,poi_3,4b545885f964a5202eb827e3,2017-10-17T00:33:00,6.6,13.7,0.0,5.6,,Overcast,Tokyo
439525,21517,poi_4,4b093eeff964a520e51423e3,2017-10-17T01:05:00,6.7,13.7,0.0,5.6,,Overcast,Tokyo
439525,21517,poi_5,4bd1bc87462cb713fcb5da07,2017-10-17T01:23:00,6.7,13.7,0.0,5.6,,Overcast,Tokyo
439525,21517,poi_6,4b093eeff964a520e51423e3,2017-10-17T05:12:00,6.7,14.9,0.0,7.5,,Overcast,Tokyo
439525,21517,poi_7,4b545885f964a5202eb827e3,2017-10-18T00:25:00,6.6,16.5,0.0,7.7,,Partially cloudy,Tokyo
439525,21517,poi_8,4b0587a6f964a5203d9e22e3,2017-10-18T01:03:00,7.1,16.7,0.0,14.7,,Clear,Tokyo
439525,21517,poi_9,4b545885f964a5202eb827e3,2017-10-19T00:41:00,6.6,10.6,0.013,9.7,rain,"Rain, Overcast",Tokyo
439525,21517,poi_10,4b0587a6f964a5203d9e22e3,2017-10-19T01:11:00,7.1,10.6,0.013,9.7,rain,"Rain, Overcast",Tokyo
439525,21517,poi_11,4b4fb4aff964a520c01127e3,2017-10-19T05:10:00,5.3,11.4,0.026,7.9,rain,"Rain, Overcast",Tokyo
439525,21517,poi_12,4b545885f964a5202eb827e3,2017-10-20T00:29:00,6.6,13.2,9.304,13.0,rain,"Rain, Overcast",Tokyo
439525,21517,poi_13,4da24d7022a5f04d227a0e55,2017-10-20T00:50:00,4.8,13.7,0.0,13.1,,Overcast,Tokyo
439529,21517,poi_1,4b0587a6f964a5203d9e22e3,2017-10-27T20:46:00,7.1,13.9,0.0,5.6,,Overcast,Tokyo
439529,21517,poi_2,59562d5e9cadd9280e33a17d,2017-10-28T00:52:00,-1.0,15.4,0.0,9.5,,Overcast,Tokyo
439529,21517,poi_3,518ef8c1498e40cf21d730bc,2017-10-28T02:51:00,6.6,15.9,0.0,7.8,,Overcast,Tokyo
439529,21517,poi_4,5663e47d498eedf4e264e258,2017-10-28T04:54:00,-1.0,15.9,0.0,9.4,,Overcast,Tokyo
439529,21517,poi_5,4b0587a6f964a5203d9e22e3,2017-10-28T06:15:00,7.1,14.6,0.489,7.8,rain,"Rain, Overcast",Tokyo
439529,21517,poi_6,4b093eeff964a520e51423e3,2017-10-28T06:31:00,6.7,14.1,0.002,11.1,rain,"Rain, Overcast",Tokyo
439529,21517,poi_7,4b0587a6f964a5203d9e22e3,2017-10-28T13:15:00,7.1,13.7,0.002,7.8,rain,"Rain, Overcast",Tokyo
439529,21517,poi_8,4b093eeff964a520e51423e3,2017-10-28T13:25:00,6.7,13.7,0.002,7.8,rain,"Rain, Overcast",Tokyo
439529,21517,poi_9,4b54f51ff964a5203ad527e3,2017-10-28T13:54:00,5.8,13.7,0.0,9.4,,Overcast,Tokyo
439529,21517,poi_10,4b55b1dcf964a52026ec27e3,2017-10-29T01:56:00,6.2,14.2,0.023,13.0,rain,"Rain, Overcast",Tokyo
439529,21517,poi_11,4b093eeff964a520e51423e3,2017-10-29T02:23:00,6.7,14.2,0.023,13.0,rain,"Rain, Overcast",Tokyo
439529,21517,poi_12,4b545885f964a5202eb827e3,2017-10-30T23:28:00,6.6,13.3,0.0,14.5,,Clear,Tokyo
439529,21517,poi_13,4b0587a6f964a5203e9e22e3,2017-10-30T23:50:00,7.9,13.8,0.0,12.9,,Partially cloudy,Tokyo
439529,21517,poi_14,4b19f917f964a520abe623e3,2017-10-31T00:06:00,7.8,13.8,0.0,12.9,,Partially cloudy,Tokyo
439529,21517,poi_15,4b0587a6f964a5203e9e22e3,2017-10-31T05:17:00,7.9,16.2,0.0,3.7,,Clear,Tokyo
439529,21517,poi_16,4b0587a6f964a5203d9e22e3,2017-11-02T18:05:00,7.1,12.7,4.958,7.8,rain,"Rain, Overcast",Tokyo
439529,21517,poi_17,4b7d2f31f964a520b7b12fe3,2017-11-02T23:01:00,8.2,15.3,0.002,9.5,rain,"Rain, Partially cloudy",Tokyo
439529,21517,poi_18,4b0587a6f964a5203d9e22e3,2017-11-03T05:18:00,7.1,20.9,0.0,3.8,,Clear,Tokyo
439533,21517,poi_1,4b545885f964a5202eb827e3,2017-11-15T23:49:00,6.6,12.9,0.0,13.1,,Clear,Tokyo
439533,21517,poi_2,4b0587a6f964a5203d9e22e3,2017-11-16T00:28:00,7.1,12.9,0.0,13.1,,Clear,Tokyo
439533,21517,poi_3,4b7d2f31f964a520b7b12fe3,2017-11-16T00:52:00,8.2,14.0,0.0,14.9,,Clear,Tokyo
439533,21517,poi_4,4b0587a6f964a5203d9e22e3,2017-11-16T05:15:00,7.1,15.2,0.0,14.7,,Partially cloudy,Tokyo
439533,21517,poi_5,4b545885f964a5202eb827e3,2017-11-17T00:09:00,6.6,8.6,0.0,7.5,,Partially cloudy,Tokyo
439533,21517,poi_6,4b093eeff964a520e51423e3,2017-11-17T00:36:00,6.7,10.9,0.0,5.5,,Partially cloudy,Tokyo
439533,21517,poi_7,4b79f7a8f964a520f11c2fe3,2017-11-17T00:49:00,6.8,10.9,0.0,5.5,,Partially cloudy,Tokyo
439533,21517,poi_8,55979566498eb3131c79111f,2017-11-17T03:07:00,6.8,12.4,0.0,11.0,,Partially cloudy,Tokyo
439533,21517,poi_9,4b093eeff964a520e51423e3,2017-11-17T04:24:00,6.7,13.0,0.0,5.5,,Clear,Tokyo
439533,21517,poi_10,4b22504cf964a520704524e3,2017-11-18T19:51:00,5.6,7.4,0.0,15.0,,Clear,Tokyo
439533,21517,poi_11,4b0587a6f964a5203d9e22e3,2017-11-18T20:04:00,7.1,7.4,0.0,15.0,,Clear,Tokyo
439533,21517,poi_12,50c9b8cfe4b081a53c521862,2017-11-18T20:17:00,5.7,7.4,0.0,15.0,,Clear,Tokyo
439533,21517,poi_13,4b093eeff964a520e51423e3,2017-11-18T22:56:00,6.7,7.6,0.0,11.4,,Clear,Tokyo
439533,21517,poi_14,4be6b2832468c9287c970143,2017-11-18T23:12:00,-1.0,7.6,0.0,11.4,,Clear,Tokyo
439533,21517,poi_15,4bb168a6f964a52089913ce3,2017-11-19T01:16:00,5.9,9.2,0.0,13.0,,Clear,Tokyo
439533,21517,poi_16,4b093eeff964a520e51423e3,2017-11-19T02:06:00,6.7,9.9,0.0,7.7,,Clear,Tokyo
439533,21517,poi_17,4b0587a6f964a5203d9e22e3,2017-11-19T02:14:00,7.1,9.9,0.0,7.7,,Clear,Tokyo
439533,21517,poi_18,4b8e19aaf964a520651833e3,2017-11-19T02:19:00,5.5,9.9,0.0,7.7,,Clear,Tokyo
439533,21517,poi_19,5196e5ac498eecfc2c42a6b0,2017-11-19T02:29:00,6.1,9.9,0.0,7.7,,Clear,Tokyo
439533,21517,poi_20,4b0587a6f964a5203d9e22e3,2017-11-19T04:53:00,7.1,11.6,0.0,2.1,,Clear,Tokyo
439533,21517,poi_21,4b545885f964a5202eb827e3,2017-11-19T13:37:00,6.6,6.6,0.0,7.7,,Clear,Tokyo
439534,21517,poi_1,4b545885f964a5202eb827e3,2017-11-20T23:30:00,6.6,6.6,0.0,5.9,,Clear,Tokyo
439534,21517,poi_2,4b22e781f964a520075024e3,2017-11-21T00:16:00,-1.0,8.4,0.0,13.0,,Clear,Tokyo
439534,21517,poi_3,4b22e836f964a520185024e3,2017-11-21T04:10:00,-1.0,11.5,0.0,9.5,,Clear,Tokyo
439534,21517,poi_4,4b545885f964a5202eb827e3,2017-11-22T15:19:00,6.6,7.0,0.012,3.6,rain,"Rain, Overcast",Tokyo
439534,21517,poi_5,4b093eeff964a520e51423e3,2017-11-22T15:40:00,6.7,7.3,0.012,5.5,rain,"Rain, Overcast",Tokyo
439534,21517,poi_6,4bef8483d1b7d13a6eeacdec,2017-11-22T16:05:00,6.1,7.3,0.012,5.5,rain,"Rain, Overcast",Tokyo
439534,21517,poi_7,586c7cd83e9dfb3075c48bd1,2017-11-22T20:16:00,-1.0,6.4,0.005,3.8,rain,"Rain, Overcast",Tokyo
439534,21517,poi_8,4b652379f964a520ebe52ae3,2017-11-22T23:36:00,5.5,7.4,14.312,5.5,rain,"Rain, Overcast",Tokyo
439534,21517,poi_9,4b3d8ca3f964a520689525e3,2017-11-22T23:48:00,5.5,7.4,14.312,5.5,rain,"Rain, Overcast",Tokyo
439534,21517,poi_10,4b132fd2f964a520489523e3,2017-11-22T23:54:00,5.9,7.4,14.312,5.5,rain,"Rain, Overcast",Tokyo
439534,21517,poi_11,4b5c1f32f964a520c22429e3,2017-11-23T01:01:00,-1.0,7.9,0.031,7.7,rain,"Rain, Overcast",Tokyo
439534,21517,poi_12,4eb6bfd1e5e8743705381ee7,2017-11-23T01:47:00,-1.0,9.1,0.009,7.6,rain,"Rain, Overcast",Tokyo
439534,21517,poi_13,4b132fd2f964a520489523e3,2017-11-23T03:36:00,5.9,11.7,0.0,11.1,,Clear,Tokyo
439534,21517,poi_14,4b0587a6f964a5203d9e22e3,2017-11-23T03:43:00,7.1,11.7,0.0,11.1,,Clear,Tokyo
439536,21517,poi_1,4b093eeff964a520e51423e3,2017-11-25T17:25:00,6.7,6.7,0.0,7.6,,Clear,Tokyo
439536,21517,poi_2,4b79f7a8f964a520f11c2fe3,2017-11-25T18:57:00,6.8,6.0,0.0,7.7,,Clear,Tokyo
439536,21517,poi_3,4b55b1dcf964a52026ec27e3,2017-11-25T22:14:00,6.2,4.1,0.0,1.9,,Clear,Tokyo
439536,21517,poi_4,4b79f7a8f964a520f11c2fe3,2017-11-25T22:50:00,6.8,7.6,0.0,1.9,,Partially cloudy,Tokyo
439536,21517,poi_5,55f2e0e7498e4f5a5725aa9c,2017-11-26T03:40:00,-1.0,17.8,0.0,15.5,,Clear,Tokyo
439536,21517,poi_6,4b093eeff964a520e51423e3,2017-11-26T05:10:00,6.7,17.6,0.0,17.1,,Clear,Tokyo
439536,21517,poi_7,4b545885f964a5202eb827e3,2017-11-30T23:36:00,6.6,8.1,0.002,9.3,rain,"Rain, Overcast",Tokyo
439536,21517,poi_8,4b54377cf964a520c7b427e3,2017-12-01T21:04:00,-1.0,4.7,0.0,5.7,,Partially cloudy,Tokyo
439536,21517,poi_9,4b0587a6f964a5203d9e22e3,2017-12-02T01:03:00,7.1,8.1,0.0,7.7,,Clear,Tokyo
439536,21517,poi_10,500a42b2e4b0c2a4dfd0278c,2017-12-02T01:12:00,-1.0,8.1,0.0,7.7,,Clear,Tokyo
439536,21517,poi_11,4fe9899de4b0faf491b4fd08,2017-12-02T03:01:00,5.3,10.4,0.0,5.5,,Partially cloudy,Tokyo
439536,21517,poi_12,4b0587a6f964a5203d9e22e3,2017-12-02T05:49:00,7.1,10.4,0.0,9.4,,Partially cloudy,Tokyo
439537,21517,poi_1,4b0587a6f964a5203d9e22e3,2017-12-02T18:21:00,7.1,6.1,0.0,7.6,,Partially cloudy,Tokyo
439537,21517,poi_2,4b093eeff964a520e51423e3,2017-12-02T18:38:00,6.7,5.8,0.0,9.3,,Partially cloudy,Tokyo
439537,21517,poi_3,4bef8483d1b7d13a6eeacdec,2017-12-02T19:17:00,6.1,5.8,0.0,9.3,,Partially cloudy,Tokyo
439537,21517,poi_4,4b093eeff964a520e51423e3,2017-12-02T23:25:00,6.7,6.3,0.0,7.6,,Clear,Tokyo
439537,21517,poi_5,4b17d66cf964a520b7c823e3,2017-12-02T23:38:00,6.2,8.1,0.0,9.3,,Partially cloudy,Tokyo
439537,21517,poi_6,4b616bd1f964a520f5122ae3,2017-12-02T23:41:00,6.3,8.1,0.0,9.3,,Partially cloudy,Tokyo
439537,21517,poi_7,4b093eeff964a520e51423e3,2017-12-03T00:32:00,6.7,8.9,0.0,9.3,,Clear,Tokyo
439537,21517,poi_8,4b0587baf964a5205aa122e3,2017-12-03T00:37:00,6.1,8.9,0.0,9.3,,Clear,Tokyo
439537,21517,poi_9,4b52c581f964a520c28727e3,2017-12-03T01:33:00,-1.0,10.6,0.0,9.1,,Clear,Tokyo
439537,21517,poi_10,56db8f7dcd10cc14537d5897,2017-12-03T01:48:00,6.7,10.6,0.0,9.1,,Clear,Tokyo
439537,21517,poi_11,4b19f917f964a520abe623e3,2017-12-03T03:56:00,7.8,12.1,0.0,5.5,,Clear,Tokyo
439537,21517,poi_12,4b0587a6f964a5203e9e22e3,2017-12-03T04:03:00,7.9,12.1,0.0,5.5,,Clear,Tokyo
439537,21517,poi_13,4b545885f964a5202eb827e3,2017-12-03T13:37:00,6.6,6.7,0.0,7.6,,Clear,Tokyo
441166,21582,poi_1,4b0e60adf964a520305723e3,2017-10-08T13:12:00,6.6,19.5,0.0,7.6,,Clear,Tokyo
441166,21582,poi_2,4b243a7df964a520356424e3,2017-10-08T13:45:00,6.5,18.9,0.0,5.5,,Clear,Tokyo
441166,21582,poi_3,4b0e60adf964a520305723e3,2017-10-08T22:08:00,6.6,18.6,0.0,1.9,,Partially cloudy,Tokyo
441166,21582,poi_4,4b243a7df964a520356424e3,2017-10-09T13:51:00,6.5,20.7,0.0,3.9,,Partially cloudy,Tokyo
441166,21582,poi_5,4b0e60adf964a520305723e3,2017-10-09T23:44:00,6.6,23.6,0.0,5.5,,Partially cloudy,Tokyo
441166,21582,poi_6,4b243a7df964a520356424e3,2017-10-10T13:57:00,6.5,21.1,0.0,3.6,,Clear,Tokyo
441166,21582,poi_7,4b0e60adf964a520305723e3,2017-10-11T00:23:00,6.6,21.7,0.0,7.6,,Partially cloudy,Tokyo
441166,21582,poi_8,4b243a7df964a520356424e3,2017-10-11T13:52:00,6.5,20.6,0.0,5.4,,Overcast,Tokyo
441166,21582,poi_9,4b0e60adf964a520305723e3,2017-10-11T23:23:00,6.6,22.2,0.0,9.2,,Partially cloudy,Tokyo
441166,21582,poi_10,4b243a7df964a520356424e3,2017-10-12T13:51:00,6.5,20.4,0.0,9.6,,Overcast,Tokyo
441166,21582,poi_11,4b1f4464f964a520372524e3,2017-10-12T18:19:00,6.0,19.0,0.482,7.9,rain,"Rain, Partially cloudy",Tokyo
441166,21582,poi_12,4b2697a6f964a520037e24e3,2017-10-12T18:32:00,5.9,18.2,0.0,16.6,,Overcast,Tokyo
441166,21582,poi_13,4ba24245f964a520b2e737e3,2017-10-12T18:49:00,7.2,18.2,0.0,16.6,,Overcast,Tokyo
441168,21582,poi_1,4b0e60adf964a520305723e3,2017-10-19T13:18:00,6.6,11.5,0.002,11.5,rain,"Rain, Overcast",Tokyo
441168,21582,poi_2,4b243a7df964a520356424e3,2017-10-19T13:51:00,6.5,11.6,0.0,9.8,,Overcast,Tokyo
441168,21582,poi_3,4b1f4464f964a520372524e3,2017-10-19T18:37:00,6.0,11.9,0.004,11.5,rain,"Rain, Overcast",Tokyo
441168,21582,poi_4,4b2697a6f964a520037e24e3,2017-10-19T18:47:00,5.9,11.9,0.004,11.5,rain,"Rain, Overcast",Tokyo
441168,21582,poi_5,4ba24245f964a520b2e737e3,2017-10-19T19:04:00,7.2,11.9,0.004,11.5,rain,"Rain, Overcast",Tokyo
441168,21582,poi_6,4b0587a6f964a5203d9e22e3,2017-10-20T18:40:00,7.1,15.4,0.002,5.7,rain,"Rain, Overcast",Tokyo
441168,21582,poi_7,4b0e60adf964a520305723e3,2017-10-21T01:15:00,6.6,16.4,0.009,5.6,rain,"Rain, Overcast",Tokyo
441168,21582,poi_8,4b243a7df964a520356424e3,2017-10-22T17:15:00,6.5,19.7,0.093,8.8,rain,"Rain, Overcast",Tokyo
441168,21582,poi_9,4b0e60adf964a520305723e3,2017-10-22T22:17:00,6.6,17.7,0.004,31.4,rain,"Rain, Overcast",Tokyo
441168,21582,poi_10,4b243a7df964a520356424e3,2017-10-23T13:52:00,6.5,15.6,0.0,16.3,,Partially cloudy,Tokyo
441168,21582,poi_11,4b0e60adf964a520305723e3,2017-10-23T23:41:00,6.6,16.1,0.0,7.6,,Partially cloudy,Tokyo
441168,21582,poi_12,4b243a7df964a520356424e3,2017-10-24T13:52:00,6.5,14.3,0.0,9.4,,Partially cloudy,Tokyo
441168,21582,poi_13,4b0e60adf964a520305723e3,2017-10-25T00:57:00,6.6,12.4,0.002,9.6,rain,"Rain, Overcast",Tokyo
441168,21582,poi_14,4b243a7df964a520356424e3,2017-10-25T13:51:00,6.5,11.4,0.0,7.5,,Clear,Tokyo
441168,21582,poi_15,4b0e60adf964a520305723e3,2017-10-25T22:22:00,6.6,11.4,0.0,2.1,,Clear,Tokyo
441168,21582,poi_16,4b243a7df964a520356424e3,2017-10-26T13:51:00,6.5,11.7,0.0,9.2,,Clear,Tokyo
441168,21582,poi_17,4b1f4464f964a520372524e3,2017-10-26T18:52:00,6.0,10.8,0.0,7.6,,Clear,Tokyo
441168,21582,poi_18,4b2697a6f964a520037e24e3,2017-10-26T19:02:00,5.9,10.8,0.0,7.6,,Clear,Tokyo
441168,21582,poi_19,4ba24245f964a520b2e737e3,2017-10-26T19:25:00,7.2,10.8,0.0,7.6,,Clear,Tokyo
441169,21582,poi_1,4b0e60adf964a520305723e3,2017-10-29T13:16:00,6.6,15.4,0.0,9.3,,Clear,Tokyo
441169,21582,poi_2,4b243a7df964a520356424e3,2017-10-29T13:52:00,6.5,15.2,0.0,12.9,,Clear,Tokyo
441169,21582,poi_3,4b0e60adf964a520305723e3,2017-10-29T22:07:00,6.6,16.8,0.0,22.1,,Clear,Tokyo
441169,21582,poi_4,4b243a7df964a520356424e3,2017-10-30T13:54:00,6.5,11.4,0.0,13.3,,Partially cloudy,Tokyo
441169,21582,poi_5,4b0e60adf964a520305723e3,2017-10-30T23:58:00,6.6,13.8,0.0,12.9,,Partially cloudy,Tokyo
441169,21582,poi_6,4b243a7df964a520356424e3,2017-10-31T13:52:00,6.5,11.4,0.0,7.5,,Clear,Tokyo
441169,21582,poi_7,4b0e60adf964a520305723e3,2017-11-01T00:04:00,6.6,12.4,0.0,11.0,,Partially cloudy,Tokyo
441169,21582,poi_8,4b243a7df964a520356424e3,2017-11-01T13:52:00,6.5,11.4,0.0,7.6,,Clear,Tokyo
441169,21582,poi_9,4b0e60adf964a520305723e3,2017-11-01T22:25:00,6.6,10.7,0.0,7.6,,Clear,Tokyo
441169,21582,poi_10,4b243a7df964a520356424e3,2017-11-06T13:52:00,6.5,12.6,0.0,7.5,,Clear,Tokyo
441169,21582,poi_11,4b0e60adf964a520305723e3,2017-11-07T00:00:00,6.6,14.1,0.0,9.1,,Clear,Tokyo
441169,21582,poi_12,4b243a7df964a520356424e3,2017-11-07T14:22:00,6.5,14.7,0.0,9.5,,Clear,Tokyo
441169,21582,poi_13,4b0e60adf964a520305723e3,2017-11-08T00:28:00,6.6,14.0,0.014,6.0,rain,"Rain, Overcast",Tokyo
441169,21582,poi_14,4b243a7df964a520356424e3,2017-11-08T13:51:00,6.5,12.7,0.0,9.3,,Clear,Tokyo
441169,21582,poi_15,4b0e60adf964a520305723e3,2017-11-08T22:55:00,6.6,15.7,0.0,13.1,,Clear,Tokyo
441169,21582,poi_16,4b243a7df964a520356424e3,2017-11-09T13:51:00,6.5,12.3,0.0,12.7,,Clear,Tokyo
441169,21582,poi_17,4b0e60adf964a520305723e3,2017-11-09T20:02:00,6.6,10.3,0.0,7.6,,Partially cloudy,Tokyo
441195,21582,poi_1,4b243a7df964a520356424e3,2018-01-17T13:45:00,6.5,6.7,0.0,14.8,,Overcast,Tokyo
441195,21582,poi_2,4b0e60adf964a520305723e3,2018-01-17T22:23:00,6.6,3.3,0.0,5.6,,Clear,Tokyo
441195,21582,poi_3,4b243a7df964a520356424e3,2018-01-18T13:56:00,6.5,7.1,0.0,3.8,,Clear,Tokyo
441195,21582,poi_4,4b0e60adf964a520305723e3,2018-01-18T18:45:00,6.6,8.1,0.0,11.3,,Clear,Tokyo
441195,21582,poi_5,4b243a7df964a520356424e3,2018-01-21T13:51:00,6.5,5.6,0.0,9.8,,Clear,Tokyo
441195,21582,poi_6,4b0e60adf964a520305723e3,2018-01-21T22:29:00,6.6,4.1,0.0,7.8,,Overcast,Tokyo
441195,21582,poi_7,4b243a7df964a520356424e3,2018-01-22T13:54:00,6.5,0.4,0.0,16.3,"rain,snow",Overcast,Tokyo
441195,21582,poi_8,4b0e60adf964a520305723e3,2018-01-22T22:23:00,6.6,-0.3,0.0,3.6,,Clear,Tokyo
441195,21582,poi_9,4b243a7df964a520356424e3,2018-01-23T13:52:00,6.5,2.2,0.0,0.0,,Clear,Tokyo
441195,21582,poi_10,4b0e60adf964a520305723e3,2018-01-23T18:18:00,6.6,-0.1,0.0,5.4,,Partially cloudy,Tokyo
441195,21582,poi_11,4b243a7df964a520356424e3,2018-01-25T13:54:00,6.5,-0.9,0.0,12.7,,Clear,Tokyo
441195,21582,poi_12,4b1f4464f964a520372524e3,2018-01-25T17:41:00,6.0,-1.4,0.0,7.6,,Clear,Tokyo
441195,21582,poi_13,4b2697a6f964a520037e24e3,2018-01-25T17:57:00,5.9,-1.4,0.0,7.6,,Clear,Tokyo
441195,21582,poi_14,5a607b9ba4ba7c73d60b25ec,2018-01-25T18:54:00,-1.0,-1.9,0.0,9.3,,Clear,Tokyo
441195,21582,poi_15,4b243a7df964a520356424e3,2018-01-28T13:47:00,6.5,0.8,0.0,7.6,,Clear,Tokyo
441195,21582,poi_16,4b0e60adf964a520305723e3,2018-01-28T18:48:00,6.6,-0.4,0.0,3.7,,Clear,Tokyo
441208,21582,poi_1,4b4189eff964a52067c725e3,2018-03-20T16:33:00,-1.0,6.0,0.0,9.5,,Overcast,Tokyo
441208,21582,poi_2,4b575064f964a520ce3028e3,2018-03-20T16:39:00,-1.0,6.0,0.0,9.5,,Overcast,Tokyo
441208,21582,poi_3,4b53bc1af964a520aba927e3,2018-03-20T16:47:00,-1.0,6.0,0.0,9.5,,Overcast,Tokyo
441208,21582,poi_4,4b0587a6f964a5203d9e22e3,2018-03-20T17:57:00,7.1,5.4,0.0,8.0,,Overcast,Tokyo
441208,21582,poi_5,4b55bbd2f964a520a1ed27e3,2018-03-20T18:08:00,4.9,5.4,0.0,8.0,,Overcast,Tokyo
441208,21582,poi_6,4b17b2e4f964a52040c723e3,2018-03-20T18:14:00,6.0,5.4,0.0,8.0,,Overcast,Tokyo
441208,21582,poi_7,4dc75f481520cca629d1b784,2018-03-20T18:25:00,6.6,5.4,0.0,8.0,,Overcast,Tokyo
441208,21582,poi_8,4b05879ff964a520289d22e3,2018-03-20T18:57:00,8.4,5.2,0.0,11.4,,Overcast,Tokyo
441208,21582,poi_9,4b17b2e4f964a52040c723e3,2018-03-21T00:53:00,6.0,3.1,0.009,9.6,rain,"Rain, Overcast",Tokyo
441208,21582,poi_10,4b55bbd2f964a520a1ed27e3,2018-03-21T00:57:00,4.9,3.1,0.009,9.6,rain,"Rain, Overcast",Tokyo
441208,21582,poi_11,4b23286ff964a520f65324e3,2018-03-21T01:28:00,-1.0,3.1,0.009,9.6,rain,"Rain, Overcast",Tokyo
441208,21582,poi_12,4b29ffe8f964a5209aa424e3,2018-03-21T01:36:00,4.8,2.8,0.017,11.3,rain,"Rain, Overcast",Tokyo
441211,21582,poi_1,4b243a7df964a520356424e3,2018-03-26T22:52:00,6.5,14.1,0.0,7.5,,Clear,Tokyo
441211,21582,poi_2,4b590b7ef964a520ef7928e3,2018-03-26T23:17:00,-1.0,14.1,0.0,7.5,,Clear,Tokyo
441211,21582,poi_3,4b243a7df964a520356424e3,2018-03-26T23:28:00,6.5,14.1,0.0,7.5,,Clear,Tokyo
441211,21582,poi_4,4b0587a6f964a5203d9e22e3,2018-03-26T23:40:00,7.1,16.4,0.0,5.5,,Partially cloudy,Tokyo
441211,21582,poi_5,4b5a79a1f964a52058c728e3,2018-03-26T23:45:00,8.4,16.4,0.0,5.5,,Partially cloudy,Tokyo
441211,21582,poi_6,4b24e5a2f964a520636a24e3,2018-03-27T00:07:00,5.6,16.4,0.0,5.5,,Partially cloudy,Tokyo
441211,21582,poi_7,4b093eeff964a520e51423e3,2018-03-27T00:17:00,6.7,16.4,0.0,5.5,,Partially cloudy,Tokyo
441211,21582,poi_8,4b5960e0f964a520838628e3,2018-03-27T00:29:00,8.5,16.4,0.0,5.5,,Partially cloudy,Tokyo
441211,21582,poi_9,4b093eeff964a520e51423e3,2018-03-27T00:57:00,6.7,18.1,0.0,9.3,,Clear,Tokyo
441211,21582,poi_10,4b0587a6f964a5203d9e22e3,2018-04-03T23:22:00,7.1,18.8,0.0,5.4,,Clear,Tokyo
441211,21582,poi_11,4b62dc94f964a5200e562ae3,2018-04-03T23:30:00,8.2,18.8,0.0,5.4,,Clear,Tokyo
441211,21582,poi_12,4b19f917f964a520abe623e3,2018-04-04T00:03:00,7.8,20.6,0.0,5.5,,Clear,Tokyo
441211,21582,poi_13,5a992dc83ba767578acc7fbc,2018-04-04T00:20:00,-1.0,20.6,0.0,5.5,,Clear,Tokyo
441214,21582,poi_1,4b243a7df964a520356424e3,2018-04-13T15:16:00,6.5,13.1,0.0,14.3,,Clear,Tokyo
441214,21582,poi_2,4b305a74f964a5201ef924e3,2018-04-13T21:20:00,-1.0,12.6,0.0,9.3,,Partially cloudy,Tokyo
441214,21582,poi_3,4b612a90f964a520b70b2ae3,2018-04-13T21:24:00,7.8,12.6,0.0,9.3,,Partially cloudy,Tokyo
441214,21582,poi_4,4b0e60adf964a520305723e3,2018-04-13T23:29:00,6.6,13.0,0.0,5.5,,Overcast,Tokyo
441214,21582,poi_5,4b093eeff964a520e51423e3,2018-04-14T16:40:00,6.7,16.3,0.0,22.2,,Overcast,Tokyo
441214,21582,poi_6,4b4487c9f964a5201ef625e3,2018-04-14T16:51:00,-1.0,16.3,0.0,22.2,,Overcast,Tokyo
441214,21582,poi_7,4b19f962f964a520afe623e3,2018-04-14T22:54:00,5.2,18.8,0.03,24.6,rain,"Rain, Overcast",Tokyo
441214,21582,poi_8,4b19f917f964a520abe623e3,2018-04-15T02:32:00,7.8,19.2,0.0,11.8,,Partially cloudy,Tokyo
441214,21582,poi_9,4b0e60adf964a520305723e3,2018-04-15T02:53:00,6.6,19.2,0.0,11.8,,Partially cloudy,Tokyo
441214,21582,poi_10,4b243a7df964a520356424e3,2018-04-15T15:21:00,6.5,13.6,0.0,14.7,,Partially cloudy,Tokyo
441214,21582,poi_11,4b0e60adf964a520305723e3,2018-04-15T23:52:00,6.6,15.1,0.0,18.1,,Partially cloudy,Tokyo
441214,21582,poi_12,4b243a7df964a520356424e3,2018-04-16T15:21:00,6.5,13.1,0.0,11.2,,Overcast,Tokyo
441214,21582,poi_13,4b0e60adf964a520305723e3,2018-04-16T22:34:00,6.6,13.0,0.0,5.6,,Overcast,Tokyo
441229,21582,poi_1,4b0e60adf964a520305723e3,2018-05-22T13:15:00,6.6,18.5,0.0,14.6,,Clear,Tokyo
441229,21582,poi_2,4b243a7df964a520356424e3,2018-05-22T13:47:00,6.5,18.3,0.0,12.7,,Clear,Tokyo
441229,21582,poi_3,4b0e60adf964a520305723e3,2018-05-22T20:29:00,6.6,17.6,0.0,5.5,,Partially cloudy,Tokyo
441229,21582,poi_4,4b243a7df964a520356424e3,2018-05-23T15:19:00,6.5,17.1,0.008,7.9,rain,"Rain, Partially cloudy",Tokyo
441229,21582,poi_5,4b0e60adf964a520305723e3,2018-05-23T23:44:00,6.6,21.6,0.07,9.2,rain,"Rain, Partially cloudy",Tokyo
441229,21582,poi_6,4b243a7df964a520356424e3,2018-05-24T13:51:00,6.5,19.1,0.0,9.3,,Clear,Tokyo
441229,21582,poi_7,4b0e60adf964a520305723e3,2018-05-25T01:07:00,6.6,25.1,0.0,20.4,,Clear,Tokyo
441229,21582,poi_8,4b19f917f964a520abe623e3,2018-05-25T17:19:00,7.8,20.4,0.0,5.4,,Clear,Tokyo
441229,21582,poi_9,4b595505f964a520528528e3,2018-05-25T18:24:00,5.7,21.1,0.0,7.4,,Partially cloudy,Tokyo
441229,21582,poi_10,4b19f917f964a520abe623e3,2018-05-26T00:53:00,7.8,23.4,0.0,14.4,,Partially cloudy,Tokyo
441229,21582,poi_11,4b0e60adf964a520305723e3,2018-05-26T04:59:00,6.6,23.9,0.0,13.0,,Partially cloudy,Tokyo
441229,21582,poi_12,4b243a7df964a520356424e3,2018-05-27T15:30:00,6.5,19.4,0.0,5.5,,Partially cloudy,Tokyo
441229,21582,poi_13,4b0e60adf964a520305723e3,2018-05-27T23:28:00,6.6,20.4,0.0,4.0,,Partially cloudy,Tokyo
441229,21582,poi_14,4b243a7df964a520356424e3,2018-05-29T13:48:00,6.5,21.6,0.0,14.6,,Partially cloudy,Tokyo
441229,21582,poi_15,4b0e60adf964a520305723e3,2018-05-29T21:05:00,6.6,21.1,0.0,9.0,,Overcast,Tokyo
441229,21582,poi_16,4b243a7df964a520356424e3,2018-05-30T15:16:00,6.5,17.6,0.002,5.5,rain,"Rain, Overcast",Tokyo
441229,21582,poi_17,4b0e60adf964a520305723e3,2018-05-30T23:41:00,6.6,20.5,0.0,3.8,,Partially cloudy,Tokyo
441229,21582,poi_18,4b243a7df964a520356424e3,2018-05-31T13:52:00,6.5,19.8,0.002,18.2,rain,"Rain, Partially cloudy",Tokyo
441237,21582,poi_1,4b243a7df964a520356424e3,2018-06-19T13:46:00,6.5,21.6,0.0,13.0,,Overcast,Tokyo
441237,21582,poi_2,4b0e60adf964a520305723e3,2018-06-19T20:11:00,6.6,20.6,0.011,7.8,rain,"Rain, Overcast",Tokyo
441237,21582,poi_3,4b243a7df964a520356424e3,2018-06-20T15:19:00,6.5,19.4,0.011,9.2,rain,"Rain, Overcast",Tokyo
441237,21582,poi_4,4b0e60adf964a520305723e3,2018-06-20T23:41:00,6.6,21.0,3.109,5.4,rain,"Rain, Overcast",Tokyo
441237,21582,poi_5,4b243a7df964a520356424e3,2018-06-21T13:53:00,6.5,20.7,0.0,2.0,,Clear,Tokyo
441237,21582,poi_6,4b0e60adf964a520305723e3,2018-06-21T23:43:00,6.6,25.1,0.0,7.6,,Partially cloudy,Tokyo
441237,21582,poi_7,4b243a7df964a520356424e3,2018-06-24T15:22:00,6.5,20.6,0.0,3.7,,Clear,Tokyo
441237,21582,poi_8,4b0e60adf964a520305723e3,2018-06-24T23:19:00,6.6,25.8,0.0,1.9,,Clear,Tokyo
441237,21582,poi_9,4b243a7df964a520356424e3,2018-06-25T15:18:00,6.5,23.3,0.0,11.1,,Overcast,Tokyo
441237,21582,poi_10,4b0e60adf964a520305723e3,2018-06-25T22:04:00,6.6,23.5,0.0,3.5,,Partially cloudy,Tokyo
441237,21582,poi_11,4b243a7df964a520356424e3,2018-06-26T13:56:00,6.5,25.5,0.0,18.5,,Clear,Tokyo
441237,21582,poi_12,4b0e60adf964a520305723e3,2018-06-26T20:24:00,6.6,25.1,0.0,22.6,,Partially cloudy,Tokyo
441237,21582,poi_13,4b243a7df964a520356424e3,2018-06-27T15:18:00,6.5,26.5,0.0,26.2,,Clear,Tokyo
441237,21582,poi_14,4b0e60adf964a520305723e3,2018-06-27T23:41:00,6.6,26.4,0.002,20.7,rain,"Rain, Partially cloudy",Tokyo
441237,21582,poi_15,4b243a7df964a520356424e3,2018-06-28T13:50:00,6.5,26.1,0.0,18.6,,Clear,Tokyo
441237,21582,poi_16,4b0e60adf964a520305723e3,2018-06-29T01:49:00,6.6,31.3,0.0,31.7,,Clear,Tokyo
441237,21582,poi_17,4b243a7df964a520356424e3,2018-07-01T15:14:00,6.5,26.3,0.0,13.1,,Clear,Tokyo
441237,21582,poi_18,4b0e60adf964a520305723e3,2018-07-01T23:41:00,6.6,30.5,0.0,11.3,,Clear,Tokyo
441237,21582,poi_19,4b243a7df964a520356424e3,2018-07-02T15:22:00,6.5,26.8,0.0,11.3,,Clear,Tokyo
441237,21582,poi_20,4b0e60adf964a520305723e3,2018-07-02T22:02:00,6.6,28.3,0.0,13.0,,Clear,Tokyo
441238,21582,poi_1,4b243a7df964a520356424e3,2018-07-03T13:46:00,6.5,26.0,0.0,22.3,,Clear,Tokyo
441238,21582,poi_2,4b0e60adf964a520305723e3,2018-07-03T21:51:00,6.6,26.3,0.0,18.5,,Partially cloudy,Tokyo
441238,21582,poi_3,4b243a7df964a520356424e3,2018-07-05T13:46:00,6.5,26.0,0.0,18.8,,Partially cloudy,Tokyo
441238,21582,poi_4,4b0e60adf964a520305723e3,2018-07-06T00:46:00,6.6,22.9,0.005,5.8,rain,"Rain, Overcast",Tokyo
441238,21582,poi_5,4b243a7df964a520356424e3,2018-07-08T15:12:00,6.5,26.1,0.0,7.6,,Partially cloudy,Tokyo
441238,21582,poi_6,4b0e60adf964a520305723e3,2018-07-08T23:43:00,6.6,25.7,0.009,9.5,rain,"Rain, Partially cloudy",Tokyo
441238,21582,poi_7,4b243a7df964a520356424e3,2018-07-09T15:17:00,6.5,26.1,0.0,11.2,,Clear,Tokyo
441238,21582,poi_8,4b0e60adf964a520305723e3,2018-07-09T22:06:00,6.6,27.3,0.0,7.6,,Clear,Tokyo
441238,21582,poi_9,4b243a7df964a520356424e3,2018-07-10T13:51:00,6.5,27.1,0.0,5.7,,Clear,Tokyo
441238,21582,poi_10,4b0e60adf964a520305723e3,2018-07-10T20:02:00,6.6,25.4,0.0,3.7,,Partially cloudy,Tokyo
441238,21582,poi_11,4b243a7df964a520356424e3,2018-07-11T15:19:00,6.5,28.3,0.0,11.0,,Overcast,Tokyo
441238,21582,poi_12,4b0e60adf964a520305723e3,2018-07-11T23:41:00,6.6,26.2,0.051,5.5,rain,"Rain, Partially cloudy",Tokyo
441238,21582,poi_13,4b243a7df964a520356424e3,2018-07-12T13:51:00,6.5,26.3,0.0,9.3,,Partially cloudy,Tokyo
441259,21582,poi_1,4b0e60adf964a520305723e3,2018-09-19T16:04:00,6.6,20.4,0.0,2.1,,Partially cloudy,Tokyo
441259,21582,poi_2,4b243a7df964a520356424e3,2018-09-19T16:38:00,6.5,21.2,0.0,8.1,,Partially cloudy,Tokyo
441259,21582,poi_3,4b0e60adf964a520305723e3,2018-09-19T23:02:00,6.6,21.4,0.0,6.0,,Partially cloudy,Tokyo
441259,21582,poi_4,4b243a7df964a520356424e3,2018-09-23T16:49:00,6.5,23.2,0.0,5.7,,Partially cloudy,Tokyo
441259,21582,poi_5,4b0e60adf964a520305723e3,2018-09-23T21:45:00,6.6,21.8,0.0,7.9,,Partially cloudy,Tokyo
441259,21582,poi_6,4b243a7df964a520356424e3,2018-09-25T15:10:00,6.5,19.2,0.0,7.5,,Partially cloudy,Tokyo
441259,21582,poi_7,4b0e60adf964a520305723e3,2018-09-25T23:19:00,6.6,17.0,0.004,15.2,rain,"Rain, Partially cloudy",Tokyo
441259,21582,poi_8,4b243a7df964a520356424e3,2018-09-26T13:51:00,6.5,16.0,0.0,13.7,,Partially cloudy,Tokyo
441259,21582,poi_9,4b0e60adf964a520305723e3,2018-09-26T22:23:00,6.6,15.3,0.008,9.8,rain,"Rain, Overcast",Tokyo
441259,21582,poi_10,4b243a7df964a520356424e3,2018-09-30T17:09:00,6.5,24.7,0.023,55.7,rain,"Rain, Partially cloudy",Tokyo
441259,21582,poi_11,4b0e60adf964a520305723e3,2018-09-30T22:06:00,6.6,25.9,0.0,20.6,,Clear,Tokyo
441259,21582,poi_12,4b243a7df964a520356424e3,2018-10-02T15:23:00,6.5,18.4,0.0,3.6,,Clear,Tokyo
444068,21739,poi_1,4b243a7df964a520356424e3,2017-10-03T13:21:00,6.5,20.1,0.0,11.4,,Overcast,Tokyo
444068,21739,poi_2,4b0e60adf964a520305723e3,2017-10-03T14:04:00,6.6,19.7,0.0,11.4,,Overcast,Tokyo
444068,21739,poi_3,4b4327e6f964a5209fdc25e3,2017-10-04T01:09:00,5.9,19.1,0.0,11.3,,Partially cloudy,Tokyo
444068,21739,poi_4,4b243a7df964a520356424e3,2017-10-04T01:46:00,6.5,19.6,0.0,9.5,,Overcast,Tokyo
444068,21739,poi_5,4b0e60adf964a520305723e3,2017-10-04T14:04:00,6.6,15.6,0.0,11.2,,Partially cloudy,Tokyo
444068,21739,poi_6,4b4327e6f964a5209fdc25e3,2017-10-05T00:50:00,5.9,17.9,0.0,11.1,,Partially cloudy,Tokyo
444068,21739,poi_7,4b243a7df964a520356424e3,2017-10-05T01:35:00,6.5,19.1,0.0,14.8,,Partially cloudy,Tokyo
444068,21739,poi_8,4b0e60adf964a520305723e3,2017-10-05T14:04:00,6.6,16.2,0.0,5.6,,Overcast,Tokyo
444068,21739,poi_9,4b4327e6f964a5209fdc25e3,2017-10-06T01:01:00,5.9,17.6,0.0,9.5,,Overcast,Tokyo
444068,21739,poi_10,4b243a7df964a520356424e3,2017-10-06T14:29:00,6.5,14.7,0.0,11.2,,Overcast,Tokyo
444068,21739,poi_11,4b19f837f964a520a2e623e3,2017-10-06T14:52:00,6.9,14.9,0.0,12.8,,Overcast,Tokyo
444068,21739,poi_12,4b0587a6f964a5203e9e22e3,2017-10-07T00:26:00,7.9,16.6,15.597,13.2,rain,"Rain, Overcast",Tokyo
444068,21739,poi_13,4b243a7df964a520356424e3,2017-10-07T01:01:00,6.5,16.9,0.0,11.4,,Overcast,Tokyo
444068,21739,poi_14,4b5ef219f964a520569f29e3,2017-10-07T11:04:00,5.8,19.2,0.0,5.4,,Partially cloudy,Tokyo
444068,21739,poi_15,4b243a7df964a520356424e3,2017-10-08T04:35:00,6.5,25.1,0.0,9.6,,Overcast,Tokyo
444068,21739,poi_16,4b19cf92f964a52097e423e3,2017-10-08T20:06:00,5.5,16.4,0.0,5.4,,Partially cloudy,Tokyo
444068,21739,poi_17,4b0587a6f964a5203d9e22e3,2017-10-08T20:12:00,7.1,16.4,0.0,5.4,,Partially cloudy,Tokyo
444068,21739,poi_18,4b243a7df964a520356424e3,2017-10-08T20:21:00,6.5,16.4,0.0,5.4,,Partially cloudy,Tokyo
444068,21739,poi_19,4b0e60adf964a520305723e3,2017-10-09T14:04:00,6.6,20.7,0.0,3.9,,Partially cloudy,Tokyo
444069,21739,poi_1,4b4327e6f964a5209fdc25e3,2017-10-10T01:03:00,5.9,24.8,0.0,3.7,,Clear,Tokyo
444069,21739,poi_2,4b243a7df964a520356424e3,2017-10-10T01:44:00,6.5,25.8,0.0,3.8,,Clear,Tokyo
444069,21739,poi_3,4b0e60adf964a520305723e3,2017-10-10T14:04:00,6.6,21.1,0.0,3.6,,Clear,Tokyo
444069,21739,poi_4,4b4327e6f964a5209fdc25e3,2017-10-11T00:41:00,5.9,22.6,0.0,5.6,,Overcast,Tokyo
444069,21739,poi_5,4b243a7df964a520356424e3,2017-10-11T01:31:00,6.5,22.4,0.0,13.0,,Overcast,Tokyo
444069,21739,poi_6,4b0e60adf964a520305723e3,2017-10-11T14:04:00,6.6,20.6,0.0,5.4,,Overcast,Tokyo
444069,21739,poi_7,4b4327e6f964a5209fdc25e3,2017-10-12T00:56:00,5.9,26.1,0.0,5.5,,Clear,Tokyo
444069,21739,poi_8,4b243a7df964a520356424e3,2017-10-12T01:34:00,6.5,27.6,0.0,5.6,,Clear,Tokyo
444069,21739,poi_9,4b0e60adf964a520305723e3,2017-10-12T14:07:00,6.6,20.4,0.0,9.6,,Overcast,Tokyo
444069,21739,poi_10,4b4327e6f964a5209fdc25e3,2017-10-13T00:45:00,5.9,15.2,0.0,14.7,,Overcast,Tokyo
444069,21739,poi_11,4b243a7df964a520356424e3,2017-10-13T01:30:00,6.5,15.2,0.0,14.7,,Overcast,Tokyo
444073,21739,poi_1,4b243a7df964a520356424e3,2017-10-16T13:20:00,6.5,12.2,0.0,5.6,,Overcast,Tokyo
444073,21739,poi_2,4b0e60adf964a520305723e3,2017-10-16T14:09:00,6.6,12.1,0.0,7.8,,Overcast,Tokyo
444073,21739,poi_3,4b4327e6f964a5209fdc25e3,2017-10-17T00:45:00,5.9,13.7,0.0,5.6,,Overcast,Tokyo
444073,21739,poi_4,4b243a7df964a520356424e3,2017-10-17T01:21:00,6.5,13.7,0.0,5.6,,Overcast,Tokyo
444073,21739,poi_5,4b0e60adf964a520305723e3,2017-10-17T14:05:00,6.6,14.1,0.0,9.3,,Partially cloudy,Tokyo
444073,21739,poi_6,4b4327e6f964a5209fdc25e3,2017-10-18T00:29:00,5.9,16.5,0.0,7.7,,Partially cloudy,Tokyo
444073,21739,poi_7,4b243a7df964a520356424e3,2017-10-18T01:24:00,6.5,16.7,0.0,14.7,,Clear,Tokyo
444073,21739,poi_8,4b0e60adf964a520305723e3,2017-10-18T14:04:00,6.6,13.2,0.0,9.4,,Overcast,Tokyo
444073,21739,poi_9,4b4327e6f964a5209fdc25e3,2017-10-19T00:52:00,5.9,10.6,0.013,9.7,rain,"Rain, Overcast",Tokyo
444073,21739,poi_10,4b243a7df964a520356424e3,2017-10-19T01:35:00,6.5,10.9,0.012,11.3,rain,"Rain, Overcast",Tokyo
444073,21739,poi_11,4b0e60adf964a520305723e3,2017-10-19T14:06:00,6.6,11.6,0.0,9.8,,Overcast,Tokyo
444073,21739,poi_12,4b4327e6f964a5209fdc25e3,2017-10-20T00:49:00,5.9,13.7,0.0,13.1,,Overcast,Tokyo
444073,21739,poi_13,4b243a7df964a520356424e3,2017-10-20T01:31:00,6.5,14.4,0.0,11.4,,Overcast,Tokyo
444074,21739,poi_1,4b56d1eff964a520171c28e3,2017-10-21T17:57:00,5.3,17.2,5.024,9.7,rain,"Rain, Overcast",Tokyo
444074,21739,poi_2,4b243a7df964a520356424e3,2017-10-21T18:03:00,6.5,17.2,5.024,9.7,rain,"Rain, Overcast",Tokyo
444074,21739,poi_3,4b22115af964a5209a4324e3,2017-10-21T18:15:00,-1.0,17.2,5.024,9.7,rain,"Rain, Overcast",Tokyo
444074,21739,poi_4,4b9c7fb6f964a520b06c36e3,2017-10-21T18:24:00,6.6,17.2,5.024,9.7,rain,"Rain, Overcast",Tokyo
444074,21739,poi_5,4b22115af964a5209a4324e3,2017-10-21T18:56:00,-1.0,17.2,0.026,8.0,rain,"Rain, Overcast",Tokyo
444074,21739,poi_6,4b243a7df964a520356424e3,2017-10-21T19:11:00,6.5,17.2,0.026,8.0,rain,"Rain, Overcast",Tokyo
444074,21739,poi_7,4b0e60adf964a520305723e3,2017-10-22T17:46:00,6.6,21.7,33.177,40.8,rain,"Rain, Overcast",Tokyo
444074,21739,poi_8,4b4327e6f964a5209fdc25e3,2017-10-23T00:43:00,5.9,20.6,0.0,31.1,,Overcast,Tokyo
444074,21739,poi_9,4b243a7df964a520356424e3,2017-10-23T01:21:00,6.5,20.6,0.0,31.1,,Overcast,Tokyo
444074,21739,poi_10,4b0e60adf964a520305723e3,2017-10-23T14:04:00,6.6,15.6,0.0,16.3,,Partially cloudy,Tokyo
444074,21739,poi_11,4b4327e6f964a5209fdc25e3,2017-10-24T00:48:00,5.9,16.2,0.0,11.1,,Partially cloudy,Tokyo
444074,21739,poi_12,4b243a7df964a520356424e3,2017-10-24T01:37:00,6.5,17.3,0.0,9.3,,Overcast,Tokyo
444074,21739,poi_13,4b0e60adf964a520305723e3,2017-10-24T14:04:00,6.6,14.3,0.0,9.4,,Partially cloudy,Tokyo
444074,21739,poi_14,4b4327e6f964a5209fdc25e3,2017-10-25T00:43:00,5.9,12.4,0.002,9.6,rain,"Rain, Overcast",Tokyo
444074,21739,poi_15,4b243a7df964a520356424e3,2017-10-25T01:23:00,6.5,12.4,0.002,9.6,rain,"Rain, Overcast",Tokyo
444074,21739,poi_16,4b0e60adf964a520305723e3,2017-10-25T14:06:00,6.6,11.4,0.0,7.5,,Clear,Tokyo
444074,21739,poi_17,4b4327e6f964a5209fdc25e3,2017-10-26T00:49:00,5.9,17.6,0.0,7.6,,Clear,Tokyo
444074,21739,poi_18,4b243a7df964a520356424e3,2017-10-26T01:27:00,6.5,17.6,0.0,7.6,,Clear,Tokyo
444074,21739,poi_19,4b0e60adf964a520305723e3,2017-10-26T14:04:00,6.6,11.7,0.0,9.2,,Clear,Tokyo
444074,21739,poi_20,4b4327e6f964a5209fdc25e3,2017-10-27T00:52:00,5.9,16.9,0.0,7.6,,Clear,Tokyo
444074,21739,poi_21,4b243a7df964a520356424e3,2017-10-27T01:34:00,6.5,18.4,0.0,5.5,,Clear,Tokyo
444075,21739,poi_1,56aac946498e3861f7fbc48d,2017-10-28T17:37:00,-1.0,13.6,5.008,9.5,rain,"Rain, Overcast",Tokyo
444075,21739,poi_2,4b243a7df964a520356424e3,2017-10-28T18:07:00,6.5,13.6,5.008,9.5,rain,"Rain, Overcast",Tokyo
444075,21739,poi_3,4b22115af964a5209a4324e3,2017-10-28T18:15:00,-1.0,13.6,5.008,9.5,rain,"Rain, Overcast",Tokyo
444075,21739,poi_4,4b9c7fb6f964a520b06c36e3,2017-10-28T18:26:00,6.6,13.6,5.008,9.5,rain,"Rain, Overcast",Tokyo
444075,21739,poi_5,4b22115af964a5209a4324e3,2017-10-28T18:53:00,-1.0,13.7,0.012,9.6,rain,"Rain, Overcast",Tokyo
444075,21739,poi_6,4b243a7df964a520356424e3,2017-10-28T19:03:00,6.5,13.7,0.012,9.6,rain,"Rain, Overcast",Tokyo
444075,21739,poi_7,4b80a277f964a520798230e3,2017-10-28T19:34:00,7.7,13.6,0.017,14.8,rain,"Rain, Overcast",Tokyo
444075,21739,poi_8,4b243a7df964a520356424e3,2017-10-28T20:28:00,6.5,13.6,0.017,14.8,rain,"Rain, Overcast",Tokyo
444075,21739,poi_9,4b0e60adf964a520305723e3,2017-10-29T14:04:00,6.6,15.2,0.0,12.9,,Clear,Tokyo
444075,21739,poi_10,4b4327e6f964a5209fdc25e3,2017-10-30T00:45:00,5.9,18.9,0.0,22.6,,Clear,Tokyo
444075,21739,poi_11,4b243a7df964a520356424e3,2017-10-30T01:24:00,6.5,18.9,0.0,22.6,,Clear,Tokyo
444075,21739,poi_12,4b0e60adf964a520305723e3,2017-10-30T14:04:00,6.6,11.4,0.0,13.3,,Partially cloudy,Tokyo
444075,21739,poi_13,4b4327e6f964a5209fdc25e3,2017-10-31T00:34:00,5.9,14.8,0.0,5.8,,Clear,Tokyo
444075,21739,poi_14,4b243a7df964a520356424e3,2017-10-31T01:12:00,6.5,14.8,0.0,5.8,,Clear,Tokyo
444075,21739,poi_15,5494c5ee498eeff655f5be34,2017-10-31T01:22:00,7.6,14.8,0.0,5.8,,Clear,Tokyo
444077,21739,poi_1,4b0e60adf964a520305723e3,2017-11-07T00:20:00,6.6,14.1,0.0,9.1,,Clear,Tokyo
444077,21739,poi_2,4b243a7df964a520356424e3,2017-11-07T01:24:00,6.5,15.7,0.0,3.5,,Clear,Tokyo
444077,21739,poi_3,4b0e60adf964a520305723e3,2017-11-07T14:04:00,6.6,14.7,0.0,9.5,,Clear,Tokyo
444077,21739,poi_4,4b243a7df964a520356424e3,2017-11-08T01:16:00,6.5,16.4,0.0,18.5,,Overcast,Tokyo
444077,21739,poi_5,4b0e60adf964a520305723e3,2017-11-08T14:08:00,6.6,12.7,0.0,9.3,,Clear,Tokyo
444077,21739,poi_6,4b243a7df964a520356424e3,2017-11-09T01:37:00,6.5,18.2,0.0,22.6,,Clear,Tokyo
444077,21739,poi_7,4b0587a6f964a5203d9e22e3,2017-11-09T22:10:00,7.1,9.4,0.0,7.5,,Partially cloudy,Tokyo
444077,21739,poi_8,4b14cd19f964a520a7a623e3,2017-11-09T22:34:00,7.1,10.9,0.0,7.6,,Partially cloudy,Tokyo
444077,21739,poi_9,4b5eb2aaf964a5203e9629e3,2017-11-10T00:07:00,8.9,12.7,0.0,5.5,,Partially cloudy,Tokyo
444077,21739,poi_10,4b568ffef964a520411528e3,2017-11-10T02:41:00,5.2,15.4,0.0,3.8,,Partially cloudy,Tokyo
444077,21739,poi_11,4b63f8f9f964a52065992ae3,2017-11-10T02:44:00,5.1,15.4,0.0,3.8,,Partially cloudy,Tokyo
444077,21739,poi_12,4b243a7df964a520356424e3,2017-11-10T03:01:00,6.5,15.4,0.0,3.8,,Partially cloudy,Tokyo
444077,21739,poi_13,4b0e60adf964a520305723e3,2017-11-12T14:05:00,6.6,11.2,0.0,9.3,,Partially cloudy,Tokyo
444077,21739,poi_14,4b243a7df964a520356424e3,2017-11-13T01:19:00,6.5,12.5,0.0,9.2,,Clear,Tokyo
444077,21739,poi_15,4b0e60adf964a520305723e3,2017-11-13T14:09:00,6.6,10.9,0.0,1.9,,Partially cloudy,Tokyo
444077,21739,poi_16,4b243a7df964a520356424e3,2017-11-14T01:08:00,6.5,13.1,0.0,7.5,,Overcast,Tokyo
444077,21739,poi_17,4b0e60adf964a520305723e3,2017-11-14T14:04:00,6.6,10.7,0.0,3.7,,Clear,Tokyo
444077,21739,poi_18,4b243a7df964a520356424e3,2017-11-15T01:09:00,6.5,13.5,0.0,9.4,,Overcast,Tokyo
444077,21739,poi_19,4b0e60adf964a520305723e3,2017-11-15T14:04:00,6.6,12.3,0.0,5.7,,Partially cloudy,Tokyo
444077,21739,poi_20,4b243a7df964a520356424e3,2017-11-16T01:23:00,6.5,14.0,0.0,14.9,,Clear,Tokyo
444077,21739,poi_21,4b0e60adf964a520305723e3,2017-11-16T14:04:00,6.6,9.0,0.0,11.2,,Partially cloudy,Tokyo
444077,21739,poi_22,4b243a7df964a520356424e3,2017-11-17T01:15:00,6.5,10.9,0.0,5.5,,Partially cloudy,Tokyo
444077,21739,poi_23,4b0e60adf964a520305723e3,2017-11-19T14:11:00,6.6,6.6,0.0,7.7,,Clear,Tokyo
444077,21739,poi_24,4b243a7df964a520356424e3,2017-11-20T01:22:00,6.5,8.1,0.0,1.8,,Partially cloudy,Tokyo
444077,21739,poi_25,4b0e60adf964a520305723e3,2017-11-20T14:06:00,6.6,4.7,0.0,9.3,,Clear,Tokyo
444077,21739,poi_26,4b243a7df964a520356424e3,2017-11-21T00:32:00,6.5,9.8,0.0,18.4,,Clear,Tokyo
444077,21739,poi_27,4b0e60adf964a520305723e3,2017-11-21T14:20:00,6.6,5.1,0.0,3.8,,Clear,Tokyo
444077,21739,poi_28,4b243a7df964a520356424e3,2017-11-22T01:23:00,6.5,7.6,0.0,5.5,,Overcast,Tokyo
444077,21739,poi_29,4b0e60adf964a520305723e3,2017-11-23T14:04:00,6.6,8.9,0.0,9.5,,Clear,Tokyo
444077,21739,poi_30,4b243a7df964a520356424e3,2017-11-24T01:20:00,6.5,12.3,0.0,5.5,,Clear,Tokyo
444077,21739,poi_31,4b22115af964a5209a4324e3,2017-11-25T18:23:00,-1.0,5.9,0.0,9.4,,Clear,Tokyo
444077,21739,poi_32,4b9c7fb6f964a520b06c36e3,2017-11-25T18:34:00,6.6,6.0,0.0,7.7,,Clear,Tokyo
444077,21739,poi_33,4b22115af964a5209a4324e3,2017-11-25T20:09:00,-1.0,4.2,0.0,3.6,,Clear,Tokyo
444077,21739,poi_34,4b243a7df964a520356424e3,2017-11-25T20:21:00,6.5,4.2,0.0,3.6,,Clear,Tokyo
444077,21739,poi_35,4b0e60adf964a520305723e3,2017-11-26T14:04:00,6.6,12.7,0.0,7.9,,Clear,Tokyo
444077,21739,poi_36,4b243a7df964a520356424e3,2017-11-27T01:16:00,6.5,13.0,0.0,7.8,,Clear,Tokyo
444077,21739,poi_37,4b0587b4f964a520a6a022e3,2017-11-27T01:25:00,6.9,13.0,0.0,7.8,,Clear,Tokyo
444081,21739,poi_1,4b243a7df964a520356424e3,2017-12-03T13:20:00,6.5,8.4,0.0,3.7,,Clear,Tokyo
444081,21739,poi_2,4b0e60adf964a520305723e3,2017-12-03T14:04:00,6.6,6.7,0.0,7.6,,Clear,Tokyo
444081,21739,poi_3,4b0587a6f964a5203d9e22e3,2017-12-04T01:08:00,7.1,9.9,0.0,11.0,,Clear,Tokyo
444081,21739,poi_4,4b17b2e4f964a52040c723e3,2017-12-04T01:20:00,6.0,9.9,0.0,11.0,,Clear,Tokyo
444081,21739,poi_5,4b243a7df964a520356424e3,2017-12-04T01:56:00,6.5,10.4,0.0,11.2,,Clear,Tokyo
444081,21739,poi_6,4b0e60adf964a520305723e3,2017-12-04T14:04:00,6.6,8.4,0.0,3.6,,Partially cloudy,Tokyo
444081,21739,poi_7,4b243a7df964a520356424e3,2017-12-05T00:46:00,6.5,12.2,0.0,11.0,,Clear,Tokyo
444081,21739,poi_8,4b0e60adf964a520305723e3,2017-12-05T14:05:00,6.6,6.5,0.0,7.8,,Clear,Tokyo
444081,21739,poi_9,4b243a7df964a520356424e3,2017-12-06T01:25:00,6.5,8.0,0.0,9.5,,Clear,Tokyo
444081,21739,poi_10,4b0e60adf964a520305723e3,2017-12-06T14:04:00,6.6,6.0,0.0,7.6,,Clear,Tokyo
444081,21739,poi_11,4b243a7df964a520356424e3,2017-12-07T01:28:00,6.5,8.1,0.0,9.2,,Clear,Tokyo
444081,21739,poi_12,4b0e60adf964a520305723e3,2017-12-07T14:11:00,6.6,6.2,0.0,12.6,,Clear,Tokyo
444081,21739,poi_13,4b243a7df964a520356424e3,2017-12-07T21:08:00,6.5,2.9,0.0,2.0,,Partially cloudy,Tokyo
444081,21739,poi_14,4b0e60adf964a520305723e3,2017-12-10T14:04:00,6.6,5.6,0.0,4.1,,Clear,Tokyo
444081,21739,poi_15,4b0587a6f964a5203d9e22e3,2017-12-11T01:15:00,7.1,10.0,0.0,8.0,,Clear,Tokyo
444081,21739,poi_16,4b17b2e4f964a52040c723e3,2017-12-11T01:28:00,6.0,10.0,0.0,8.0,,Clear,Tokyo
444081,21739,poi_17,4b7619fef964a520c43c2ee3,2017-12-11T02:02:00,7.3,12.7,0.0,3.9,,Clear,Tokyo
444081,21739,poi_18,4b0587a6f964a5203d9e22e3,2017-12-11T02:14:00,7.1,12.7,0.0,3.9,,Clear,Tokyo
444081,21739,poi_19,4b243a7df964a520356424e3,2017-12-11T02:24:00,6.5,12.7,0.0,3.9,,Clear,Tokyo
444081,21739,poi_20,4b0e60adf964a520305723e3,2017-12-11T14:04:00,6.6,8.5,0.0,21.2,,Clear,Tokyo
444081,21739,poi_21,4b243a7df964a520356424e3,2017-12-12T01:38:00,6.5,9.0,0.0,11.4,,Clear,Tokyo
444081,21739,poi_22,4b22504cf964a520704524e3,2017-12-12T14:00:00,5.6,4.9,0.0,7.6,,Clear,Tokyo
444081,21739,poi_23,4b0e60adf964a520305723e3,2017-12-12T14:14:00,6.6,4.9,0.0,7.6,,Clear,Tokyo
444081,21739,poi_24,4b243a7df964a520356424e3,2017-12-13T01:16:00,6.5,7.9,0.0,7.7,,Clear,Tokyo
444081,21739,poi_25,4b0e60adf964a520305723e3,2017-12-13T14:04:00,6.6,3.6,0.0,9.5,,Clear,Tokyo
444081,21739,poi_26,4b243a7df964a520356424e3,2017-12-14T01:27:00,6.5,7.2,0.0,18.4,,Clear,Tokyo
444081,21739,poi_27,4b0e60adf964a520305723e3,2017-12-14T14:04:00,6.6,4.4,0.0,5.5,,Clear,Tokyo
446808,21902,poi_1,4b5ef219f964a520569f29e3,2017-10-24T14:03:00,5.8,14.3,0.0,9.4,,Partially cloudy,Tokyo
446808,21902,poi_2,4b0587a6f964a5203d9e22e3,2017-10-24T22:28:00,7.1,12.4,0.0,7.7,,Overcast,Tokyo
446808,21902,poi_3,4b19f917f964a520abe623e3,2017-10-24T22:43:00,7.8,12.1,0.0,9.5,,Overcast,Tokyo
446808,21902,poi_4,57b3d4a5498e6155e8305bc3,2017-10-24T23:44:00,7.2,12.4,0.036,9.5,rain,"Rain, Partially cloudy",Tokyo
446808,21902,poi_5,4b55670ff964a52071e327e3,2017-10-25T01:51:00,8.5,13.1,0.008,11.3,rain,"Rain, Overcast",Tokyo
446808,21902,poi_6,560e4d4d498e190f15581b80,2017-10-25T01:58:00,-1.0,13.1,0.008,11.3,rain,"Rain, Overcast",Tokyo
446808,21902,poi_7,4b19f837f964a520a2e623e3,2017-10-25T03:05:00,6.9,13.4,0.005,9.4,rain,"Rain, Overcast",Tokyo
446808,21902,poi_8,4b0587a6f964a5203e9e22e3,2017-10-25T13:23:00,7.9,12.2,0.0,9.4,,Clear,Tokyo
446808,21902,poi_9,4b0e60adf964a520305723e3,2017-10-25T13:35:00,6.6,11.4,0.0,7.5,,Clear,Tokyo
446808,21902,poi_10,4b0587a6f964a5203e9e22e3,2017-10-26T01:17:00,7.9,17.6,0.0,7.6,,Clear,Tokyo
446808,21902,poi_11,4b19f837f964a520a2e623e3,2017-10-26T01:22:00,6.9,17.6,0.0,7.6,,Clear,Tokyo
446808,21902,poi_12,4b0587a6f964a5203e9e22e3,2017-10-26T13:27:00,7.9,11.4,0.0,5.4,,Clear,Tokyo
446809,21902,poi_1,4b55670ff964a52071e327e3,2017-10-27T00:27:00,8.5,15.1,0.0,5.5,,Clear,Tokyo
446809,21902,poi_2,4b0e60adf964a520305723e3,2017-10-27T00:31:00,6.6,16.9,0.0,7.6,,Clear,Tokyo
446809,21902,poi_3,4b19f917f964a520abe623e3,2017-10-27T00:49:00,7.8,16.9,0.0,7.6,,Clear,Tokyo
446809,21902,poi_4,4b55670ff964a52071e327e3,2017-10-27T00:55:00,8.5,16.9,0.0,7.6,,Clear,Tokyo
446809,21902,poi_5,59a3ef8ac9a5177c7dff9243,2017-10-27T01:39:00,-1.0,18.4,0.0,5.5,,Clear,Tokyo
446809,21902,poi_6,4b19f917f964a520abe623e3,2017-10-27T02:22:00,7.8,18.4,0.0,5.5,,Clear,Tokyo
446809,21902,poi_7,4b19f837f964a520a2e623e3,2017-10-27T02:27:00,6.9,18.4,0.0,5.5,,Clear,Tokyo
446809,21902,poi_8,4b0587a6f964a5203e9e22e3,2017-10-29T13:34:00,7.9,15.2,0.0,12.9,,Clear,Tokyo
446809,21902,poi_9,4b0e60adf964a520305723e3,2017-10-29T13:44:00,6.6,15.2,0.0,12.9,,Clear,Tokyo
446809,21902,poi_10,4b0587a6f964a5203e9e22e3,2017-10-30T00:52:00,7.9,18.9,0.0,22.6,,Clear,Tokyo
446809,21902,poi_11,4b19f917f964a520abe623e3,2017-10-30T00:56:00,7.8,18.9,0.0,22.6,,Clear,Tokyo
446809,21902,poi_12,4b19f837f964a520a2e623e3,2017-10-30T01:22:00,6.9,18.9,0.0,22.6,,Clear,Tokyo
446809,21902,poi_13,4b0587a6f964a5203e9e22e3,2017-10-30T13:25:00,7.9,11.4,0.0,13.4,,Clear,Tokyo
446809,21902,poi_14,4b0e60adf964a520305723e3,2017-10-30T13:35:00,6.6,11.4,0.0,13.3,,Partially cloudy,Tokyo
446809,21902,poi_15,4b0587a6f964a5203e9e22e3,2017-10-31T01:02:00,7.9,14.8,0.0,5.8,,Clear,Tokyo
446809,21902,poi_16,4b19f837f964a520a2e623e3,2017-10-31T01:07:00,6.9,14.8,0.0,5.8,,Clear,Tokyo
446809,21902,poi_17,4b0e60adf964a520305723e3,2017-10-31T15:34:00,6.6,11.9,0.0,9.3,,Partially cloudy,Tokyo
446809,21902,poi_18,4b22504cf964a520704524e3,2017-10-31T15:38:00,5.6,11.9,0.0,9.3,,Partially cloudy,Tokyo
446813,21902,poi_1,4b0e60adf964a520305723e3,2017-11-08T04:16:00,6.6,15.3,0.002,10.0,rain,"Rain, Overcast",Tokyo
446813,21902,poi_2,4b0587a6f964a5203e9e22e3,2017-11-08T04:33:00,7.9,14.8,0.0,4.4,,Overcast,Tokyo
446813,21902,poi_3,4b19f837f964a520a2e623e3,2017-11-08T04:38:00,6.9,14.8,0.0,4.4,,Overcast,Tokyo
446813,21902,poi_4,4b0e60adf964a520305723e3,2017-11-08T13:44:00,6.6,12.7,0.0,9.3,,Clear,Tokyo
446813,21902,poi_5,4b22504cf964a520704524e3,2017-11-08T19:53:00,5.6,11.9,0.0,9.4,,Clear,Tokyo
446813,21902,poi_6,4b0e60adf964a520305723e3,2017-11-09T00:34:00,6.6,17.4,0.0,21.1,,Clear,Tokyo
446813,21902,poi_7,4b0587a6f964a5203e9e22e3,2017-11-09T00:42:00,7.9,17.4,0.0,21.1,,Clear,Tokyo
446813,21902,poi_8,4b19f837f964a520a2e623e3,2017-11-09T00:49:00,6.9,17.4,0.0,21.1,,Clear,Tokyo
446813,21902,poi_9,4b0587a6f964a5203e9e22e3,2017-11-09T13:27:00,7.9,12.2,0.0,9.3,,Clear,Tokyo
446813,21902,poi_10,4b0e60adf964a520305723e3,2017-11-09T13:34:00,6.6,12.3,0.0,12.7,,Clear,Tokyo
446813,21902,poi_11,4b0587a6f964a5203e9e22e3,2017-11-10T01:17:00,7.9,13.6,0.0,5.5,,Partially cloudy,Tokyo
446813,21902,poi_12,4b19f917f964a520abe623e3,2017-11-10T01:21:00,7.8,13.6,0.0,5.5,,Partially cloudy,Tokyo
446813,21902,poi_13,4b5dcff1f964a520196d29e3,2017-11-10T01:46:00,8.8,14.1,0.0,3.6,,Clear,Tokyo
446813,21902,poi_14,4b19f837f964a520a2e623e3,2017-11-10T02:27:00,6.9,14.1,0.0,3.6,,Clear,Tokyo
446813,21902,poi_15,4b19f917f964a520abe623e3,2017-11-10T15:48:00,7.8,17.1,0.0,20.6,,Overcast,Tokyo
446813,21902,poi_16,4b55670ff964a52071e327e3,2017-11-10T15:52:00,8.5,17.1,0.0,20.6,,Overcast,Tokyo
446813,21902,poi_17,4b9073e6f964a520038b33e3,2017-11-10T16:00:00,6.5,17.1,0.0,20.6,,Overcast,Tokyo
446815,21902,poi_1,4b0e60adf964a520305723e3,2017-11-13T23:54:00,6.6,12.1,0.106,11.0,rain,"Rain, Overcast",Tokyo
446815,21902,poi_2,4b0587a6f964a5203e9e22e3,2017-11-14T00:18:00,7.9,12.1,0.106,11.0,rain,"Rain, Overcast",Tokyo
446815,21902,poi_3,4b19f837f964a520a2e623e3,2017-11-14T00:24:00,6.9,12.1,0.106,11.0,rain,"Rain, Overcast",Tokyo
446815,21902,poi_4,4b0587a6f964a5203e9e22e3,2017-11-14T13:26:00,7.9,11.2,0.0,5.4,,Clear,Tokyo
446815,21902,poi_5,4b0e60adf964a520305723e3,2017-11-14T13:34:00,6.6,10.7,0.0,3.7,,Clear,Tokyo
446815,21902,poi_6,4b0587a6f964a5203e9e22e3,2017-11-15T01:41:00,7.9,14.6,0.0,5.6,,Partially cloudy,Tokyo
446815,21902,poi_7,4b19f917f964a520abe623e3,2017-11-15T01:45:00,7.8,14.6,0.0,5.6,,Partially cloudy,Tokyo
446815,21902,poi_8,4b584ce3f964a520b35128e3,2017-11-15T02:48:00,7.7,15.4,0.0,7.6,,Partially cloudy,Tokyo
446815,21902,poi_9,4b19f837f964a520a2e623e3,2017-11-15T03:39:00,6.9,16.5,0.0,11.2,,Partially cloudy,Tokyo
446815,21902,poi_10,4b0587a6f964a5203e9e22e3,2017-11-15T13:34:00,7.9,12.3,0.0,5.7,,Partially cloudy,Tokyo
446815,21902,poi_11,4b0e60adf964a520305723e3,2017-11-15T13:44:00,6.6,12.3,0.0,5.7,,Partially cloudy,Tokyo
446815,21902,poi_12,4b54f9aaf964a5202bd627e3,2017-11-15T19:56:00,-1.0,8.6,0.0,3.9,,Clear,Tokyo
446827,21902,poi_1,4b0e60adf964a520305723e3,2017-12-05T01:21:00,6.6,12.2,0.0,11.0,,Clear,Tokyo
446827,21902,poi_2,4b0587a6f964a5203e9e22e3,2017-12-05T01:34:00,7.9,12.7,0.0,5.6,,Clear,Tokyo
446827,21902,poi_3,4b19f837f964a520a2e623e3,2017-12-05T01:38:00,6.9,12.7,0.0,5.6,,Clear,Tokyo
446827,21902,poi_4,4b0587a6f964a5203e9e22e3,2017-12-05T13:47:00,7.9,6.5,0.0,7.8,,Clear,Tokyo
446827,21902,poi_5,4b0e60adf964a520305723e3,2017-12-05T13:56:00,6.6,6.5,0.0,7.8,,Clear,Tokyo
446827,21902,poi_6,4b0587a6f964a5203e9e22e3,2017-12-06T01:05:00,7.9,8.0,0.0,9.5,,Clear,Tokyo
446827,21902,poi_7,4b19f917f964a520abe623e3,2017-12-06T01:09:00,7.8,8.0,0.0,9.5,,Clear,Tokyo
446827,21902,poi_8,57b3d4a5498e6155e8305bc3,2017-12-06T01:18:00,7.2,8.0,0.0,9.5,,Clear,Tokyo
446827,21902,poi_9,4b5dcff1f964a520196d29e3,2017-12-06T02:21:00,8.8,9.2,0.0,7.8,,Clear,Tokyo
446827,21902,poi_10,4b19f837f964a520a2e623e3,2017-12-06T03:12:00,6.9,10.2,0.0,9.4,,Clear,Tokyo
446827,21902,poi_11,4b0587a6f964a5203e9e22e3,2017-12-06T13:34:00,7.9,6.0,0.0,7.6,,Clear,Tokyo
446827,21902,poi_12,4b0e60adf964a520305723e3,2017-12-06T13:44:00,6.6,6.0,0.0,7.6,,Clear,Tokyo
446829,21902,poi_1,4b19f837f964a520a2e623e3,2017-12-10T13:26:00,6.9,6.4,0.0,8.3,,Clear,Tokyo
446829,21902,poi_2,4b0587a6f964a5203e9e22e3,2017-12-10T13:36:00,7.9,5.6,0.0,4.1,,Clear,Tokyo
446829,21902,poi_3,4b22504cf964a520704524e3,2017-12-10T21:59:00,5.6,5.6,0.0,7.8,,Partially cloudy,Tokyo
446829,21902,poi_4,4b0e60adf964a520305723e3,2017-12-11T02:56:00,6.6,15.1,0.0,5.9,,Clear,Tokyo
446829,21902,poi_5,4b0587a6f964a5203e9e22e3,2017-12-11T03:11:00,7.9,15.1,0.0,5.9,,Clear,Tokyo
446829,21902,poi_6,4b19f837f964a520a2e623e3,2017-12-11T03:17:00,6.9,15.1,0.0,5.9,,Clear,Tokyo
446829,21902,poi_7,4b0e60adf964a520305723e3,2017-12-11T13:49:00,6.6,8.5,0.0,21.2,,Clear,Tokyo
446829,21902,poi_8,4b22504cf964a520704524e3,2017-12-11T17:39:00,5.6,5.4,0.0,17.0,,Clear,Tokyo
446829,21902,poi_9,4f090e3ee4b0596c8f60a020,2017-12-11T19:12:00,8.0,5.4,0.0,17.0,,Clear,Tokyo
446829,21902,poi_10,4b0e60adf964a520305723e3,2017-12-12T02:32:00,6.6,9.6,0.0,7.9,,Clear,Tokyo
446829,21902,poi_11,4b19f837f964a520a2e623e3,2017-12-12T02:45:00,6.9,9.6,0.0,7.9,,Clear,Tokyo
446829,21902,poi_12,4b0587a6f964a5203e9e22e3,2017-12-12T13:34:00,7.9,4.9,0.0,7.6,,Clear,Tokyo
446829,21902,poi_13,4b0e60adf964a520305723e3,2017-12-12T13:44:00,6.6,4.9,0.0,7.6,,Clear,Tokyo
446829,21902,poi_14,4b19f917f964a520abe623e3,2017-12-13T01:11:00,7.8,7.9,0.0,7.7,,Clear,Tokyo
446829,21902,poi_15,57b3d4a5498e6155e8305bc3,2017-12-13T01:30:00,7.2,7.9,0.0,7.7,,Clear,Tokyo
446829,21902,poi_16,4b55670ff964a52071e327e3,2017-12-13T02:32:00,8.5,9.2,0.0,7.7,,Clear,Tokyo
446829,21902,poi_17,560e4d4d498e190f15581b80,2017-12-13T02:42:00,-1.0,9.2,0.0,7.7,,Clear,Tokyo
446829,21902,poi_18,4b19f837f964a520a2e623e3,2017-12-13T03:56:00,6.9,9.6,0.0,7.6,,Clear,Tokyo
446829,21902,poi_19,4b0587a6f964a5203e9e22e3,2017-12-13T13:34:00,7.9,3.6,0.0,9.5,,Clear,Tokyo
446847,21902,poi_1,4b19f917f964a520abe623e3,2018-01-08T23:41:00,7.8,9.4,0.0,9.5,,Partially cloudy,Tokyo
446847,21902,poi_2,4fb61788e4b0e3b7389d5b18,2018-01-09T02:32:00,-1.0,12.0,0.0,5.0,,Partially cloudy,Tokyo
446847,21902,poi_3,4b19f837f964a520a2e623e3,2018-01-09T04:51:00,6.9,14.6,0.0,21.2,,Clear,Tokyo
446847,21902,poi_4,4b0e60adf964a520305723e3,2018-01-09T13:57:00,6.6,3.8,0.0,5.6,,Clear,Tokyo
446847,21902,poi_5,4b19f917f964a520abe623e3,2018-01-10T01:33:00,7.8,10.3,0.0,18.9,,Clear,Tokyo
446847,21902,poi_6,57b3d4a5498e6155e8305bc3,2018-01-10T01:37:00,7.2,10.3,0.0,18.9,,Clear,Tokyo
446847,21902,poi_7,4b55670ff964a52071e327e3,2018-01-10T02:51:00,8.5,10.6,0.0,22.9,,Clear,Tokyo
446847,21902,poi_8,564ea330498ea3de97dab2c4,2018-01-10T02:55:00,6.0,10.6,0.0,22.9,,Clear,Tokyo
446847,21902,poi_9,4b19f837f964a520a2e623e3,2018-01-10T04:06:00,6.9,10.8,0.0,26.3,,Clear,Tokyo
446847,21902,poi_10,4b0587a6f964a5203e9e22e3,2018-01-10T15:31:00,7.9,5.2,0.0,15.2,,Clear,Tokyo
446847,21902,poi_11,4b0b90e1f964a5204d3223e3,2018-01-10T15:37:00,5.7,5.2,0.0,15.2,,Clear,Tokyo
446847,21902,poi_12,57db6b72498ee48ce8442a36,2018-01-10T17:44:00,7.8,4.3,0.0,11.2,,Clear,Tokyo
446847,21902,poi_13,4b0e60adf964a520305723e3,2018-01-11T00:20:00,6.6,5.5,0.0,3.6,,Clear,Tokyo
446847,21902,poi_14,4b19f837f964a520a2e623e3,2018-01-11T00:38:00,6.9,7.3,0.0,5.7,,Clear,Tokyo
446847,21902,poi_15,4b0e60adf964a520305723e3,2018-01-11T13:44:00,6.6,2.3,0.0,9.2,,Clear,Tokyo
446849,21902,poi_1,4b0e60adf964a520305723e3,2018-01-15T01:59:00,6.6,5.7,0.0,7.9,,Partially cloudy,Tokyo
446849,21902,poi_2,4b0587a6f964a5203e9e22e3,2018-01-15T02:18:00,7.9,5.7,0.0,7.9,,Partially cloudy,Tokyo
446849,21902,poi_3,4b19f837f964a520a2e623e3,2018-01-15T02:24:00,6.9,5.7,0.0,7.9,,Partially cloudy,Tokyo
446849,21902,poi_4,4b0587a6f964a5203e9e22e3,2018-01-15T15:35:00,7.9,2.4,0.0,3.8,,Clear,Tokyo
446849,21902,poi_5,51340d17e4b04a7c7ac3bb49,2018-01-15T19:01:00,7.1,2.4,0.0,2.0,,Clear,Tokyo
446849,21902,poi_6,4b0e60adf964a520305723e3,2018-01-16T01:51:00,6.6,11.6,0.0,5.5,,Partially cloudy,Tokyo
446849,21902,poi_7,4b19f837f964a520a2e623e3,2018-01-16T02:08:00,6.9,11.6,0.0,5.5,,Partially cloudy,Tokyo
446849,21902,poi_8,4b0e60adf964a520305723e3,2018-01-16T14:14:00,6.6,6.2,0.0,9.3,,Clear,Tokyo
446849,21902,poi_9,4b19f917f964a520abe623e3,2018-01-17T01:45:00,7.8,7.4,0.0,5.7,,Overcast,Tokyo
446849,21902,poi_10,57b3d4a5498e6155e8305bc3,2018-01-17T01:47:00,7.2,7.4,0.0,5.7,,Overcast,Tokyo
446849,21902,poi_11,4b5dcff1f964a520196d29e3,2018-01-17T02:43:00,8.8,7.7,0.0,5.7,,Partially cloudy,Tokyo
446849,21902,poi_12,4b19f837f964a520a2e623e3,2018-01-17T03:38:00,6.9,8.4,0.0,5.5,,Overcast,Tokyo
446849,21902,poi_13,4b22504cf964a520704524e3,2018-01-17T15:49:00,5.6,6.6,0.0,11.2,,Partially cloudy,Tokyo
446866,21902,poi_1,4b0e60adf964a520305723e3,2018-02-24T19:16:00,6.6,3.2,0.0,3.9,,Clear,Tokyo
446866,21902,poi_2,4bbbede9e4529521806b55a4,2018-02-24T19:25:00,-1.0,3.2,0.0,3.9,,Clear,Tokyo
446866,21902,poi_3,4b0e60adf964a520305723e3,2018-02-25T00:56:00,6.6,6.0,0.0,10.9,,Overcast,Tokyo
446866,21902,poi_4,4b19f837f964a520a2e623e3,2018-02-25T01:16:00,6.9,6.0,0.0,10.9,,Overcast,Tokyo
446866,21902,poi_5,4b600990f964a520e3d329e3,2018-02-25T14:52:00,6.1,4.7,0.0,7.7,,Overcast,Tokyo
446866,21902,poi_6,4b19f837f964a520a2e623e3,2018-02-25T17:38:00,6.9,4.6,0.0,9.5,,Overcast,Tokyo
446866,21902,poi_7,4b0e60adf964a520305723e3,2018-02-25T23:35:00,6.6,5.3,0.0,9.5,,Overcast,Tokyo
446866,21902,poi_8,4b19f837f964a520a2e623e3,2018-02-26T02:25:00,6.9,7.6,0.0,13.0,,Clear,Tokyo
446866,21902,poi_9,4b0e60adf964a520305723e3,2018-02-26T13:56:00,6.6,4.9,0.0,5.4,,Partially cloudy,Tokyo
446866,21902,poi_10,4b19f837f964a520a2e623e3,2018-02-28T06:23:00,6.9,13.6,0.0,14.8,,Overcast,Tokyo
446866,21902,poi_11,4b0e60adf964a520305723e3,2018-02-28T14:09:00,6.6,7.9,0.002,5.6,rain,"Rain, Overcast",Tokyo
446866,21902,poi_12,4b19f837f964a520a2e623e3,2018-03-01T05:34:00,6.9,19.5,0.003,8.5,rain,Rain,Tokyo
446866,21902,poi_13,4b0e60adf964a520305723e3,2018-03-01T15:44:00,6.6,9.9,0.0,11.2,,Clear,Tokyo
458606,22472,poi_1,4b3836cef964a520e64c25e3,2017-10-16T05:25:00,5.2,12.7,0.0,13.1,,Overcast,Tokyo
458606,22472,poi_2,4b5ef219f964a520569f29e3,2017-10-16T05:54:00,5.8,12.6,9.922,7.8,rain,"Rain, Overcast",Tokyo
458606,22472,poi_3,4b0e60adf964a520305723e3,2017-10-16T14:09:00,6.6,12.1,0.0,7.8,,Overcast,Tokyo
458606,22472,poi_4,4b3836cef964a520e64c25e3,2017-10-16T14:16:00,5.2,12.1,0.0,7.8,,Overcast,Tokyo
458606,22472,poi_5,4b5ef219f964a520569f29e3,2017-10-17T05:53:00,5.8,15.4,1.983,5.5,rain,"Rain, Partially cloudy",Tokyo
458606,22472,poi_6,4b0e60adf964a520305723e3,2017-10-17T14:10:00,6.6,14.1,0.0,9.3,,Partially cloudy,Tokyo
458606,22472,poi_7,4b3836cef964a520e64c25e3,2017-10-17T14:17:00,5.2,14.1,0.0,9.3,,Partially cloudy,Tokyo
458606,22472,poi_8,4b5ef219f964a520569f29e3,2017-10-18T06:05:00,5.8,16.7,0.0,14.9,,Partially cloudy,Tokyo
458606,22472,poi_9,4b0e60adf964a520305723e3,2017-10-18T14:07:00,6.6,13.2,0.0,9.4,,Overcast,Tokyo
458606,22472,poi_10,4b3836cef964a520e64c25e3,2017-10-18T14:14:00,5.2,13.2,0.0,9.4,,Overcast,Tokyo
458606,22472,poi_11,4b5ef219f964a520569f29e3,2017-10-19T05:58:00,5.8,11.4,16.0,5.9,rain,"Rain, Overcast",Tokyo
458606,22472,poi_12,4b3836cef964a520e64c25e3,2017-10-19T14:07:00,5.2,11.6,0.0,9.8,,Overcast,Tokyo
458610,22472,poi_1,4b55670ff964a52071e327e3,2017-11-02T02:59:00,8.5,19.7,0.0,11.2,,Partially cloudy,Tokyo
458610,22472,poi_2,4b19f917f964a520abe623e3,2017-11-02T03:01:00,7.8,19.7,0.0,11.2,,Partially cloudy,Tokyo
458610,22472,poi_3,4b5ef219f964a520569f29e3,2017-11-02T03:11:00,5.8,19.7,0.0,11.2,,Partially cloudy,Tokyo
458610,22472,poi_4,4b0b90e1f964a5204d3223e3,2017-11-02T21:09:00,5.7,12.2,0.0,9.5,,Partially cloudy,Tokyo
458610,22472,poi_5,4b5ef219f964a520569f29e3,2017-11-02T21:57:00,5.8,12.7,0.0,9.5,,Partially cloudy,Tokyo
458610,22472,poi_6,4b0587a6f964a5203e9e22e3,2017-11-03T04:58:00,7.9,20.9,0.0,3.8,,Clear,Tokyo
458610,22472,poi_7,4be20cce1dd22d7fef3493bd,2017-11-03T05:07:00,-1.0,20.9,0.0,3.8,,Clear,Tokyo
458610,22472,poi_8,4c4ccc7cf5afa593eb4985d6,2017-11-04T05:08:00,-1.0,20.7,0.0,11.0,,Clear,Tokyo
458610,22472,poi_9,4b0587a6f964a5203e9e22e3,2017-11-04T05:12:00,7.9,20.7,0.0,11.0,,Clear,Tokyo
458610,22472,poi_10,4b5ef219f964a520569f29e3,2017-11-04T05:26:00,5.8,20.7,0.0,11.0,,Clear,Tokyo
458610,22472,poi_11,4b0e60adf964a520305723e3,2017-11-05T14:13:00,6.6,11.1,0.0,5.6,,Clear,Tokyo
458610,22472,poi_12,4b3836cef964a520e64c25e3,2017-11-05T14:19:00,5.2,11.1,0.0,5.6,,Clear,Tokyo
458610,22472,poi_13,4b5ef219f964a520569f29e3,2017-11-06T01:08:00,5.8,14.2,0.0,3.6,,Clear,Tokyo
458610,22472,poi_14,4b0e60adf964a520305723e3,2017-11-06T14:16:00,6.6,12.6,0.0,7.5,,Clear,Tokyo
458610,22472,poi_15,4b3836cef964a520e64c25e3,2017-11-06T14:22:00,5.2,12.6,0.0,7.5,,Clear,Tokyo
458610,22472,poi_16,4b5ef219f964a520569f29e3,2017-11-07T01:35:00,5.8,18.4,0.0,1.9,,Clear,Tokyo
458610,22472,poi_17,4b3836cef964a520e64c25e3,2017-11-07T14:19:00,5.2,14.7,0.0,9.5,,Clear,Tokyo
458610,22472,poi_18,4b5ef219f964a520569f29e3,2017-11-08T01:46:00,5.8,15.3,0.0,8.0,,Overcast,Tokyo
458610,22472,poi_19,4b0e60adf964a520305723e3,2017-11-08T14:13:00,6.6,12.7,0.0,9.3,,Clear,Tokyo
458610,22472,poi_20,4b3836cef964a520e64c25e3,2017-11-08T14:17:00,5.2,12.7,0.0,9.3,,Clear,Tokyo
458610,22472,poi_21,4b5ef219f964a520569f29e3,2017-11-09T01:10:00,5.8,17.4,0.0,21.1,,Clear,Tokyo
458610,22472,poi_22,4b0b90e1f964a5204d3223e3,2017-11-12T14:05:00,5.7,11.2,0.0,9.3,,Partially cloudy,Tokyo
458610,22472,poi_23,4b3836cef964a520e64c25e3,2017-11-12T14:22:00,5.2,11.2,0.0,9.3,,Partially cloudy,Tokyo
458610,22472,poi_24,4b5ef219f964a520569f29e3,2017-11-13T00:47:00,5.8,12.5,0.0,9.2,,Clear,Tokyo
458610,22472,poi_25,4b0e60adf964a520305723e3,2017-11-13T14:14:00,6.6,10.9,0.0,1.9,,Partially cloudy,Tokyo
458610,22472,poi_26,4b3836cef964a520e64c25e3,2017-11-13T14:19:00,5.2,10.9,0.0,1.9,,Partially cloudy,Tokyo
458612,22472,poi_1,4b5ef219f964a520569f29e3,2017-11-15T13:43:00,5.8,12.3,0.0,5.7,,Partially cloudy,Tokyo
458612,22472,poi_2,4b0e60adf964a520305723e3,2017-11-15T14:12:00,6.6,12.3,0.0,5.7,,Partially cloudy,Tokyo
458612,22472,poi_3,4b3836cef964a520e64c25e3,2017-11-15T14:21:00,5.2,12.3,0.0,5.7,,Partially cloudy,Tokyo
458612,22472,poi_4,4b5ef219f964a520569f29e3,2017-11-16T03:15:00,5.8,15.6,0.0,12.8,,Clear,Tokyo
458612,22472,poi_5,4b0e60adf964a520305723e3,2017-11-16T14:08:00,6.6,9.0,0.0,11.2,,Partially cloudy,Tokyo
458612,22472,poi_6,4b3836cef964a520e64c25e3,2017-11-16T14:14:00,5.2,9.0,0.0,11.2,,Partially cloudy,Tokyo
458612,22472,poi_7,4b19f962f964a520afe623e3,2017-11-16T21:41:00,5.2,6.2,0.0,5.5,,Partially cloudy,Tokyo
458612,22472,poi_8,4b9c4a32f964a520625c36e3,2017-11-17T01:13:00,7.6,10.9,0.0,5.5,,Partially cloudy,Tokyo
458612,22472,poi_9,4b5ef219f964a520569f29e3,2017-11-17T01:24:00,5.8,10.9,0.0,5.5,,Partially cloudy,Tokyo
458612,22472,poi_10,4b19f917f964a520abe623e3,2017-11-17T18:12:00,7.8,8.6,0.0,7.5,,Overcast,Tokyo
458612,22472,poi_11,4b5fccd2f964a52037cd29e3,2017-11-17T18:50:00,9.2,8.7,0.0,5.3,,Overcast,Tokyo
458612,22472,poi_12,4b5ef219f964a520569f29e3,2017-11-17T19:19:00,5.8,8.7,0.0,5.3,,Overcast,Tokyo
458612,22472,poi_13,4b3836cef964a520e64c25e3,2017-11-19T14:14:00,5.2,6.6,0.0,7.7,,Clear,Tokyo
458612,22472,poi_14,4b5ef219f964a520569f29e3,2017-11-20T01:05:00,5.8,8.1,0.0,1.8,,Partially cloudy,Tokyo
458612,22472,poi_15,4b0e60adf964a520305723e3,2017-11-20T14:13:00,6.6,4.7,0.0,9.3,,Clear,Tokyo
458612,22472,poi_16,4b3836cef964a520e64c25e3,2017-11-20T14:17:00,5.2,4.7,0.0,9.3,,Clear,Tokyo
458617,22472,poi_1,4b5ef219f964a520569f29e3,2017-11-29T13:45:00,5.8,13.6,0.0,7.4,,Overcast,Tokyo
458617,22472,poi_2,4b0e60adf964a520305723e3,2017-11-29T14:15:00,6.6,13.6,0.0,7.4,,Overcast,Tokyo
458617,22472,poi_3,4b3836cef964a520e64c25e3,2017-11-29T14:19:00,5.2,13.6,0.0,7.4,,Overcast,Tokyo
458617,22472,poi_4,4b5ef219f964a520569f29e3,2017-11-30T02:14:00,5.8,12.4,0.0,5.6,,Overcast,Tokyo
458617,22472,poi_5,4b0e60adf964a520305723e3,2017-11-30T14:17:00,6.6,8.1,0.0,5.6,,Overcast,Tokyo
458617,22472,poi_6,4b3836cef964a520e64c25e3,2017-11-30T14:22:00,5.2,8.1,0.0,5.6,,Overcast,Tokyo
458617,22472,poi_7,4b5ef219f964a520569f29e3,2017-12-01T01:21:00,5.8,8.4,0.0,7.7,,Overcast,Tokyo
458617,22472,poi_8,4b19f917f964a520abe623e3,2017-12-02T17:51:00,7.8,6.1,0.0,7.6,,Partially cloudy,Tokyo
458617,22472,poi_9,4b19f837f964a520a2e623e3,2017-12-02T18:47:00,6.9,5.8,0.0,9.3,,Partially cloudy,Tokyo
458617,22472,poi_10,4b5ef219f964a520569f29e3,2017-12-02T18:54:00,5.8,5.8,0.0,9.3,,Partially cloudy,Tokyo
458617,22472,poi_11,4b19f962f964a520afe623e3,2017-12-03T14:08:00,5.2,6.7,0.0,7.6,,Clear,Tokyo
458617,22472,poi_12,4b5ef219f964a520569f29e3,2017-12-04T00:39:00,5.8,9.9,0.0,11.0,,Clear,Tokyo
458617,22472,poi_13,4b0e60adf964a520305723e3,2017-12-04T14:10:00,6.6,8.4,0.0,3.6,,Partially cloudy,Tokyo
458617,22472,poi_14,4b3836cef964a520e64c25e3,2017-12-04T14:16:00,5.2,8.4,0.0,3.6,,Partially cloudy,Tokyo
458617,22472,poi_15,4b5ef219f964a520569f29e3,2017-12-05T02:38:00,5.8,13.7,0.0,7.7,,Partially cloudy,Tokyo
458621,22472,poi_1,4cec9db113aea143694c629f,2017-12-08T03:30:00,5.9,8.8,0.0,1.9,,Overcast,Tokyo
458621,22472,poi_2,4b5ef219f964a520569f29e3,2017-12-08T03:59:00,5.8,9.0,0.0,1.9,,Partially cloudy,Tokyo
458621,22472,poi_3,4b0587a6f964a5203e9e22e3,2017-12-08T15:07:00,7.9,3.7,0.0,7.7,,Clear,Tokyo
458621,22472,poi_4,4b792714f964a52018ed2ee3,2017-12-08T15:09:00,7.6,3.7,0.0,7.7,,Clear,Tokyo
458621,22472,poi_5,4c4ccc7cf5afa593eb4985d6,2017-12-09T02:56:00,-1.0,9.7,0.0,7.5,,Clear,Tokyo
458621,22472,poi_6,4b0587a6f964a5203e9e22e3,2017-12-09T02:59:00,7.9,9.7,0.0,7.5,,Clear,Tokyo
458621,22472,poi_7,4b5ef219f964a520569f29e3,2017-12-09T03:14:00,5.8,9.7,0.0,7.5,,Clear,Tokyo
458621,22472,poi_8,4b0e60adf964a520305723e3,2017-12-10T14:14:00,6.6,5.6,0.0,4.1,,Clear,Tokyo
458621,22472,poi_9,4b3836cef964a520e64c25e3,2017-12-10T14:19:00,5.2,5.6,0.0,4.1,,Clear,Tokyo
458621,22472,poi_10,4b5ef219f964a520569f29e3,2017-12-11T04:06:00,5.8,15.9,0.0,6.4,,Clear,Tokyo
458621,22472,poi_11,4b0e60adf964a520305723e3,2017-12-11T14:14:00,6.6,8.5,0.0,21.2,,Clear,Tokyo
458621,22472,poi_12,4b3836cef964a520e64c25e3,2017-12-11T14:19:00,5.2,8.5,0.0,21.2,,Clear,Tokyo
458621,22472,poi_13,4b5ef219f964a520569f29e3,2017-12-12T02:42:00,5.8,9.6,0.0,7.9,,Clear,Tokyo
458621,22472,poi_14,4b0e60adf964a520305723e3,2017-12-12T14:14:00,6.6,4.9,0.0,7.6,,Clear,Tokyo
458621,22472,poi_15,4b3836cef964a520e64c25e3,2017-12-12T14:20:00,5.2,4.9,0.0,7.6,,Clear,Tokyo
458631,22472,poi_1,4b58051ef964a520c54828e3,2018-01-09T03:43:00,5.7,15.6,0.0,15.6,,Clear,Tokyo
458631,22472,poi_2,4b3836cef964a520e64c25e3,2018-01-09T03:46:00,5.2,15.6,0.0,15.6,,Clear,Tokyo
458631,22472,poi_3,4b19f917f964a520abe623e3,2018-01-09T04:23:00,7.8,15.6,0.0,15.6,,Clear,Tokyo
458631,22472,poi_4,4b5ef219f964a520569f29e3,2018-01-09T04:32:00,5.8,14.6,0.0,21.2,,Clear,Tokyo
458631,22472,poi_5,4b0e60adf964a520305723e3,2018-01-09T14:13:00,6.6,3.8,0.0,5.6,,Clear,Tokyo
458631,22472,poi_6,4b3836cef964a520e64c25e3,2018-01-09T14:20:00,5.2,3.8,0.0,5.6,,Clear,Tokyo
458631,22472,poi_7,4b5ef219f964a520569f29e3,2018-01-10T04:43:00,5.8,10.2,0.0,28.0,,Clear,Tokyo
458631,22472,poi_8,4b3836cef964a520e64c25e3,2018-01-10T14:20:00,5.2,7.5,0.0,16.8,,Clear,Tokyo
458631,22472,poi_9,4b5ef219f964a520569f29e3,2018-01-11T02:01:00,5.8,8.6,0.0,13.0,,Clear,Tokyo
458631,22472,poi_10,4b3836cef964a520e64c25e3,2018-01-11T14:20:00,5.2,2.3,0.0,9.2,,Clear,Tokyo
458631,22472,poi_11,4b5ef219f964a520569f29e3,2018-01-12T05:07:00,5.8,6.6,0.0,9.2,,Clear,Tokyo
458649,22472,poi_1,4b5ef219f964a520569f29e3,2018-02-13T13:48:00,5.8,2.7,0.0,3.8,,Clear,Tokyo
458649,22472,poi_2,4b3836cef964a520e64c25e3,2018-02-13T14:24:00,5.2,2.7,0.0,3.8,,Clear,Tokyo
458649,22472,poi_3,4b5ef219f964a520569f29e3,2018-02-14T01:11:00,5.8,8.0,0.0,5.3,,Clear,Tokyo
458649,22472,poi_4,4b0e60adf964a520305723e3,2018-02-14T14:18:00,6.6,7.4,0.0,14.9,,Clear,Tokyo
458649,22472,poi_5,4b3836cef964a520e64c25e3,2018-02-14T14:23:00,5.2,7.4,0.0,14.9,,Clear,Tokyo
458649,22472,poi_6,4b5ef219f964a520569f29e3,2018-02-15T01:24:00,5.8,11.1,0.0,5.6,,Clear,Tokyo
458649,22472,poi_7,4b3836cef964a520e64c25e3,2018-02-15T14:22:00,5.2,6.6,0.0,13.0,,Partially cloudy,Tokyo
458649,22472,poi_8,4b5ef219f964a520569f29e3,2018-02-16T01:40:00,5.8,7.6,0.0,7.6,,Partially cloudy,Tokyo
458649,22472,poi_9,4b5fccd2f964a52037cd29e3,2018-02-17T23:52:00,9.2,4.3,0.0,13.2,,Partially cloudy,Tokyo
458649,22472,poi_10,4b19f917f964a520abe623e3,2018-02-17T23:57:00,7.8,4.3,0.0,13.2,,Partially cloudy,Tokyo
458649,22472,poi_11,4b5ef219f964a520569f29e3,2018-02-18T00:08:00,5.8,4.3,0.0,13.2,,Partially cloudy,Tokyo
458649,22472,poi_12,4b0e60adf964a520305723e3,2018-02-18T14:22:00,6.6,2.5,0.0,7.7,,Clear,Tokyo
458649,22472,poi_13,4b3836cef964a520e64c25e3,2018-02-18T14:30:00,5.2,2.5,0.0,7.7,,Clear,Tokyo
458649,22472,poi_14,4b5ef219f964a520569f29e3,2018-02-19T01:01:00,5.8,5.8,0.0,5.3,,Partially cloudy,Tokyo
458649,22472,poi_15,4b0e60adf964a520305723e3,2018-02-19T14:12:00,6.6,6.8,0.0,5.6,,Overcast,Tokyo
458649,22472,poi_16,4b3836cef964a520e64c25e3,2018-02-19T14:17:00,5.2,6.8,0.0,5.6,,Overcast,Tokyo
458649,22472,poi_17,4b5ef219f964a520569f29e3,2018-02-20T03:20:00,5.8,10.8,0.0,3.9,,Clear,Tokyo
458649,22472,poi_18,4b3836cef964a520e64c25e3,2018-02-20T14:22:00,5.2,6.4,0.0,7.6,,Clear,Tokyo
458659,22472,poi_1,4b3836cef964a520e64c25e3,2018-03-09T03:21:00,5.2,12.7,0.0,11.3,,Overcast,Tokyo
458659,22472,poi_2,4b5ef219f964a520569f29e3,2018-03-09T03:52:00,5.8,11.9,0.0,7.7,,Overcast,Tokyo
458659,22472,poi_3,4b19f87df964a520a4e623e3,2018-03-09T15:03:00,5.9,6.6,0.015,18.2,rain,"Rain, Overcast",Tokyo
458659,22472,poi_4,4be3c992d27a20a1ca15935b,2018-03-09T15:44:00,-1.0,5.4,0.017,11.4,rain,"Rain, Overcast",Tokyo
458659,22472,poi_5,4b5ef219f964a520569f29e3,2018-03-09T16:08:00,5.8,5.4,0.017,11.4,rain,"Rain, Overcast",Tokyo
458659,22472,poi_6,4b56a931f964a520e31728e3,2018-03-10T19:09:00,8.4,6.1,0.0,7.5,,Overcast,Tokyo
458659,22472,poi_7,4bcd872fcc8cd13af2a4c2cf,2018-03-10T20:08:00,6.8,5.7,0.0,5.4,,Overcast,Tokyo
458659,22472,poi_8,4b19f87df964a520a4e623e3,2018-03-10T21:22:00,5.9,5.7,0.0,5.4,,Partially cloudy,Tokyo
458659,22472,poi_9,4b5ef219f964a520569f29e3,2018-03-10T21:30:00,5.8,5.7,0.0,5.4,,Partially cloudy,Tokyo
458659,22472,poi_10,4b3836cef964a520e64c25e3,2018-03-11T14:21:00,5.2,8.3,0.0,13.1,,Clear,Tokyo
458659,22472,poi_11,4b5ef219f964a520569f29e3,2018-03-12T03:32:00,5.8,15.0,0.0,7.6,,Clear,Tokyo
458661,22472,poi_1,4b5413b6f964a5209eb127e3,2018-03-15T00:32:00,5.5,17.8,0.0,11.1,,Clear,Tokyo
458661,22472,poi_2,4b5a4723f964a5209eb928e3,2018-03-15T00:42:00,6.4,17.8,0.0,11.1,,Clear,Tokyo
458661,22472,poi_3,4ec0d5979911a2ec5c6cdda6,2018-03-15T00:48:00,6.1,17.8,0.0,11.1,,Clear,Tokyo
458661,22472,poi_4,4b5ef219f964a520569f29e3,2018-03-15T01:12:00,5.8,17.8,0.0,11.1,,Clear,Tokyo
458661,22472,poi_5,4b0e60adf964a520305723e3,2018-03-15T14:17:00,6.6,16.6,0.0,25.9,,Overcast,Tokyo
458661,22472,poi_6,4b3836cef964a520e64c25e3,2018-03-15T14:22:00,5.2,16.6,0.0,25.9,,Overcast,Tokyo
458661,22472,poi_7,4b5ef219f964a520569f29e3,2018-03-16T01:11:00,5.8,16.3,0.0,16.9,,Clear,Tokyo
458661,22472,poi_8,4b19f962f964a520afe623e3,2018-03-16T20:00:00,5.2,3.8,0.0,11.4,,Clear,Tokyo
458661,22472,poi_9,4b19f917f964a520abe623e3,2018-03-16T20:05:00,7.8,3.8,0.0,11.4,,Clear,Tokyo
458661,22472,poi_10,4b9b25eff964a52025f635e3,2018-03-16T20:20:00,7.8,3.8,0.0,11.4,,Clear,Tokyo
458661,22472,poi_11,4b19f7c2f964a5209de623e3,2018-03-16T20:47:00,5.8,3.5,0.0,7.9,,Clear,Tokyo
458663,22472,poi_1,4b5ef219f964a520569f29e3,2018-03-18T13:52:00,5.8,11.6,0.0,11.2,,Partially cloudy,Tokyo
458663,22472,poi_2,4b0e60adf964a520305723e3,2018-03-18T14:26:00,6.6,11.6,0.0,11.2,,Partially cloudy,Tokyo
458663,22472,poi_3,4b3836cef964a520e64c25e3,2018-03-18T14:29:00,5.2,11.6,0.0,11.2,,Partially cloudy,Tokyo
458663,22472,poi_4,4b5ef219f964a520569f29e3,2018-03-19T01:58:00,5.8,13.6,0.0,4.3,,Overcast,Tokyo
458663,22472,poi_5,4b0e60adf964a520305723e3,2018-03-19T14:22:00,6.6,11.7,0.007,11.1,rain,"Rain, Overcast",Tokyo
458663,22472,poi_6,4b3836cef964a520e64c25e3,2018-03-19T14:31:00,5.2,11.1,0.002,11.1,rain,"Rain, Overcast",Tokyo
458663,22472,poi_7,4b5ef219f964a520569f29e3,2018-03-20T03:55:00,5.8,7.9,0.009,18.3,rain,"Rain, Overcast",Tokyo
458663,22472,poi_8,4b3836cef964a520e64c25e3,2018-03-21T14:22:00,5.2,4.1,0.013,13.2,rain,"Rain, Overcast",Tokyo
458663,22472,poi_9,4b0e60adf964a520305723e3,2018-03-22T04:24:00,6.6,10.4,0.0,3.9,,Partially cloudy,Tokyo
458663,22472,poi_10,4b5ef219f964a520569f29e3,2018-03-22T04:54:00,5.8,12.8,0.0,3.8,,Partially cloudy,Tokyo
458663,22472,poi_11,4b0e60adf964a520305723e3,2018-03-22T14:15:00,6.6,11.9,0.0,7.5,,Partially cloudy,Tokyo
458663,22472,poi_12,4b3836cef964a520e64c25e3,2018-03-22T14:22:00,5.2,11.9,0.0,7.5,,Partially cloudy,Tokyo
458663,22472,poi_13,4b5ef219f964a520569f29e3,2018-03-23T04:47:00,5.8,15.3,0.0,16.5,,Partially cloudy,Tokyo
458663,22472,poi_14,4ba1fd24f964a52018d537e3,2018-03-23T12:09:00,5.0,9.7,0.517,9.4,rain,"Rain, Overcast",Tokyo
458663,22472,poi_15,4b0587a6f964a5203e9e22e3,2018-03-23T12:36:00,7.9,8.9,0.0,9.2,,Overcast,Tokyo
458663,22472,poi_16,4b792714f964a52018ed2ee3,2018-03-23T12:50:00,7.6,8.9,0.0,9.2,,Overcast,Tokyo
458679,22472,poi_1,4b5ef219f964a520569f29e3,2018-04-17T13:51:00,5.8,11.7,0.013,5.7,rain,"Rain, Overcast",Tokyo
458679,22472,poi_2,4b0e60adf964a520305723e3,2018-04-17T14:15:00,6.6,11.7,0.013,5.7,rain,"Rain, Overcast",Tokyo
458679,22472,poi_3,4b3836cef964a520e64c25e3,2018-04-17T14:21:00,5.2,11.7,0.013,5.7,rain,"Rain, Overcast",Tokyo
458679,22472,poi_4,4b5ef219f964a520569f29e3,2018-04-18T01:27:00,5.8,12.6,0.015,13.1,rain,"Rain, Overcast",Tokyo
458679,22472,poi_5,4b0e60adf964a520305723e3,2018-04-18T14:22:00,6.6,10.8,0.0,5.4,,Partially cloudy,Tokyo
458679,22472,poi_6,4b3836cef964a520e64c25e3,2018-04-18T14:29:00,5.2,10.8,0.0,5.4,,Partially cloudy,Tokyo
458679,22472,poi_7,4b5ef219f964a520569f29e3,2018-04-19T04:29:00,5.8,21.3,0.0,23.9,,Partially cloudy,Tokyo
458679,22472,poi_8,4b3836cef964a520e64c25e3,2018-04-19T14:27:00,5.2,15.6,0.0,12.9,,Clear,Tokyo
458679,22472,poi_9,4b5ef219f964a520569f29e3,2018-04-20T01:15:00,5.8,21.2,0.0,9.5,,Clear,Tokyo
458679,22472,poi_10,4b19f87df964a520a4e623e3,2018-04-21T23:26:00,5.9,21.6,0.0,7.6,,Clear,Tokyo
458679,22472,poi_11,4b5ef219f964a520569f29e3,2018-04-22T00:11:00,5.8,22.6,0.0,3.8,,Clear,Tokyo
458679,22472,poi_12,4b0e60adf964a520305723e3,2018-04-22T14:23:00,6.6,17.7,0.0,7.5,,Clear,Tokyo
458679,22472,poi_13,4b3836cef964a520e64c25e3,2018-04-22T14:30:00,5.2,17.7,0.0,7.5,,Clear,Tokyo
458679,22472,poi_14,4b5ef219f964a520569f29e3,2018-04-23T03:09:00,5.8,17.8,0.0,9.5,,Overcast,Tokyo
458679,22472,poi_15,4b19f962f964a520afe623e3,2018-04-23T14:04:00,5.2,15.3,0.0,9.4,,Overcast,Tokyo
458679,22472,poi_16,4b0e60adf964a520305723e3,2018-04-23T19:03:00,6.6,15.6,0.0,7.5,,Overcast,Tokyo
458679,22472,poi_17,4b3836cef964a520e64c25e3,2018-04-23T19:10:00,5.2,15.6,0.0,7.5,,Overcast,Tokyo
458686,22472,poi_1,4b5ef219f964a520569f29e3,2018-05-03T15:30:00,5.8,17.2,0.0,17.9,,Overcast,Tokyo
458686,22472,poi_2,4b0587a6f964a5203e9e22e3,2018-05-03T15:53:00,7.9,16.0,0.0,14.5,,Overcast,Tokyo
458686,22472,poi_3,4b792714f964a52018ed2ee3,2018-05-03T15:56:00,7.6,16.0,0.0,14.5,,Overcast,Tokyo
458686,22472,poi_4,4c4ccc7cf5afa593eb4985d6,2018-05-04T05:41:00,-1.0,22.5,0.0,17.1,,Partially cloudy,Tokyo
458686,22472,poi_5,4b0587a6f964a5203e9e22e3,2018-05-04T05:44:00,7.9,22.5,0.0,17.1,,Partially cloudy,Tokyo
458686,22472,poi_6,4b5ef219f964a520569f29e3,2018-05-04T05:59:00,5.8,22.5,0.0,17.1,,Partially cloudy,Tokyo
458686,22472,poi_7,4b5fccd2f964a52037cd29e3,2018-05-06T18:44:00,9.2,18.2,0.0,22.5,,Overcast,Tokyo
458686,22472,poi_8,4b19f917f964a520abe623e3,2018-05-06T18:48:00,7.8,18.2,0.0,22.5,,Overcast,Tokyo
458686,22472,poi_9,4b19f962f964a520afe623e3,2018-05-06T18:51:00,5.2,18.2,0.0,22.5,,Overcast,Tokyo
458686,22472,poi_10,4b5ef219f964a520569f29e3,2018-05-07T00:23:00,5.8,20.3,0.0,9.9,,Partially cloudy,Tokyo
458686,22472,poi_11,4b3836cef964a520e64c25e3,2018-05-07T14:23:00,5.2,14.2,0.015,11.3,rain,"Rain, Overcast",Tokyo
458686,22472,poi_12,4b5ef219f964a520569f29e3,2018-05-08T01:15:00,5.8,13.1,0.0,7.9,,Overcast,Tokyo
458687,22472,poi_1,4b3836cef964a520e64c25e3,2018-05-09T01:00:00,5.2,11.1,0.005,11.7,rain,"Rain, Overcast",Tokyo
458687,22472,poi_2,4b5ef219f964a520569f29e3,2018-05-09T01:35:00,5.8,11.1,0.004,11.6,rain,"Rain, Overcast",Tokyo
458687,22472,poi_3,4b0e60adf964a520305723e3,2018-05-09T14:22:00,6.6,12.7,0.0,5.6,,Partially cloudy,Tokyo
458687,22472,poi_4,4b3836cef964a520e64c25e3,2018-05-09T14:29:00,5.2,12.7,0.0,5.6,,Partially cloudy,Tokyo
458687,22472,poi_5,4b5ef219f964a520569f29e3,2018-05-10T03:24:00,5.8,11.1,0.005,7.5,rain,"Rain, Overcast",Tokyo
458687,22472,poi_6,4b0e60adf964a520305723e3,2018-05-10T14:15:00,6.6,11.4,0.0,11.0,,Clear,Tokyo
458687,22472,poi_7,4b3836cef964a520e64c25e3,2018-05-10T14:22:00,5.2,11.4,0.0,11.0,,Clear,Tokyo
458687,22472,poi_8,4b5ef219f964a520569f29e3,2018-05-11T03:49:00,5.8,21.1,0.0,20.8,,Partially cloudy,Tokyo
458687,22472,poi_9,4b0e60adf964a520305723e3,2018-05-12T11:03:00,6.6,18.9,0.0,7.7,,Partially cloudy,Tokyo
458687,22472,poi_10,4c4ccc7cf5afa593eb4985d6,2018-05-13T04:26:00,-1.0,20.8,0.0,11.5,,Partially cloudy,Tokyo
458687,22472,poi_11,4b0587a6f964a5203e9e22e3,2018-05-13T04:29:00,7.9,20.8,0.0,11.5,,Partially cloudy,Tokyo
458687,22472,poi_12,4b5ef219f964a520569f29e3,2018-05-13T04:44:00,5.8,21.1,0.0,14.8,,Partially cloudy,Tokyo
458687,22472,poi_13,4b0e60adf964a520305723e3,2018-05-13T14:20:00,6.6,15.4,0.0,12.9,,Overcast,Tokyo
458687,22472,poi_14,4b3836cef964a520e64c25e3,2018-05-13T14:30:00,5.2,15.4,0.0,12.9,,Overcast,Tokyo
458687,22472,poi_15,4b5ef219f964a520569f29e3,2018-05-14T03:13:00,5.8,26.6,0.0,11.2,,Clear,Tokyo
461106,22637,poi_1,4bfb4aa8d0382d7f068ec90a,2017-11-10T13:33:00,5.1,10.8,0.0,4.0,,Clear,Tokyo
461106,22637,poi_2,57615e35498efb13711e2b6c,2017-11-10T14:03:00,-1.0,10.8,0.0,4.0,,Clear,Tokyo
461106,22637,poi_3,4b663f1bf964a520891a2be3,2017-11-10T15:23:00,-1.0,14.9,0.0,13.2,,Clear,Tokyo
461106,22637,poi_4,4b305b8af964a52022f924e3,2017-11-10T15:42:00,-1.0,17.1,0.0,20.6,,Overcast,Tokyo
461106,22637,poi_5,543b4db4498e97d631ed0170,2017-11-11T00:19:00,6.1,15.3,0.007,10.0,rain,"Rain, Partially cloudy",Tokyo
461106,22637,poi_6,4b24b5e7f964a5208d6924e3,2017-11-11T02:04:00,-1.0,20.0,0.0,14.8,,Partially cloudy,Tokyo
461106,22637,poi_7,4b093eeff964a520e51423e3,2017-11-11T02:25:00,6.7,20.0,0.0,14.8,,Partially cloudy,Tokyo
461106,22637,poi_8,4be6b2832468c9287c970143,2017-11-11T02:40:00,-1.0,19.6,0.0,11.4,,Partially cloudy,Tokyo
461106,22637,poi_9,4b64fbc9f964a520b0dd2ae3,2017-11-11T04:02:00,-1.0,19.1,0.0,15.0,,Partially cloudy,Tokyo
461106,22637,poi_10,4b661945f964a5208e132be3,2017-11-11T04:38:00,-1.0,18.7,0.0,11.5,,Partially cloudy,Tokyo
461106,22637,poi_11,4c747f4d66be6dcbfd10be0f,2017-11-11T05:01:00,4.7,18.7,0.0,11.5,,Partially cloudy,Tokyo
461106,22637,poi_12,57615e35498efb13711e2b6c,2017-11-11T05:17:00,-1.0,18.7,0.0,11.5,,Partially cloudy,Tokyo
461107,22637,poi_1,4b62a048f964a520454d2ae3,2017-11-11T15:57:00,6.7,11.2,0.0,16.7,,Clear,Tokyo
461107,22637,poi_2,4b601301f964a520f9d429e3,2017-11-11T16:09:00,-1.0,11.2,0.0,16.7,,Clear,Tokyo
461107,22637,poi_3,4b592a01f964a520be7f28e3,2017-11-11T16:21:00,-1.0,11.2,0.0,16.7,,Clear,Tokyo
461107,22637,poi_4,4b0587b4f964a520a4a022e3,2017-11-11T16:31:00,5.6,10.9,0.0,18.6,,Clear,Tokyo
461107,22637,poi_5,4b68f4b8f964a520ce942be3,2017-11-11T16:33:00,-1.0,10.9,0.0,18.6,,Clear,Tokyo
461107,22637,poi_6,4b0587b4f964a520a4a022e3,2017-11-11T17:10:00,5.6,10.9,0.0,18.6,,Clear,Tokyo
461107,22637,poi_7,4b592a01f964a520be7f28e3,2017-11-11T20:46:00,-1.0,10.3,0.0,14.7,,Clear,Tokyo
461107,22637,poi_8,4b751862f964a520c9fd2de3,2017-11-11T21:04:00,-1.0,10.3,0.0,14.7,,Clear,Tokyo
461107,22637,poi_9,4b0587a0f964a520769d22e3,2017-11-11T21:09:00,-1.0,10.3,0.0,14.7,,Clear,Tokyo
461107,22637,poi_10,4b6053cff964a520d8df29e3,2017-11-12T03:07:00,-1.0,15.3,0.0,12.8,,Partially cloudy,Tokyo
461107,22637,poi_11,56962f6a498ec0def40b137d,2017-11-12T04:32:00,-1.0,14.9,0.0,5.7,,Clear,Tokyo
461110,22637,poi_1,56962f6a498ec0def40b137d,2017-11-17T11:52:00,-1.0,10.8,0.0,7.5,,Partially cloudy,Tokyo
461110,22637,poi_2,4c3a68c26ec69c74953005a9,2017-11-17T12:06:00,-1.0,10.8,0.0,7.5,,Partially cloudy,Tokyo
461110,22637,poi_3,4b5982c0f964a520a28a28e3,2017-11-17T12:28:00,5.5,10.8,0.0,7.5,,Partially cloudy,Tokyo
461110,22637,poi_4,4b751862f964a520c9fd2de3,2017-11-17T20:12:00,-1.0,8.4,0.0,5.4,,Partially cloudy,Tokyo
461110,22637,poi_5,4b0587a0f964a520739d22e3,2017-11-17T20:27:00,7.7,8.4,0.0,5.4,,Partially cloudy,Tokyo
461110,22637,poi_6,4b093eeff964a520e51423e3,2017-11-17T21:59:00,6.7,8.7,0.0,1.8,,Overcast,Tokyo
461110,22637,poi_7,4b243a7df964a520356424e3,2017-11-17T22:14:00,6.5,8.7,0.0,1.8,,Overcast,Tokyo
461110,22637,poi_8,4be3f04fb02ec9b6de9a50c0,2017-11-17T23:54:00,7.0,12.2,0.0,12.8,,Overcast,Tokyo
461110,22637,poi_9,4b243a7df964a520356424e3,2017-11-18T02:22:00,6.5,14.1,0.0,9.6,,Partially cloudy,Tokyo
461110,22637,poi_10,4b62a048f964a520454d2ae3,2017-11-18T02:35:00,6.7,12.4,0.0,4.4,,Overcast,Tokyo
461110,22637,poi_11,4b62dc94f964a5200e562ae3,2017-11-18T02:44:00,8.2,12.4,0.0,4.4,,Overcast,Tokyo
461110,22637,poi_12,56962f6a498ec0def40b137d,2017-11-18T03:58:00,-1.0,14.8,0.0,22.4,,Overcast,Tokyo
461110,22637,poi_13,51df440f498e6638a6b39b01,2017-11-25T12:35:00,-1.0,9.7,0.0,3.7,,Partially cloudy,Tokyo
461110,22637,poi_14,4c405db2da3dc928072ec7b9,2017-11-25T13:32:00,6.6,8.9,0.0,7.6,,Clear,Tokyo
461110,22637,poi_15,4bed7dc4bac3c9b6aa5afee9,2017-11-25T13:47:00,6.1,8.9,0.0,7.6,,Clear,Tokyo
461110,22637,poi_16,4b6cf44bf964a520fe5f2ce3,2017-11-25T14:25:00,5.0,8.9,0.0,7.6,,Clear,Tokyo
461110,22637,poi_17,551e2862498e4a752403da5a,2017-11-25T16:38:00,5.6,6.7,0.0,7.6,,Clear,Tokyo
461110,22637,poi_18,56ef9aae498eb3b7f254e46f,2017-11-25T17:02:00,-1.0,6.7,0.0,7.6,,Clear,Tokyo
461110,22637,poi_19,4b243a7df964a520356424e3,2017-11-25T17:43:00,6.5,5.9,0.0,9.4,,Clear,Tokyo
461110,22637,poi_20,4b0e60adf964a520305723e3,2017-11-25T18:13:00,6.6,5.9,0.0,9.4,,Clear,Tokyo
461110,22637,poi_21,4b92005ef964a520ebe233e3,2017-11-25T18:22:00,6.6,5.9,0.0,9.4,,Clear,Tokyo
461111,22637,poi_1,56962f6a498ec0def40b137d,2017-12-02T12:59:00,-1.0,6.4,0.0,5.5,,Partially cloudy,Tokyo
461111,22637,poi_2,4c3a68c26ec69c74953005a9,2017-12-02T13:11:00,-1.0,6.4,0.0,5.5,,Partially cloudy,Tokyo
461111,22637,poi_3,4b5982c0f964a520a28a28e3,2017-12-02T13:39:00,5.5,7.6,0.0,5.6,,Clear,Tokyo
461111,22637,poi_4,4b269340f964a520c27d24e3,2017-12-02T17:24:00,-1.0,6.1,0.0,5.6,,Partially cloudy,Tokyo
461111,22637,poi_5,5668541e498e2a3458880717,2017-12-02T17:31:00,6.9,6.1,0.0,7.6,,Partially cloudy,Tokyo
461111,22637,poi_6,4b79d086f964a520de132fe3,2017-12-02T21:09:00,-1.0,5.5,0.0,7.6,,Partially cloudy,Tokyo
461111,22637,poi_7,4b093eeff964a520e51423e3,2017-12-02T22:05:00,6.7,5.5,0.0,7.6,,Clear,Tokyo
461111,22637,poi_8,4b584585f964a520605028e3,2017-12-02T22:15:00,5.1,5.5,0.0,7.6,,Clear,Tokyo
461111,22637,poi_9,4b0587a0f964a5205c9d22e3,2017-12-02T23:41:00,7.7,8.1,0.0,9.3,,Partially cloudy,Tokyo
461111,22637,poi_10,4b0587b4f964a52091a022e3,2017-12-03T02:02:00,7.0,10.6,0.0,9.1,,Clear,Tokyo
461111,22637,poi_11,4b093eeff964a520e51423e3,2017-12-03T03:55:00,6.7,12.1,0.0,5.5,,Clear,Tokyo
461111,22637,poi_12,4b62a048f964a520454d2ae3,2017-12-03T04:03:00,6.7,12.1,0.0,5.5,,Clear,Tokyo
461111,22637,poi_13,56962f6a498ec0def40b137d,2017-12-03T04:22:00,-1.0,12.1,0.0,5.5,,Clear,Tokyo
461113,22637,poi_1,4b19f87df964a520a4e623e3,2017-12-16T15:11:00,5.9,6.3,0.0,3.7,,Partially cloudy,Tokyo
461113,22637,poi_2,4b19f917f964a520abe623e3,2017-12-16T15:18:00,7.8,6.3,0.0,3.7,,Partially cloudy,Tokyo
461113,22637,poi_3,57c546a1498e2551ee6c24e3,2017-12-16T15:43:00,-1.0,6.3,0.0,5.6,,Clear,Tokyo
461113,22637,poi_4,55050936498ed14f192264d6,2017-12-16T17:11:00,-1.0,5.0,0.0,5.6,,Clear,Tokyo
461113,22637,poi_5,4fa3574a121df8dabaf60d8b,2017-12-16T19:04:00,6.2,7.3,0.0,13.1,,Clear,Tokyo
461113,22637,poi_6,4b093eeff964a520e51423e3,2017-12-16T19:28:00,6.7,7.3,0.0,13.1,,Clear,Tokyo
461113,22637,poi_7,4bab3456f964a5204d993ae3,2017-12-16T19:32:00,-1.0,6.4,0.0,18.3,,Clear,Tokyo
461113,22637,poi_8,4dae4b36ffcb58f1a9092cf7,2017-12-16T21:33:00,-1.0,6.1,0.0,20.6,,Clear,Tokyo
461113,22637,poi_9,4b751862f964a520c9fd2de3,2017-12-16T22:18:00,-1.0,6.1,0.0,20.6,,Clear,Tokyo
461113,22637,poi_10,4b592a01f964a520be7f28e3,2017-12-16T22:34:00,-1.0,6.6,0.0,15.1,,Clear,Tokyo
461113,22637,poi_11,56e3dbea498eaca0cf48c618,2017-12-16T22:47:00,-1.0,6.6,0.0,15.1,,Clear,Tokyo
461113,22637,poi_12,4b592a01f964a520be7f28e3,2017-12-17T02:48:00,-1.0,8.8,0.0,16.8,,Partially cloudy,Tokyo
461113,22637,poi_13,4b601301f964a520f9d429e3,2017-12-17T03:08:00,-1.0,8.8,0.0,16.8,,Partially cloudy,Tokyo
461113,22637,poi_14,56962f6a498ec0def40b137d,2017-12-17T03:35:00,-1.0,8.7,0.0,27.4,,Clear,Tokyo
461113,22637,poi_15,4b792714f964a52018ed2ee3,2017-12-21T23:47:00,7.6,4.4,0.0,5.5,,Partially cloudy,Tokyo
461113,22637,poi_16,4b19f917f964a520abe623e3,2017-12-22T00:04:00,7.8,4.4,0.0,5.5,,Partially cloudy,Tokyo
461113,22637,poi_17,592ef696b1538e78d4872542,2017-12-22T00:16:00,7.4,4.4,0.0,5.5,,Partially cloudy,Tokyo
461113,22637,poi_18,4b5ab7bff964a520eed128e3,2017-12-22T00:26:00,8.5,4.4,0.0,5.5,,Partially cloudy,Tokyo
461113,22637,poi_19,4b19f837f964a520a2e623e3,2017-12-22T03:38:00,6.9,10.6,0.0,3.7,,Clear,Tokyo
461113,22637,poi_20,4f9732b1e4b0e09d5c7543e9,2017-12-22T04:03:00,-1.0,10.6,0.0,3.7,,Clear,Tokyo
461118,22637,poi_1,4b557772f964a52013e527e3,2017-12-29T20:40:00,6.1,3.4,0.0,11.3,,Clear,Tokyo
461118,22637,poi_2,5524faa5498ea27b7a9635f8,2017-12-29T22:13:00,7.0,1.9,0.0,5.7,,Clear,Tokyo
461118,22637,poi_3,4d58f624fe7c224bde7172b5,2017-12-29T23:11:00,-1.0,3.4,0.0,2.1,,Clear,Tokyo
461118,22637,poi_4,5524faa5498ea27b7a9635f8,2017-12-30T00:10:00,7.0,5.9,0.0,5.6,,Clear,Tokyo
461118,22637,poi_5,4d58f624fe7c224bde7172b5,2017-12-30T00:25:00,-1.0,5.9,0.0,5.6,,Clear,Tokyo
461118,22637,poi_6,5524faa5498ea27b7a9635f8,2017-12-30T00:39:00,7.0,7.6,0.0,13.1,,Clear,Tokyo
461118,22637,poi_7,5530c6e5498e151e378d2aaf,2017-12-30T03:17:00,5.8,10.1,0.0,16.7,,Clear,Tokyo
461118,22637,poi_8,4b557772f964a52013e527e3,2017-12-30T03:47:00,6.1,10.6,0.0,13.0,,Partially cloudy,Tokyo
461118,22637,poi_9,4b911bdbf964a52039a433e3,2018-01-01T20:35:00,4.9,1.5,0.0,4.2,,Clear,Tokyo
461118,22637,poi_10,4b093eeff964a520e51423e3,2018-01-01T20:50:00,6.7,1.5,0.0,4.2,,Clear,Tokyo
461118,22637,poi_11,4b792906f964a5206aed2ee3,2018-01-01T21:02:00,5.8,1.5,0.0,4.2,,Clear,Tokyo
461118,22637,poi_12,4b0587a0f964a5205c9d22e3,2018-01-01T23:12:00,7.7,5.7,0.0,14.8,,Clear,Tokyo
461118,22637,poi_13,4b093eeff964a520e51423e3,2018-01-02T02:19:00,6.7,9.2,0.0,11.4,,Clear,Tokyo
461125,22637,poi_1,4bf20460189f0f4708fab762,2018-01-20T16:34:00,5.4,4.6,0.0,7.6,,Clear,Tokyo
461125,22637,poi_2,4b19f837f964a520a2e623e3,2018-01-20T17:15:00,6.9,4.6,0.0,7.6,,Clear,Tokyo
461125,22637,poi_3,4b0df959f964a520635323e3,2018-01-20T17:46:00,-1.0,5.5,0.0,9.4,,Partially cloudy,Tokyo
461125,22637,poi_4,4c0341e89a7920a156bdcf79,2018-01-20T17:57:00,6.1,5.5,0.0,9.4,,Partially cloudy,Tokyo
461125,22637,poi_5,4b0587b4f964a520a4a022e3,2018-01-20T18:37:00,5.6,5.1,0.0,7.6,,Clear,Tokyo
461125,22637,poi_6,4b62b939f964a52057502ae3,2018-01-20T22:05:00,-1.0,3.6,0.0,5.5,,Clear,Tokyo
461125,22637,poi_7,4b42a9c9f964a5206dd825e3,2018-01-20T22:16:00,5.7,3.6,0.0,5.5,,Clear,Tokyo
461125,22637,poi_8,4b91cbbbf964a52008d833e3,2018-01-20T22:19:00,5.6,3.6,0.0,5.5,,Clear,Tokyo
461125,22637,poi_9,4b0e60adf964a520305723e3,2018-01-21T03:19:00,6.6,10.8,0.0,7.4,,Partially cloudy,Tokyo
461125,22637,poi_10,4b62a048f964a520454d2ae3,2018-01-21T03:42:00,6.7,11.6,0.0,5.6,,Clear,Tokyo
461125,22637,poi_11,56962f6a498ec0def40b137d,2018-01-21T03:58:00,-1.0,11.6,0.0,5.6,,Clear,Tokyo
461126,22637,poi_1,56962f6a498ec0def40b137d,2018-01-26T11:50:00,-1.0,-0.3,0.0,11.8,,Clear,Tokyo
461126,22637,poi_2,4c3a68c26ec69c74953005a9,2018-01-26T12:01:00,-1.0,-0.3,0.0,11.8,,Clear,Tokyo
461126,22637,poi_3,4b5982c0f964a520a28a28e3,2018-01-26T12:23:00,5.5,-0.3,0.0,11.8,,Clear,Tokyo
461126,22637,poi_4,4b0587a6f964a5203d9e22e3,2018-01-26T17:08:00,7.1,-1.0,0.0,11.3,,Clear,Tokyo
461126,22637,poi_5,4b093eeff964a520e51423e3,2018-01-26T17:19:00,6.7,-1.0,0.0,11.3,,Clear,Tokyo
461126,22637,poi_6,576d1310498e5cbc55bfb0c2,2018-01-26T17:33:00,7.6,-1.2,0.0,9.5,,Clear,Tokyo
461126,22637,poi_7,4dae4b36ffcb58f1a9092cf7,2018-01-26T22:06:00,-1.0,0.4,0.0,14.6,,Clear,Tokyo
461126,22637,poi_8,4b751862f964a520c9fd2de3,2018-01-26T22:24:00,-1.0,0.4,0.0,14.6,,Clear,Tokyo
461126,22637,poi_9,56e3dbea498eaca0cf48c618,2018-01-26T22:52:00,-1.0,1.6,0.0,12.9,,Clear,Tokyo
461126,22637,poi_10,4b62b939f964a52057502ae3,2018-01-27T02:05:00,-1.0,5.5,0.0,13.3,,Clear,Tokyo
461126,22637,poi_11,4b19f837f964a520a2e623e3,2018-01-27T02:34:00,6.9,6.1,0.0,23.8,,Clear,Tokyo
461126,22637,poi_12,4bfb4aa8d0382d7f068ec90a,2018-01-27T02:48:00,5.1,6.1,0.0,23.8,,Clear,Tokyo
461126,22637,poi_13,57615e35498efb13711e2b6c,2018-01-27T03:25:00,-1.0,6.1,0.0,23.8,,Clear,Tokyo
467449,22944,poi_1,4b19f917f964a520abe623e3,2018-05-19T17:08:00,7.8,15.0,0.0,11.2,,Partially cloudy,Tokyo
467449,22944,poi_2,4cd8e443145fa1cdbfdb08bd,2018-05-19T17:12:00,6.8,15.0,0.0,11.2,,Partially cloudy,Tokyo
467449,22944,poi_3,4b9ef7f0f964a5206e0d37e3,2018-05-19T18:33:00,6.3,14.0,0.0,13.2,,Clear,Tokyo
467449,22944,poi_4,4b767a5af964a520084e2ee3,2018-05-19T20:19:00,8.6,13.3,0.0,11.4,,Clear,Tokyo
467449,22944,poi_5,4b9c7fb6f964a520b06c36e3,2018-05-19T21:08:00,6.6,13.8,0.0,14.9,,Partially cloudy,Tokyo
467449,22944,poi_6,4b22115af964a5209a4324e3,2018-05-19T21:54:00,-1.0,14.4,0.0,14.9,,Clear,Tokyo
467449,22944,poi_7,4b243a7df964a520356424e3,2018-05-19T22:05:00,6.5,14.4,0.0,14.9,,Clear,Tokyo
467449,22944,poi_8,4d9fd1b758c2224b988e4579,2018-05-19T22:16:00,-1.0,14.4,0.0,14.9,,Clear,Tokyo
467449,22944,poi_9,4d130658957fa1cde354729f,2018-05-19T23:06:00,-1.0,15.5,0.0,13.2,,Clear,Tokyo
467449,22944,poi_10,521cbfc011d21a09659f03d7,2018-05-20T01:13:00,-1.0,16.4,0.0,13.2,,Clear,Tokyo
467449,22944,poi_11,53fec8d4498ef7b24d852594,2018-05-20T01:32:00,8.1,18.3,0.0,14.9,,Clear,Tokyo
467449,22944,poi_12,4b243a7df964a520356424e3,2018-05-20T02:27:00,6.5,18.3,0.0,14.9,,Clear,Tokyo
467450,22944,poi_1,4b5f1f18f964a52048a729e3,2018-05-20T18:20:00,7.9,15.3,0.0,5.5,,Partially cloudy,Tokyo
467450,22944,poi_2,4b19f917f964a520abe623e3,2018-05-20T23:53:00,7.8,22.3,0.0,3.7,,Partially cloudy,Tokyo
467450,22944,poi_3,4e1c110e7d8bdabfd0fa3f06,2018-05-21T18:12:00,7.1,16.3,0.0,7.4,,Clear,Tokyo
467450,22944,poi_4,4b5c1f71f964a520ca2429e3,2018-05-21T23:59:00,6.0,23.3,0.0,7.5,,Clear,Tokyo
467450,22944,poi_5,4b19f917f964a520abe623e3,2018-05-22T00:11:00,7.8,23.3,0.0,7.5,,Clear,Tokyo
467450,22944,poi_6,4b5c1f71f964a520ca2429e3,2018-05-22T14:45:00,6.0,18.1,0.0,12.7,,Clear,Tokyo
467450,22944,poi_7,4d3f83689ccacbff4db04ad0,2018-05-22T18:15:00,6.6,17.8,0.0,10.9,,Partially cloudy,Tokyo
467450,22944,poi_8,56e6b0ab498ea3be4b116a9a,2018-05-22T18:46:00,-1.0,17.5,0.0,10.9,,Partially cloudy,Tokyo
467450,22944,poi_9,4b5bf176f964a520471e29e3,2018-05-22T23:48:00,8.1,21.5,0.0,9.3,,Partially cloudy,Tokyo
467450,22944,poi_10,4b19f917f964a520abe623e3,2018-05-22T23:52:00,7.8,21.5,0.0,9.3,,Partially cloudy,Tokyo
467450,22944,poi_11,559d01f5498eda0fec970ac1,2018-05-23T18:34:00,-1.0,16.2,0.0,3.7,,Overcast,Tokyo
467450,22944,poi_12,4b19f917f964a520abe623e3,2018-05-24T00:45:00,7.8,22.7,0.0,9.4,,Clear,Tokyo
467450,22944,poi_13,4b864122f964a520ff8331e3,2018-05-24T18:09:00,5.4,19.6,0.0,11.0,,Partially cloudy,Tokyo
467450,22944,poi_14,4b19f917f964a520abe623e3,2018-05-24T23:53:00,7.8,23.8,0.0,22.0,,Partially cloudy,Tokyo
467453,22944,poi_1,4b19f917f964a520abe623e3,2018-05-27T14:45:00,7.8,19.4,0.0,5.5,,Partially cloudy,Tokyo
467453,22944,poi_2,4b5f1f18f964a52048a729e3,2018-05-27T18:16:00,7.9,19.1,0.0,5.3,,Partially cloudy,Tokyo
467453,22944,poi_3,4b55670ff964a52071e327e3,2018-05-27T21:18:00,8.5,19.7,0.0,5.6,,Partially cloudy,Tokyo
467453,22944,poi_4,4b19f917f964a520abe623e3,2018-05-27T23:42:00,7.8,21.2,0.0,5.5,,Overcast,Tokyo
467453,22944,poi_5,4e1c110e7d8bdabfd0fa3f06,2018-05-28T18:25:00,7.1,19.4,0.0,5.5,,Partially cloudy,Tokyo
467453,22944,poi_6,4b19f917f964a520abe623e3,2018-05-29T00:10:00,7.8,23.8,0.0,3.8,,Partially cloudy,Tokyo
467453,22944,poi_7,4d3f83689ccacbff4db04ad0,2018-05-29T18:20:00,6.6,21.1,0.0,7.4,,Partially cloudy,Tokyo
467453,22944,poi_8,4b19f917f964a520abe623e3,2018-05-29T23:50:00,7.8,23.1,0.0,9.3,,Overcast,Tokyo
467453,22944,poi_9,5ad480bacbcdee77210a7ef3,2018-05-30T18:42:00,-1.0,16.7,0.0,5.6,,Partially cloudy,Tokyo
467453,22944,poi_10,4b19f917f964a520abe623e3,2018-05-31T00:12:00,7.8,20.5,0.0,3.8,,Partially cloudy,Tokyo
467453,22944,poi_11,51b7471d498e8e4a4363aab4,2018-05-31T18:02:00,5.4,18.6,0.002,3.9,rain,"Rain, Partially cloudy",Tokyo
467453,22944,poi_12,4b19f917f964a520abe623e3,2018-06-01T00:29:00,7.8,23.2,0.0,16.5,,Partially cloudy,Tokyo
467483,22944,poi_1,4b0587a6f964a5203e9e22e3,2018-07-14T16:24:00,7.9,27.6,0.0,9.3,,Partially cloudy,Tokyo
467483,22944,poi_2,4b545885f964a5202eb827e3,2018-07-14T16:58:00,6.6,26.9,0.0,7.6,,Partially cloudy,Tokyo
467483,22944,poi_3,5788cd42498ec46bdcdc8f90,2018-07-14T17:44:00,-1.0,26.8,0.0,9.2,,Partially cloudy,Tokyo
467483,22944,poi_4,4d24033ff39ca143531772b8,2018-07-14T18:51:00,-1.0,26.6,0.0,9.3,,Partially cloudy,Tokyo
467483,22944,poi_5,4b5ba7aaf964a520fa0d29e3,2018-07-14T21:39:00,-1.0,28.1,0.0,5.5,,Partially cloudy,Tokyo
467483,22944,poi_6,4b556e38f964a5201ae427e3,2018-07-14T22:11:00,7.2,28.1,0.0,5.5,,Partially cloudy,Tokyo
467483,22944,poi_7,57d2b848498eb6ebc97c80a0,2018-07-14T22:52:00,-1.0,30.0,0.0,3.7,,Partially cloudy,Tokyo
467483,22944,poi_8,4b29f1bef964a5204fa424e3,2018-07-14T23:07:00,6.1,30.0,0.0,3.7,,Partially cloudy,Tokyo
467483,22944,poi_9,5a7554af31fd143b2f4fd851,2018-07-15T01:34:00,7.5,31.8,0.0,12.9,,Partially cloudy,Tokyo
467483,22944,poi_10,5abc57fb83e38058a11fc581,2018-07-15T01:44:00,8.2,31.8,0.0,12.9,,Partially cloudy,Tokyo
467483,22944,poi_11,4b0b90e1f964a5204d3223e3,2018-07-15T02:11:00,5.7,31.8,0.0,12.9,,Partially cloudy,Tokyo
467483,22944,poi_12,4b19f917f964a520abe623e3,2018-07-16T21:52:00,7.8,28.3,0.0,7.8,,Clear,Tokyo
467483,22944,poi_13,4cd8e443145fa1cdbfdb08bd,2018-07-16T21:55:00,6.8,28.3,0.0,7.8,,Clear,Tokyo
467483,22944,poi_14,4b612ca0f964a520fa0b2ae3,2018-07-16T22:27:00,8.3,28.3,0.0,7.8,,Clear,Tokyo
467483,22944,poi_15,4b30b5b8f964a52015fb24e3,2018-07-16T23:06:00,-1.0,30.6,0.0,11.2,,Clear,Tokyo
467483,22944,poi_16,537707f6498e8181c019835d,2018-07-17T06:06:00,5.6,32.7,0.0,16.7,,Partially cloudy,Tokyo
467483,22944,poi_17,4b19f917f964a520abe623e3,2018-07-17T16:48:00,7.8,27.8,0.0,7.8,,Clear,Tokyo
467483,22944,poi_18,4e1c110e7d8bdabfd0fa3f06,2018-07-17T18:13:00,7.1,27.2,0.0,7.8,,Partially cloudy,Tokyo
467490,22944,poi_1,4b19f917f964a520abe623e3,2018-07-26T14:43:00,7.8,24.5,0.0,7.6,,Partially cloudy,Tokyo
467490,22944,poi_2,4b62ba11f964a52075502ae3,2018-07-26T18:23:00,6.9,24.1,0.0,7.7,,Partially cloudy,Tokyo
467490,22944,poi_3,4b19f917f964a520abe623e3,2018-07-26T21:14:00,7.8,23.8,0.0,9.4,,Partially cloudy,Tokyo
467490,22944,poi_4,4b0df959f964a520635323e3,2018-07-26T21:40:00,-1.0,25.1,0.0,9.5,,Partially cloudy,Tokyo
467490,22944,poi_5,4b6fe241f964a520dcfe2ce3,2018-07-26T21:50:00,8.0,25.1,0.0,9.5,,Partially cloudy,Tokyo
467490,22944,poi_6,4b600990f964a520e3d329e3,2018-07-27T03:02:00,6.1,27.2,0.0,11.4,,Partially cloudy,Tokyo
467490,22944,poi_7,5261171611d2509f235d4660,2018-07-27T03:20:00,-1.0,27.2,0.0,11.4,,Partially cloudy,Tokyo
467490,22944,poi_8,4b600990f964a520e3d329e3,2018-07-27T05:47:00,6.1,26.7,0.0,13.0,,Partially cloudy,Tokyo
467490,22944,poi_9,4b19f87df964a520a4e623e3,2018-07-27T18:25:00,5.9,20.2,5.064,9.7,rain,"Rain, Overcast",Tokyo
467490,22944,poi_10,5a2139369411f22a371b0278,2018-07-27T19:04:00,-1.0,20.4,0.072,8.0,rain,"Rain, Overcast",Tokyo
467490,22944,poi_11,59ec45d64ce0665bc880f046,2018-07-27T19:49:00,7.9,20.2,0.048,13.0,rain,"Rain, Overcast",Tokyo
467490,22944,poi_12,4b19f917f964a520abe623e3,2018-07-27T22:17:00,7.8,20.9,0.002,11.2,rain,"Rain, Overcast",Tokyo
467490,22944,poi_13,560e5cf6498e55bb4a147414,2018-07-28T01:55:00,6.1,23.2,0.004,9.9,rain,"Rain, Overcast",Tokyo
467490,22944,poi_14,4b19f917f964a520abe623e3,2018-07-28T02:48:00,7.8,24.6,0.0,6.1,,Overcast,Tokyo
467492,22944,poi_1,4b19f917f964a520abe623e3,2018-07-29T14:44:00,7.8,25.4,0.0,5.4,,Clear,Tokyo
467492,22944,poi_2,4b5f1f18f964a52048a729e3,2018-07-29T18:10:00,7.9,26.3,0.0,5.5,,Partially cloudy,Tokyo
467492,22944,poi_3,4b19f917f964a520abe623e3,2018-07-29T23:46:00,7.8,28.6,0.0,9.4,,Partially cloudy,Tokyo
467492,22944,poi_4,4e1c110e7d8bdabfd0fa3f06,2018-07-30T18:10:00,7.1,24.9,0.0,5.4,,Partially cloudy,Tokyo
467492,22944,poi_5,4b612ca0f964a520fa0b2ae3,2018-07-30T18:38:00,8.3,24.7,0.0,5.4,,Partially cloudy,Tokyo
467492,22944,poi_6,4b19f917f964a520abe623e3,2018-07-31T00:04:00,7.8,28.2,0.0,3.6,,Partially cloudy,Tokyo
467492,22944,poi_7,4d3f83689ccacbff4db04ad0,2018-07-31T18:15:00,6.6,25.4,0.0,2.1,,Clear,Tokyo
467492,22944,poi_8,4e0db092cc3fffc1d3a2bf4c,2018-08-01T00:00:00,7.3,31.5,0.0,3.8,,Clear,Tokyo
467492,22944,poi_9,4b52966cf964a520328327e3,2018-08-01T00:57:00,9.2,34.2,0.0,5.4,,Clear,Tokyo
467492,22944,poi_10,4b5982cbf964a520a58a28e3,2018-08-01T01:01:00,-1.0,34.2,0.0,5.4,,Clear,Tokyo
467492,22944,poi_11,4b767a5af964a520084e2ee3,2018-08-01T01:40:00,8.6,34.1,0.0,11.2,,Clear,Tokyo
467492,22944,poi_12,4b19f917f964a520abe623e3,2018-08-01T03:35:00,7.8,34.1,0.0,13.0,,Clear,Tokyo
3194537,246963,poi_1,4b7e73c3f964a5209ced2fe3,2017-10-27T13:28:00,-1.0,14.9,0.0,7.7,,Partially cloudy,Tokyo
3194537,246963,poi_2,4b0587a6f964a5203e9e22e3,2017-10-27T13:41:00,7.9,15.5,0.0,9.4,,Overcast,Tokyo
3194537,246963,poi_3,4b0587a6f964a5203d9e22e3,2017-10-27T14:09:00,7.1,15.5,0.0,9.4,,Overcast,Tokyo
3194537,246963,poi_4,4b54ea63f964a520efd227e3,2017-10-27T15:56:00,8.3,14.6,0.0,9.5,,Partially cloudy,Tokyo
3194537,246963,poi_5,4b0587a6f964a5203d9e22e3,2017-10-27T19:15:00,7.1,14.0,0.0,9.5,,Overcast,Tokyo
3194537,246963,poi_6,4b093eeff964a520e51423e3,2017-10-27T19:23:00,6.7,14.0,0.0,9.5,,Overcast,Tokyo
3194537,246963,poi_7,4b63ee18f964a52085972ae3,2017-10-27T19:34:00,-1.0,14.1,0.0,7.7,,Overcast,Tokyo
3194537,246963,poi_8,4b6c4418f964a520a82c2ce3,2017-10-27T20:29:00,7.0,14.1,0.0,7.7,,Overcast,Tokyo
3194537,246963,poi_9,4d9e94082064ba7a71d63f4d,2017-10-28T00:13:00,-1.0,14.9,0.0,12.9,,Overcast,Tokyo
3194537,246963,poi_10,4b677827f964a520e0502be3,2017-10-28T00:23:00,6.4,14.9,0.0,12.9,,Overcast,Tokyo
3194537,246963,poi_11,55976452498e6e3d3b9268eb,2017-10-28T01:42:00,7.4,15.8,0.0,9.5,,Overcast,Tokyo
3194537,246963,poi_12,501c0220e4b0d030d741ae24,2017-10-28T05:07:00,6.2,15.9,0.0,9.4,,Overcast,Tokyo
3194542,246963,poi_1,4b19f962f964a520afe623e3,2017-12-15T14:36:00,5.2,5.2,0.0,5.5,,Clear,Tokyo
3194542,246963,poi_2,4b0587a6f964a5203d9e22e3,2017-12-15T14:49:00,7.1,5.2,0.0,5.5,,Clear,Tokyo
3194542,246963,poi_3,4b55d735f964a52055f227e3,2017-12-15T15:10:00,8.1,5.2,0.0,5.5,,Clear,Tokyo
3194542,246963,poi_4,4b0587a6f964a5203d9e22e3,2017-12-15T17:57:00,7.1,3.9,0.0,7.5,,Partially cloudy,Tokyo
3194542,246963,poi_5,4b19f837f964a520a2e623e3,2017-12-15T18:23:00,6.9,3.9,0.0,7.5,,Partially cloudy,Tokyo
3194542,246963,poi_6,4be110850365c9b687deb238,2017-12-15T18:41:00,7.4,4.1,0.0,9.3,,Clear,Tokyo
3194542,246963,poi_7,4b19f917f964a520abe623e3,2017-12-15T21:04:00,7.8,2.4,0.0,3.8,,Partially cloudy,Tokyo
3194542,246963,poi_8,4b0587a6f964a5203d9e22e3,2017-12-15T21:29:00,7.1,2.4,0.0,3.8,,Partially cloudy,Tokyo
3194542,246963,poi_9,4b5d9956f964a520fa6229e3,2017-12-15T22:08:00,5.3,2.7,0.0,5.4,,Clear,Tokyo
3194542,246963,poi_10,5385ace4498eec2ff9eebba6,2017-12-15T23:07:00,8.1,5.3,0.0,5.4,,Clear,Tokyo
3194542,246963,poi_11,4b0587a6f964a5203d9e22e3,2017-12-16T03:19:00,7.1,11.7,0.0,3.7,,Partially cloudy,Tokyo
3194542,246963,poi_12,4b19f962f964a520afe623e3,2017-12-16T03:33:00,5.2,12.9,0.0,5.5,,Clear,Tokyo
3194542,246963,poi_13,504ecba1e4b0a47b120535a4,2017-12-16T03:39:00,6.3,12.9,0.0,5.5,,Clear,Tokyo
3194542,246963,poi_14,501c0220e4b0d030d741ae24,2017-12-16T04:14:00,6.2,12.9,0.0,5.5,,Clear,Tokyo
3194543,246963,poi_1,4b19f962f964a520afe623e3,2017-12-16T15:16:00,5.2,6.3,0.0,3.7,,Partially cloudy,Tokyo
3194543,246963,poi_2,4b0587a6f964a5203d9e22e3,2017-12-16T15:33:00,7.1,6.3,0.0,5.6,,Clear,Tokyo
3194543,246963,poi_3,4b5d9956f964a520fa6229e3,2017-12-16T16:24:00,5.3,6.3,0.0,5.6,,Clear,Tokyo
3194543,246963,poi_4,5385ace4498eec2ff9eebba6,2017-12-16T17:13:00,8.1,5.0,0.0,5.6,,Clear,Tokyo
3194543,246963,poi_5,4b5fb61cf964a52075c929e3,2017-12-16T21:22:00,5.7,6.7,0.0,16.9,,Clear,Tokyo
3194543,246963,poi_6,4c3d6d237c1ee21ee4ee8d71,2017-12-16T22:01:00,-1.0,6.1,0.0,20.6,,Clear,Tokyo
3194543,246963,poi_7,4b0587a6f964a5203d9e22e3,2017-12-16T23:49:00,7.1,7.6,0.0,24.0,,Clear,Tokyo
3194543,246963,poi_8,4b24e5a2f964a520636a24e3,2017-12-16T23:54:00,5.6,7.6,0.0,24.0,,Clear,Tokyo
3194543,246963,poi_9,50bc88bae4b0f3f2757b031e,2017-12-17T00:00:00,5.9,7.6,0.0,24.0,,Clear,Tokyo
3194543,246963,poi_10,4b24e5a2f964a520636a24e3,2017-12-17T03:01:00,5.6,8.8,0.0,16.8,,Partially cloudy,Tokyo
3194543,246963,poi_11,4b19f917f964a520abe623e3,2017-12-17T03:30:00,7.8,8.8,0.0,16.8,,Partially cloudy,Tokyo
3194543,246963,poi_12,577e5bfc498e406921ba19e8,2017-12-17T04:17:00,-1.0,8.7,0.0,27.4,,Clear,Tokyo
3194543,246963,poi_13,4b19f917f964a520abe623e3,2017-12-17T05:12:00,7.8,8.2,0.0,16.7,,Clear,Tokyo
3194543,246963,poi_14,4b0587a6f964a5203d9e22e3,2017-12-17T05:46:00,7.1,7.2,0.0,18.5,,Partially cloudy,Tokyo
3194543,246963,poi_15,56962f6a498ec0def40b137d,2017-12-17T06:04:00,-1.0,7.2,0.0,18.5,,Partially cloudy,Tokyo
3194547,246963,poi_1,4b0587a6f964a5203e9e22e3,2018-03-02T12:09:00,7.9,7.1,0.0,18.1,,Clear,Tokyo
3194547,246963,poi_2,4b62a048f964a520454d2ae3,2018-03-02T12:49:00,6.7,6.6,0.0,14.6,,Clear,Tokyo
3194547,246963,poi_3,4b2692f9f964a520be7d24e3,2018-03-02T21:29:00,-1.0,3.8,0.0,5.5,,Partially cloudy,Tokyo
3194547,246963,poi_4,4b603896f964a5209ada29e3,2018-03-02T21:44:00,-1.0,4.8,0.0,3.7,,Clear,Tokyo
3194547,246963,poi_5,4b6c4418f964a520a82c2ce3,2018-03-02T22:02:00,7.0,4.8,0.0,3.7,,Clear,Tokyo
3194547,246963,poi_6,4b093eeff964a520e51423e3,2018-03-03T01:00:00,6.7,9.6,0.0,7.4,,Clear,Tokyo
3194547,246963,poi_7,4b592a01f964a520be7f28e3,2018-03-03T01:40:00,-1.0,11.5,0.0,5.4,,Clear,Tokyo
3194547,246963,poi_8,56e3dbea498eaca0cf48c618,2018-03-03T01:57:00,-1.0,11.5,0.0,5.4,,Clear,Tokyo
3194547,246963,poi_9,4b62b939f964a52057502ae3,2018-03-03T04:13:00,-1.0,14.6,0.0,9.3,,Clear,Tokyo
3194547,246963,poi_10,4b88d779f964a520fa0f32e3,2018-03-03T04:38:00,-1.0,15.0,0.0,14.4,,Clear,Tokyo
3194547,246963,poi_11,504ecba1e4b0a47b120535a4,2018-03-03T04:47:00,6.3,15.0,0.0,14.4,,Clear,Tokyo
3194547,246963,poi_12,501c0220e4b0d030d741ae24,2018-03-03T05:25:00,6.2,15.0,0.0,14.4,,Clear,Tokyo
3194548,246963,poi_1,4b0587a6f964a5203d9e22e3,2018-03-03T14:09:00,7.1,10.6,0.0,7.6,,Clear,Tokyo
3194548,246963,poi_2,4b603896f964a5209ada29e3,2018-03-03T17:19:00,-1.0,7.9,0.0,5.6,,Clear,Tokyo
3194548,246963,poi_3,4b0587a0f964a520769d22e3,2018-03-03T17:43:00,-1.0,7.1,0.0,3.8,,Clear,Tokyo
3194548,246963,poi_4,4b6c0307f964a5208c1f2ce3,2018-03-03T18:45:00,6.5,7.2,0.0,5.4,,Clear,Tokyo
3194548,246963,poi_5,4b678b3bf964a52090542be3,2018-03-03T19:01:00,6.4,7.2,0.0,5.4,,Clear,Tokyo
3194548,246963,poi_6,4be3f04fb02ec9b6de9a50c0,2018-03-03T19:11:00,7.0,7.2,0.0,5.4,,Clear,Tokyo
3194548,246963,poi_7,4b678b3bf964a52090542be3,2018-03-03T22:03:00,6.4,7.1,0.0,3.7,,Clear,Tokyo
3194548,246963,poi_8,4b62a048f964a520454d2ae3,2018-03-03T22:13:00,6.7,7.1,0.0,3.7,,Clear,Tokyo
3194548,246963,poi_9,55976452498e6e3d3b9268eb,2018-03-04T00:11:00,7.4,12.2,0.0,3.9,,Clear,Tokyo
3194548,246963,poi_10,4b55d735f964a52055f227e3,2018-03-04T03:37:00,8.1,20.8,0.0,22.6,,Clear,Tokyo
3194548,246963,poi_11,56962f6a498ec0def40b137d,2018-03-04T06:07:00,-1.0,19.6,0.0,20.8,,Clear,Tokyo
3194550,246963,poi_1,4b7e73c3f964a5209ced2fe3,2018-03-30T12:02:00,-1.0,11.3,0.0,14.6,,Clear,Tokyo
3194550,246963,poi_2,4b0587a6f964a5203e9e22e3,2018-03-30T12:09:00,7.9,11.3,0.0,14.6,,Clear,Tokyo
3194550,246963,poi_3,4b0587a6f964a5203d9e22e3,2018-03-30T12:40:00,7.1,11.3,0.0,12.7,,Clear,Tokyo
3194550,246963,poi_4,4b41367af964a5205dc325e3,2018-03-30T17:18:00,-1.0,10.0,0.0,7.6,,Clear,Tokyo
3194550,246963,poi_5,4b5ebd8ff964a520499729e3,2018-03-30T17:31:00,6.7,9.8,0.0,9.2,,Clear,Tokyo
3194550,246963,poi_6,4b41367af964a5205dc325e3,2018-03-30T19:07:00,-1.0,9.6,0.0,5.4,,Clear,Tokyo
3194550,246963,poi_7,4b60149cf964a5203ad529e3,2018-03-30T19:32:00,-1.0,8.8,0.0,9.3,,Clear,Tokyo
3194550,246963,poi_8,4e2297a918a88345f0587b3e,2018-03-30T19:50:00,5.9,8.8,0.0,9.3,,Clear,Tokyo
3194550,246963,poi_9,55976452498e6e3d3b9268eb,2018-03-31T00:36:00,7.4,14.6,0.0,7.6,,Clear,Tokyo
3194550,246963,poi_10,4b0587a6f964a5203d9e22e3,2018-03-31T05:19:00,7.1,17.3,0.0,16.5,,Clear,Tokyo
3194550,246963,poi_11,4b19f962f964a520afe623e3,2018-03-31T05:42:00,5.2,17.1,0.0,14.8,,Clear,Tokyo
3194550,246963,poi_12,501c0220e4b0d030d741ae24,2018-03-31T06:16:00,6.2,17.1,0.0,14.8,,Clear,Tokyo
3194555,246963,poi_1,4b7e73c3f964a5209ced2fe3,2018-10-12T12:14:00,-1.0,19.5,0.0,12.8,,Overcast,Tokyo
3194555,246963,poi_2,4b0587a6f964a5203e9e22e3,2018-10-12T12:21:00,7.9,19.5,0.0,12.8,,Overcast,Tokyo
3194555,246963,poi_3,4b0587a6f964a5203d9e22e3,2018-10-12T12:59:00,7.1,19.1,0.0,11.1,,Partially cloudy,Tokyo
3194555,246963,poi_4,4b5fb61cf964a52075c929e3,2018-10-12T13:09:00,5.7,19.1,0.0,11.1,,Partially cloudy,Tokyo
3194555,246963,poi_5,54826fb0498eb80c2a5d1426,2018-10-12T14:54:00,8.7,18.3,0.0,7.7,,Partially cloudy,Tokyo
3194555,246963,poi_6,4b62a048f964a520454d2ae3,2018-10-12T17:12:00,6.7,18.0,0.0,5.5,,Overcast,Tokyo
3194555,246963,poi_7,4b19f917f964a520abe623e3,2018-10-12T17:26:00,7.8,18.0,0.0,5.5,,Overcast,Tokyo
3194555,246963,poi_8,56d507bb498e6177d7d92ea5,2018-10-12T17:44:00,-1.0,17.6,0.0,7.6,,Overcast,Tokyo
3194555,246963,poi_9,4b91cbbbf964a52008d833e3,2018-10-12T22:46:00,5.6,17.3,0.0,7.6,,Overcast,Tokyo
3194555,246963,poi_10,50c71cb4498e1dcd4779755a,2018-10-12T23:00:00,-1.0,17.3,0.0,7.6,,Overcast,Tokyo
3194555,246963,poi_11,4b91cbbbf964a52008d833e3,2018-10-13T04:07:00,5.6,17.4,0.0,11.2,,Overcast,Tokyo
3194555,246963,poi_12,4b19f962f964a520afe623e3,2018-10-13T04:34:00,5.2,17.4,0.0,7.8,,Overcast,Tokyo
3194555,246963,poi_13,501c0220e4b0d030d741ae24,2018-10-13T05:04:00,6.2,17.4,0.0,7.8,,Overcast,Tokyo
535468,26401,poi_1,4b5dcf17f964a520dd6c29e3,2017-10-05T16:54:00,7.1,16.1,0.0,7.5,,Overcast,Tokyo
535468,26401,poi_2,4b1a32aff964a52017e823e3,2017-10-05T19:27:00,-1.0,14.9,0.0,7.6,,Overcast,Tokyo
535468,26401,poi_3,4c942873034137047ec16fef,2017-10-07T16:58:00,-1.0,17.7,0.0,3.7,,Partially cloudy,Tokyo
535468,26401,poi_4,5006bf0de4b0ecb4543dce5c,2017-10-07T18:33:00,8.5,17.7,0.0,5.4,,Overcast,Tokyo
535468,26401,poi_5,4b5edaf0f964a520149b29e3,2017-10-07T19:04:00,5.2,17.7,0.0,5.4,,Overcast,Tokyo
535468,26401,poi_6,4b95d823f964a52057b534e3,2017-10-07T19:18:00,6.1,17.7,0.0,5.4,,Overcast,Tokyo
535468,26401,poi_7,4b2697a6f964a520037e24e3,2017-10-07T19:25:00,5.9,17.7,0.0,5.4,,Overcast,Tokyo
535468,26401,poi_8,4b07ced1f964a5202a0023e3,2017-10-07T19:31:00,-1.0,17.6,0.0,3.6,,Overcast,Tokyo
535468,26401,poi_9,4b2697a6f964a520037e24e3,2017-10-07T22:18:00,5.9,18.8,0.0,3.7,,Overcast,Tokyo
535468,26401,poi_10,4b7f9029f964a520963430e3,2017-10-07T22:33:00,6.0,19.6,0.0,7.5,,Partially cloudy,Tokyo
535468,26401,poi_11,4b67ab11f964a5202d5a2be3,2017-10-08T16:31:00,-1.0,17.7,0.0,3.7,,Partially cloudy,Tokyo
535468,26401,poi_12,4b5e6014f964a520fe8b29e3,2017-10-09T16:23:00,-1.0,20.9,0.0,11.1,,Partially cloudy,Tokyo
535468,26401,poi_13,4b7544c3f964a520a8032ee3,2017-10-09T16:45:00,8.1,20.4,0.0,7.6,,Partially cloudy,Tokyo
535468,26401,poi_14,4f310c8be4b0c190b8b7818c,2017-10-09T16:47:00,-1.0,20.4,0.0,7.6,,Partially cloudy,Tokyo
535468,26401,poi_15,4b370c13f964a5203d3f25e3,2017-10-09T20:58:00,-1.0,18.4,0.0,5.4,,Partially cloudy,Tokyo
535468,26401,poi_16,4b7e9bbbf964a5202df52fe3,2017-10-09T21:09:00,-1.0,18.4,0.0,5.4,,Partially cloudy,Tokyo
535468,26401,poi_17,4b67ab11f964a5202d5a2be3,2017-10-09T21:23:00,-1.0,18.4,0.0,5.4,,Partially cloudy,Tokyo
535472,26401,poi_1,4b556966f964a520b0e327e3,2017-10-16T16:15:00,-1.0,11.7,0.0,9.5,,Partially cloudy,Tokyo
535472,26401,poi_2,4b5d54a2f964a5200e5a29e3,2017-10-16T16:22:00,-1.0,11.7,0.0,9.5,,Partially cloudy,Tokyo
535472,26401,poi_3,4b7bb3a7f964a520526b2fe3,2017-10-16T16:27:00,6.9,11.7,0.0,9.5,,Partially cloudy,Tokyo
535472,26401,poi_4,4b370c13f964a5203d3f25e3,2017-10-16T20:58:00,-1.0,12.4,0.0,9.6,,Overcast,Tokyo
535472,26401,poi_5,4b7e9bbbf964a5202df52fe3,2017-10-16T21:13:00,-1.0,12.4,0.0,9.6,,Overcast,Tokyo
535472,26401,poi_6,4cfdeeced8468cfa4704036c,2017-10-17T19:33:00,-1.0,11.9,0.0,9.3,,Clear,Tokyo
535472,26401,poi_7,4b67ab11f964a5202d5a2be3,2017-10-17T21:42:00,-1.0,12.6,0.0,5.6,,Partially cloudy,Tokyo
535472,26401,poi_8,4b663f1bf964a520891a2be3,2017-10-18T03:22:00,-1.0,18.8,0.0,9.4,,Partially cloudy,Tokyo
535472,26401,poi_9,4b556966f964a520b0e327e3,2017-10-18T16:23:00,-1.0,11.6,0.0,7.8,,Overcast,Tokyo
535472,26401,poi_10,4b84bf55f964a5200c4331e3,2017-10-18T16:37:00,-1.0,11.1,0.012,5.7,rain,"Rain, Overcast",Tokyo
535472,26401,poi_11,4b84c06cf964a520334331e3,2017-10-18T16:44:00,-1.0,11.1,0.012,5.7,rain,"Rain, Overcast",Tokyo
535472,26401,poi_12,4b5dcf17f964a520dd6c29e3,2017-10-18T17:01:00,7.1,11.1,0.012,5.7,rain,"Rain, Overcast",Tokyo
535477,26401,poi_1,53ba4e32498e531e3fae6c79,2017-10-24T16:12:00,-1.0,13.8,0.0,9.5,,Partially cloudy,Tokyo
535477,26401,poi_2,4b556966f964a520b0e327e3,2017-10-24T16:43:00,-1.0,13.6,0.0,7.7,,Overcast,Tokyo
535477,26401,poi_3,4b370c13f964a5203d3f25e3,2017-10-24T19:04:00,-1.0,13.3,0.0,9.4,,Overcast,Tokyo
535477,26401,poi_4,4b7e9bbbf964a5202df52fe3,2017-10-24T19:14:00,-1.0,13.3,0.0,9.4,,Overcast,Tokyo
535477,26401,poi_5,4b67ab11f964a5202d5a2be3,2017-10-24T19:28:00,-1.0,13.3,0.0,9.4,,Overcast,Tokyo
535477,26401,poi_6,4b4671bff964a520282126e3,2017-10-25T16:45:00,-1.0,10.6,0.0,5.5,,Clear,Tokyo
535477,26401,poi_7,4b67ab11f964a5202d5a2be3,2017-10-25T17:09:00,-1.0,10.6,0.0,5.5,,Clear,Tokyo
535477,26401,poi_8,4b7481e1f964a520bde02de3,2017-10-26T17:07:00,-1.0,10.9,0.0,9.3,,Clear,Tokyo
535477,26401,poi_9,4e5e3644814d9e0233e0151e,2017-10-26T17:14:00,6.9,10.9,0.0,9.3,,Clear,Tokyo
535477,26401,poi_10,4b7481e1f964a520bde02de3,2017-10-26T20:14:00,-1.0,11.0,0.0,5.5,,Clear,Tokyo
535477,26401,poi_11,4b74e8caf964a520b1f72de3,2017-10-26T20:35:00,-1.0,9.9,0.0,3.8,,Clear,Tokyo
535477,26401,poi_12,4b67ab11f964a5202d5a2be3,2017-10-26T20:51:00,-1.0,9.9,0.0,3.8,,Clear,Tokyo
535477,26401,poi_13,4b663f1bf964a520891a2be3,2017-10-27T05:34:00,-1.0,19.6,0.0,7.6,,Clear,Tokyo
535477,26401,poi_14,4b64fbc9f964a520b0dd2ae3,2017-10-27T19:33:00,-1.0,14.1,0.0,7.7,,Overcast,Tokyo
535477,26401,poi_15,4b4ed7cef964a52039f626e3,2017-10-27T19:52:00,7.8,14.1,0.0,7.7,,Overcast,Tokyo
535477,26401,poi_16,4c942873034137047ec16fef,2017-10-27T20:17:00,-1.0,14.1,0.0,7.7,,Overcast,Tokyo
535477,26401,poi_17,4b64fbc9f964a520b0dd2ae3,2017-10-27T23:27:00,-1.0,14.6,0.0,9.4,,Clear,Tokyo
535477,26401,poi_18,4b72754af964a520727b2de3,2017-10-27T23:49:00,-1.0,14.9,0.0,12.9,,Overcast,Tokyo
535477,26401,poi_19,4b370c13f964a5203d3f25e3,2017-10-29T16:34:00,-1.0,15.4,0.0,2.1,,Clear,Tokyo
535477,26401,poi_20,4b7e9bbbf964a5202df52fe3,2017-10-29T16:45:00,-1.0,15.4,0.0,2.1,,Clear,Tokyo
535477,26401,poi_21,4b67ab11f964a5202d5a2be3,2017-10-29T16:59:00,-1.0,15.4,0.0,2.1,,Clear,Tokyo
535477,26401,poi_22,53edc476498e5c7f3c3baff9,2017-10-30T16:40:00,7.2,10.2,0.0,7.9,,Clear,Tokyo
535477,26401,poi_23,4f310c8be4b0c190b8b7818c,2017-10-30T16:53:00,-1.0,10.2,0.0,7.9,,Clear,Tokyo
535477,26401,poi_24,4b370c13f964a5203d3f25e3,2017-10-30T20:57:00,-1.0,10.7,0.0,12.8,,Partially cloudy,Tokyo
535477,26401,poi_25,4b7e9bbbf964a5202df52fe3,2017-10-30T21:09:00,-1.0,10.7,0.0,12.8,,Partially cloudy,Tokyo
535477,26401,poi_26,4b67ab11f964a5202d5a2be3,2017-10-30T21:23:00,-1.0,10.7,0.0,12.8,,Partially cloudy,Tokyo
535477,26401,poi_27,4b62a8bff964a520284e2ae3,2017-10-31T18:51:00,7.1,10.7,0.0,7.5,,Partially cloudy,Tokyo
535477,26401,poi_28,4b370c13f964a5203d3f25e3,2017-10-31T18:57:00,-1.0,10.7,0.0,7.5,,Partially cloudy,Tokyo
535477,26401,poi_29,4b7e9bbbf964a5202df52fe3,2017-10-31T19:12:00,-1.0,10.7,0.0,7.5,,Partially cloudy,Tokyo
535477,26401,poi_30,4b67ab11f964a5202d5a2be3,2017-10-31T19:28:00,-1.0,10.7,0.0,7.5,,Partially cloudy,Tokyo
535477,26401,poi_31,4b370c13f964a5203d3f25e3,2017-11-01T16:28:00,-1.0,11.4,0.0,5.4,,Clear,Tokyo
535477,26401,poi_32,4b6d4872f964a5202e6f2ce3,2017-11-01T16:36:00,-1.0,11.1,0.0,5.5,,Clear,Tokyo
535477,26401,poi_33,4b751862f964a520c9fd2de3,2017-11-01T16:56:00,-1.0,11.1,0.0,5.5,,Clear,Tokyo
535477,26401,poi_34,4b64fbc9f964a520b0dd2ae3,2017-11-01T21:05:00,-1.0,10.1,0.0,7.6,,Partially cloudy,Tokyo
535477,26401,poi_35,4b72754af964a520727b2de3,2017-11-01T21:23:00,-1.0,10.1,0.0,7.6,,Partially cloudy,Tokyo
535477,26401,poi_36,4b67ab11f964a5202d5a2be3,2017-11-01T21:39:00,-1.0,10.7,0.0,7.6,,Clear,Tokyo
535477,26401,poi_37,4b67ab11f964a5202d5a2be3,2017-11-02T17:14:00,-1.0,12.7,0.0,11.3,,Overcast,Tokyo
535477,26401,poi_38,4b663f1bf964a520891a2be3,2017-11-02T23:24:00,-1.0,15.3,0.002,9.5,rain,"Rain, Partially cloudy",Tokyo
535479,26401,poi_1,4b370c13f964a5203d3f25e3,2017-11-05T16:38:00,-1.0,9.7,0.0,9.4,,Clear,Tokyo
535479,26401,poi_2,4b7e9bbbf964a5202df52fe3,2017-11-05T16:48:00,-1.0,9.7,0.0,9.4,,Clear,Tokyo
535479,26401,poi_3,4b67ab11f964a5202d5a2be3,2017-11-05T17:04:00,-1.0,9.7,0.0,9.4,,Clear,Tokyo
535479,26401,poi_4,4b370c13f964a5203d3f25e3,2017-11-06T16:26:00,-1.0,11.7,0.0,5.4,,Clear,Tokyo
535479,26401,poi_5,4b56ed1df964a520801f28e3,2017-11-06T16:35:00,-1.0,11.6,0.0,5.5,,Clear,Tokyo
535479,26401,poi_6,4b5be2a0f964a5209b1b29e3,2017-11-06T16:48:00,8.1,11.6,0.0,5.5,,Clear,Tokyo
535479,26401,poi_7,4b56ed1df964a520801f28e3,2017-11-06T18:24:00,-1.0,10.9,0.0,3.7,,Clear,Tokyo
535479,26401,poi_8,4b370c13f964a5203d3f25e3,2017-11-06T18:35:00,-1.0,10.4,0.0,3.7,,Clear,Tokyo
535479,26401,poi_9,4b62a8bff964a520284e2ae3,2017-11-07T18:26:00,7.1,14.3,0.0,5.7,,Partially cloudy,Tokyo
535479,26401,poi_10,4b370c13f964a5203d3f25e3,2017-11-07T18:57:00,-1.0,14.7,0.0,7.9,,Overcast,Tokyo
535479,26401,poi_11,4b7e9bbbf964a5202df52fe3,2017-11-07T19:09:00,-1.0,14.7,0.0,7.9,,Overcast,Tokyo
535479,26401,poi_12,4b67ab11f964a5202d5a2be3,2017-11-07T19:23:00,-1.0,14.7,0.0,7.9,,Overcast,Tokyo
535479,26401,poi_13,4b370c13f964a5203d3f25e3,2017-11-08T15:43:00,-1.0,11.7,0.0,7.4,,Clear,Tokyo
535479,26401,poi_14,4b67ab11f964a5202d5a2be3,2017-11-08T16:09:00,-1.0,11.7,0.0,7.4,,Clear,Tokyo
535479,26401,poi_15,4b7481e1f964a520bde02de3,2017-11-09T16:43:00,-1.0,10.2,0.0,7.4,,Partially cloudy,Tokyo
535479,26401,poi_16,4b67ab11f964a5202d5a2be3,2017-11-09T20:51:00,-1.0,10.0,0.0,5.5,,Partially cloudy,Tokyo
535479,26401,poi_17,4b67ab11f964a5202d5a2be3,2017-11-11T15:37:00,-1.0,11.2,0.0,16.7,,Clear,Tokyo
535479,26401,poi_18,4b370c13f964a5203d3f25e3,2017-11-12T16:35:00,-1.0,8.9,0.0,7.7,,Overcast,Tokyo
535479,26401,poi_19,4b56ed1df964a520801f28e3,2017-11-12T16:43:00,-1.0,8.9,0.0,7.7,,Overcast,Tokyo
535479,26401,poi_20,4b598c34f964a520f78b28e3,2017-11-12T16:53:00,8.6,8.9,0.0,7.7,,Overcast,Tokyo
535479,26401,poi_21,4b6a97d2f964a520a6d92be3,2017-11-12T19:01:00,-1.0,8.7,0.0,5.5,,Partially cloudy,Tokyo
535479,26401,poi_22,4b67ab11f964a5202d5a2be3,2017-11-12T19:06:00,-1.0,8.7,0.0,5.5,,Partially cloudy,Tokyo
535479,26401,poi_23,4b663f1bf964a520891a2be3,2017-11-13T01:28:00,-1.0,12.5,0.0,9.2,,Clear,Tokyo
535479,26401,poi_24,4b56c4c5f964a520c41a28e3,2017-11-13T01:37:00,-1.0,13.4,0.0,5.4,,Clear,Tokyo
535479,26401,poi_25,4b5aba39f964a52044d228e3,2017-11-13T02:22:00,5.5,13.4,0.0,5.4,,Clear,Tokyo
535479,26401,poi_26,4b604b77f964a5201dde29e3,2017-11-13T02:28:00,6.2,13.4,0.0,5.4,,Clear,Tokyo
535479,26401,poi_27,4e5cca4dcc3f78c8843fa702,2017-11-13T02:44:00,-1.0,14.4,0.0,5.4,,Partially cloudy,Tokyo
535479,26401,poi_28,4b6a97d2f964a520a6d92be3,2017-11-13T04:41:00,-1.0,16.1,0.0,5.5,,Clear,Tokyo
535479,26401,poi_29,4b663f1bf964a520891a2be3,2017-11-13T04:44:00,-1.0,16.1,0.0,5.5,,Clear,Tokyo
535485,26401,poi_1,4b62a8bff964a520284e2ae3,2017-11-28T18:26:00,7.1,8.2,0.0,1.9,,Clear,Tokyo
535485,26401,poi_2,4b370c13f964a5203d3f25e3,2017-11-28T18:58:00,-1.0,7.9,0.0,3.6,,Clear,Tokyo
535485,26401,poi_3,4b7e9bbbf964a5202df52fe3,2017-11-28T19:13:00,-1.0,7.9,0.0,3.6,,Clear,Tokyo
535485,26401,poi_4,4b67ab11f964a5202d5a2be3,2017-11-28T19:28:00,-1.0,7.9,0.0,3.6,,Clear,Tokyo
535485,26401,poi_5,4b370c13f964a5203d3f25e3,2017-11-29T16:36:00,-1.0,13.1,0.0,5.5,,Partially cloudy,Tokyo
535485,26401,poi_6,4b7e9bbbf964a5202df52fe3,2017-11-29T16:50:00,-1.0,13.1,0.0,5.5,,Partially cloudy,Tokyo
535485,26401,poi_7,4b67ab11f964a5202d5a2be3,2017-11-29T17:02:00,-1.0,13.1,0.0,5.5,,Partially cloudy,Tokyo
535485,26401,poi_8,4b7481e1f964a520bde02de3,2017-11-30T17:11:00,-1.0,8.2,0.0,9.3,,Overcast,Tokyo
535485,26401,poi_9,4e5e3644814d9e0233e0151e,2017-11-30T17:15:00,6.9,8.2,0.0,9.3,,Overcast,Tokyo
535485,26401,poi_10,4b19f87df964a520a4e623e3,2017-12-01T01:06:00,5.9,8.4,0.0,7.7,,Overcast,Tokyo
535485,26401,poi_11,4b581a23f964a520f34a28e3,2017-12-01T06:07:00,-1.0,9.7,0.0,9.4,,Partially cloudy,Tokyo
535485,26401,poi_12,4b6a97d2f964a520a6d92be3,2017-12-01T23:46:00,-1.0,7.1,0.0,7.6,,Partially cloudy,Tokyo
535485,26401,poi_13,4ce62908595cb1f75ac4ba14,2017-12-01T23:55:00,5.9,7.1,0.0,7.6,,Partially cloudy,Tokyo
535485,26401,poi_14,4b767a5af964a520084e2ee3,2017-12-02T00:11:00,8.6,7.1,0.0,7.6,,Partially cloudy,Tokyo
535485,26401,poi_15,4b6a97d2f964a520a6d92be3,2017-12-02T02:25:00,-1.0,8.9,0.0,7.6,,Clear,Tokyo
535485,26401,poi_16,4b663f1bf964a520891a2be3,2017-12-02T02:33:00,-1.0,10.4,0.0,5.5,,Partially cloudy,Tokyo
535488,26401,poi_1,4b7481e1f964a520bde02de3,2017-12-06T16:46:00,-1.0,3.9,0.0,9.5,,Clear,Tokyo
535488,26401,poi_2,4e5e3644814d9e0233e0151e,2017-12-06T16:57:00,6.9,3.9,0.0,9.5,,Clear,Tokyo
535488,26401,poi_3,4b7481e1f964a520bde02de3,2017-12-06T20:15:00,-1.0,3.2,0.0,7.8,,Clear,Tokyo
535488,26401,poi_4,4b74e8caf964a520b1f72de3,2017-12-06T20:32:00,-1.0,3.4,0.0,7.8,,Clear,Tokyo
535488,26401,poi_5,4b67ab11f964a5202d5a2be3,2017-12-06T20:45:00,-1.0,3.4,0.0,7.8,,Clear,Tokyo
535488,26401,poi_6,4b370c13f964a5203d3f25e3,2017-12-07T16:29:00,-1.0,5.4,0.0,7.7,,Clear,Tokyo
535488,26401,poi_7,4b7e9bbbf964a5202df52fe3,2017-12-07T16:39:00,-1.0,4.1,0.0,9.2,,Clear,Tokyo
535488,26401,poi_8,4b67ab11f964a5202d5a2be3,2017-12-07T16:52:00,-1.0,4.1,0.0,9.2,,Clear,Tokyo
535488,26401,poi_9,4b663f1bf964a520891a2be3,2017-12-08T20:26:00,-1.0,2.7,0.0,9.3,,Clear,Tokyo
535488,26401,poi_10,4b6a97d2f964a520a6d92be3,2017-12-08T20:33:00,-1.0,1.7,0.0,5.5,,Clear,Tokyo
535488,26401,poi_11,4b1211bcf964a520cb8823e3,2017-12-08T20:46:00,8.4,1.7,0.0,5.5,,Clear,Tokyo
535488,26401,poi_12,4b52c581f964a520c28727e3,2017-12-08T22:00:00,-1.0,2.8,0.0,5.5,,Clear,Tokyo
535488,26401,poi_13,4b6cf112f964a5203b5f2ce3,2017-12-08T22:11:00,-1.0,2.8,0.0,5.5,,Clear,Tokyo
535488,26401,poi_14,4b5e34f8f964a520bb8329e3,2017-12-08T22:22:00,-1.0,2.8,0.0,5.5,,Clear,Tokyo
535488,26401,poi_15,4b776fc8f964a520579a2ee3,2017-12-08T22:29:00,7.5,2.8,0.0,5.5,,Clear,Tokyo
535488,26401,poi_16,4b5ec998f964a520b59829e3,2017-12-09T01:30:00,-1.0,7.5,0.0,13.0,,Clear,Tokyo
535488,26401,poi_17,4b698ab2f964a520aba62be3,2017-12-09T01:43:00,-1.0,8.4,0.0,9.4,,Clear,Tokyo
535488,26401,poi_18,56962f6a498ec0def40b137d,2017-12-09T01:45:00,-1.0,8.4,0.0,9.4,,Clear,Tokyo
535488,26401,poi_19,4b59bf5ff964a520f09528e3,2017-12-09T02:37:00,8.0,9.7,0.0,7.5,,Clear,Tokyo
535488,26401,poi_20,4b4fc05df964a520001427e3,2017-12-09T03:02:00,5.7,9.7,0.0,7.5,,Clear,Tokyo
535490,26401,poi_1,4b62a8bff964a520284e2ae3,2017-12-12T18:27:00,7.1,4.1,0.0,9.5,,Partially cloudy,Tokyo
535490,26401,poi_2,4b370c13f964a5203d3f25e3,2017-12-12T18:56:00,-1.0,3.8,0.0,12.9,,Clear,Tokyo
535490,26401,poi_3,4b7e9bbbf964a5202df52fe3,2017-12-12T19:08:00,-1.0,3.8,0.0,12.9,,Clear,Tokyo
535490,26401,poi_4,4b67ab11f964a5202d5a2be3,2017-12-12T19:23:00,-1.0,3.8,0.0,12.9,,Clear,Tokyo
535490,26401,poi_5,4b581a23f964a520f34a28e3,2017-12-13T01:38:00,-1.0,8.9,0.0,7.6,,Clear,Tokyo
535490,26401,poi_6,4b370c13f964a5203d3f25e3,2017-12-13T16:29:00,-1.0,3.5,0.0,13.0,,Clear,Tokyo
535490,26401,poi_7,4b56ed1df964a520801f28e3,2017-12-13T16:32:00,-1.0,4.0,0.0,13.1,,Clear,Tokyo
535490,26401,poi_8,4b5dcf17f964a520dd6c29e3,2017-12-13T16:55:00,7.1,4.0,0.0,13.1,,Clear,Tokyo
535490,26401,poi_9,4b6a97d2f964a520a6d92be3,2017-12-13T19:13:00,-1.0,3.3,0.0,9.7,,Clear,Tokyo
535490,26401,poi_10,4b67ab11f964a5202d5a2be3,2017-12-13T19:21:00,-1.0,3.3,0.0,9.7,,Clear,Tokyo
535490,26401,poi_11,4b663f1bf964a520891a2be3,2017-12-14T01:36:00,-1.0,8.4,0.0,33.3,,Clear,Tokyo
535494,26401,poi_1,4b5e6167f964a520368c29e3,2017-12-18T16:07:00,-1.0,3.1,0.0,7.7,,Clear,Tokyo
535494,26401,poi_2,4b5e6140f964a5202f8c29e3,2017-12-18T16:13:00,-1.0,3.1,0.0,7.7,,Clear,Tokyo
535494,26401,poi_3,4b62a8bff964a520284e2ae3,2017-12-19T18:59:00,7.1,3.9,0.0,9.4,,Partially cloudy,Tokyo
535494,26401,poi_4,4b370c13f964a5203d3f25e3,2017-12-19T19:07:00,-1.0,3.9,0.0,9.4,,Partially cloudy,Tokyo
535494,26401,poi_5,4b7e9bbbf964a5202df52fe3,2017-12-19T19:19:00,-1.0,3.9,0.0,9.4,,Partially cloudy,Tokyo
535494,26401,poi_6,4b67ab11f964a5202d5a2be3,2017-12-19T19:36:00,-1.0,3.6,0.0,7.7,,Partially cloudy,Tokyo
535494,26401,poi_7,4b56ed1df964a520801f28e3,2017-12-20T16:43:00,-1.0,3.2,0.0,7.8,,Clear,Tokyo
535494,26401,poi_8,4b5ab7bff964a520eed128e3,2017-12-20T16:54:00,8.5,3.2,0.0,7.8,,Clear,Tokyo
535494,26401,poi_9,4b5dcf17f964a520dd6c29e3,2017-12-20T17:26:00,7.1,3.2,0.0,7.8,,Clear,Tokyo
535494,26401,poi_10,4b6a97d2f964a520a6d92be3,2017-12-20T19:22:00,-1.0,1.9,0.0,7.6,,Clear,Tokyo
535494,26401,poi_11,4b67ab11f964a5202d5a2be3,2017-12-20T19:28:00,-1.0,1.9,0.0,7.6,,Clear,Tokyo
535494,26401,poi_12,4b7481e1f964a520bde02de3,2017-12-21T16:56:00,-1.0,2.2,0.0,5.6,,Clear,Tokyo
535494,26401,poi_13,4e5e3644814d9e0233e0151e,2017-12-21T17:17:00,6.9,2.2,0.0,5.6,,Clear,Tokyo
535494,26401,poi_14,4b243a7df964a520356424e3,2017-12-21T22:27:00,6.5,2.1,0.0,9.2,,Partially cloudy,Tokyo
535494,26401,poi_15,4b74e8caf964a520b1f72de3,2017-12-21T22:55:00,-1.0,2.7,0.0,5.6,,Clear,Tokyo
535494,26401,poi_16,4b67ab11f964a5202d5a2be3,2017-12-21T23:08:00,-1.0,2.7,0.0,5.6,,Clear,Tokyo
535494,26401,poi_17,4b67ab11f964a5202d5a2be3,2017-12-22T23:48:00,-1.0,6.6,0.0,5.4,,Clear,Tokyo
535494,26401,poi_18,4b663f1bf964a520891a2be3,2017-12-23T05:11:00,-1.0,13.0,0.0,7.6,,Clear,Tokyo
535500,26401,poi_1,4b5aba39f964a52044d228e3,2017-12-31T19:01:00,5.5,0.7,0.0,3.7,,Clear,Tokyo
535500,26401,poi_2,4b5f8a0df964a52059c029e3,2017-12-31T20:18:00,7.4,1.9,0.0,5.4,,Clear,Tokyo
535500,26401,poi_3,4b7b36aef964a52059582fe3,2017-12-31T21:21:00,7.7,1.7,0.0,9.4,,Clear,Tokyo
535500,26401,poi_4,4b7544c3f964a520a8032ee3,2017-12-31T21:30:00,8.1,1.7,0.0,9.4,,Clear,Tokyo
535500,26401,poi_5,4b84bf55f964a5200c4331e3,2017-12-31T21:37:00,-1.0,1.6,0.0,9.5,,Partially cloudy,Tokyo
535500,26401,poi_6,4b5f8ae4f964a52080c029e3,2017-12-31T21:49:00,-1.0,1.6,0.0,9.5,,Partially cloudy,Tokyo
535500,26401,poi_7,4be6bac478e89521bdc764ce,2017-12-31T22:11:00,8.6,1.6,0.0,9.5,,Partially cloudy,Tokyo
535500,26401,poi_8,4b54245bf964a52019b327e3,2017-12-31T22:31:00,5.2,2.6,0.0,9.3,,Partially cloudy,Tokyo
535500,26401,poi_9,4b9a188ef964a520a09e35e3,2017-12-31T23:09:00,-1.0,2.6,0.0,9.3,,Partially cloudy,Tokyo
535500,26401,poi_10,4b2692f9f964a520be7d24e3,2017-12-31T23:16:00,-1.0,2.6,0.0,9.3,,Partially cloudy,Tokyo
535500,26401,poi_11,4b268e88f964a520727d24e3,2017-12-31T23:37:00,8.0,5.5,0.0,7.6,,Clear,Tokyo
535500,26401,poi_12,4b2692f9f964a520be7d24e3,2018-01-01T00:13:00,-1.0,5.5,0.0,7.6,,Clear,Tokyo
535500,26401,poi_13,4b79d5cbf964a5202a152fe3,2018-01-01T00:30:00,-1.0,5.5,0.0,7.6,,Clear,Tokyo
535506,26401,poi_1,4b67ab11f964a5202d5a2be3,2018-01-13T15:36:00,-1.0,2.3,0.0,9.7,,Clear,Tokyo
535506,26401,poi_2,4b581a23f964a520f34a28e3,2018-01-13T21:34:00,-1.0,2.0,0.0,18.1,,Clear,Tokyo
535506,26401,poi_3,59ec45d64ce0665bc880f046,2018-01-13T21:49:00,7.9,2.0,0.0,18.1,,Clear,Tokyo
535506,26401,poi_4,4b592313f964a5206c7e28e3,2018-01-14T00:16:00,-1.0,4.3,0.0,11.4,,Clear,Tokyo
535506,26401,poi_5,4b370c13f964a5203d3f25e3,2018-01-14T16:31:00,-1.0,1.8,0.0,7.5,,Clear,Tokyo
535506,26401,poi_6,4b7e9bbbf964a5202df52fe3,2018-01-14T16:43:00,-1.0,1.8,0.0,7.5,,Clear,Tokyo
535506,26401,poi_7,4b67ab11f964a5202d5a2be3,2018-01-14T16:57:00,-1.0,1.8,0.0,7.5,,Clear,Tokyo
535506,26401,poi_8,4b652379f964a520ebe52ae3,2018-01-15T21:56:00,5.5,1.9,0.0,5.3,,Clear,Tokyo
535506,26401,poi_9,4b409942f964a5203cb925e3,2018-01-15T22:00:00,6.7,1.9,0.0,5.3,,Clear,Tokyo
535506,26401,poi_10,4b370c13f964a5203d3f25e3,2018-01-17T16:32:00,-1.0,6.2,0.0,9.5,,Clear,Tokyo
535506,26401,poi_11,4b56ed1df964a520801f28e3,2018-01-17T16:42:00,-1.0,6.2,0.0,9.5,,Clear,Tokyo
535506,26401,poi_12,4b73785bf964a52022b02de3,2018-01-17T18:27:00,8.2,5.4,0.012,7.6,rain,"Rain, Partially cloudy",Tokyo
535506,26401,poi_13,4b6a97d2f964a520a6d92be3,2018-01-17T18:39:00,-1.0,4.2,0.0,3.8,,Clear,Tokyo
535506,26401,poi_14,4b19f87df964a520a4e623e3,2018-01-19T01:32:00,5.9,10.1,0.0,5.6,,Clear,Tokyo
535506,26401,poi_15,4b4fc05df964a520001427e3,2018-01-19T02:02:00,5.7,10.1,0.0,5.6,,Clear,Tokyo
535506,26401,poi_16,4b370c13f964a5203d3f25e3,2018-01-22T20:11:00,-1.0,0.3,0.0,3.7,,Clear,Tokyo
535506,26401,poi_17,4b56ed1df964a520801f28e3,2018-01-22T20:18:00,-1.0,0.3,0.0,3.7,,Clear,Tokyo
535506,26401,poi_18,4b7e431af964a520a7e72fe3,2018-01-22T20:30:00,8.2,0.3,0.0,3.7,,Clear,Tokyo
535506,26401,poi_19,4b55670ff964a52071e327e3,2018-01-22T22:01:00,8.5,-0.3,0.0,3.6,,Clear,Tokyo
535506,26401,poi_20,4b612ca0f964a520fa0b2ae3,2018-01-22T22:21:00,8.3,-0.3,0.0,3.6,,Clear,Tokyo
535506,26401,poi_21,4b5dcf17f964a520dd6c29e3,2018-01-22T22:30:00,7.1,-0.3,0.0,3.6,,Clear,Tokyo
535506,26401,poi_22,4b6a97d2f964a520a6d92be3,2018-01-22T23:43:00,-1.0,2.4,0.0,7.5,rain,Clear,Tokyo
535506,26401,poi_23,4b663f1bf964a520891a2be3,2018-01-22T23:54:00,-1.0,2.4,0.0,7.5,rain,Clear,Tokyo
535517,26401,poi_1,4ef2eba80e617e29c7a26ca8,2018-02-09T15:06:00,-1.0,3.6,0.0,10.9,,Clear,Tokyo
535517,26401,poi_2,4b5bd0a2f964a520c31729e3,2018-02-09T15:25:00,9.4,3.6,0.0,10.9,,Clear,Tokyo
535517,26401,poi_3,4ef2eba80e617e29c7a26ca8,2018-02-09T17:54:00,-1.0,2.5,0.0,5.4,,Partially cloudy,Tokyo
535517,26401,poi_4,4b96c2e6f964a520d9e234e3,2018-02-09T18:10:00,-1.0,2.5,0.0,5.4,,Partially cloudy,Tokyo
535517,26401,poi_5,4b74e8caf964a520b1f72de3,2018-02-09T18:20:00,-1.0,2.5,0.0,5.4,,Partially cloudy,Tokyo
535517,26401,poi_6,4b72722ef964a520237b2de3,2018-02-09T20:02:00,-1.0,0.6,0.0,7.6,,Clear,Tokyo
535517,26401,poi_7,4b6a97d2f964a520a6d92be3,2018-02-09T20:16:00,-1.0,0.6,0.0,7.6,,Clear,Tokyo
535517,26401,poi_8,50309fdce4b0265f8c143bcc,2018-02-09T22:00:00,7.8,2.1,0.0,5.5,,Overcast,Tokyo
535517,26401,poi_9,4b52c581f964a520c28727e3,2018-02-09T23:03:00,-1.0,3.5,0.0,7.4,,Partially cloudy,Tokyo
535517,26401,poi_10,4b948fd8f964a5207c7d34e3,2018-02-09T23:20:00,-1.0,3.5,0.0,7.4,,Partially cloudy,Tokyo
535517,26401,poi_11,4b5bcf47f964a5206f1729e3,2018-02-09T23:42:00,-1.0,4.8,0.0,5.4,,Partially cloudy,Tokyo
535517,26401,poi_12,4b56b9ecf964a520a51928e3,2018-02-10T00:17:00,-1.0,4.8,0.0,5.4,,Partially cloudy,Tokyo
535517,26401,poi_13,4b5a617ff964a52062c128e3,2018-02-10T00:21:00,-1.0,4.8,0.0,5.4,,Partially cloudy,Tokyo
535517,26401,poi_14,4b56b9ecf964a520a51928e3,2018-02-10T02:13:00,-1.0,6.7,0.0,3.7,,Partially cloudy,Tokyo
535517,26401,poi_15,4b5e3de5f964a520b58529e3,2018-02-10T02:34:00,-1.0,9.8,0.0,3.8,,Partially cloudy,Tokyo
535551,26401,poi_1,4e5e3644814d9e0233e0151e,2018-08-06T23:36:00,6.9,20.9,1.989,11.3,rain,"Rain, Overcast",Tokyo
535551,26401,poi_2,4b678b3bf964a52090542be3,2018-08-07T18:46:00,6.4,22.6,0.003,13.2,rain,"Rain, Overcast",Tokyo
535551,26401,poi_3,4b6a97d2f964a520a6d92be3,2018-08-07T23:40:00,-1.0,22.2,6.419,15.2,rain,"Rain, Overcast",Tokyo
535551,26401,poi_4,53ba4e32498e531e3fae6c79,2018-08-07T23:48:00,-1.0,22.2,6.419,15.2,rain,"Rain, Overcast",Tokyo
535551,26401,poi_5,4b7e6c7bf964a52091ec2fe3,2018-08-08T16:09:00,-1.0,24.4,0.005,15.5,rain,"Rain, Overcast",Tokyo
535551,26401,poi_6,4b6a97d2f964a520a6d92be3,2018-08-08T16:19:00,-1.0,24.4,0.005,15.5,rain,"Rain, Overcast",Tokyo
535551,26401,poi_7,4b52c581f964a520c28727e3,2018-08-08T17:52:00,-1.0,23.9,9.72,19.0,rain,"Rain, Overcast",Tokyo
535551,26401,poi_8,4b735f35f964a52037ab2de3,2018-08-08T18:10:00,-1.0,23.9,9.72,19.0,rain,"Rain, Overcast",Tokyo
535551,26401,poi_9,4b7481e1f964a520bde02de3,2018-08-08T19:24:00,-1.0,23.9,0.031,22.7,rain,"Rain, Overcast",Tokyo
535551,26401,poi_10,4b766665f964a520074b2ee3,2018-08-09T00:05:00,-1.0,26.6,0.0,9.7,,Overcast,Tokyo
535551,26401,poi_11,4b558306f964a5201be627e3,2018-08-09T00:17:00,-1.0,26.6,0.0,9.7,,Overcast,Tokyo
535551,26401,poi_12,4b971b9ff964a5205ff834e3,2018-08-10T16:09:00,-1.0,28.1,0.0,7.9,,Partially cloudy,Tokyo
535551,26401,poi_13,4b7481e1f964a520bde02de3,2018-08-10T16:33:00,-1.0,27.3,0.0,11.1,,Partially cloudy,Tokyo
535551,26401,poi_14,50e5188be4b04e9b07f2cb28,2018-08-10T16:41:00,-1.0,27.3,0.0,11.1,,Partially cloudy,Tokyo
535551,26401,poi_15,5494c5ee498eeff655f5be34,2018-08-10T22:30:00,7.6,28.1,0.0,3.7,,Clear,Tokyo
535551,26401,poi_16,516f416d498e4130934ebd73,2018-08-10T22:44:00,-1.0,28.8,0.0,3.6,,Clear,Tokyo
535551,26401,poi_17,4b63b01cf964a5202c8c2ae3,2018-08-11T02:51:00,6.6,32.6,0.0,16.3,,Partially cloudy,Tokyo
535551,26401,poi_18,4b766665f964a520074b2ee3,2018-08-11T03:07:00,-1.0,32.6,0.0,16.3,,Partially cloudy,Tokyo
544323,26836,poi_1,4ba91c76f964a520350c3ae3,2017-10-03T15:40:00,-1.0,19.4,0.0,16.4,,Overcast,Tokyo
544323,26836,poi_2,4b737fb3f964a52071b12de3,2017-10-03T15:43:00,-1.0,19.4,0.0,16.4,,Overcast,Tokyo
544323,26836,poi_3,4ee33d464fc6a6fab5aa58c8,2017-10-03T15:47:00,-1.0,19.4,0.0,16.4,,Overcast,Tokyo
544323,26836,poi_4,4b761687f964a520e23b2ee3,2017-10-03T15:51:00,5.9,19.4,0.0,16.4,,Overcast,Tokyo
544323,26836,poi_5,4ee33d464fc6a6fab5aa58c8,2017-10-03T16:15:00,-1.0,19.4,0.0,16.4,,Overcast,Tokyo
544323,26836,poi_6,4c405db2da3dc928072ec7b9,2017-10-03T16:25:00,6.6,19.4,0.0,16.4,,Overcast,Tokyo
544323,26836,poi_7,4c0b397c6071a593ca0ae132,2017-10-03T18:25:00,5.7,19.2,0.009,12.9,rain,"Rain, Overcast",Tokyo
544323,26836,poi_8,51207246e4b061129299a107,2017-10-03T19:13:00,6.0,19.2,0.0,11.3,,Overcast,Tokyo
544323,26836,poi_9,4b569a11f964a520691628e3,2017-10-03T20:14:00,8.8,18.9,0.0,14.8,,Overcast,Tokyo
544323,26836,poi_10,4bb2a7a4a32876b0b9f000fe,2017-10-03T23:08:00,8.2,17.9,0.0,16.4,,Overcast,Tokyo
544323,26836,poi_11,4ba07930f964a520096f37e3,2017-10-03T23:15:00,5.8,17.9,0.0,16.4,,Overcast,Tokyo
544323,26836,poi_12,4bab3669f964a520be993ae3,2017-10-03T23:49:00,6.6,17.9,0.0,11.3,,Overcast,Tokyo
544323,26836,poi_13,5932ace16a8d865d65e7f483,2017-10-04T00:10:00,-1.0,17.9,0.0,11.3,,Overcast,Tokyo
544323,26836,poi_14,4bbf2db9ba9776b0e6a6fec8,2017-10-04T00:47:00,6.9,19.1,0.0,11.3,,Partially cloudy,Tokyo
544324,26836,poi_1,4ba91c76f964a520350c3ae3,2017-10-04T12:33:00,-1.0,15.7,0.0,11.3,,Partially cloudy,Tokyo
544324,26836,poi_2,4ee33d464fc6a6fab5aa58c8,2017-10-04T12:38:00,-1.0,15.7,0.0,11.3,,Partially cloudy,Tokyo
544324,26836,poi_3,4e8ee47f6c254835946719d6,2017-10-04T13:16:00,-1.0,15.7,0.0,11.3,,Partially cloudy,Tokyo
544324,26836,poi_4,4ed047f930f81894ae393856,2017-10-04T17:18:00,-1.0,15.9,0.0,3.8,,Partially cloudy,Tokyo
544324,26836,poi_5,4b663f1bf964a520891a2be3,2017-10-04T17:35:00,-1.0,15.8,0.0,5.5,,Partially cloudy,Tokyo
544324,26836,poi_6,4b07ead6f964a5201f0123e3,2017-10-04T18:32:00,6.4,15.4,0.0,5.5,,Partially cloudy,Tokyo
544324,26836,poi_7,51b2b18d498e0c25b5cbc04e,2017-10-04T19:47:00,-1.0,14.9,0.0,12.8,,Partially cloudy,Tokyo
544324,26836,poi_8,5708b396498eaefd5ec7d880,2017-10-04T19:59:00,8.2,14.9,0.0,12.8,,Partially cloudy,Tokyo
544324,26836,poi_9,4b07ead6f964a5201f0123e3,2017-10-04T23:00:00,6.4,15.7,0.0,5.5,,Overcast,Tokyo
544324,26836,poi_10,585ccab1bbec66033beb0694,2017-10-04T23:03:00,-1.0,15.7,0.0,5.5,,Overcast,Tokyo
544324,26836,poi_11,51429e02e4b002e3ef763b52,2017-10-04T23:18:00,5.0,15.7,0.0,5.5,,Overcast,Tokyo
544324,26836,poi_12,4bd557cc6798ef3b4735638d,2017-10-04T23:22:00,6.1,15.7,0.0,5.5,,Overcast,Tokyo
544324,26836,poi_13,4c46c0d9c047be9a5e6a2e79,2017-10-04T23:57:00,4.9,16.4,0.0,9.4,,Partially cloudy,Tokyo
544324,26836,poi_14,4cc9587041e7548165b05b84,2017-10-05T00:07:00,6.8,16.4,0.0,9.4,,Partially cloudy,Tokyo
544324,26836,poi_15,4c7d4b3310916dcb14fd2896,2017-10-05T00:31:00,-1.0,17.9,0.0,11.1,,Partially cloudy,Tokyo
544324,26836,poi_16,4b7e0a58f964a5205de02fe3,2017-10-05T00:35:00,-1.0,17.9,0.0,11.1,,Partially cloudy,Tokyo
544324,26836,poi_17,4d75db25ec646dcb79e6f210,2017-10-05T00:39:00,-1.0,17.9,0.0,11.1,,Partially cloudy,Tokyo
544326,26836,poi_1,59af82002aff31382863c5f1,2017-10-06T15:13:00,-1.0,14.9,0.0,12.8,,Overcast,Tokyo
544326,26836,poi_2,518a1550498e08c6f7417236,2017-10-06T16:19:00,-1.0,15.2,0.0,7.7,,Overcast,Tokyo
544326,26836,poi_3,4bc1882474a9a5939108d2f6,2017-10-06T16:31:00,-1.0,15.2,0.0,11.3,,Overcast,Tokyo
544326,26836,poi_4,4bf0e0601f17ef3b9eda9bc8,2017-10-06T18:24:00,6.2,15.4,26.853,7.7,rain,"Rain, Overcast",Tokyo
544326,26836,poi_5,4bb2a7a4a32876b0b9f000fe,2017-10-06T22:40:00,8.2,16.2,0.0,11.4,,Overcast,Tokyo
544326,26836,poi_6,548673cf498e231629b0700a,2017-10-07T00:47:00,-1.0,16.9,0.0,11.4,,Overcast,Tokyo
544326,26836,poi_7,4b5c0fe0f964a520d62229e3,2017-10-07T02:37:00,6.9,18.2,0.0,11.4,,Overcast,Tokyo
544326,26836,poi_8,4b6e3e46f964a520e2b32ce3,2017-10-07T02:40:00,5.7,18.2,0.0,11.4,,Overcast,Tokyo
544326,26836,poi_9,4ee33d464fc6a6fab5aa58c8,2017-10-07T02:56:00,-1.0,18.2,0.0,11.4,,Overcast,Tokyo
544326,26836,poi_10,4b737fb3f964a52071b12de3,2017-10-07T03:01:00,-1.0,18.2,0.0,11.4,,Overcast,Tokyo
544326,26836,poi_11,4ba91c76f964a520350c3ae3,2017-10-07T03:07:00,-1.0,18.2,0.0,11.4,,Overcast,Tokyo
544328,26836,poi_1,4ba91c76f964a520350c3ae3,2017-10-08T15:01:00,-1.0,18.8,0.0,3.7,,Partially cloudy,Tokyo
544328,26836,poi_2,4b737fb3f964a52071b12de3,2017-10-08T15:05:00,-1.0,18.8,0.0,3.7,,Partially cloudy,Tokyo
544328,26836,poi_3,4b761687f964a520e23b2ee3,2017-10-08T15:14:00,5.9,18.8,0.0,3.7,,Partially cloudy,Tokyo
544328,26836,poi_4,598c5ce8c0f1632f70c7badc,2017-10-08T16:28:00,-1.0,18.7,0.0,7.5,,Partially cloudy,Tokyo
544328,26836,poi_5,4e2392457d8b71715bc11fa8,2017-10-08T16:40:00,-1.0,17.7,0.0,3.7,,Partially cloudy,Tokyo
544328,26836,poi_6,576e0553498e8ede52d1febe,2017-10-08T16:52:00,-1.0,17.7,0.0,3.7,,Partially cloudy,Tokyo
544328,26836,poi_7,5483b8ce498e3ac9d110b326,2017-10-08T17:05:00,-1.0,17.7,0.0,3.7,,Partially cloudy,Tokyo
544328,26836,poi_8,4c1dd2fa8b3aa593c53a9b5f,2017-10-08T17:25:00,6.6,17.7,0.0,3.7,,Partially cloudy,Tokyo
544328,26836,poi_9,4e2a6f93b0fbc2edac16f85e,2017-10-08T17:53:00,-1.0,17.6,0.0,5.4,,Partially cloudy,Tokyo
544328,26836,poi_10,4bd3fb2bcaff95214c15d6f0,2017-10-08T18:07:00,7.3,17.6,0.0,5.4,,Partially cloudy,Tokyo
544328,26836,poi_11,59504c1c6bdee61a24329800,2017-10-08T18:12:00,-1.0,17.6,0.0,5.4,,Partially cloudy,Tokyo
544328,26836,poi_12,4e4b4b85b61c745d8aee65bd,2017-10-08T18:16:00,8.1,17.6,0.0,5.4,,Partially cloudy,Tokyo
544328,26836,poi_13,4bff41a168c7a59302774044,2017-10-08T18:26:00,-1.0,17.6,0.0,5.4,,Partially cloudy,Tokyo
544328,26836,poi_14,4c26dfcda852c9288380e76c,2017-10-08T18:37:00,8.6,16.6,0.0,5.4,,Partially cloudy,Tokyo
544328,26836,poi_15,4e33e3a2d164be7ec59e9878,2017-10-08T19:01:00,-1.0,16.6,0.0,5.4,,Partially cloudy,Tokyo
544328,26836,poi_16,4e18180a7d8b8af9138a0515,2017-10-08T19:45:00,-1.0,16.4,0.0,5.4,,Partially cloudy,Tokyo
544328,26836,poi_17,4b5975c1f964a520f78828e3,2017-10-08T20:01:00,5.2,16.4,0.0,5.4,,Partially cloudy,Tokyo
544328,26836,poi_18,4b726dc7f964a520b87a2de3,2017-10-08T21:09:00,-1.0,16.6,0.0,3.7,,Clear,Tokyo
544328,26836,poi_19,4b655550f964a52096ed2ae3,2017-10-08T21:42:00,-1.0,18.6,0.0,1.9,,Partially cloudy,Tokyo
544328,26836,poi_20,4b56bd3df964a520f01928e3,2017-10-08T21:54:00,6.4,18.6,0.0,1.9,,Partially cloudy,Tokyo
544328,26836,poi_21,4c7d4b3310916dcb14fd2896,2017-10-08T22:16:00,-1.0,18.6,0.0,1.9,,Partially cloudy,Tokyo
544328,26836,poi_22,4e45fa3dd4c065cb6b9a0360,2017-10-08T22:22:00,-1.0,18.6,0.0,1.9,,Partially cloudy,Tokyo
544328,26836,poi_23,5326452711d21a09ec623bf3,2017-10-08T22:31:00,7.0,20.1,0.0,5.4,,Partially cloudy,Tokyo
544328,26836,poi_24,4cc9587041e7548165b05b84,2017-10-08T23:03:00,6.8,20.1,0.0,5.4,,Partially cloudy,Tokyo
544328,26836,poi_25,4b7e0a58f964a5205de02fe3,2017-10-08T23:46:00,-1.0,22.0,0.0,5.4,,Partially cloudy,Tokyo
544328,26836,poi_26,4c95bae7f244b1f74fb62e1d,2017-10-08T23:54:00,-1.0,22.0,0.0,5.4,,Partially cloudy,Tokyo
544328,26836,poi_27,4e8428f19adffd3a44e64b9f,2017-10-09T00:00:00,-1.0,22.0,0.0,5.4,,Partially cloudy,Tokyo
544329,26836,poi_1,4bd636927b1876b0ca428c86,2017-10-09T15:26:00,6.7,20.7,0.0,9.2,,Partially cloudy,Tokyo
544329,26836,poi_2,4b8fd766f964a520fa6433e3,2017-10-09T15:35:00,6.0,20.9,0.0,11.1,,Partially cloudy,Tokyo
544329,26836,poi_3,4bc1882474a9a5939108d2f6,2017-10-09T16:06:00,-1.0,20.9,0.0,11.1,,Partially cloudy,Tokyo
544329,26836,poi_4,4c405db2da3dc928072ec7b9,2017-10-09T16:11:00,6.6,20.9,0.0,11.1,,Partially cloudy,Tokyo
544329,26836,poi_5,4c0b397c6071a593ca0ae132,2017-10-09T16:14:00,5.7,20.9,0.0,11.1,,Partially cloudy,Tokyo
544329,26836,poi_6,4eb4b029f5b94bd85b830820,2017-10-09T18:21:00,-1.0,19.7,0.0,5.5,,Clear,Tokyo
544329,26836,poi_7,4b9b4f42f964a520abff35e3,2017-10-09T20:29:00,-1.0,18.4,0.0,5.4,,Clear,Tokyo
544329,26836,poi_8,4bce3ea1fb84c9b63688233e,2017-10-09T22:34:00,5.7,22.2,0.0,3.7,,Clear,Tokyo
544329,26836,poi_9,4b617965f964a520cd142ae3,2017-10-09T23:20:00,5.5,22.2,0.0,3.7,,Clear,Tokyo
544329,26836,poi_10,4dc6649db0fb5556cd08d2b5,2017-10-09T23:31:00,6.4,23.6,0.0,5.5,,Partially cloudy,Tokyo
544329,26836,poi_11,4b8c3669f964a52068c432e3,2017-10-09T23:44:00,6.3,23.6,0.0,5.5,,Partially cloudy,Tokyo
544329,26836,poi_12,4c96efef38dd8cfad2cfdf62,2017-10-10T00:31:00,-1.0,24.8,0.0,3.7,,Clear,Tokyo
544329,26836,poi_13,4befe41ec601a5933a0ec3d1,2017-10-10T00:34:00,5.5,24.8,0.0,3.7,,Clear,Tokyo
544329,26836,poi_14,4b7fd8b5f964a5208a4030e3,2017-10-10T01:10:00,-1.0,24.8,0.0,3.7,,Clear,Tokyo
544331,26836,poi_1,4ba91c76f964a520350c3ae3,2017-10-11T14:59:00,-1.0,20.6,0.0,5.3,,Overcast,Tokyo
544331,26836,poi_2,4b737fb3f964a52071b12de3,2017-10-11T15:03:00,-1.0,20.6,0.0,5.3,,Overcast,Tokyo
544331,26836,poi_3,4ee33d464fc6a6fab5aa58c8,2017-10-11T15:07:00,-1.0,20.6,0.0,5.3,,Overcast,Tokyo
544331,26836,poi_4,4b761687f964a520e23b2ee3,2017-10-11T15:12:00,5.9,20.6,0.0,5.3,,Overcast,Tokyo
544331,26836,poi_5,4ea401adf5b9efc00212c51c,2017-10-11T16:28:00,-1.0,20.6,0.0,3.6,,Overcast,Tokyo
544331,26836,poi_6,4c405db2da3dc928072ec7b9,2017-10-11T16:40:00,6.6,20.4,0.0,3.7,,Partially cloudy,Tokyo
544331,26836,poi_7,4c2d7e8e260bc928a02e1ad3,2017-10-11T18:44:00,5.1,19.7,0.0,5.4,,Partially cloudy,Tokyo
544331,26836,poi_8,4eb4b029f5b94bd85b830820,2017-10-11T19:08:00,-1.0,19.7,0.0,5.4,,Partially cloudy,Tokyo
544331,26836,poi_9,4b79d086f964a520de132fe3,2017-10-11T19:16:00,-1.0,19.7,0.0,5.4,,Partially cloudy,Tokyo
544331,26836,poi_10,5230392211d235590e39a101,2017-10-12T01:51:00,5.7,27.6,0.0,5.6,,Clear,Tokyo
544331,26836,poi_11,5932ace16a8d865d65e7f483,2017-10-12T01:55:00,-1.0,27.6,0.0,5.6,,Clear,Tokyo
544331,26836,poi_12,4b7fd8b5f964a5208a4030e3,2017-10-12T02:31:00,-1.0,28.6,0.0,3.9,,Partially cloudy,Tokyo
544337,26836,poi_1,4bd636927b1876b0ca428c86,2017-10-16T15:10:00,6.7,11.9,0.0,14.8,,Overcast,Tokyo
544337,26836,poi_2,4b8b02f2f964a5203e8e32e3,2017-10-16T15:17:00,-1.0,11.9,0.0,14.8,,Overcast,Tokyo
544337,26836,poi_3,4ea401adf5b9efc00212c51c,2017-10-16T15:54:00,-1.0,11.7,0.0,9.5,,Partially cloudy,Tokyo
544337,26836,poi_4,4b617965f964a520cd142ae3,2017-10-16T15:56:00,5.5,11.7,0.0,9.5,,Partially cloudy,Tokyo
544337,26836,poi_5,4b5a7f5df964a5204bc828e3,2017-10-16T17:54:00,5.1,12.1,5.01,5.7,rain,"Rain, Overcast",Tokyo
544337,26836,poi_6,4df45d381f6e818dae0422d9,2017-10-16T18:43:00,-1.0,12.2,0.0,7.7,,Overcast,Tokyo
544337,26836,poi_7,4be7e5c588ed2d7faf2dcb1d,2017-10-16T20:33:00,5.3,12.4,0.0,9.6,,Overcast,Tokyo
544337,26836,poi_8,4e99bbd6e5e8dffcaeb36897,2017-10-16T20:43:00,5.4,12.4,0.0,9.6,,Overcast,Tokyo
544337,26836,poi_9,4c46c0d9c047be9a5e6a2e79,2017-10-16T21:13:00,4.9,12.4,0.0,9.6,,Overcast,Tokyo
544337,26836,poi_10,4c7d4b3310916dcb14fd2896,2017-10-17T00:15:00,-1.0,12.9,2.511,7.6,rain,"Rain, Overcast",Tokyo
544337,26836,poi_11,4badcd31f964a5200d6a3be3,2017-10-17T00:27:00,-1.0,12.9,2.511,7.6,rain,"Rain, Overcast",Tokyo
544337,26836,poi_12,4b642260f964a520a4a02ae3,2017-10-17T00:36:00,-1.0,13.7,0.0,5.6,,Overcast,Tokyo
544337,26836,poi_13,4b7e0a58f964a5205de02fe3,2017-10-17T01:07:00,-1.0,13.7,0.0,5.6,,Overcast,Tokyo
544337,26836,poi_14,4c0ce10ec700c9b68678a1dd,2017-10-17T01:44:00,-1.0,13.4,0.0,5.4,,Overcast,Tokyo
544337,26836,poi_15,4c54e0d15b839521573cd631,2017-10-17T01:51:00,-1.0,13.4,0.0,5.4,,Overcast,Tokyo
544337,26836,poi_16,4c95bae7f244b1f74fb62e1d,2017-10-17T01:58:00,-1.0,13.4,0.0,5.4,,Overcast,Tokyo
544337,26836,poi_17,4e8428f19adffd3a44e64b9f,2017-10-17T02:01:00,-1.0,13.4,0.0,5.4,,Overcast,Tokyo
544338,26836,poi_1,4bd636927b1876b0ca428c86,2017-10-17T15:46:00,6.7,12.2,0.0,5.4,,Partially cloudy,Tokyo
544338,26836,poi_2,4b8c3669f964a52068c432e3,2017-10-17T15:56:00,6.3,12.2,0.0,5.4,,Partially cloudy,Tokyo
544338,26836,poi_3,4ea401adf5b9efc00212c51c,2017-10-17T16:10:00,-1.0,12.2,0.0,5.4,,Partially cloudy,Tokyo
544338,26836,poi_4,4e945bc2d5fb27b8eaec4956,2017-10-17T19:25:00,5.6,12.3,0.0,7.5,,Clear,Tokyo
544338,26836,poi_5,4d560a17ba5b224b3a111614,2017-10-17T20:05:00,-1.0,11.9,0.0,9.3,,Clear,Tokyo
544338,26836,poi_6,4ba4817cf964a52027a138e3,2017-10-17T20:09:00,-1.0,11.9,0.0,9.3,,Clear,Tokyo
544338,26836,poi_7,4b62321df964a520753b2ae3,2017-10-17T21:17:00,8.4,11.9,0.0,7.7,,Partially cloudy,Tokyo
544338,26836,poi_8,5932ace16a8d865d65e7f483,2017-10-18T03:59:00,-1.0,18.6,0.0,14.9,,Partially cloudy,Tokyo
544338,26836,poi_9,518a1550498e08c6f7417236,2017-10-18T04:01:00,-1.0,18.6,0.0,14.9,,Partially cloudy,Tokyo
544338,26836,poi_10,4c483ed70f5aa593667f8076,2017-10-18T04:09:00,6.1,18.6,0.0,14.9,,Partially cloudy,Tokyo
544338,26836,poi_11,4bed24b96e8c20a181ed6f61,2017-10-18T04:20:00,5.6,18.6,0.0,14.9,,Partially cloudy,Tokyo
544339,26836,poi_1,4ba91c76f964a520350c3ae3,2017-10-18T12:56:00,-1.0,13.8,0.0,11.1,,Overcast,Tokyo
544339,26836,poi_2,4b737fb3f964a52071b12de3,2017-10-18T13:00:00,-1.0,13.8,0.0,11.1,,Overcast,Tokyo
544339,26836,poi_3,4b977b90f964a5207b0535e3,2017-10-18T13:13:00,-1.0,13.8,0.0,11.1,,Overcast,Tokyo
544339,26836,poi_4,59b234f62e2680501932dafa,2017-10-18T17:46:00,8.7,10.6,3.932,7.8,rain,"Rain, Overcast",Tokyo
544339,26836,poi_5,4bcab58668f976b05ff65f83,2017-10-18T17:59:00,-1.0,10.6,3.932,7.8,rain,"Rain, Overcast",Tokyo
544339,26836,poi_6,549f4e20498e58bd4f7bc9b7,2017-10-18T18:19:00,7.7,10.6,3.932,7.8,rain,"Rain, Overcast",Tokyo
544339,26836,poi_7,4b6ad929f964a52052e32be3,2017-10-18T18:48:00,-1.0,10.4,0.016,9.5,rain,"Rain, Overcast",Tokyo
544339,26836,poi_8,4ea79bc8775bfe4802f5f7b5,2017-10-18T19:40:00,5.7,10.2,0.009,11.2,rain,"Rain, Overcast",Tokyo
544339,26836,poi_9,4ef2eba80e617e29c7a26ca8,2017-10-19T00:32:00,-1.0,10.6,0.013,9.7,rain,"Rain, Overcast",Tokyo
544339,26836,poi_10,4b2ef5adf964a520bce824e3,2017-10-19T00:52:00,-1.0,10.6,0.013,9.7,rain,"Rain, Overcast",Tokyo
544339,26836,poi_11,4b77d14cf964a52055ab2ee3,2017-10-19T01:01:00,5.4,10.6,0.013,9.7,rain,"Rain, Overcast",Tokyo
544339,26836,poi_12,4b617965f964a520cd142ae3,2017-10-19T01:13:00,5.5,10.6,0.013,9.7,rain,"Rain, Overcast",Tokyo
544339,26836,poi_13,4b8c3669f964a52068c432e3,2017-10-19T01:20:00,6.3,10.6,0.013,9.7,rain,"Rain, Overcast",Tokyo
544339,26836,poi_14,4b7fd8b5f964a5208a4030e3,2017-10-19T02:09:00,-1.0,10.9,0.012,11.3,rain,"Rain, Overcast",Tokyo
544339,26836,poi_15,59bba2de0d173f3bdfbd008b,2017-10-19T02:14:00,-1.0,10.9,0.012,11.3,rain,"Rain, Overcast",Tokyo
544340,26836,poi_1,4ba91c76f964a520350c3ae3,2017-10-19T17:54:00,-1.0,11.7,1.958,13.3,rain,"Rain, Overcast",Tokyo
544340,26836,poi_2,4ee33d464fc6a6fab5aa58c8,2017-10-19T18:00:00,-1.0,11.7,1.958,13.3,rain,"Rain, Overcast",Tokyo
544340,26836,poi_3,4be4eba82468c928bb8aff42,2017-10-19T18:10:00,-1.0,11.7,1.958,13.3,rain,"Rain, Overcast",Tokyo
544340,26836,poi_4,4b8c8537f964a520dad432e3,2017-10-19T18:50:00,6.3,11.9,0.004,11.5,rain,"Rain, Overcast",Tokyo
544340,26836,poi_5,4ba20af2f964a520f1d737e3,2017-10-19T19:07:00,-1.0,11.9,0.004,11.5,rain,"Rain, Overcast",Tokyo
544340,26836,poi_6,4bd0416e9854d13a5252f74d,2017-10-19T20:09:00,5.8,11.9,0.005,14.9,rain,"Rain, Overcast",Tokyo
544340,26836,poi_7,4bfd05df8992a5939870abb0,2017-10-19T20:37:00,-1.0,12.1,0.005,14.9,rain,"Rain, Overcast",Tokyo
544340,26836,poi_8,4b727694f964a520917b2de3,2017-10-19T21:54:00,-1.0,12.2,0.017,13.2,rain,"Rain, Overcast",Tokyo
544340,26836,poi_9,57c4e40e498ecd018a5a38de,2017-10-19T22:09:00,6.3,12.2,0.017,13.2,rain,"Rain, Overcast",Tokyo
544340,26836,poi_10,4bc29882920eb7130f7f1c2c,2017-10-19T22:50:00,-1.0,12.7,0.012,11.4,rain,"Rain, Overcast",Tokyo
544340,26836,poi_11,4dbb7bdc5da3ff58ec33b424,2017-10-19T23:19:00,-1.0,12.7,0.012,11.4,rain,"Rain, Overcast",Tokyo
544340,26836,poi_12,4b53ba34f964a5206aa927e3,2017-10-19T23:34:00,-1.0,13.2,9.304,13.0,rain,"Rain, Overcast",Tokyo
544340,26836,poi_13,4c0b397c6071a593ca0ae132,2017-10-19T23:58:00,5.7,13.2,9.304,13.0,rain,"Rain, Overcast",Tokyo
544340,26836,poi_14,4ba07930f964a520096f37e3,2017-10-20T00:13:00,5.8,13.2,9.304,13.0,rain,"Rain, Overcast",Tokyo
544340,26836,poi_15,4eb4b029f5b94bd85b830820,2017-10-20T00:50:00,-1.0,13.7,0.0,13.1,,Overcast,Tokyo
544340,26836,poi_16,4b6e3e46f964a520e2b32ce3,2017-10-20T00:52:00,5.7,13.7,0.0,13.1,,Overcast,Tokyo
544340,26836,poi_17,4b243a7df964a520356424e3,2017-10-20T00:56:00,6.5,13.7,0.0,13.1,,Overcast,Tokyo
544340,26836,poi_18,4b7481e1f964a520bde02de3,2017-10-20T01:00:00,-1.0,13.7,0.0,13.1,,Overcast,Tokyo
544340,26836,poi_19,4b567b47f964a520651228e3,2017-10-20T01:06:00,-1.0,13.7,0.0,13.1,,Overcast,Tokyo
557783,27549,poi_1,4b5aaefff964a520bad028e3,2017-10-20T19:31:00,5.5,15.6,0.008,11.2,rain,"Rain, Overcast",Tokyo
557783,27549,poi_2,4b6824faf964a52008692be3,2017-10-20T19:43:00,5.9,15.6,0.008,11.2,rain,"Rain, Overcast",Tokyo
557783,27549,poi_3,4b3aa8f3f964a520266c25e3,2017-10-20T20:03:00,5.8,15.6,0.008,11.2,rain,"Rain, Overcast",Tokyo
557783,27549,poi_4,4d3a0bfb325ff04da72f1845,2017-10-20T20:20:00,-1.0,15.6,0.008,11.2,rain,"Rain, Overcast",Tokyo
557783,27549,poi_5,4d02ba5ee350b60cc2ac7842,2017-10-20T20:39:00,-1.0,15.6,0.004,7.8,rain,"Rain, Overcast",Tokyo
557783,27549,poi_6,4c70d9e0b3ce224b173b75c6,2017-10-20T21:19:00,-1.0,15.6,0.004,7.8,rain,"Rain, Overcast",Tokyo
557783,27549,poi_7,4d0c32143bbaa14339a234da,2017-10-20T21:44:00,-1.0,15.7,0.004,9.5,rain,"Rain, Overcast",Tokyo
557783,27549,poi_8,4b5bfb86f964a5200d2029e3,2017-10-20T22:07:00,5.1,15.7,0.004,9.5,rain,"Rain, Overcast",Tokyo
557783,27549,poi_9,4b2697a6f964a520037e24e3,2017-10-20T22:16:00,5.9,15.7,0.004,9.5,rain,"Rain, Overcast",Tokyo
557783,27549,poi_10,4cec9db113aea143694c629f,2017-10-20T22:25:00,5.9,15.7,0.004,9.5,rain,"Rain, Overcast",Tokyo
557783,27549,poi_11,4f686a3fe4b0cdd88f920b25,2017-10-20T22:30:00,-1.0,15.7,0.004,9.5,rain,"Rain, Overcast",Tokyo
557832,27549,poi_1,4b19f87df964a520a4e623e3,2017-12-23T17:51:00,5.9,4.9,0.0,5.5,,Clear,Tokyo
557832,27549,poi_2,59ec45d64ce0665bc880f046,2017-12-23T18:01:00,7.9,4.9,0.0,5.5,,Clear,Tokyo
557832,27549,poi_3,4d0f304cba378cfa0a986f93,2017-12-23T19:39:00,6.5,4.6,0.0,5.5,,Partially cloudy,Tokyo
557832,27549,poi_4,4b19f7c2f964a5209de623e3,2017-12-23T19:58:00,5.8,4.6,0.0,5.5,,Partially cloudy,Tokyo
557832,27549,poi_5,4b840a44f964a520c61c31e3,2017-12-23T20:03:00,6.8,4.6,0.0,5.5,,Partially cloudy,Tokyo
557832,27549,poi_6,4b8bd761f964a5201dae32e3,2017-12-23T20:22:00,8.0,4.6,0.0,5.5,,Partially cloudy,Tokyo
557832,27549,poi_7,4b8413b1f964a520431f31e3,2017-12-23T20:44:00,7.2,5.6,0.0,5.5,,Partially cloudy,Tokyo
557832,27549,poi_8,4b8414e5f964a5208e1f31e3,2017-12-23T21:25:00,-1.0,5.6,0.0,5.5,,Partially cloudy,Tokyo
557832,27549,poi_9,4b19f837f964a520a2e623e3,2017-12-23T22:04:00,6.9,4.7,0.0,9.2,,Overcast,Tokyo
557832,27549,poi_10,4b0f84e5f964a520e56223e3,2017-12-23T22:27:00,5.1,4.7,0.0,9.2,,Overcast,Tokyo
557832,27549,poi_11,57779a4a498e1c78ecbb8e56,2017-12-23T22:36:00,8.5,5.5,0.0,7.5,,Partially cloudy,Tokyo
557850,27549,poi_1,4c0076cf8c1076b0f43e2071,2018-01-16T16:48:00,-1.0,5.0,0.0,3.8,,Clear,Tokyo
557850,27549,poi_2,4b5bc942f964a5202b1629e3,2018-01-16T16:53:00,-1.0,5.0,0.0,3.8,,Clear,Tokyo
557850,27549,poi_3,4b58e697f964a520c47128e3,2018-01-16T18:21:00,5.4,5.9,0.0,5.5,,Partially cloudy,Tokyo
557850,27549,poi_4,4b19f917f964a520abe623e3,2018-01-16T18:47:00,7.8,5.6,0.0,2.1,,Clear,Tokyo
557850,27549,poi_5,4b946ff7f964a520787934e3,2018-01-16T19:35:00,6.7,6.2,0.0,5.3,,Clear,Tokyo
557850,27549,poi_6,4b64f25ff964a52095db2ae3,2018-01-16T19:55:00,8.9,6.2,0.0,5.3,,Clear,Tokyo
557850,27549,poi_7,4e69de17ae60950955380fa0,2018-01-16T20:17:00,-1.0,6.2,0.0,5.3,,Clear,Tokyo
557850,27549,poi_8,4deb26b0c65be8091db9d679,2018-01-16T20:36:00,-1.0,6.5,0.0,7.7,,Partially cloudy,Tokyo
557850,27549,poi_9,4b5be016f964a520191b29e3,2018-01-16T21:06:00,8.2,6.5,0.0,7.7,,Partially cloudy,Tokyo
557850,27549,poi_10,4b2ef5adf964a520bce824e3,2018-01-16T21:54:00,-1.0,6.5,0.0,5.6,,Partially cloudy,Tokyo
557850,27549,poi_11,4b710475f964a5206e372de3,2018-01-16T22:17:00,-1.0,6.5,0.0,5.6,,Partially cloudy,Tokyo
557850,27549,poi_12,551b9215498ea9fdf667a195,2018-01-16T22:28:00,6.0,6.5,0.0,5.6,,Partially cloudy,Tokyo
557850,27549,poi_13,55ac78ec498eb3b7b7e3b47f,2018-01-16T23:08:00,8.7,6.8,0.0,7.8,,Overcast,Tokyo
557850,27549,poi_14,4b093eeff964a520e51423e3,2018-01-17T00:20:00,6.7,7.4,0.0,5.6,,Partially cloudy,Tokyo
557859,27549,poi_1,56c04d8ecd10403d3e5f2aa6,2018-01-27T16:42:00,-1.0,0.6,0.0,2.4,,Clear,Tokyo
557859,27549,poi_2,4b5760eaf964a520ac3428e3,2018-01-27T17:47:00,-1.0,1.0,0.0,11.3,,Clear,Tokyo
557859,27549,poi_3,4ec47ff202d54e7046e52758,2018-01-27T17:52:00,-1.0,1.0,0.0,11.3,,Clear,Tokyo
557859,27549,poi_4,4b5fe578f964a520f9cf29e3,2018-01-27T18:08:00,8.8,1.0,0.0,11.3,,Clear,Tokyo
557859,27549,poi_5,573fe03e498e59628621ab94,2018-01-27T18:22:00,-1.0,1.0,0.0,11.3,,Clear,Tokyo
557859,27549,poi_6,4c1490cf77cea593cae2d060,2018-01-27T18:47:00,9.0,0.8,0.0,14.5,,Clear,Tokyo
557859,27549,poi_7,4c37f95ca52cb71314475f26,2018-01-27T18:58:00,8.6,0.8,0.0,14.5,,Clear,Tokyo
557859,27549,poi_8,4b0587bbf964a5209aa122e3,2018-01-27T19:02:00,6.6,0.8,0.0,14.5,,Clear,Tokyo
557859,27549,poi_9,4b72ab90f964a5200f832de3,2018-01-27T22:34:00,5.7,0.6,0.0,7.5,,Clear,Tokyo
557859,27549,poi_10,57c82e17498e77ac0762ce14,2018-01-27T23:15:00,7.6,0.6,0.0,7.5,,Clear,Tokyo
557859,27549,poi_11,582aeb758f3b464e8309c081,2018-01-28T01:53:00,7.6,2.4,0.0,5.4,,Overcast,Tokyo
557936,27549,poi_1,4b625d66f964a52070442ae3,2018-04-23T15:51:00,-1.0,15.3,0.0,11.0,,Overcast,Tokyo
557936,27549,poi_2,5ade85e6dec1d66bbe8dc18a,2018-04-23T16:20:00,-1.0,15.3,0.0,11.0,,Overcast,Tokyo
557936,27549,poi_3,4b662f05f964a520f5172be3,2018-04-23T16:59:00,-1.0,15.5,0.0,9.2,,Overcast,Tokyo
557936,27549,poi_4,4b6f582ef964a52067ec2ce3,2018-04-23T17:32:00,5.3,15.5,0.0,11.0,,Overcast,Tokyo
557936,27549,poi_5,51a712b7e4b036fe40d13b4f,2018-04-23T18:54:00,-1.0,15.6,0.0,7.5,,Overcast,Tokyo
557936,27549,poi_6,4b8c8697f964a52021d532e3,2018-04-23T19:09:00,6.7,15.6,0.0,7.5,,Overcast,Tokyo
557936,27549,poi_7,4c0b2aa0bbc676b0a63d4bd5,2018-04-23T19:23:00,8.1,15.6,0.0,7.5,,Overcast,Tokyo
557936,27549,poi_8,4b5a6122f964a52049c128e3,2018-04-23T19:39:00,8.5,15.8,0.0,5.4,,Overcast,Tokyo
557936,27549,poi_9,4b5a640cf964a52004c228e3,2018-04-23T19:52:00,7.1,15.8,0.0,5.4,,Overcast,Tokyo
557936,27549,poi_10,4b0587a3f964a520d69d22e3,2018-04-23T20:00:00,8.0,15.8,0.0,5.4,,Overcast,Tokyo
557936,27549,poi_11,4b5a67a4f964a52004c328e3,2018-04-23T20:19:00,6.2,15.8,0.0,5.4,,Overcast,Tokyo
557936,27549,poi_12,4b5a730af964a520cec528e3,2018-04-23T20:35:00,7.0,16.1,0.0,5.4,,Overcast,Tokyo
557936,27549,poi_13,4b2f2777f964a520d0e924e3,2018-04-23T20:53:00,6.6,16.1,0.0,5.4,,Overcast,Tokyo
557936,27549,poi_14,4b44246df964a520f3f125e3,2018-04-23T21:19:00,-1.0,16.1,0.0,5.4,,Overcast,Tokyo
557936,27549,poi_15,4b243a7df964a520356424e3,2018-04-23T21:46:00,6.5,16.6,0.002,3.7,rain,"Rain, Overcast",Tokyo
557936,27549,poi_16,4deafb5fe4cdc079f493d4f5,2018-04-23T21:52:00,4.7,16.6,0.002,3.7,rain,"Rain, Overcast",Tokyo
557936,27549,poi_17,4de423dc922e6f93852e6c74,2018-04-23T22:17:00,6.1,16.6,0.002,3.7,rain,"Rain, Overcast",Tokyo
557936,27549,poi_18,4b88ee42f964a520031432e3,2018-04-23T23:16:00,8.1,16.7,0.0,3.7,,Overcast,Tokyo
690816,33863,poi_1,4b0587a6f964a5203e9e22e3,2017-10-03T21:56:00,7.9,17.6,0.0,14.8,,Overcast,Tokyo
690816,33863,poi_2,4b19f917f964a520abe623e3,2017-10-03T22:06:00,7.8,17.6,0.0,14.8,,Overcast,Tokyo
690816,33863,poi_3,4b5ab7bff964a520eed128e3,2017-10-03T22:10:00,8.5,17.6,0.0,14.8,,Overcast,Tokyo
690816,33863,poi_4,4b62b1dbf964a5204f4f2ae3,2017-10-03T22:22:00,8.3,17.6,0.0,14.8,,Overcast,Tokyo
690816,33863,poi_5,4b612ca0f964a520fa0b2ae3,2017-10-03T22:34:00,8.3,17.9,0.0,16.4,,Overcast,Tokyo
690816,33863,poi_6,4b7783fef964a520429f2ee3,2017-10-03T22:40:00,-1.0,17.9,0.0,16.4,,Overcast,Tokyo
690816,33863,poi_7,4b19f917f964a520abe623e3,2017-10-03T22:50:00,7.8,17.9,0.0,16.4,,Overcast,Tokyo
690816,33863,poi_8,4b08b4e5f964a520211123e3,2017-10-03T23:48:00,-1.0,17.9,0.0,11.3,,Overcast,Tokyo
690816,33863,poi_9,57b10a23498e1e1491bb20a5,2017-10-03T23:55:00,-1.0,17.9,0.0,11.3,,Overcast,Tokyo
690816,33863,poi_10,4b8f397af964a520754e33e3,2017-10-04T01:21:00,4.8,19.1,0.0,11.3,,Partially cloudy,Tokyo
690816,33863,poi_11,4b0587a6f964a5203d9e22e3,2017-10-04T02:44:00,7.1,19.3,0.0,11.3,,Partially cloudy,Tokyo
690821,33863,poi_1,4b0587a6f964a5203e9e22e3,2017-10-27T15:57:00,7.9,14.6,0.0,9.5,,Partially cloudy,Tokyo
690821,33863,poi_2,4b19f917f964a520abe623e3,2017-10-27T16:08:00,7.8,14.6,0.0,9.5,,Partially cloudy,Tokyo
690821,33863,poi_3,4b5ab7bff964a520eed128e3,2017-10-27T16:10:00,8.5,14.6,0.0,9.5,,Partially cloudy,Tokyo
690821,33863,poi_4,4b8cc492f964a52091dc32e3,2017-10-27T16:27:00,-1.0,14.6,0.0,9.5,,Partially cloudy,Tokyo
690821,33863,poi_5,4b7783fef964a520429f2ee3,2017-10-27T16:42:00,-1.0,14.3,0.0,9.5,,Overcast,Tokyo
690821,33863,poi_6,4b612ca0f964a520fa0b2ae3,2017-10-27T16:45:00,8.3,14.3,0.0,9.5,,Overcast,Tokyo
690821,33863,poi_7,4b63adf6f964a520a18b2ae3,2017-10-27T17:24:00,6.5,14.3,0.0,9.5,,Overcast,Tokyo
690821,33863,poi_8,4b63a34df964a520e4882ae3,2017-10-27T18:57:00,6.1,14.0,0.0,9.5,,Overcast,Tokyo
690821,33863,poi_9,4b63adf6f964a520a18b2ae3,2017-10-27T20:43:00,6.5,13.9,0.0,5.6,,Overcast,Tokyo
690821,33863,poi_10,4b5ab7bff964a520eed128e3,2017-10-27T22:03:00,8.5,14.3,0.0,7.8,,Partially cloudy,Tokyo
690821,33863,poi_11,4b62b1dbf964a5204f4f2ae3,2017-10-28T00:20:00,8.3,14.9,0.0,12.9,,Overcast,Tokyo
690821,33863,poi_12,4b19f917f964a520abe623e3,2017-10-28T00:31:00,7.8,15.4,0.0,9.5,,Overcast,Tokyo
690821,33863,poi_13,4b19f837f964a520a2e623e3,2017-10-28T00:45:00,6.9,15.4,0.0,9.5,,Overcast,Tokyo
690821,33863,poi_14,4b0587a6f964a5203e9e22e3,2017-10-28T19:39:00,7.9,13.6,0.017,14.8,rain,"Rain, Overcast",Tokyo
690821,33863,poi_15,4b19f917f964a520abe623e3,2017-10-28T19:45:00,7.8,13.6,0.017,14.8,rain,"Rain, Overcast",Tokyo
690821,33863,poi_16,4b62b1dbf964a5204f4f2ae3,2017-10-28T19:50:00,8.3,13.6,0.017,14.8,rain,"Rain, Overcast",Tokyo
690821,33863,poi_17,4b5ab7bff964a520eed128e3,2017-10-28T20:53:00,8.5,13.6,0.009,9.6,rain,"Rain, Overcast",Tokyo
690821,33863,poi_18,4b19f917f964a520abe623e3,2017-10-28T21:08:00,7.8,13.6,0.009,9.6,rain,"Rain, Overcast",Tokyo
690821,33863,poi_19,4b600990f964a520e3d329e3,2017-10-28T21:16:00,6.1,13.6,0.009,9.6,rain,"Rain, Overcast",Tokyo
690821,33863,poi_20,4b39b048f964a520845e25e3,2017-10-28T21:42:00,6.3,13.7,0.017,11.3,rain,"Rain, Overcast",Tokyo
690821,33863,poi_21,4b90ca57f964a520789733e3,2017-10-28T23:29:00,-1.0,13.7,0.043,9.7,rain,"Rain, Overcast",Tokyo
690821,33863,poi_22,4b64a514f964a52021c52ae3,2017-10-29T02:23:00,5.5,14.2,0.023,13.0,rain,"Rain, Overcast",Tokyo
690821,33863,poi_23,4b600990f964a520e3d329e3,2017-10-29T02:52:00,6.1,14.6,0.039,7.9,rain,"Rain, Overcast",Tokyo
690821,33863,poi_24,4b093eeff964a520e51423e3,2017-10-29T03:19:00,6.7,14.6,0.039,7.9,rain,"Rain, Overcast",Tokyo
690821,33863,poi_25,4b0587a6f964a5203d9e22e3,2017-10-29T03:57:00,7.1,14.7,0.088,9.4,rain,"Rain, Overcast",Tokyo
690821,33863,poi_26,56962f6a498ec0def40b137d,2017-10-29T04:11:00,-1.0,14.7,0.088,9.4,rain,"Rain, Overcast",Tokyo
690822,33863,poi_1,4b0587a6f964a5203e9e22e3,2017-11-03T15:57:00,7.9,15.6,0.0,2.2,,Overcast,Tokyo
690822,33863,poi_2,4b22115af964a5209a4324e3,2017-11-03T16:17:00,-1.0,15.6,0.0,2.2,,Overcast,Tokyo
690822,33863,poi_3,4bbeb16682a2ef3b45d52bd2,2017-11-03T16:25:00,-1.0,15.6,0.0,2.2,,Overcast,Tokyo
690822,33863,poi_4,4b22115af964a5209a4324e3,2017-11-03T17:29:00,-1.0,15.6,0.0,5.5,,Overcast,Tokyo
690822,33863,poi_5,4b2dc086f964a52012db24e3,2017-11-03T17:45:00,-1.0,15.2,0.0,11.0,,Overcast,Tokyo
690822,33863,poi_6,4b19f917f964a520abe623e3,2017-11-03T18:05:00,7.8,15.2,0.0,11.0,,Overcast,Tokyo
690822,33863,poi_7,4b5ab7bff964a520eed128e3,2017-11-03T18:17:00,8.5,15.2,0.0,11.0,,Overcast,Tokyo
690822,33863,poi_8,4b19f917f964a520abe623e3,2017-11-03T20:09:00,7.8,15.3,0.0,9.3,,Partially cloudy,Tokyo
690822,33863,poi_9,4b595505f964a520528528e3,2017-11-03T20:16:00,5.7,15.3,0.0,9.3,,Partially cloudy,Tokyo
690822,33863,poi_10,4bbeb16682a2ef3b45d52bd2,2017-11-03T20:25:00,-1.0,15.3,0.0,9.3,,Partially cloudy,Tokyo
690822,33863,poi_11,4b22115af964a5209a4324e3,2017-11-03T21:51:00,-1.0,15.1,0.0,5.5,,Clear,Tokyo
690822,33863,poi_12,4b0587a6f964a5203e9e22e3,2017-11-03T22:16:00,7.9,15.1,0.0,5.5,,Clear,Tokyo
690823,33863,poi_1,4b0587a6f964a5203e9e22e3,2017-11-09T20:11:00,7.9,10.3,0.0,7.6,,Partially cloudy,Tokyo
690823,33863,poi_2,4b243a7df964a520356424e3,2017-11-09T20:42:00,6.5,10.0,0.0,5.5,,Partially cloudy,Tokyo
690823,33863,poi_3,4b557b9ff964a52072e527e3,2017-11-09T20:49:00,7.9,10.0,0.0,5.5,,Partially cloudy,Tokyo
690823,33863,poi_4,546688fa498efb616379c044,2017-11-09T21:06:00,7.7,10.0,0.0,5.5,,Partially cloudy,Tokyo
690823,33863,poi_5,4df47c74d4c01ff6b2eff9d8,2017-11-09T21:53:00,-1.0,9.4,0.0,7.5,,Partially cloudy,Tokyo
690823,33863,poi_6,4b0587a6f964a5203d9e22e3,2017-11-09T22:00:00,7.1,9.4,0.0,7.5,,Partially cloudy,Tokyo
690823,33863,poi_7,4b4487c9f964a5201ef625e3,2017-11-09T22:09:00,-1.0,9.4,0.0,7.5,,Partially cloudy,Tokyo
690823,33863,poi_8,4b2dc086f964a52012db24e3,2017-11-09T22:22:00,-1.0,9.4,0.0,7.5,,Partially cloudy,Tokyo
690823,33863,poi_9,4b19f917f964a520abe623e3,2017-11-09T22:43:00,7.8,10.9,0.0,7.6,,Partially cloudy,Tokyo
690823,33863,poi_10,4b612ca0f964a520fa0b2ae3,2017-11-09T23:02:00,8.3,10.9,0.0,7.6,,Partially cloudy,Tokyo
690823,33863,poi_11,4b7783fef964a520429f2ee3,2017-11-09T23:06:00,-1.0,10.9,0.0,7.6,,Partially cloudy,Tokyo
690823,33863,poi_12,4bb649801344b71392459d04,2017-11-09T23:24:00,5.4,10.9,0.0,7.6,,Partially cloudy,Tokyo
690823,33863,poi_13,4b63a34df964a520e4882ae3,2017-11-09T23:45:00,6.1,12.7,0.0,5.5,,Partially cloudy,Tokyo
690823,33863,poi_14,4b5ab7bff964a520eed128e3,2017-11-10T00:50:00,8.5,13.6,0.0,5.5,,Partially cloudy,Tokyo
690823,33863,poi_15,4b19f917f964a520abe623e3,2017-11-10T02:39:00,7.8,15.4,0.0,3.8,,Partially cloudy,Tokyo
690823,33863,poi_16,4b2dc086f964a52012db24e3,2017-11-10T02:59:00,-1.0,15.4,0.0,3.8,,Partially cloudy,Tokyo
690823,33863,poi_17,4b0587a6f964a5203e9e22e3,2017-11-10T03:15:00,7.9,15.4,0.0,3.8,,Partially cloudy,Tokyo
690823,33863,poi_18,4b7e73c3f964a5209ced2fe3,2017-11-10T04:30:00,-1.0,16.9,0.0,11.1,,Clear,Tokyo
690828,33863,poi_1,4b0587a6f964a5203e9e22e3,2017-12-09T16:14:00,7.9,4.0,0.0,7.7,,Clear,Tokyo
690828,33863,poi_2,4b19f917f964a520abe623e3,2017-12-09T16:19:00,7.8,4.0,0.0,7.7,,Clear,Tokyo
690828,33863,poi_3,4b5ab7bff964a520eed128e3,2017-12-09T16:29:00,8.5,4.0,0.0,7.7,,Clear,Tokyo
690828,33863,poi_4,4b612ca0f964a520fa0b2ae3,2017-12-09T16:49:00,8.3,3.6,0.0,7.6,,Clear,Tokyo
690828,33863,poi_5,4b63a34df964a520e4882ae3,2017-12-09T17:19:00,6.1,3.6,0.0,7.6,,Clear,Tokyo
690828,33863,poi_6,4b0587a6f964a5203e9e22e3,2017-12-15T00:07:00,7.9,5.0,0.0,9.3,,Partially cloudy,Tokyo
690828,33863,poi_7,4b19f917f964a520abe623e3,2017-12-15T00:14:00,7.8,5.0,0.0,9.3,,Partially cloudy,Tokyo
690828,33863,poi_8,4b5ab7bff964a520eed128e3,2017-12-15T00:15:00,8.5,5.0,0.0,9.3,,Partially cloudy,Tokyo
690828,33863,poi_9,4b612ca0f964a520fa0b2ae3,2017-12-15T00:25:00,8.3,5.0,0.0,9.3,,Partially cloudy,Tokyo
690828,33863,poi_10,4b19f917f964a520abe623e3,2017-12-15T00:34:00,7.8,6.1,0.0,3.7,,Partially cloudy,Tokyo
690828,33863,poi_11,4b19f837f964a520a2e623e3,2017-12-15T00:48:00,6.9,6.1,0.0,3.7,,Partially cloudy,Tokyo
3865176,358232,poi_1,4b19cf92f964a52097e423e3,2018-04-19T18:38:00,5.5,12.4,0.0,9.4,,Clear,Tokyo
3865176,358232,poi_2,4b0587a6f964a5203d9e22e3,2018-04-19T18:50:00,7.1,12.4,0.0,9.4,,Clear,Tokyo
3865176,358232,poi_3,4b572309f964a520d32728e3,2018-04-19T21:23:00,-1.0,13.9,0.0,9.3,,Clear,Tokyo
3865176,358232,poi_4,4d09876433d6b60cc7ec9585,2018-04-19T22:24:00,-1.0,15.3,0.0,7.7,,Clear,Tokyo
3865176,358232,poi_5,4b0587a6f964a5203d9e22e3,2018-04-20T05:37:00,7.1,26.0,0.0,12.9,,Clear,Tokyo
3865176,358232,poi_6,4b19cf92f964a52097e423e3,2018-04-20T05:56:00,5.5,26.0,0.0,12.9,,Clear,Tokyo
3865176,358232,poi_7,4b38b418f964a520914f25e3,2018-04-20T19:26:00,5.6,13.4,0.0,5.3,,Clear,Tokyo
3865176,358232,poi_8,4b19f917f964a520abe623e3,2018-04-20T19:34:00,7.8,12.9,0.0,3.6,,Clear,Tokyo
3865176,358232,poi_9,4b67a095f964a5208d582be3,2018-04-20T19:42:00,-1.0,12.9,0.0,3.6,,Clear,Tokyo
3865176,358232,poi_10,55bf0661498ecb12eaff8a84,2018-04-20T20:05:00,7.5,12.9,0.0,3.6,,Clear,Tokyo
3865176,358232,poi_11,54866205498e6510cc2c7885,2018-04-20T20:42:00,-1.0,14.0,0.0,3.7,,Clear,Tokyo
3865176,358232,poi_12,4b38b418f964a520914f25e3,2018-04-20T22:24:00,5.6,17.5,0.0,1.9,,Clear,Tokyo
3865176,358232,poi_13,4b0587a6f964a5203d9e22e3,2018-04-20T22:36:00,7.1,19.1,0.0,5.6,,Clear,Tokyo
3865176,358232,poi_14,4b3d8ca3f964a520689525e3,2018-04-20T22:50:00,5.5,19.1,0.0,5.6,,Clear,Tokyo
3865176,358232,poi_15,4b19cf92f964a52097e423e3,2018-04-21T06:10:00,5.5,23.7,0.0,18.3,,Clear,Tokyo
3865176,358232,poi_16,4b0587a6f964a5203d9e22e3,2018-04-21T22:38:00,7.1,21.6,0.0,7.6,,Clear,Tokyo
3865176,358232,poi_17,4b3d8ca3f964a520689525e3,2018-04-21T22:50:00,5.5,21.6,0.0,7.6,,Clear,Tokyo
3865176,358232,poi_18,4b0587a6f964a5203d9e22e3,2018-04-22T05:38:00,7.1,27.5,0.0,11.5,,Partially cloudy,Tokyo
3865178,358232,poi_1,4b38b418f964a520914f25e3,2018-04-23T17:14:00,5.6,15.5,0.0,9.2,,Overcast,Tokyo
3865178,358232,poi_2,54866205498e6510cc2c7885,2018-04-23T17:25:00,-1.0,15.5,0.0,9.2,,Overcast,Tokyo
3865178,358232,poi_3,4b7e431af964a520a7e72fe3,2018-04-23T17:54:00,8.2,15.5,0.0,11.0,,Overcast,Tokyo
3865178,358232,poi_4,4b5b072cf964a520b0df28e3,2018-04-23T21:16:00,-1.0,16.1,0.0,5.4,,Overcast,Tokyo
3865178,358232,poi_5,4b6d3141f964a520cd6a2ce3,2018-04-24T00:49:00,-1.0,19.3,0.0,5.7,,Overcast,Tokyo
3865178,358232,poi_6,4b19cf92f964a52097e423e3,2018-04-24T05:10:00,5.5,20.5,0.0,20.5,,Partially cloudy,Tokyo
3865178,358232,poi_7,4b38b418f964a520914f25e3,2018-04-24T21:13:00,5.6,18.3,0.005,18.4,rain,"Rain, Overcast",Tokyo
3865178,358232,poi_8,4b4ef864f964a520d5f726e3,2018-04-24T21:26:00,5.6,18.3,0.005,18.4,rain,"Rain, Overcast",Tokyo
3865178,358232,poi_9,4b0587a6f964a5203d9e22e3,2018-04-24T21:39:00,7.1,18.6,0.012,16.7,rain,"Rain, Overcast",Tokyo
3865178,358232,poi_10,4b19cf92f964a52097e423e3,2018-04-25T00:12:00,5.5,18.8,22.929,18.2,rain,"Rain, Overcast",Tokyo
3865178,358232,poi_11,4b0587a6f964a5203d9e22e3,2018-04-25T16:27:00,7.1,16.2,0.0,13.1,,Clear,Tokyo
3865178,358232,poi_12,4b3d8ca3f964a520689525e3,2018-04-25T16:41:00,5.5,16.1,0.0,8.0,,Overcast,Tokyo
3865178,358232,poi_13,4b38b418f964a520914f25e3,2018-04-25T18:33:00,5.6,16.1,0.0,7.8,,Partially cloudy,Tokyo
3865178,358232,poi_14,4c34498c3896e21e914aeb90,2018-04-25T18:52:00,5.5,16.1,0.0,7.8,,Partially cloudy,Tokyo
3865178,358232,poi_15,4b6d3141f964a520cd6a2ce3,2018-04-25T19:24:00,-1.0,16.1,0.0,7.8,,Partially cloudy,Tokyo
3865178,358232,poi_16,4b5b072cf964a520b0df28e3,2018-04-25T20:20:00,-1.0,15.3,0.0,9.4,,Clear,Tokyo
3865185,358232,poi_1,4b0587a6f964a5203d9e22e3,2018-05-16T00:48:00,7.1,25.5,0.0,11.5,,Clear,Tokyo
3865185,358232,poi_2,594a5d06c5309308028e4024,2018-05-16T00:53:00,6.9,25.5,0.0,11.5,,Clear,Tokyo
3865185,358232,poi_3,4b56e85cf964a520d91e28e3,2018-05-16T01:34:00,7.0,27.1,0.0,11.6,,Clear,Tokyo
3865185,358232,poi_4,4b19cf92f964a52097e423e3,2018-05-16T02:15:00,5.5,27.1,0.0,11.6,,Clear,Tokyo
3865185,358232,poi_5,4b3d8ca3f964a520689525e3,2018-05-16T16:43:00,5.5,21.8,0.0,15.0,,Partially cloudy,Tokyo
3865185,358232,poi_6,4b5d0a39f964a5200b5029e3,2018-05-16T18:22:00,5.7,21.8,0.0,16.7,,Partially cloudy,Tokyo
3865185,358232,poi_7,4b5585f7f964a5206ee627e3,2018-05-16T18:52:00,7.8,21.6,0.0,20.4,,Overcast,Tokyo
3865185,358232,poi_8,4b5837b9f964a5205c4e28e3,2018-05-16T20:40:00,8.1,22.0,0.0,16.8,,Overcast,Tokyo
3865185,358232,poi_9,4b0587a6f964a5203d9e22e3,2018-05-16T20:52:00,7.1,22.0,0.0,16.8,,Overcast,Tokyo
3865185,358232,poi_10,4b38b418f964a520914f25e3,2018-05-16T21:01:00,5.6,22.0,0.0,16.8,,Overcast,Tokyo
3865185,358232,poi_11,4b19cf92f964a52097e423e3,2018-05-16T23:00:00,5.5,23.1,0.0,15.1,,Partially cloudy,Tokyo
3865187,358232,poi_1,4b5d0a39f964a5200b5029e3,2018-05-18T05:30:00,5.7,26.6,0.0,16.5,,Clear,Tokyo
3865187,358232,poi_2,4b3d8ca3f964a520689525e3,2018-05-18T05:44:00,5.5,25.4,0.0,18.1,,Partially cloudy,Tokyo
3865187,358232,poi_3,4b0587a6f964a5203d9e22e3,2018-05-18T05:57:00,7.1,25.4,0.0,18.1,,Partially cloudy,Tokyo
3865187,358232,poi_4,4b19cf92f964a52097e423e3,2018-05-18T06:21:00,5.5,25.4,0.0,18.1,,Partially cloudy,Tokyo
3865187,358232,poi_5,4b3d8ca3f964a520689525e3,2018-05-18T22:40:00,5.5,21.2,0.0,11.3,,Partially cloudy,Tokyo
3865187,358232,poi_6,4b5d0a39f964a5200b5029e3,2018-05-18T22:46:00,5.7,21.2,0.0,11.3,,Partially cloudy,Tokyo
3865187,358232,poi_7,4b3d8ca3f964a520689525e3,2018-05-19T05:32:00,5.5,22.9,0.0,13.3,,Partially cloudy,Tokyo
3865187,358232,poi_8,4b0587a6f964a5203d9e22e3,2018-05-19T05:41:00,7.1,22.9,0.0,13.3,,Partially cloudy,Tokyo
3865187,358232,poi_9,4b19cf92f964a52097e423e3,2018-05-19T06:06:00,5.5,22.9,0.0,13.3,,Partially cloudy,Tokyo
3865187,358232,poi_10,4b0587a6f964a5203d9e22e3,2018-05-19T22:19:00,7.1,14.4,0.0,14.9,,Clear,Tokyo
3865187,358232,poi_11,4b3d8ca3f964a520689525e3,2018-05-19T22:35:00,5.5,15.5,0.0,13.2,,Clear,Tokyo
3865187,358232,poi_12,4b5d0a39f964a5200b5029e3,2018-05-19T22:38:00,5.7,15.5,0.0,13.2,,Clear,Tokyo
3865187,358232,poi_13,4b19cf92f964a52097e423e3,2018-05-20T06:24:00,5.5,21.3,0.0,11.3,,Clear,Tokyo
3865187,358232,poi_14,4b5b072cf964a520b0df28e3,2018-05-20T19:41:00,-1.0,14.4,0.0,7.6,,Clear,Tokyo
3865187,358232,poi_15,5ac897efc365880b26d5c661,2018-05-21T00:57:00,6.5,23.1,0.0,5.4,,Partially cloudy,Tokyo
3865187,358232,poi_16,4b38b418f964a520914f25e3,2018-05-21T01:13:00,5.6,23.1,0.0,5.4,,Partially cloudy,Tokyo
3865187,358232,poi_17,4b19cf92f964a52097e423e3,2018-05-21T01:37:00,5.5,24.0,0.0,7.6,,Partially cloudy,Tokyo
3865187,358232,poi_18,4bb08e6ef964a520c44b3ce3,2018-05-21T08:31:00,-1.0,23.0,0.0,13.1,,Partially cloudy,Tokyo
3865190,358232,poi_1,4b0587a6f964a5203d9e22e3,2018-05-23T16:28:00,7.1,16.4,0.033,14.7,rain,"Rain, Overcast",Tokyo
3865190,358232,poi_2,4b3d8ca3f964a520689525e3,2018-05-23T16:45:00,5.5,16.2,0.013,11.1,rain,"Rain, Overcast",Tokyo
3865190,358232,poi_3,4b572309f964a520d32728e3,2018-05-23T16:48:00,-1.0,16.2,0.013,11.1,rain,"Rain, Overcast",Tokyo
3865190,358232,poi_4,4b5d0a39f964a5200b5029e3,2018-05-23T18:34:00,5.7,16.2,0.0,3.7,,Overcast,Tokyo
3865190,358232,poi_5,4b0587a6f964a5203d9e22e3,2018-05-23T18:48:00,7.1,16.2,0.0,3.7,,Overcast,Tokyo
3865190,358232,poi_6,4ce77539f3bda14372e3b2e4,2018-05-23T19:08:00,6.3,16.2,0.0,3.7,,Overcast,Tokyo
3865190,358232,poi_7,4b6d3141f964a520cd6a2ce3,2018-05-23T20:30:00,-1.0,16.4,0.0,5.5,,Partially cloudy,Tokyo
3865190,358232,poi_8,4b5b072cf964a520b0df28e3,2018-05-23T21:21:00,-1.0,16.9,0.0,5.4,,Partially cloudy,Tokyo
3865190,358232,poi_9,4b19f917f964a520abe623e3,2018-05-23T23:02:00,7.8,19.7,0.0,3.8,,Partially cloudy,Tokyo
3865190,358232,poi_10,4b7e431af964a520a7e72fe3,2018-05-23T23:41:00,8.2,21.6,0.07,9.2,rain,"Rain, Partially cloudy",Tokyo
3865190,358232,poi_11,56db8f7dcd10cc14537d5897,2018-05-24T00:25:00,6.7,21.6,0.07,9.2,rain,"Rain, Partially cloudy",Tokyo
3865190,358232,poi_12,54866205498e6510cc2c7885,2018-05-24T02:34:00,-1.0,23.7,0.0,9.4,,Partially cloudy,Tokyo
3865190,358232,poi_13,4b38b418f964a520914f25e3,2018-05-24T03:35:00,5.6,24.6,0.0,12.8,,Partially cloudy,Tokyo
853356,42327,poi_1,4b0587a6f964a5203e9e22e3,2017-10-03T22:42:00,7.9,17.9,0.0,16.4,,Overcast,Tokyo
853356,42327,poi_2,4b595505f964a520528528e3,2017-10-03T22:55:00,5.7,17.9,0.0,16.4,,Overcast,Tokyo
853356,42327,poi_3,4b7544c3f964a520a8032ee3,2017-10-03T23:02:00,8.1,17.9,0.0,16.4,,Overcast,Tokyo
853356,42327,poi_4,4b77f0d3f964a52088af2ee3,2017-10-03T23:20:00,7.7,17.9,0.0,16.4,,Overcast,Tokyo
853356,42327,poi_5,4bcc28b2fb84c9b65eea1f3e,2017-10-03T23:51:00,-1.0,17.9,0.0,11.3,,Overcast,Tokyo
853356,42327,poi_6,4b5d5eeff964a520145b29e3,2017-10-03T23:56:00,8.5,17.9,0.0,11.3,,Overcast,Tokyo
853356,42327,poi_7,58a1573926a95333d6eaa7cf,2017-10-04T00:15:00,-1.0,17.9,0.0,11.3,,Overcast,Tokyo
853356,42327,poi_8,53eaced6498e82ed086e4d4f,2017-10-04T01:02:00,8.2,19.1,0.0,11.3,,Partially cloudy,Tokyo
853356,42327,poi_9,4b88d6d3f964a520de0f32e3,2017-10-04T01:11:00,7.9,19.1,0.0,11.3,,Partially cloudy,Tokyo
853356,42327,poi_10,4b62b1dbf964a5204f4f2ae3,2017-10-04T01:36:00,8.3,19.6,0.0,9.5,,Overcast,Tokyo
853356,42327,poi_11,4b5be43ef964a520f21b29e3,2017-10-04T03:08:00,-1.0,19.3,0.0,11.3,,Partially cloudy,Tokyo
853356,42327,poi_12,4b19f962f964a520afe623e3,2017-10-04T03:33:00,5.2,21.1,0.0,5.7,,Partially cloudy,Tokyo
853356,42327,poi_13,4b5a4723f964a5209eb928e3,2017-10-04T03:55:00,6.4,21.1,0.0,5.7,,Partially cloudy,Tokyo
853358,42327,poi_1,4b5a4723f964a5209eb928e3,2017-10-07T21:51:00,6.4,18.8,0.0,3.7,,Overcast,Tokyo
853358,42327,poi_2,4c4008dacc410f471418a961,2017-10-07T21:58:00,-1.0,18.8,0.0,3.7,,Overcast,Tokyo
853358,42327,poi_3,4b55aa95f964a52007eb27e3,2017-10-07T22:30:00,-1.0,18.8,0.0,3.7,,Overcast,Tokyo
853358,42327,poi_4,57821fb8498e5f3bef7c5c12,2017-10-07T22:38:00,-1.0,19.6,0.0,7.5,,Partially cloudy,Tokyo
853358,42327,poi_5,4b6674d0f964a520d5212be3,2017-10-07T22:43:00,8.9,19.6,0.0,7.5,,Partially cloudy,Tokyo
853358,42327,poi_6,53ccc76a498ec0d00eff504c,2017-10-07T23:02:00,8.7,19.6,0.0,7.5,,Partially cloudy,Tokyo
853358,42327,poi_7,4b55aa95f964a52007eb27e3,2017-10-07T23:12:00,-1.0,19.6,0.0,7.5,,Partially cloudy,Tokyo
853358,42327,poi_8,4b601301f964a520f9d429e3,2017-10-07T23:24:00,-1.0,19.6,0.0,7.5,,Partially cloudy,Tokyo
853358,42327,poi_9,4b5be569f964a520291c29e3,2017-10-07T23:35:00,7.7,20.8,0.0,5.5,,Partially cloudy,Tokyo
853358,42327,poi_10,4b63eb4ff964a52015972ae3,2017-10-08T00:10:00,6.2,20.8,0.0,5.5,,Partially cloudy,Tokyo
853358,42327,poi_11,4fea686e6b747f5939b16123,2017-10-08T00:26:00,-1.0,20.8,0.0,5.5,,Partially cloudy,Tokyo
853358,42327,poi_12,4b46d0ebf964a520982826e3,2017-10-08T00:44:00,-1.0,22.8,0.0,5.6,,Partially cloudy,Tokyo
853358,42327,poi_13,4b6ad173f964a520c5e12be3,2017-10-08T01:06:00,-1.0,22.8,0.0,5.6,,Partially cloudy,Tokyo
853358,42327,poi_14,4b46c411f964a520ee2726e3,2017-10-08T02:07:00,-1.0,23.8,0.0,5.6,,Partially cloudy,Tokyo
853358,42327,poi_15,4b5b1051f964a5209de128e3,2017-10-08T02:21:00,-1.0,23.8,0.0,5.6,,Partially cloudy,Tokyo
853358,42327,poi_16,4b57cb7cf964a5208b4128e3,2017-10-08T02:31:00,8.9,25.3,0.0,5.5,,Partially cloudy,Tokyo
853358,42327,poi_17,4b305a74f964a5201ef924e3,2017-10-08T02:47:00,-1.0,25.3,0.0,5.5,,Partially cloudy,Tokyo
853358,42327,poi_18,4c4008dacc410f471418a961,2017-10-08T03:02:00,-1.0,25.3,0.0,5.5,,Partially cloudy,Tokyo
853358,42327,poi_19,5597882a498e549ba1d299b6,2017-10-08T03:43:00,5.9,25.6,0.0,7.6,,Partially cloudy,Tokyo
853358,42327,poi_20,4b5a4723f964a5209eb928e3,2017-10-08T04:00:00,6.4,25.6,0.0,7.6,,Partially cloudy,Tokyo
853360,42327,poi_1,592b9d82a6ec986e1d31d180,2017-10-11T00:00:00,-1.0,21.7,0.0,7.6,,Partially cloudy,Tokyo
853360,42327,poi_2,4b6d3c63f964a520db6c2ce3,2017-10-11T00:33:00,-1.0,22.6,0.0,5.6,,Overcast,Tokyo
853360,42327,poi_3,4b30a8f3f964a520b9fa24e3,2017-10-11T00:46:00,5.5,22.6,0.0,5.6,,Overcast,Tokyo
853360,42327,poi_4,4b166583f964a520acb823e3,2017-10-11T00:51:00,8.0,22.6,0.0,5.6,,Overcast,Tokyo
853360,42327,poi_5,4b567dd7f964a520c21228e3,2017-10-11T00:54:00,-1.0,22.6,0.0,5.6,,Overcast,Tokyo
853360,42327,poi_6,4f5ad55ee4b09a78bee0b931,2017-10-11T01:01:00,-1.0,22.6,0.0,5.6,,Overcast,Tokyo
853360,42327,poi_7,4b39cbf8f964a520045f25e3,2017-10-11T01:26:00,6.6,22.6,0.0,5.6,,Overcast,Tokyo
853360,42327,poi_8,558a783c498e02285b8c3335,2017-10-11T01:56:00,5.9,22.4,0.0,13.0,,Overcast,Tokyo
853360,42327,poi_9,4df47c74d4c01ff6b2eff9d8,2017-10-11T02:10:00,-1.0,22.4,0.0,13.0,,Overcast,Tokyo
853360,42327,poi_10,4b0587a6f964a5203d9e22e3,2017-10-11T02:42:00,7.1,22.7,0.0,7.7,,Overcast,Tokyo
853360,42327,poi_11,4b5fe9c2f964a5207ed029e3,2017-10-11T02:59:00,6.0,22.7,0.0,7.7,,Overcast,Tokyo
853360,42327,poi_12,4b544d5bf964a520eab627e3,2017-10-11T03:27:00,5.1,22.7,0.0,7.7,,Overcast,Tokyo
853386,42327,poi_1,4b0587a6f964a5203e9e22e3,2017-12-09T19:32:00,7.9,1.7,0.0,9.3,,Clear,Tokyo
853386,42327,poi_2,4b0587a6f964a5203d9e22e3,2017-12-09T19:49:00,7.1,1.7,0.0,9.3,,Clear,Tokyo
853386,42327,poi_3,4b7af3d1f964a520e3472fe3,2017-12-09T20:26:00,8.7,1.7,0.0,9.3,,Clear,Tokyo
853386,42327,poi_4,571c59c2498efeaaa79b3fa8,2017-12-09T21:08:00,-1.0,1.9,0.0,3.6,,Partially cloudy,Tokyo
853386,42327,poi_5,4b5ff761f964a520f1d129e3,2017-12-09T21:26:00,9.5,1.9,0.0,3.6,,Partially cloudy,Tokyo
853386,42327,poi_6,4b63eb4ff964a52015972ae3,2017-12-09T21:34:00,6.2,2.9,0.0,5.3,,Clear,Tokyo
853386,42327,poi_7,4b39cbf8f964a520045f25e3,2017-12-09T21:53:00,6.6,2.9,0.0,5.3,,Clear,Tokyo
853386,42327,poi_8,4b52d37af964a520ca8827e3,2017-12-09T22:21:00,6.4,2.9,0.0,5.3,,Clear,Tokyo
853386,42327,poi_9,4b5542c8f964a52027e027e3,2017-12-09T23:12:00,5.6,4.1,0.0,5.4,,Clear,Tokyo
853386,42327,poi_10,4b0587a6f964a5203d9e22e3,2017-12-09T23:32:00,7.1,5.6,0.0,5.5,,Clear,Tokyo
853386,42327,poi_11,4becaea60ddaa5936df11dc3,2017-12-09T23:52:00,8.0,5.6,0.0,5.5,,Clear,Tokyo
853392,42327,poi_1,4b600990f964a520e3d329e3,2017-12-23T23:26:00,6.1,5.5,0.0,7.5,,Partially cloudy,Tokyo
853392,42327,poi_2,4b5e95e4f964a5203a9329e3,2017-12-23T23:33:00,-1.0,6.1,0.0,5.5,,Overcast,Tokyo
853392,42327,poi_3,4b558136f964a520ebe527e3,2017-12-23T23:38:00,5.9,6.1,0.0,5.5,,Overcast,Tokyo
853392,42327,poi_4,4d141b3c495859416b052348,2017-12-24T00:04:00,5.2,6.1,0.0,5.5,,Overcast,Tokyo
853392,42327,poi_5,4b2dc086f964a52012db24e3,2017-12-24T00:34:00,-1.0,6.4,0.0,5.6,,Partially cloudy,Tokyo
853392,42327,poi_6,4b52c581f964a520c28727e3,2017-12-24T00:46:00,-1.0,6.4,0.0,5.6,,Partially cloudy,Tokyo
853392,42327,poi_7,592ef696b1538e78d4872542,2017-12-24T01:19:00,7.4,6.4,0.0,5.6,,Partially cloudy,Tokyo
853392,42327,poi_8,4ce62908595cb1f75ac4ba14,2017-12-24T01:29:00,5.9,6.4,0.0,5.6,,Partially cloudy,Tokyo
853392,42327,poi_9,4bbac8b753649c742f7249fb,2017-12-24T01:36:00,-1.0,6.9,0.0,7.6,,Overcast,Tokyo
853392,42327,poi_10,4b0bc75ff964a520923323e3,2017-12-24T01:41:00,-1.0,6.9,0.0,7.6,,Overcast,Tokyo
853392,42327,poi_11,53eaced6498e82ed086e4d4f,2017-12-24T02:03:00,8.2,6.9,0.0,7.6,,Overcast,Tokyo
853392,42327,poi_12,5098da13e4b0c377d6a039bf,2017-12-24T03:25:00,-1.0,8.1,0.0,5.5,,Partially cloudy,Tokyo
853392,42327,poi_13,4b19f837f964a520a2e623e3,2017-12-24T03:40:00,6.9,9.4,0.0,5.3,,Partially cloudy,Tokyo
853392,42327,poi_14,4b5a4723f964a5209eb928e3,2017-12-24T04:04:00,6.4,9.4,0.0,5.3,,Partially cloudy,Tokyo
853397,42327,poi_1,4dd0ee7d45ddbe15f8c40efe,2018-01-02T21:18:00,6.3,2.8,0.0,13.1,,Clear,Tokyo
853397,42327,poi_2,4b19f962f964a520afe623e3,2018-01-02T21:40:00,5.2,3.1,0.0,13.0,,Clear,Tokyo
853397,42327,poi_3,4b56d344f964a5203e1c28e3,2018-01-02T21:56:00,7.5,3.1,0.0,13.0,,Clear,Tokyo
853397,42327,poi_4,4b5be43ef964a520f21b29e3,2018-01-02T21:58:00,-1.0,3.1,0.0,13.0,,Clear,Tokyo
853397,42327,poi_5,53eaced6498e82ed086e4d4f,2018-01-02T22:14:00,8.2,3.1,0.0,13.0,,Clear,Tokyo
853397,42327,poi_6,4bc6a113d35d9c742717e33a,2018-01-02T22:23:00,7.7,3.1,0.0,13.0,,Clear,Tokyo
853397,42327,poi_7,592ef696b1538e78d4872542,2018-01-02T23:21:00,7.4,3.1,0.0,13.4,,Clear,Tokyo
853397,42327,poi_8,4b59843ff964a520da8a28e3,2018-01-02T23:55:00,7.5,4.6,0.0,15.2,,Clear,Tokyo
853397,42327,poi_9,4fb0e34de4b0df0ef8368449,2018-01-03T01:03:00,7.6,6.3,0.0,22.9,,Clear,Tokyo
853397,42327,poi_10,4b52966cf964a520328327e3,2018-01-03T01:11:00,9.2,6.3,0.0,22.9,,Clear,Tokyo
853397,42327,poi_11,4b38b418f964a520914f25e3,2018-01-03T01:40:00,5.6,7.6,0.0,28.0,,Clear,Tokyo
853397,42327,poi_12,4b0587a6f964a5203e9e22e3,2018-01-03T01:47:00,7.9,7.6,0.0,28.0,,Clear,Tokyo
853422,42327,poi_1,4fa3574a121df8dabaf60d8b,2018-03-03T23:48:00,6.2,12.2,0.0,3.9,,Clear,Tokyo
853422,42327,poi_2,53eaced6498e82ed086e4d4f,2018-03-04T00:03:00,8.2,12.2,0.0,3.9,,Clear,Tokyo
853422,42327,poi_3,4f3df1e3e4b0bfb6308c80d5,2018-03-04T00:11:00,7.1,12.2,0.0,3.9,,Clear,Tokyo
853422,42327,poi_4,4e364bf5b61cddd1cd46aa58,2018-03-04T00:49:00,-1.0,15.2,0.0,14.8,,Clear,Tokyo
853422,42327,poi_5,4b5ab7bff964a520eed128e3,2018-03-04T01:15:00,8.5,15.2,0.0,14.8,,Clear,Tokyo
853422,42327,poi_6,4b59843ff964a520da8a28e3,2018-03-04T01:19:00,7.5,15.2,0.0,14.8,,Clear,Tokyo
853422,42327,poi_7,4ca31e37554b236a5e962348,2018-03-04T02:40:00,6.7,20.3,0.0,24.3,,Clear,Tokyo
853422,42327,poi_8,4ce4f953b43737046644f6ce,2018-03-04T02:47:00,-1.0,20.3,0.0,24.3,,Clear,Tokyo
853422,42327,poi_9,4b948fd8f964a5207c7d34e3,2018-03-04T02:56:00,-1.0,20.3,0.0,24.3,,Clear,Tokyo
853422,42327,poi_10,54f18768498e311c663cbb05,2018-03-04T03:10:00,6.6,20.3,0.0,24.3,,Clear,Tokyo
853422,42327,poi_11,4cb139ed562d224bf38b1d88,2018-03-04T03:25:00,5.3,20.3,0.0,24.3,,Clear,Tokyo
853436,42327,poi_1,4b0587a6f964a5203e9e22e3,2018-04-10T21:34:00,7.9,15.3,0.0,16.5,,Clear,Tokyo
853436,42327,poi_2,59642ce08264440893508cc7,2018-04-10T22:33:00,-1.0,16.1,0.0,15.1,,Clear,Tokyo
853436,42327,poi_3,4b5bea59f964a520151d29e3,2018-04-10T22:37:00,6.4,16.1,0.0,15.1,,Clear,Tokyo
853436,42327,poi_4,4b79657bf964a52069f72ee3,2018-04-10T23:03:00,-1.0,16.1,0.0,15.1,,Clear,Tokyo
853436,42327,poi_5,4b6a851bf964a52093d72be3,2018-04-10T23:27:00,7.9,16.1,0.0,15.1,,Clear,Tokyo
853436,42327,poi_6,4cc8ec9d4650a35d05aa8b1e,2018-04-10T23:34:00,6.7,18.1,0.0,26.2,,Partially cloudy,Tokyo
853436,42327,poi_7,4b728e95f964a520567e2de3,2018-04-10T23:41:00,-1.0,18.1,0.0,26.2,,Partially cloudy,Tokyo
853436,42327,poi_8,4b52c581f964a520c28727e3,2018-04-10T23:48:00,-1.0,18.1,0.0,26.2,,Partially cloudy,Tokyo
853436,42327,poi_9,5a9f38fddd84426d9d2f9d00,2018-04-11T00:01:00,-1.0,18.1,0.0,26.2,,Partially cloudy,Tokyo
853436,42327,poi_10,5a1a2f6d35f98369b19c102d,2018-04-11T00:06:00,-1.0,18.1,0.0,26.2,,Partially cloudy,Tokyo
853436,42327,poi_11,53eaced6498e82ed086e4d4f,2018-04-11T01:36:00,8.2,17.2,0.0,29.5,,Overcast,Tokyo
853436,42327,poi_12,525e2fec11d2f0ad5120557a,2018-04-11T02:09:00,-1.0,17.2,0.0,29.5,,Overcast,Tokyo
853436,42327,poi_13,5923becddd70c55f9341d38c,2018-04-11T04:02:00,7.9,20.3,0.0,37.1,,Clear,Tokyo
853438,42327,poi_1,4bb70c132f70c9b641408630,2018-04-14T19:58:00,6.0,17.6,0.0,24.7,,Overcast,Tokyo
853438,42327,poi_2,4b0587a6f964a5203d9e22e3,2018-04-14T20:38:00,7.1,18.1,0.002,31.7,rain,"Rain, Overcast",Tokyo
853438,42327,poi_3,577cec06498eb11ad3066cf6,2018-04-14T20:42:00,7.1,18.1,0.002,31.7,rain,"Rain, Overcast",Tokyo
853438,42327,poi_4,53b03fe4498eb839deef9585,2018-04-14T22:53:00,7.8,18.8,0.03,24.6,rain,"Rain, Overcast",Tokyo
853438,42327,poi_5,4b59997ff964a520468e28e3,2018-04-14T23:59:00,-1.0,19.3,17.553,26.5,rain,"Rain, Overcast",Tokyo
853438,42327,poi_6,4b6d3c63f964a520db6c2ce3,2018-04-15T00:15:00,-1.0,19.3,17.553,26.5,rain,"Rain, Overcast",Tokyo
853438,42327,poi_7,4b6ab28ef964a52087dc2be3,2018-04-15T00:37:00,7.6,20.8,0.0,19.4,,Partially cloudy,Tokyo
853438,42327,poi_8,4b39cbf8f964a520045f25e3,2018-04-15T01:04:00,6.6,20.8,0.0,19.4,,Partially cloudy,Tokyo
853438,42327,poi_9,4b0587a6f964a5203d9e22e3,2018-04-15T01:42:00,7.1,21.8,0.0,17.4,,Partially cloudy,Tokyo
853438,42327,poi_10,4b093eeff964a520e51423e3,2018-04-15T01:50:00,6.7,21.8,0.0,17.4,,Partially cloudy,Tokyo
853438,42327,poi_11,4b5edaf0f964a520149b29e3,2018-04-15T01:54:00,5.2,21.8,0.0,17.4,,Partially cloudy,Tokyo
853438,42327,poi_12,4bb70c132f70c9b641408630,2018-04-15T02:15:00,6.0,21.8,0.0,17.4,,Partially cloudy,Tokyo
917766,45740,poi_1,4b90c61ff964a520f99633e3,2017-10-27T15:10:00,4.9,15.0,0.0,7.8,,Overcast,Tokyo
917766,45740,poi_2,4b6c0307f964a5208c1f2ce3,2017-10-27T15:35:00,6.5,14.6,0.0,9.5,,Partially cloudy,Tokyo
917766,45740,poi_3,4b678b3bf964a52090542be3,2017-10-27T18:29:00,6.4,14.2,0.0,9.4,,Overcast,Tokyo
917766,45740,poi_4,4e0e820f62e1d5a30d028b65,2017-10-27T18:44:00,-1.0,14.0,0.0,9.5,,Overcast,Tokyo
917766,45740,poi_5,58a1e98ec0c89b31d2065f25,2017-10-27T19:01:00,-1.0,14.0,0.0,9.5,,Overcast,Tokyo
917766,45740,poi_6,4b557b9ff964a52072e527e3,2017-10-27T20:34:00,7.9,13.9,0.0,5.6,,Overcast,Tokyo
917766,45740,poi_7,4bc143bcf8219c74b638b310,2017-10-27T20:49:00,5.8,13.9,0.0,5.6,,Overcast,Tokyo
917766,45740,poi_8,4b63a351f964a520e8882ae3,2017-10-27T21:33:00,-1.0,14.3,0.0,7.8,,Partially cloudy,Tokyo
917766,45740,poi_9,4e0e820f62e1d5a30d028b65,2017-10-27T21:41:00,-1.0,14.3,0.0,7.8,,Partially cloudy,Tokyo
917766,45740,poi_10,58a1e98ec0c89b31d2065f25,2017-10-27T21:47:00,-1.0,14.3,0.0,7.8,,Partially cloudy,Tokyo
917766,45740,poi_11,5979c9bfe65d0c0791d805e6,2017-10-27T23:17:00,-1.0,14.6,0.0,9.4,,Clear,Tokyo
917766,45740,poi_12,4b243a7df964a520356424e3,2017-10-27T23:55:00,6.5,14.9,0.0,12.9,,Overcast,Tokyo
917766,45740,poi_13,4b0587a6f964a5203d9e22e3,2017-10-28T00:09:00,7.1,14.9,0.0,12.9,,Overcast,Tokyo
917766,45740,poi_14,4b851d50f964a5208b4c31e3,2017-10-28T00:17:00,6.5,14.9,0.0,12.9,,Overcast,Tokyo
917766,45740,poi_15,4b55d735f964a52055f227e3,2017-10-28T01:30:00,8.1,15.4,0.0,9.5,,Overcast,Tokyo
917766,45740,poi_16,4df47c74d4c01ff6b2eff9d8,2017-10-28T01:39:00,-1.0,15.8,0.0,9.5,,Overcast,Tokyo
917766,45740,poi_17,4b58052ef964a520c74828e3,2017-10-28T01:48:00,5.9,15.8,0.0,9.5,,Overcast,Tokyo
917766,45740,poi_18,4b62dc94f964a5200e562ae3,2017-10-28T01:56:00,8.2,15.8,0.0,9.5,,Overcast,Tokyo
917766,45740,poi_19,56ee0f99498e745f7b765186,2017-10-28T03:33:00,-1.0,16.1,0.0,9.5,,Overcast,Tokyo
917766,45740,poi_20,4b5a97e3f964a520e8cc28e3,2017-10-28T05:01:00,-1.0,15.9,0.0,9.4,,Overcast,Tokyo
917766,45740,poi_21,53848264498ebb8d532cf91c,2017-10-28T05:07:00,4.8,15.9,0.0,9.4,,Overcast,Tokyo
917766,45740,poi_22,4b5bab10f964a520e00e29e3,2017-10-28T05:30:00,5.9,15.9,0.0,9.4,,Overcast,Tokyo
917773,45740,poi_1,4b6f582ef964a52067ec2ce3,2017-12-01T10:18:00,5.3,9.2,0.0,5.6,,Partially cloudy,Tokyo
917773,45740,poi_2,57858081cd104d4cd5ba4244,2017-12-01T13:10:00,-1.0,7.9,0.0,5.5,,Partially cloudy,Tokyo
917773,45740,poi_3,4b835161f964a520370231e3,2017-12-01T17:53:00,-1.0,6.6,0.0,9.4,,Partially cloudy,Tokyo
917773,45740,poi_4,4b766946f964a520764b2ee3,2017-12-01T18:14:00,5.6,6.6,0.0,9.4,,Partially cloudy,Tokyo
917773,45740,poi_5,4c09fec8bbc676b0c83349d5,2017-12-01T18:15:00,7.2,6.6,0.0,9.4,,Partially cloudy,Tokyo
917773,45740,poi_6,58cb76f1c9602771b404b49e,2017-12-01T18:24:00,-1.0,6.6,0.0,9.4,,Partially cloudy,Tokyo
917773,45740,poi_7,4cf0bbc76195721ea8713dc1,2017-12-01T19:05:00,-1.0,6.3,0.0,9.4,,Clear,Tokyo
917773,45740,poi_8,4b53f0dbf964a52021af27e3,2017-12-01T20:09:00,-1.0,5.2,0.0,5.6,,Clear,Tokyo
917773,45740,poi_9,4b766665f964a520074b2ee3,2017-12-01T20:27:00,-1.0,5.2,0.0,5.6,,Clear,Tokyo
917773,45740,poi_10,59d8a49a46e1b61072478299,2017-12-01T20:37:00,7.3,4.7,0.0,5.7,,Partially cloudy,Tokyo
917773,45740,poi_11,4bc84bd114d795213ec068e9,2017-12-01T23:32:00,5.0,7.1,0.0,7.6,,Partially cloudy,Tokyo
917773,45740,poi_12,4b54377cf964a520c7b427e3,2017-12-02T04:50:00,-1.0,10.6,0.0,5.5,,Clear,Tokyo
917773,45740,poi_13,4b9531e7f964a5202f9434e3,2017-12-02T04:56:00,7.2,10.6,0.0,5.5,,Clear,Tokyo
917773,45740,poi_14,4cec9db113aea143694c629f,2017-12-02T05:42:00,5.9,10.4,0.0,9.4,,Partially cloudy,Tokyo
917773,45740,poi_15,4b2837d8f964a5200e9124e3,2017-12-02T05:51:00,6.4,10.4,0.0,9.4,,Partially cloudy,Tokyo
917773,45740,poi_16,4c502995885c1b8db95dc738,2017-12-02T05:56:00,7.0,10.4,0.0,9.4,,Partially cloudy,Tokyo
917773,45740,poi_17,55e4121c498ed51284e9bea9,2017-12-02T07:45:00,-1.0,7.7,0.0,5.4,,Clear,Tokyo
917774,45740,poi_1,4d6b64c7a27f236a17c29d66,2017-12-02T17:33:00,6.2,6.1,0.0,7.6,,Partially cloudy,Tokyo
917774,45740,poi_2,4c00a5419cf52d7f422e14e7,2017-12-02T17:40:00,5.7,6.1,0.0,7.6,,Partially cloudy,Tokyo
917774,45740,poi_3,4b0587a6f964a5203e9e22e3,2017-12-02T18:05:00,7.9,6.1,0.0,7.6,,Partially cloudy,Tokyo
917774,45740,poi_4,4b62a048f964a520454d2ae3,2017-12-02T18:22:00,6.7,6.1,0.0,7.6,,Partially cloudy,Tokyo
917774,45740,poi_5,4b6ab617f964a5200add2be3,2017-12-02T18:34:00,5.3,5.8,0.0,9.3,,Partially cloudy,Tokyo
917774,45740,poi_6,4b59997ff964a520468e28e3,2017-12-02T18:41:00,-1.0,5.8,0.0,9.3,,Partially cloudy,Tokyo
917774,45740,poi_7,4b6d3c63f964a520db6c2ce3,2017-12-02T18:49:00,-1.0,5.8,0.0,9.3,,Partially cloudy,Tokyo
917774,45740,poi_8,4b62a048f964a520454d2ae3,2017-12-02T18:55:00,6.7,5.8,0.0,9.3,,Partially cloudy,Tokyo
917774,45740,poi_9,4b093eeff964a520e51423e3,2017-12-02T19:02:00,6.7,5.8,0.0,9.3,,Partially cloudy,Tokyo
917774,45740,poi_10,4b4ed7cef964a52039f626e3,2017-12-02T19:11:00,7.8,5.8,0.0,9.3,,Partially cloudy,Tokyo
917774,45740,poi_11,4b5aa9d9f964a520edcf28e3,2017-12-02T19:15:00,8.4,5.8,0.0,9.3,,Partially cloudy,Tokyo
917774,45740,poi_12,4b19f917f964a520abe623e3,2017-12-02T22:11:00,7.8,5.5,0.0,7.6,,Clear,Tokyo
917774,45740,poi_13,4b5ab7bff964a520eed128e3,2017-12-02T22:22:00,8.5,5.5,0.0,7.6,,Clear,Tokyo
917774,45740,poi_14,4b7783fef964a520429f2ee3,2017-12-02T22:58:00,-1.0,6.3,0.0,7.6,,Clear,Tokyo
917774,45740,poi_15,4b612ca0f964a520fa0b2ae3,2017-12-02T23:03:00,8.3,6.3,0.0,7.6,,Clear,Tokyo
917774,45740,poi_16,535ac87611d2d5f9d8bc1606,2017-12-02T23:47:00,8.4,8.1,0.0,9.3,,Partially cloudy,Tokyo
917774,45740,poi_17,4b545885f964a5202eb827e3,2017-12-03T00:18:00,6.6,8.1,0.0,9.3,,Partially cloudy,Tokyo
917774,45740,poi_18,5902c78da6fe4d0aa525ce94,2017-12-03T00:25:00,8.5,8.1,0.0,9.3,,Partially cloudy,Tokyo
917774,45740,poi_19,4b545885f964a5202eb827e3,2017-12-03T02:12:00,6.6,10.6,0.0,9.1,,Clear,Tokyo
917774,45740,poi_20,4b54377cf964a520c7b427e3,2017-12-03T02:46:00,-1.0,11.2,0.0,5.4,,Clear,Tokyo
917774,45740,poi_21,4b9531e7f964a5202f9434e3,2017-12-03T02:57:00,7.2,11.2,0.0,5.4,,Clear,Tokyo
917775,45740,poi_1,4b53f0dbf964a52021af27e3,2017-12-08T14:48:00,-1.0,3.7,0.0,7.7,,Clear,Tokyo
917775,45740,poi_2,4b78a332f964a52065db2ee3,2017-12-08T14:51:00,-1.0,3.7,0.0,7.7,,Clear,Tokyo
917775,45740,poi_3,4b72772ef964a520ac7b2de3,2017-12-08T14:53:00,-1.0,3.7,0.0,7.7,,Clear,Tokyo
917775,45740,poi_4,4b54ea63f964a520efd227e3,2017-12-08T15:20:00,8.3,3.7,0.0,7.7,,Clear,Tokyo
917775,45740,poi_5,4b6e4768f964a520e2b52ce3,2017-12-08T18:25:00,-1.0,4.3,0.035,9.5,rain,Rain,Tokyo
917775,45740,poi_6,4b5589b1f964a520d6e627e3,2017-12-08T18:44:00,-1.0,4.0,0.0,14.4,,Clear,Tokyo
917775,45740,poi_7,59f9209abb2a47031076b249,2017-12-08T18:47:00,5.6,4.0,0.0,14.4,,Clear,Tokyo
917775,45740,poi_8,59ec45d64ce0665bc880f046,2017-12-08T18:49:00,7.9,4.0,0.0,14.4,,Clear,Tokyo
917775,45740,poi_9,4b52c581f964a520c28727e3,2017-12-08T21:02:00,-1.0,1.7,0.0,5.5,,Clear,Tokyo
917775,45740,poi_10,4b612ca0f964a520fa0b2ae3,2017-12-08T21:10:00,8.3,1.7,0.0,5.5,,Clear,Tokyo
917775,45740,poi_11,4b584ce3f964a520b35128e3,2017-12-08T21:17:00,7.7,1.7,0.0,5.5,,Clear,Tokyo
917775,45740,poi_12,4b681daaf964a520d7672be3,2017-12-08T21:23:00,-1.0,1.7,0.0,5.5,,Clear,Tokyo
917775,45740,poi_13,4b52c581f964a520c28727e3,2017-12-08T21:51:00,-1.0,2.8,0.0,5.5,,Clear,Tokyo
917775,45740,poi_14,58bdfc8f4287c90a702af5dc,2017-12-08T22:40:00,7.9,4.8,0.0,9.4,,Clear,Tokyo
917775,45740,poi_15,4b0b90e1f964a5204d3223e3,2017-12-09T04:23:00,5.7,10.1,0.0,3.8,,Clear,Tokyo
917775,45740,poi_16,4c00a5419cf52d7f422e14e7,2017-12-09T04:46:00,5.7,9.7,0.0,11.1,,Clear,Tokyo
917775,45740,poi_17,4c502995885c1b8db95dc738,2017-12-09T05:01:00,7.0,9.7,0.0,11.1,,Clear,Tokyo
917775,45740,poi_18,55e4121c498ed51284e9bea9,2017-12-09T06:47:00,-1.0,8.6,0.0,7.5,,Clear,Tokyo
917776,45740,poi_1,58de7b378ab03f406bc0b268,2017-12-09T15:46:00,6.3,4.0,0.0,7.7,,Clear,Tokyo
917776,45740,poi_2,4b2837d8f964a5200e9124e3,2017-12-09T15:58:00,6.4,4.0,0.0,7.7,,Clear,Tokyo
917776,45740,poi_3,4ec0d5979911a2ec5c6cdda6,2017-12-09T16:07:00,6.1,4.0,0.0,7.7,,Clear,Tokyo
917776,45740,poi_4,4b093eeff964a520e51423e3,2017-12-09T16:24:00,6.7,4.0,0.0,7.7,,Clear,Tokyo
917776,45740,poi_5,4b3d8ca3f964a520689525e3,2017-12-09T16:41:00,5.5,3.6,0.0,7.6,,Clear,Tokyo
917776,45740,poi_6,4b5bab10f964a520e00e29e3,2017-12-09T17:32:00,5.9,2.7,0.0,9.5,,Partially cloudy,Tokyo
917776,45740,poi_7,4b6053cff964a520d8df29e3,2017-12-09T17:35:00,-1.0,2.7,0.0,9.5,,Partially cloudy,Tokyo
917776,45740,poi_8,4b74e8caf964a520b1f72de3,2017-12-09T17:55:00,-1.0,2.7,0.0,9.5,,Partially cloudy,Tokyo
917776,45740,poi_9,4b761d80f964a520ab3d2ee3,2017-12-09T17:56:00,5.4,2.7,0.0,9.5,,Partially cloudy,Tokyo
917776,45740,poi_10,4b5ab7bff964a520eed128e3,2017-12-09T21:42:00,8.5,2.9,0.0,5.3,,Clear,Tokyo
917776,45740,poi_11,50508a73e4b070cfccc322ce,2017-12-09T22:04:00,5.2,2.9,0.0,5.3,,Clear,Tokyo
917776,45740,poi_12,50962794e4b0f17ed5f807cc,2017-12-09T22:13:00,7.6,2.9,0.0,5.3,,Clear,Tokyo
917776,45740,poi_13,4b0587a6f964a5203e9e22e3,2017-12-09T22:16:00,7.9,2.9,0.0,5.3,,Clear,Tokyo
917776,45740,poi_14,4fb0e34de4b0df0ef8368449,2017-12-10T05:00:00,7.6,11.9,0.0,5.9,,Clear,Tokyo
917776,45740,poi_15,4dddd28ad22d28453eb3359c,2017-12-10T05:33:00,-1.0,12.9,0.0,17.1,,Partially cloudy,Tokyo
917777,45740,poi_1,4b61303bf964a5206a0c2ae3,2017-12-16T17:20:00,-1.0,5.0,0.0,5.6,,Clear,Tokyo
917777,45740,poi_2,4ba8cc3af964a520a7ef39e3,2017-12-16T17:36:00,-1.0,5.9,0.0,5.6,,Partially cloudy,Tokyo
917777,45740,poi_3,4dca85e7d16495ca5aeb8c27,2017-12-16T17:54:00,-1.0,5.9,0.0,5.6,,Partially cloudy,Tokyo
917777,45740,poi_4,4b52966cf964a520328327e3,2017-12-16T17:59:00,9.2,5.9,0.0,5.6,,Partially cloudy,Tokyo
917777,45740,poi_5,4b5d3d9ef964a520855729e3,2017-12-16T18:39:00,5.5,7.3,0.0,13.1,,Clear,Tokyo
917777,45740,poi_6,4b5589b1f964a520d6e627e3,2017-12-16T19:12:00,-1.0,7.3,0.0,13.1,,Clear,Tokyo
917777,45740,poi_7,4b7291c5f964a520d17e2de3,2017-12-16T19:37:00,-1.0,6.4,0.0,18.3,,Clear,Tokyo
917777,45740,poi_8,4dcfaafed4c065592f9d8235,2017-12-16T19:51:00,-1.0,6.4,0.0,18.3,,Clear,Tokyo
917777,45740,poi_9,4b2c4c0bf964a52075c524e3,2017-12-16T21:46:00,-1.0,6.1,0.0,20.6,,Clear,Tokyo
917777,45740,poi_10,4b6e5c29f964a5201aba2ce3,2017-12-16T21:58:00,-1.0,6.1,0.0,20.6,,Clear,Tokyo
917777,45740,poi_11,4b63eb4ff964a52015972ae3,2017-12-16T22:19:00,6.2,6.1,0.0,20.6,,Clear,Tokyo
917777,45740,poi_12,4b823278f964a520f0cc30e3,2017-12-16T23:21:00,-1.0,6.6,0.0,15.1,,Clear,Tokyo
917777,45740,poi_13,4b2c4c0bf964a52075c524e3,2017-12-16T23:36:00,-1.0,7.6,0.0,24.0,,Clear,Tokyo
917777,45740,poi_14,4dcfaafed4c065592f9d8235,2017-12-16T23:41:00,-1.0,7.6,0.0,24.0,,Clear,Tokyo
917777,45740,poi_15,4b52c581f964a520c28727e3,2017-12-17T02:47:00,-1.0,8.8,0.0,16.8,,Partially cloudy,Tokyo
917777,45740,poi_16,4b584ce3f964a520b35128e3,2017-12-17T02:53:00,7.7,8.8,0.0,16.8,,Partially cloudy,Tokyo
917777,45740,poi_17,4dddd28ad22d28453eb3359c,2017-12-17T04:58:00,-1.0,8.2,0.0,16.7,,Clear,Tokyo
917778,45740,poi_1,5a3608afe96d0c07804d9f06,2017-12-22T16:36:00,-1.0,3.2,0.0,12.9,,Clear,Tokyo
917778,45740,poi_2,4b5ab7bff964a520eed128e3,2017-12-22T18:03:00,8.5,3.6,0.0,7.7,,Clear,Tokyo
917778,45740,poi_3,4cdcb6ef930af04d61389297,2017-12-22T18:21:00,6.2,3.6,0.0,7.7,,Clear,Tokyo
917778,45740,poi_4,4b5e8743f964a520c39129e3,2017-12-22T18:31:00,6.7,2.7,0.0,5.6,,Clear,Tokyo
917778,45740,poi_5,4b612ca0f964a520fa0b2ae3,2017-12-22T19:18:00,8.3,2.7,0.0,5.6,,Clear,Tokyo
917778,45740,poi_6,4b6f61e5f964a52024ee2ce3,2017-12-22T19:44:00,-1.0,2.1,0.0,9.3,,Clear,Tokyo
917778,45740,poi_7,4b5d821cf964a520605f29e3,2017-12-22T20:00:00,7.2,2.1,0.0,9.3,,Clear,Tokyo
917778,45740,poi_8,4b59871cf964a5203e8b28e3,2017-12-22T20:06:00,-1.0,2.1,0.0,9.3,,Clear,Tokyo
917778,45740,poi_9,4b2dc086f964a52012db24e3,2017-12-22T20:14:00,-1.0,2.1,0.0,9.3,,Clear,Tokyo
917778,45740,poi_10,4b4d9126f964a5202ed426e3,2017-12-22T20:22:00,-1.0,2.1,0.0,9.3,,Clear,Tokyo
917778,45740,poi_11,4b7cc21ff964a5205fa42fe3,2017-12-22T20:29:00,-1.0,2.1,0.0,9.3,,Clear,Tokyo
917778,45740,poi_12,51320e17011ce8969c605099,2017-12-22T22:33:00,-1.0,4.1,0.0,3.7,,Clear,Tokyo
917778,45740,poi_13,5208625c11d284f65f51ea32,2017-12-22T22:42:00,6.2,4.1,0.0,3.7,,Clear,Tokyo
917778,45740,poi_14,4b7cc21ff964a5205fa42fe3,2017-12-22T23:22:00,-1.0,4.1,0.0,3.7,,Clear,Tokyo
917778,45740,poi_15,4b4d9126f964a5202ed426e3,2017-12-23T01:03:00,-1.0,8.8,0.0,7.6,,Clear,Tokyo
917778,45740,poi_16,4b64fbc9f964a520b0dd2ae3,2017-12-23T01:16:00,-1.0,8.8,0.0,7.6,,Clear,Tokyo
917778,45740,poi_17,4b652379f964a520ebe52ae3,2017-12-23T01:23:00,5.5,8.8,0.0,7.6,,Clear,Tokyo
917778,45740,poi_18,4b3d8ca3f964a520689525e3,2017-12-23T01:41:00,5.5,10.6,0.0,7.5,,Clear,Tokyo
917780,45740,poi_1,4bdcfb82516ea59327704aac,2017-12-29T18:33:00,-1.0,2.6,0.0,11.1,,Clear,Tokyo
917780,45740,poi_2,4b762a40f964a5200f412ee3,2017-12-29T19:37:00,5.6,1.4,0.0,3.9,,Clear,Tokyo
917780,45740,poi_3,4b63a351f964a520e8882ae3,2017-12-29T20:50:00,-1.0,3.4,0.0,11.3,,Clear,Tokyo
917780,45740,poi_4,4ccec1f6ee23a14391d92da8,2017-12-29T22:28:00,-1.0,1.9,0.0,5.7,,Clear,Tokyo
917780,45740,poi_5,4b63eb4ff964a52015972ae3,2017-12-29T22:35:00,6.2,3.4,0.0,2.1,,Clear,Tokyo
917780,45740,poi_6,4b54ea63f964a520efd227e3,2017-12-29T22:40:00,8.3,3.4,0.0,2.1,,Clear,Tokyo
917780,45740,poi_7,4b5bab10f964a520e00e29e3,2017-12-30T01:05:00,5.9,7.6,0.0,13.1,,Clear,Tokyo
917780,45740,poi_8,4b3d8ca3f964a520689525e3,2017-12-30T01:22:00,5.5,7.6,0.0,13.1,,Clear,Tokyo
917780,45740,poi_9,4b54ea63f964a520efd227e3,2017-12-30T05:43:00,8.3,10.6,0.0,14.7,,Clear,Tokyo
917780,45740,poi_10,4b56deb5f964a5208e1d28e3,2017-12-30T12:45:00,5.7,5.4,0.0,5.6,,Partially cloudy,Tokyo
917780,45740,poi_11,4b4fb4aff964a520c01127e3,2017-12-30T21:40:00,5.3,3.6,0.0,9.3,,Overcast,Tokyo
917780,45740,poi_12,4b6e32a4f964a52014b12ce3,2017-12-30T21:48:00,-1.0,3.6,0.0,9.3,,Overcast,Tokyo
917780,45740,poi_13,5147487d45b02fe2f7e26b05,2017-12-30T22:12:00,7.4,3.6,0.0,9.3,,Overcast,Tokyo
917780,45740,poi_14,4b8b26c5f964a520379532e3,2017-12-31T00:26:00,5.2,4.0,0.0,5.5,,Partially cloudy,Tokyo
917780,45740,poi_15,4b0e60adf964a520305723e3,2017-12-31T01:08:00,6.6,4.1,0.0,12.9,,Overcast,Tokyo
917782,45740,poi_1,4b971b9ff964a5205ff834e3,2018-01-01T16:14:00,-1.0,5.0,0.0,11.4,,Clear,Tokyo
917782,45740,poi_2,4b6d4872f964a5202e6f2ce3,2018-01-01T16:19:00,-1.0,5.0,0.0,11.4,,Clear,Tokyo
917782,45740,poi_3,4b30b5b8f964a52015fb24e3,2018-01-01T16:33:00,-1.0,5.6,0.0,20.5,,Clear,Tokyo
917782,45740,poi_4,4b9a0a11f964a520229c35e3,2018-01-01T16:40:00,5.8,5.6,0.0,20.5,,Clear,Tokyo
917782,45740,poi_5,4bcaae810687ef3ba792dccc,2018-01-01T17:02:00,-1.0,5.6,0.0,20.5,,Clear,Tokyo
917782,45740,poi_6,4b58052ef964a520c74828e3,2018-01-01T21:34:00,5.9,3.1,0.0,11.3,,Clear,Tokyo
917782,45740,poi_7,4fea686e6b747f5939b16123,2018-01-02T00:49:00,-1.0,8.2,0.0,16.9,,Clear,Tokyo
917782,45740,poi_8,4b166583f964a520acb823e3,2018-01-02T01:12:00,8.0,8.2,0.0,16.9,,Clear,Tokyo
917782,45740,poi_9,4e1fab03d22d0a3f59e62a2f,2018-01-02T01:23:00,5.4,8.2,0.0,16.9,,Clear,Tokyo
917782,45740,poi_10,4b39cbf8f964a520045f25e3,2018-01-02T02:06:00,6.6,9.2,0.0,11.4,,Clear,Tokyo
917782,45740,poi_11,4b5bab10f964a520e00e29e3,2018-01-02T02:13:00,5.9,9.2,0.0,11.4,,Clear,Tokyo
917785,45740,poi_1,53eaced6498e82ed086e4d4f,2018-01-04T17:54:00,8.2,2.3,0.0,11.1,,Overcast,Tokyo
917785,45740,poi_2,4cfb3740c51fa1cdc6c3e52b,2018-01-04T19:21:00,-1.0,2.1,0.0,5.7,,Overcast,Tokyo
917785,45740,poi_3,53eaced6498e82ed086e4d4f,2018-01-04T19:38:00,8.2,2.3,0.0,3.8,,Overcast,Tokyo
917785,45740,poi_4,4fb0e34de4b0df0ef8368449,2018-01-04T19:54:00,7.6,2.3,0.0,3.8,,Overcast,Tokyo
917785,45740,poi_5,4b7783fef964a520429f2ee3,2018-01-04T20:16:00,-1.0,2.3,0.0,3.8,,Overcast,Tokyo
917785,45740,poi_6,4eb4fd12775b544c2717f677,2018-01-04T20:22:00,-1.0,2.3,0.0,3.8,,Overcast,Tokyo
917785,45740,poi_7,4e13b341d4c023f7053928bb,2018-01-04T20:24:00,-1.0,2.3,0.0,3.8,,Overcast,Tokyo
917785,45740,poi_8,4b0587a6f964a5203d9e22e3,2018-01-04T20:35:00,7.1,2.5,0.0,5.4,,Partially cloudy,Tokyo
917785,45740,poi_9,4b55d735f964a52055f227e3,2018-01-04T20:42:00,8.1,2.5,0.0,5.4,,Partially cloudy,Tokyo
917785,45740,poi_10,4b62a048f964a520454d2ae3,2018-01-05T02:04:00,6.7,5.1,0.0,3.8,,Overcast,Tokyo
917785,45740,poi_11,4c00a5419cf52d7f422e14e7,2018-01-05T05:27:00,5.7,5.6,0.0,5.4,,Overcast,Tokyo
917785,45740,poi_12,4c596c594ed9ef3b7fbed96d,2018-01-05T05:59:00,6.4,5.5,0.0,9.2,,Overcast,Tokyo
917790,45740,poi_1,4df47c74d4c01ff6b2eff9d8,2018-01-19T21:20:00,-1.0,5.3,0.0,5.6,,Partially cloudy,Tokyo
917790,45740,poi_2,4cfb3740c51fa1cdc6c3e52b,2018-01-19T21:48:00,-1.0,5.1,0.0,5.6,,Overcast,Tokyo
917790,45740,poi_3,4b5ab7bff964a520eed128e3,2018-01-19T21:57:00,8.5,5.1,0.0,5.6,,Overcast,Tokyo
917790,45740,poi_4,4b62b1dbf964a5204f4f2ae3,2018-01-19T22:05:00,8.3,5.1,0.0,5.6,,Overcast,Tokyo
917790,45740,poi_5,4b612ca0f964a520fa0b2ae3,2018-01-19T22:13:00,8.3,5.1,0.0,5.6,,Overcast,Tokyo
917790,45740,poi_6,4c4beaa9bad7a593e6c284ac,2018-01-19T22:45:00,-1.0,5.3,0.0,5.5,,Overcast,Tokyo
917790,45740,poi_7,4b0587a6f964a5203e9e22e3,2018-01-19T22:49:00,7.9,5.3,0.0,5.5,,Overcast,Tokyo
917790,45740,poi_8,4ec0d5979911a2ec5c6cdda6,2018-01-19T23:28:00,6.1,5.3,0.0,5.5,,Overcast,Tokyo
917790,45740,poi_9,4b3836cef964a520e64c25e3,2018-01-19T23:31:00,5.2,5.8,0.0,5.5,,Overcast,Tokyo
917790,45740,poi_10,4b921933f964a5201ee733e3,2018-01-19T23:44:00,5.6,5.8,0.0,5.5,,Overcast,Tokyo
917790,45740,poi_11,585e4720424f93087e9a43d9,2018-01-20T01:05:00,6.1,6.7,0.0,5.5,,Partially cloudy,Tokyo
917790,45740,poi_12,4b6c0774f964a52075202ce3,2018-01-20T01:13:00,5.8,6.7,0.0,5.5,,Partially cloudy,Tokyo
917790,45740,poi_13,4b0e60adf964a520305723e3,2018-01-20T04:41:00,6.6,9.1,0.0,7.6,,Partially cloudy,Tokyo
917790,45740,poi_14,4b093eeff964a520e51423e3,2018-01-20T04:57:00,6.7,9.1,0.0,7.6,,Partially cloudy,Tokyo
917790,45740,poi_15,4b652379f964a520ebe52ae3,2018-01-20T05:03:00,5.5,9.1,0.0,7.6,,Partially cloudy,Tokyo
917790,45740,poi_16,4b3d8ca3f964a520689525e3,2018-01-20T05:20:00,5.5,9.1,0.0,7.6,,Partially cloudy,Tokyo
1033777,51554,poi_1,4b5ecbf5f964a520fd9829e3,2017-10-06T22:06:00,5.6,15.9,0.0,11.3,,Overcast,Tokyo
1033777,51554,poi_2,4b5442c4f964a520dfb527e3,2017-10-06T22:25:00,5.9,15.9,0.0,11.3,,Overcast,Tokyo
1033777,51554,poi_3,4d9bdad0b8b2224ba7288a55,2017-10-06T22:59:00,5.3,16.2,0.0,11.4,,Overcast,Tokyo
1033777,51554,poi_4,4cfb18967f2db1f7bbd02bd4,2017-10-06T23:54:00,-1.0,16.6,15.597,13.2,rain,"Rain, Overcast",Tokyo
1033777,51554,poi_5,4b545885f964a5202eb827e3,2017-10-07T00:21:00,6.6,16.6,15.597,13.2,rain,"Rain, Overcast",Tokyo
1033777,51554,poi_6,4b728d05f964a520217e2de3,2017-10-07T05:54:00,5.7,21.7,0.0,5.6,,Partially cloudy,Tokyo
1033777,51554,poi_7,594a5d06c5309308028e4024,2017-10-07T06:35:00,6.9,21.7,0.0,11.2,,Partially cloudy,Tokyo
1033777,51554,poi_8,4e97f1e7a17cc126ecf557e1,2017-10-07T07:07:00,-1.0,21.7,0.0,11.2,,Partially cloudy,Tokyo
1033777,51554,poi_9,4c8b3e6de51e6dcbd2c370de,2017-10-07T08:13:00,5.9,20.6,0.0,3.8,,Partially cloudy,Tokyo
1033777,51554,poi_10,4b6053cff964a520d8df29e3,2017-10-07T15:51:00,-1.0,17.9,0.0,3.6,,Partially cloudy,Tokyo
1033777,51554,poi_11,4b971b9ff964a5205ff834e3,2017-10-07T16:18:00,-1.0,17.9,0.0,3.6,,Partially cloudy,Tokyo
1033798,51554,poi_1,4b30afd1f964a520e4fa24e3,2017-12-31T20:21:00,5.6,1.9,0.0,5.4,,Clear,Tokyo
1033798,51554,poi_2,4bf81aea4a67c92841c324cf,2017-12-31T20:31:00,-1.0,1.7,0.0,9.4,,Clear,Tokyo
1033798,51554,poi_3,4b545885f964a5202eb827e3,2018-01-01T17:45:00,6.6,5.8,0.0,18.4,,Clear,Tokyo
1033798,51554,poi_4,4f751d1fe4b0e09b8aa00420,2018-01-01T18:02:00,8.1,5.8,0.0,18.4,,Clear,Tokyo
1033798,51554,poi_5,4f83eb2d7716785a1644ad9d,2018-01-01T20:27:00,7.7,4.1,0.0,11.6,,Clear,Tokyo
1033798,51554,poi_6,4bac1684f964a5207be33ae3,2018-01-01T20:38:00,-1.0,1.5,0.0,4.2,,Clear,Tokyo
1033798,51554,poi_7,4b5ef1b4f964a520039f29e3,2018-01-01T22:09:00,7.6,3.1,0.0,11.3,,Clear,Tokyo
1033798,51554,poi_8,4ec1d37802d5a63a400458af,2018-01-01T23:16:00,7.0,5.7,0.0,14.8,,Clear,Tokyo
1033798,51554,poi_9,4b545885f964a5202eb827e3,2018-01-02T05:17:00,6.6,9.9,0.0,9.6,,Clear,Tokyo
1033798,51554,poi_10,4b6267cdf964a52036462ae3,2018-01-02T05:30:00,5.3,9.9,0.0,9.6,,Clear,Tokyo
1033798,51554,poi_11,4b6824faf964a52008692be3,2018-01-02T05:36:00,5.9,9.2,0.0,9.7,,Clear,Tokyo
1033813,51554,poi_1,4b41367af964a5205dc325e3,2018-01-21T23:51:00,-1.0,3.2,0.0,9.5,,Overcast,Tokyo
1033813,51554,poi_2,4b751862f964a520c9fd2de3,2018-01-22T00:28:00,-1.0,3.2,0.0,9.5,,Overcast,Tokyo
1033813,51554,poi_3,4b604241f964a52054dc29e3,2018-01-22T00:42:00,-1.0,2.4,0.0,9.6,,Overcast,Tokyo
1033813,51554,poi_4,4b79f7a8f964a520f11c2fe3,2018-01-22T03:15:00,6.8,1.1,0.005,11.4,"rain,snow","Snow, Rain, Overcast",Tokyo
1033813,51554,poi_5,4b5ecbf5f964a520fd9829e3,2018-01-22T05:00:00,5.6,0.4,0.009,8.1,"rain,snow","Snow, Rain, Overcast",Tokyo
1033813,51554,poi_6,4bcab1ab3740b713365b6165,2018-01-22T23:45:00,4.8,2.4,0.0,7.5,rain,Clear,Tokyo
1033813,51554,poi_7,59c74f6bf5e9d70dc12da704,2018-01-23T00:40:00,6.9,4.9,0.0,11.3,,Clear,Tokyo
1033813,51554,poi_8,590d946c28374e7580c1dd47,2018-01-23T02:28:00,-1.0,7.1,0.0,15.0,,Clear,Tokyo
1033813,51554,poi_9,4c086ff6009a0f47d236e6bf,2018-01-23T02:53:00,-1.0,8.3,0.0,17.3,,Clear,Tokyo
1033813,51554,poi_10,4b553983f964a5202adf27e3,2018-01-23T03:06:00,-1.0,8.3,0.0,17.3,,Clear,Tokyo
1033813,51554,poi_11,4ba0a9a4f964a520747637e3,2018-01-23T03:12:00,-1.0,8.3,0.0,17.3,,Clear,Tokyo
1033813,51554,poi_12,4b0a8174f964a520922423e3,2018-01-23T05:29:00,6.2,9.5,0.0,24.5,,Partially cloudy,Tokyo
1033813,51554,poi_13,4b5ecbf5f964a520fd9829e3,2018-01-24T00:31:00,5.6,5.1,0.0,14.9,,Clear,Tokyo
1033813,51554,poi_14,4d58f624fe7c224bde7172b5,2018-01-24T05:55:00,-1.0,5.6,0.0,11.8,,Partially cloudy,Tokyo
1033813,51554,poi_15,4b5ecbf5f964a520fd9829e3,2018-01-24T06:16:00,5.6,5.6,0.0,11.8,,Partially cloudy,Tokyo
1033813,51554,poi_16,4b80a277f964a520798230e3,2018-01-26T23:34:00,7.7,3.0,0.0,16.4,,Clear,Tokyo
1033831,51554,poi_1,4b58719cf964a5200b5828e3,2018-02-20T00:43:00,6.3,8.8,0.0,5.5,,Clear,Tokyo
1033831,51554,poi_2,4b652379f964a520ebe52ae3,2018-02-20T00:49:00,5.5,8.8,0.0,5.5,,Clear,Tokyo
1033831,51554,poi_3,4b5dd1aff964a5208a6d29e3,2018-02-20T01:04:00,8.2,8.8,0.0,5.5,,Clear,Tokyo
1033831,51554,poi_4,50152740e4b09cb7e01366b1,2018-02-20T03:48:00,-1.0,11.6,0.0,9.4,,Clear,Tokyo
1033831,51554,poi_5,4b652379f964a520ebe52ae3,2018-02-20T05:45:00,5.5,11.1,0.0,5.5,,Clear,Tokyo
1033831,51554,poi_6,4b91d626f964a520afda33e3,2018-02-20T06:02:00,5.4,11.1,0.0,5.5,,Clear,Tokyo
1033831,51554,poi_7,549895ee498ecc21650f1ab0,2018-02-20T19:45:00,4.8,4.4,0.0,9.5,,Clear,Tokyo
1033831,51554,poi_8,4b132fd2f964a520489523e3,2018-02-20T19:52:00,5.9,4.4,0.0,9.5,,Clear,Tokyo
1033831,51554,poi_9,4b6a97d2f964a520a6d92be3,2018-02-20T22:35:00,-1.0,4.4,0.0,7.9,,Partially cloudy,Tokyo
1033831,51554,poi_10,4b53bc1af964a520aba927e3,2018-02-20T22:39:00,-1.0,4.4,0.0,7.9,,Partially cloudy,Tokyo
1033831,51554,poi_11,4b56d45ef964a520571c28e3,2018-02-20T22:46:00,7.2,4.4,0.0,7.9,,Partially cloudy,Tokyo
1033831,51554,poi_12,4b6d09f1f964a5203b642ce3,2018-02-20T22:53:00,6.8,4.4,0.0,7.9,,Partially cloudy,Tokyo
1033831,51554,poi_13,55547afb498ea76d83db679d,2018-02-20T23:56:00,-1.0,4.7,0.0,13.1,,Overcast,Tokyo
1033831,51554,poi_14,508a5ac1e4b0cc3702c2c970,2018-02-21T03:27:00,7.3,7.6,0.0,5.5,,Overcast,Tokyo
1033831,51554,poi_15,4c8b3e6de51e6dcbd2c370de,2018-02-21T07:27:00,5.9,7.6,0.0,11.2,,Partially cloudy,Tokyo
1033831,51554,poi_16,4b0587a6f964a5203d9e22e3,2018-02-21T10:44:00,7.1,6.3,0.0,12.8,,Clear,Tokyo
1033835,51554,poi_1,4b67a5c4f964a52069592be3,2018-02-27T20:53:00,7.0,4.1,0.0,7.5,,Clear,Tokyo
1033835,51554,poi_2,4bb6d27a2ea19521b751ac2f,2018-02-27T21:15:00,-1.0,4.1,0.0,7.5,,Clear,Tokyo
1033835,51554,poi_3,4b4bee5ff964a5207cab26e3,2018-02-27T22:56:00,5.7,7.3,0.0,9.3,,Clear,Tokyo
1033835,51554,poi_4,508a5ac1e4b0cc3702c2c970,2018-02-28T00:55:00,7.3,11.2,0.0,7.6,,Clear,Tokyo
1033835,51554,poi_5,4b5ecbf5f964a520fd9829e3,2018-02-28T04:55:00,5.6,13.4,0.0,12.9,,Partially cloudy,Tokyo
1033835,51554,poi_6,4b58719cf964a5200b5828e3,2018-03-01T23:58:00,6.3,10.8,0.0,11.4,,Partially cloudy,Tokyo
1033835,51554,poi_7,4b652379f964a520ebe52ae3,2018-03-02T00:07:00,5.5,10.8,0.0,11.4,,Partially cloudy,Tokyo
1033835,51554,poi_8,4b5ac819f964a52060d428e3,2018-03-02T00:20:00,7.8,10.8,0.0,11.4,,Partially cloudy,Tokyo
1033835,51554,poi_9,4b938c48f964a520d64734e3,2018-03-02T00:59:00,5.5,11.7,0.0,14.7,,Clear,Tokyo
1033835,51554,poi_10,4b5ecbf5f964a520fd9829e3,2018-03-02T03:18:00,5.6,11.0,0.0,9.6,,Partially cloudy,Tokyo
1033835,51554,poi_11,4b698ab2f964a520aba62be3,2018-03-02T14:02:00,-1.0,6.3,0.0,14.4,,Clear,Tokyo
1033835,51554,poi_12,4b5ec998f964a520b59829e3,2018-03-02T14:15:00,-1.0,6.3,0.0,14.4,,Clear,Tokyo
1033835,51554,poi_13,56962f6a498ec0def40b137d,2018-03-03T12:57:00,-1.0,10.9,0.0,5.6,,Clear,Tokyo
1033853,51554,poi_1,4b751862f964a520c9fd2de3,2018-04-01T23:57:00,-1.0,19.1,0.0,7.4,,Clear,Tokyo
1033853,51554,poi_2,4b5aca29f964a520bfd428e3,2018-04-02T00:17:00,-1.0,19.1,0.0,7.4,,Clear,Tokyo
1033853,51554,poi_3,4b5dd1aff964a5208a6d29e3,2018-04-02T00:52:00,8.2,20.6,0.0,3.6,,Clear,Tokyo
1033853,51554,poi_4,4b5ac819f964a52060d428e3,2018-04-02T01:04:00,7.8,20.6,0.0,3.6,,Clear,Tokyo
1033853,51554,poi_5,4b604241f964a52054dc29e3,2018-04-02T04:30:00,-1.0,24.1,0.0,7.6,,Clear,Tokyo
1033853,51554,poi_6,4b751862f964a520c9fd2de3,2018-04-02T05:21:00,-1.0,23.3,0.0,12.7,,Clear,Tokyo
1033853,51554,poi_7,4b340afff964a5204b2425e3,2018-04-02T05:42:00,-1.0,23.5,0.0,9.6,,Clear,Tokyo
1033853,51554,poi_8,4c555a0c728920a1d3404284,2018-04-03T01:02:00,7.7,18.8,0.0,5.5,,Clear,Tokyo
1033853,51554,poi_9,4db3a8dd6a23c31a03081e66,2018-04-03T04:28:00,7.7,22.3,0.0,12.9,,Clear,Tokyo
1033853,51554,poi_10,4b8e4616f964a520ad1d33e3,2018-04-03T05:10:00,-1.0,22.5,0.0,14.9,,Partially cloudy,Tokyo
1033853,51554,poi_11,4b72774bf964a520b27b2de3,2018-04-03T05:27:00,-1.0,22.5,0.0,14.9,,Partially cloudy,Tokyo
1033907,51554,poi_1,4b5ecbf5f964a520fd9829e3,2018-06-08T17:25:00,5.6,21.9,0.002,5.5,rain,"Rain, Partially cloudy",Tokyo
1033907,51554,poi_2,4b6053cff964a520d8df29e3,2018-06-08T17:43:00,-1.0,21.6,1.073,4.0,rain,"Rain, Partially cloudy",Tokyo
1033907,51554,poi_3,4b62b939f964a52057502ae3,2018-06-08T18:12:00,-1.0,21.6,1.073,4.0,rain,"Rain, Partially cloudy",Tokyo
1033907,51554,poi_4,4b6a4598f964a52029d02be3,2018-06-08T18:44:00,6.2,21.9,0.0,5.5,,Partially cloudy,Tokyo
1033907,51554,poi_5,4c3285513896e21ee0b8e890,2018-06-08T18:59:00,-1.0,21.9,0.0,5.5,,Partially cloudy,Tokyo
1033907,51554,poi_6,4b0b3091f964a5205e2e23e3,2018-06-08T19:34:00,7.9,21.4,0.0,9.3,,Clear,Tokyo
1033907,51554,poi_7,526f7a1411d2a55308623dcb,2018-06-08T20:18:00,8.3,21.4,0.0,9.3,,Clear,Tokyo
1033907,51554,poi_8,4e24d1dc814dcc2663cb222a,2018-06-08T20:33:00,6.2,22.5,0.0,3.8,,Partially cloudy,Tokyo
1033907,51554,poi_9,4b72b420f964a52085842de3,2018-06-09T03:16:00,-1.0,31.1,0.0,5.7,,Partially cloudy,Tokyo
1033907,51554,poi_10,4b62b939f964a52057502ae3,2018-06-09T03:56:00,-1.0,30.6,0.0,16.3,,Partially cloudy,Tokyo
1033907,51554,poi_11,4b7b71a4f964a520db632fe3,2018-06-09T04:07:00,-1.0,30.6,0.0,16.3,,Partially cloudy,Tokyo
1033907,51554,poi_12,4b6053cff964a520d8df29e3,2018-06-09T04:22:00,-1.0,30.6,0.0,16.3,,Partially cloudy,Tokyo
1033907,51554,poi_13,4b5ecbf5f964a520fd9829e3,2018-06-09T04:55:00,5.6,29.7,0.0,11.0,,Clear,Tokyo
1033907,51554,poi_14,4b766665f964a520074b2ee3,2018-06-10T01:03:00,-1.0,20.2,0.0,9.6,,Overcast,Tokyo
1033907,51554,poi_15,56da9f43498e3643aa311565,2018-06-10T01:12:00,-1.0,20.2,0.0,9.6,,Overcast,Tokyo
1033911,51554,poi_1,4b74709af964a520c1dc2de3,2018-06-13T01:08:00,4.8,22.8,0.0,9.4,,Partially cloudy,Tokyo
1033911,51554,poi_2,4b0587a0f964a520479d22e3,2018-06-13T01:27:00,6.9,22.8,0.0,9.4,,Partially cloudy,Tokyo
1033911,51554,poi_3,4b848e91f964a520953b31e3,2018-06-13T04:46:00,-1.0,25.1,0.0,14.7,,Partially cloudy,Tokyo
1033911,51554,poi_4,4b7e6c7bf964a52091ec2fe3,2018-06-13T05:11:00,-1.0,25.1,0.0,14.7,,Partially cloudy,Tokyo
1033911,51554,poi_5,4b67ab11f964a5202d5a2be3,2018-06-13T05:16:00,-1.0,25.1,0.0,14.7,,Partially cloudy,Tokyo
1033911,51554,poi_6,4b79d5cbf964a5202a152fe3,2018-06-13T06:03:00,-1.0,24.2,0.0,13.0,,Partially cloudy,Tokyo
1033911,51554,poi_7,4b6053cff964a520d8df29e3,2018-06-13T06:22:00,-1.0,24.2,0.0,13.0,,Partially cloudy,Tokyo
1033911,51554,poi_8,4bc1618e2a89ef3b6a5df288,2018-06-13T06:48:00,-1.0,23.9,0.0,14.9,,Partially cloudy,Tokyo
1033911,51554,poi_9,4c8b3e6de51e6dcbd2c370de,2018-06-13T07:29:00,5.9,23.9,0.0,14.9,,Partially cloudy,Tokyo
1033911,51554,poi_10,4b74709af964a520c1dc2de3,2018-06-13T14:57:00,4.8,20.2,0.0,14.4,,Clear,Tokyo
1033911,51554,poi_11,57fde34c498e82564f596221,2018-06-13T15:22:00,-1.0,20.2,0.0,14.4,,Clear,Tokyo
1033911,51554,poi_12,4cd22f4b5b5ca35d481a86f0,2018-06-13T18:26:00,-1.0,19.4,0.0,12.9,,Partially cloudy,Tokyo
1033911,51554,poi_13,4b56643df964a520700e28e3,2018-06-13T20:44:00,-1.0,19.2,0.0,7.5,,Partially cloudy,Tokyo
1033915,51554,poi_1,5556e3f9498e49464441382c,2018-06-19T03:41:00,6.7,27.1,0.0,7.8,,Clear,Tokyo
1033915,51554,poi_2,55d32e3c498e4c0838e2b6c5,2018-06-19T06:27:00,6.3,27.2,0.0,12.8,,Partially cloudy,Tokyo
1033915,51554,poi_3,4db83d02cda105154123c4c4,2018-06-19T08:21:00,-1.0,25.7,0.0,11.2,,Clear,Tokyo
1033915,51554,poi_4,52d5147d498ece34a39c46c6,2018-06-19T08:32:00,-1.0,25.1,0.0,11.5,,Partially cloudy,Tokyo
1033915,51554,poi_5,4b557772f964a52013e527e3,2018-06-19T13:49:00,6.1,21.6,0.0,13.0,,Overcast,Tokyo
1033915,51554,poi_6,4b911bdbf964a52039a433e3,2018-06-19T19:04:00,4.9,20.8,0.002,9.3,rain,"Rain, Overcast",Tokyo
1033915,51554,poi_7,4b56643df964a520700e28e3,2018-06-19T20:53:00,-1.0,20.6,0.0,9.3,,Overcast,Tokyo
1033915,51554,poi_8,4b6a61e4f964a52005d42be3,2018-06-19T21:04:00,-1.0,20.6,0.0,9.3,,Overcast,Tokyo
1033915,51554,poi_9,4b751862f964a520c9fd2de3,2018-06-19T21:20:00,-1.0,20.6,0.0,9.3,,Overcast,Tokyo
1033915,51554,poi_10,4b5bfbfcf964a5201a2029e3,2018-06-19T21:34:00,8.6,20.3,0.017,13.0,rain,"Rain, Overcast",Tokyo
1033915,51554,poi_11,4b0587b9f964a52058a122e3,2018-06-19T21:46:00,7.6,20.3,0.017,13.0,rain,"Rain, Overcast",Tokyo
1033915,51554,poi_12,5370a6fc498edbc3df51303a,2018-06-19T22:20:00,5.2,20.3,0.017,13.0,rain,"Rain, Overcast",Tokyo
1033915,51554,poi_13,4b5ac819f964a52060d428e3,2018-06-20T00:34:00,7.8,21.1,0.062,9.4,rain,"Rain, Overcast",Tokyo
1331921,70515,poi_1,4b6f582ef964a52067ec2ce3,2017-10-20T23:10:00,5.3,15.9,0.004,7.7,rain,"Rain, Overcast",Tokyo
1331921,70515,poi_2,4b305ae0f964a5201ff924e3,2017-10-20T23:22:00,-1.0,15.9,0.004,7.7,rain,"Rain, Overcast",Tokyo
1331921,70515,poi_3,4b822d3ff964a5206dcc30e3,2017-10-20T23:31:00,6.3,16.1,5.785,9.4,rain,"Rain, Overcast",Tokyo
1331921,70515,poi_4,4b305ae0f964a5201ff924e3,2017-10-21T02:14:00,-1.0,16.7,0.009,9.6,rain,"Rain, Overcast",Tokyo
1331921,70515,poi_5,4b6a97d2f964a520a6d92be3,2017-10-21T02:31:00,-1.0,16.7,0.005,9.5,rain,"Rain, Overcast",Tokyo
1331921,70515,poi_6,4b9baed6f964a520cf1936e3,2017-10-21T02:56:00,-1.0,16.7,0.005,9.5,rain,"Rain, Overcast",Tokyo
1331921,70515,poi_7,4eb4fd12775b544c2717f677,2017-10-21T05:01:00,-1.0,17.1,0.009,7.7,rain,"Rain, Overcast",Tokyo
1331921,70515,poi_8,4b62a048f964a520454d2ae3,2017-10-21T05:27:00,6.7,17.1,0.009,7.7,rain,"Rain, Overcast",Tokyo
1331921,70515,poi_9,4b5bab10f964a520e00e29e3,2017-10-21T16:31:00,5.9,17.1,0.013,9.5,rain,"Rain, Overcast",Tokyo
1331921,70515,poi_10,4b6053cff964a520d8df29e3,2017-10-21T16:39:00,-1.0,17.1,0.013,9.5,rain,"Rain, Overcast",Tokyo
1331921,70515,poi_11,4b74e8caf964a520b1f72de3,2017-10-21T16:52:00,-1.0,17.1,0.013,9.5,rain,"Rain, Overcast",Tokyo
1331921,70515,poi_12,4b72722ef964a520237b2de3,2017-10-21T16:54:00,-1.0,17.1,0.013,9.5,rain,"Rain, Overcast",Tokyo
1331921,70515,poi_13,4b305ae0f964a5201ff924e3,2017-10-21T17:02:00,-1.0,17.1,0.013,9.5,rain,"Rain, Overcast",Tokyo
1331921,70515,poi_14,53587f39498e4549709f4e6b,2017-10-21T17:16:00,7.0,17.1,0.013,9.5,rain,"Rain, Overcast",Tokyo
1331921,70515,poi_15,4b822d3ff964a5206dcc30e3,2017-10-21T19:51:00,6.3,17.2,0.021,9.7,rain,"Rain, Overcast",Tokyo
1331921,70515,poi_16,4b61375ff964a5202d0d2ae3,2017-10-21T22:37:00,-1.0,17.6,0.034,8.0,rain,"Rain, Overcast",Tokyo
1331921,70515,poi_17,4b305ae0f964a5201ff924e3,2017-10-22T02:40:00,-1.0,17.9,0.093,13.2,rain,"Rain, Overcast",Tokyo
1331921,70515,poi_18,52be7214498e8d3182c340f8,2017-10-22T03:08:00,6.5,17.9,0.093,13.2,rain,"Rain, Overcast",Tokyo
1331941,70515,poi_1,4b751862f964a520c9fd2de3,2017-12-15T15:56:00,-1.0,4.2,0.0,9.3,,Partially cloudy,Tokyo
1331941,70515,poi_2,4b8fc190f964a520926033e3,2017-12-15T16:00:00,6.4,4.2,0.0,9.3,,Partially cloudy,Tokyo
1331941,70515,poi_3,4b926e26f964a52002f933e3,2017-12-15T17:06:00,5.7,4.2,0.0,7.6,,Clear,Tokyo
1331941,70515,poi_4,4bd11c1e41b9ef3b8a8dfbe5,2017-12-15T21:08:00,5.6,2.4,0.0,3.8,,Partially cloudy,Tokyo
1331941,70515,poi_5,4b6c0307f964a5208c1f2ce3,2017-12-15T21:54:00,6.5,2.7,0.0,5.4,,Clear,Tokyo
1331941,70515,poi_6,4fa3574a121df8dabaf60d8b,2017-12-15T22:39:00,6.2,5.3,0.0,5.4,,Clear,Tokyo
1331941,70515,poi_7,4f196946e4b0aed171c01b69,2017-12-15T22:53:00,-1.0,5.3,0.0,5.4,,Clear,Tokyo
1331941,70515,poi_8,4fa3574a121df8dabaf60d8b,2017-12-16T00:28:00,6.2,7.1,0.0,3.5,,Partially cloudy,Tokyo
1331941,70515,poi_9,4b62a048f964a520454d2ae3,2017-12-16T00:50:00,6.7,8.6,0.0,3.6,,Clear,Tokyo
1331941,70515,poi_10,4bc03ca7920eb713d6b6182c,2017-12-16T01:14:00,-1.0,8.6,0.0,3.6,,Clear,Tokyo
1331941,70515,poi_11,594f261335811b3c06ca7e53,2017-12-16T02:00:00,-1.0,10.4,0.0,3.6,,Clear,Tokyo
1331941,70515,poi_12,4b62a048f964a520454d2ae3,2017-12-16T04:31:00,6.7,12.9,0.0,4.2,,Clear,Tokyo
1331945,70515,poi_1,4fa3574a121df8dabaf60d8b,2017-12-22T21:35:00,6.2,1.7,0.0,5.5,,Clear,Tokyo
1331945,70515,poi_2,4b30b5b8f964a52015fb24e3,2017-12-22T23:36:00,-1.0,6.6,0.0,5.4,,Clear,Tokyo
1331945,70515,poi_3,4bcaae810687ef3ba792dccc,2017-12-23T00:58:00,-1.0,8.8,0.0,7.6,,Clear,Tokyo
1331945,70515,poi_4,4b727694f964a520917b2de3,2017-12-23T04:33:00,-1.0,13.0,0.0,7.6,,Clear,Tokyo
1331945,70515,poi_5,4b6053cff964a520d8df29e3,2017-12-23T04:46:00,-1.0,13.0,0.0,7.6,,Clear,Tokyo
1331945,70515,poi_6,4b557772f964a52013e527e3,2017-12-23T04:55:00,6.1,13.0,0.0,7.6,,Clear,Tokyo
1331945,70515,poi_7,4b7e7a93f964a520c4ee2fe3,2017-12-23T14:14:00,5.1,6.2,0.0,3.7,,Clear,Tokyo
1331945,70515,poi_8,4b555591f964a520d7e127e3,2017-12-23T14:48:00,5.1,5.6,0.0,3.7,,Clear,Tokyo
1331945,70515,poi_9,54d5e6df498e26210901551b,2017-12-23T17:19:00,-1.0,5.6,0.0,7.5,,Clear,Tokyo
1331945,70515,poi_10,59128f4e464d65429ce53b77,2017-12-23T19:57:00,-1.0,4.6,0.0,5.5,,Partially cloudy,Tokyo
1331945,70515,poi_11,4b7e7a93f964a520c4ee2fe3,2017-12-23T22:17:00,5.1,4.7,0.0,9.2,,Overcast,Tokyo
1331945,70515,poi_12,4b62a048f964a520454d2ae3,2017-12-23T22:25:00,6.7,4.7,0.0,9.2,,Overcast,Tokyo
1331945,70515,poi_13,56962f6a498ec0def40b137d,2017-12-23T22:58:00,-1.0,5.5,0.0,7.5,,Partially cloudy,Tokyo
1331965,70515,poi_1,4b6954c7f964a520fd9e2be3,2018-02-09T18:34:00,5.0,1.8,0.0,9.3,,Clear,Tokyo
1331965,70515,poi_2,5a387d732632ec0374ee7634,2018-02-09T18:58:00,8.7,1.8,0.0,9.3,,Clear,Tokyo
1331965,70515,poi_3,582fd203fbe8ff7800e29f16,2018-02-09T19:26:00,6.8,1.8,0.0,9.3,,Clear,Tokyo
1331965,70515,poi_4,4b72e30ef964a520908d2de3,2018-02-09T20:26:00,5.1,0.6,0.0,7.6,,Clear,Tokyo
1331965,70515,poi_5,4b62a048f964a520454d2ae3,2018-02-10T01:40:00,6.7,6.7,0.0,3.7,,Partially cloudy,Tokyo
1331965,70515,poi_6,4fa3574a121df8dabaf60d8b,2018-02-10T02:04:00,6.2,6.7,0.0,3.7,,Partially cloudy,Tokyo
1331965,70515,poi_7,56db8f7dcd10cc14537d5897,2018-02-10T02:26:00,6.7,6.7,0.0,3.7,,Partially cloudy,Tokyo
1331965,70515,poi_8,4b62a048f964a520454d2ae3,2018-02-10T19:37:00,6.7,5.6,0.0,7.4,,Partially cloudy,Tokyo
1331965,70515,poi_9,5a387d732632ec0374ee7634,2018-02-10T20:18:00,8.7,5.6,0.0,7.4,,Partially cloudy,Tokyo
1331965,70515,poi_10,4b62a048f964a520454d2ae3,2018-02-10T20:48:00,6.7,6.3,0.0,7.6,,Overcast,Tokyo
1331965,70515,poi_11,4fa3574a121df8dabaf60d8b,2018-02-10T21:14:00,6.2,6.3,0.0,7.6,,Overcast,Tokyo
1331965,70515,poi_12,4ce62908595cb1f75ac4ba14,2018-02-10T21:15:00,5.9,6.3,0.0,7.6,,Overcast,Tokyo
1331965,70515,poi_13,4f196946e4b0aed171c01b69,2018-02-10T21:31:00,-1.0,6.6,0.0,5.4,,Partially cloudy,Tokyo
1331965,70515,poi_14,4b52c581f964a520c28727e3,2018-02-10T22:51:00,-1.0,8.1,0.0,10.9,,Clear,Tokyo
1331965,70515,poi_15,4b64fbc9f964a520b0dd2ae3,2018-02-10T23:19:00,-1.0,8.1,0.0,10.9,,Clear,Tokyo
1331965,70515,poi_16,50152740e4b09cb7e01366b1,2018-02-10T23:39:00,-1.0,10.0,0.0,5.3,,Partially cloudy,Tokyo
1331965,70515,poi_17,577cddfa498e525fda98d8cb,2018-02-11T03:27:00,5.9,12.7,0.0,3.9,,Partially cloudy,Tokyo
1331965,70515,poi_18,4b62a048f964a520454d2ae3,2018-02-11T06:15:00,6.7,12.7,0.0,9.4,,Partially cloudy,Tokyo
1331983,70515,poi_1,4b6c0307f964a5208c1f2ce3,2018-04-21T15:45:00,6.5,15.2,0.0,5.7,,Clear,Tokyo
1331983,70515,poi_2,4b67a5c4f964a52069592be3,2018-04-21T15:53:00,7.0,15.2,0.0,5.7,,Clear,Tokyo
1331983,70515,poi_3,521840d311d242c0603e3e50,2018-04-21T16:28:00,-1.0,15.2,0.0,5.7,,Clear,Tokyo
1331983,70515,poi_4,4b67a5c4f964a52069592be3,2018-04-21T17:39:00,7.0,14.9,0.0,5.6,,Clear,Tokyo
1331983,70515,poi_5,4b678b3bf964a52090542be3,2018-04-21T17:55:00,6.4,14.9,0.0,5.6,,Clear,Tokyo
1331983,70515,poi_6,4b6e3e46f964a520e2b32ce3,2018-04-21T18:00:00,5.7,14.9,0.0,5.6,,Clear,Tokyo
1331983,70515,poi_7,4b6ea551f964a5201fc52ce3,2018-04-21T18:12:00,5.7,14.9,0.0,5.6,,Clear,Tokyo
1331983,70515,poi_8,4e3cf020d4c058f9dbfebf98,2018-04-21T18:19:00,8.6,14.9,0.0,5.6,,Clear,Tokyo
1331983,70515,poi_9,4b6ea551f964a5201fc52ce3,2018-04-21T19:50:00,5.7,14.2,0.0,3.8,,Clear,Tokyo
1331983,70515,poi_10,4b6e3e46f964a520e2b32ce3,2018-04-21T20:00:00,5.7,14.2,0.0,3.8,,Clear,Tokyo
1331983,70515,poi_11,4b678b3bf964a52090542be3,2018-04-21T20:04:00,6.4,14.2,0.0,3.8,,Clear,Tokyo
1331983,70515,poi_12,4b62a048f964a520454d2ae3,2018-04-21T20:11:00,6.7,14.2,0.0,3.8,,Clear,Tokyo
1331983,70515,poi_13,50e3c1cae4b070c0451c29d5,2018-04-21T20:25:00,6.5,14.2,0.0,3.8,,Clear,Tokyo
1331983,70515,poi_14,571c204b498ea39980824d40,2018-04-21T23:06:00,7.6,21.6,0.0,7.6,,Clear,Tokyo
1331983,70515,poi_15,4b0587a6f964a5203e9e22e3,2018-04-22T05:10:00,7.9,27.5,0.0,11.4,,Clear,Tokyo
1331996,70515,poi_1,4b5bab10f964a520e00e29e3,2018-06-16T02:56:00,5.9,17.5,0.0,12.9,,Partially cloudy,Tokyo
1331996,70515,poi_2,4b3d8ca3f964a520689525e3,2018-06-16T15:49:00,5.5,15.6,0.0,5.4,,Overcast,Tokyo
1331996,70515,poi_3,4b17d66cf964a520b7c823e3,2018-06-16T16:09:00,6.2,15.6,0.0,5.4,,Overcast,Tokyo
1331996,70515,poi_4,4b642213f964a52090a02ae3,2018-06-16T17:29:00,7.3,15.6,0.0,5.4,,Overcast,Tokyo
1331996,70515,poi_5,520ba46011d28a47da9369bc,2018-06-16T20:42:00,5.3,16.0,0.0,5.3,,Overcast,Tokyo
1331996,70515,poi_6,4b17d66cf964a520b7c823e3,2018-06-16T23:28:00,6.2,17.1,0.0,7.4,,Overcast,Tokyo
1331996,70515,poi_7,4b5ecbf5f964a520fd9829e3,2018-06-16T23:40:00,5.6,17.7,0.0,7.5,,Overcast,Tokyo
1331996,70515,poi_8,4b678b3bf964a52090542be3,2018-06-16T23:59:00,6.4,17.7,0.0,7.5,,Overcast,Tokyo
1331996,70515,poi_9,4b6929aaf964a520ad9a2be3,2018-06-17T00:12:00,5.7,17.7,0.0,7.5,,Overcast,Tokyo
1331996,70515,poi_10,5a9d1029054e29285d3a56af,2018-06-17T01:12:00,-1.0,19.0,0.0,5.5,,Overcast,Tokyo
1331996,70515,poi_11,51df440f498e6638a6b39b01,2018-06-17T06:02:00,-1.0,22.1,0.0,11.3,,Partially cloudy,Tokyo
1332001,70515,poi_1,56962f6a498ec0def40b137d,2018-07-09T13:45:00,-1.0,26.6,0.0,16.4,,Overcast,Tokyo
1332001,70515,poi_2,4b56e846f964a520d71e28e3,2018-07-09T13:55:00,-1.0,26.6,0.0,16.4,,Overcast,Tokyo
1332001,70515,poi_3,4b62a048f964a520454d2ae3,2018-07-09T15:47:00,6.7,26.1,0.0,9.4,,Clear,Tokyo
1332001,70515,poi_4,4b17d66cf964a520b7c823e3,2018-07-09T21:36:00,6.2,27.3,0.0,7.6,,Clear,Tokyo
1332001,70515,poi_5,5135c1bbe4b0df99173a08f8,2018-07-09T21:50:00,8.1,27.3,0.0,7.6,,Clear,Tokyo
1332001,70515,poi_6,51187797e4b07949c9069c19,2018-07-09T22:20:00,6.7,27.3,0.0,7.6,,Clear,Tokyo
1332001,70515,poi_7,4b0587b3f964a52072a022e3,2018-07-10T00:06:00,8.3,30.5,0.0,11.1,,Partially cloudy,Tokyo
1332001,70515,poi_8,51187797e4b07949c9069c19,2018-07-10T01:00:00,6.7,30.6,0.0,14.7,,Clear,Tokyo
1332001,70515,poi_9,4b17d66cf964a520b7c823e3,2018-07-10T03:22:00,6.2,31.6,0.0,18.2,,Partially cloudy,Tokyo
1332001,70515,poi_10,4b5ecbf5f964a520fd9829e3,2018-07-10T03:43:00,5.6,31.6,0.0,18.4,,Partially cloudy,Tokyo
1332001,70515,poi_11,4b62a048f964a520454d2ae3,2018-07-10T03:46:00,6.7,31.6,0.0,18.4,,Partially cloudy,Tokyo
1332006,70515,poi_1,579359af498eaf4ca98897fa,2018-08-03T14:15:00,-1.0,28.3,0.0,9.3,,Partially cloudy,Tokyo
1332006,70515,poi_2,4b56e846f964a520d71e28e3,2018-08-03T14:23:00,-1.0,28.3,0.0,9.3,,Partially cloudy,Tokyo
1332006,70515,poi_3,4b62a048f964a520454d2ae3,2018-08-03T16:18:00,6.7,27.6,0.0,7.6,,Partially cloudy,Tokyo
1332006,70515,poi_4,4b19f917f964a520abe623e3,2018-08-03T16:37:00,7.8,26.7,0.0,5.4,,Clear,Tokyo
1332006,70515,poi_5,4b6a97d2f964a520a6d92be3,2018-08-03T16:39:00,-1.0,26.7,0.0,5.4,,Clear,Tokyo
1332006,70515,poi_6,4b305b8af964a52022f924e3,2018-08-03T18:00:00,-1.0,26.8,0.0,3.7,,Partially cloudy,Tokyo
1332006,70515,poi_7,4da24d7022a5f04d227a0e55,2018-08-03T18:21:00,4.8,26.8,0.0,3.7,,Partially cloudy,Tokyo
1332006,70515,poi_8,4beb7b0661aca593a12e8500,2018-08-03T19:26:00,7.0,27.0,0.0,5.5,,Overcast,Tokyo
1332006,70515,poi_9,5359cf85498e7777e7edbab4,2018-08-04T02:31:00,7.4,32.5,0.0,11.0,,Partially cloudy,Tokyo
1332006,70515,poi_10,4b5e3de5f964a520b58529e3,2018-08-04T03:51:00,-1.0,33.6,0.0,11.1,,Partially cloudy,Tokyo
1332006,70515,poi_11,4cb139ed562d224bf38b1d88,2018-08-04T03:56:00,5.3,33.6,0.0,11.1,,Partially cloudy,Tokyo
1332006,70515,poi_12,4b0587a6f964a5203e9e22e3,2018-08-04T04:05:00,7.9,33.6,0.0,11.1,,Partially cloudy,Tokyo
1332006,70515,poi_13,52c95988498ec790c154c918,2018-08-04T04:21:00,-1.0,33.6,0.0,11.1,,Partially cloudy,Tokyo
1332008,70515,poi_1,56962f6a498ec0def40b137d,2018-08-11T13:23:00,-1.0,27.2,0.0,3.7,,Partially cloudy,Tokyo
1332008,70515,poi_2,4b62a048f964a520454d2ae3,2018-08-11T13:28:00,6.7,27.2,0.0,3.7,,Partially cloudy,Tokyo
1332008,70515,poi_3,4b19f87df964a520a4e623e3,2018-08-11T13:58:00,5.9,27.2,0.0,9.2,,Partially cloudy,Tokyo
1332008,70515,poi_4,4b9308fff964a5205b3034e3,2018-08-11T14:07:00,7.6,27.2,0.0,9.2,,Partially cloudy,Tokyo
1332008,70515,poi_5,4cb139ed562d224bf38b1d88,2018-08-11T14:58:00,5.3,27.2,0.0,5.6,,Partially cloudy,Tokyo
1332008,70515,poi_6,541946e7498e50aff8cc9184,2018-08-11T15:06:00,5.7,27.2,0.0,5.6,,Partially cloudy,Tokyo
1332008,70515,poi_7,4b600990f964a520e3d329e3,2018-08-11T17:41:00,6.1,26.6,0.148,9.3,rain,"Rain, Overcast",Tokyo
1332008,70515,poi_8,4b0587a6f964a5203e9e22e3,2018-08-11T17:50:00,7.9,26.6,0.148,9.3,rain,"Rain, Overcast",Tokyo
1332008,70515,poi_9,4b0587a6f964a5203d9e22e3,2018-08-11T18:05:00,7.1,26.6,0.148,9.3,rain,"Rain, Overcast",Tokyo
1332008,70515,poi_10,5b59294d4aa3f8002cc061f5,2018-08-11T18:20:00,8.2,26.6,0.148,9.3,rain,"Rain, Overcast",Tokyo
1332008,70515,poi_11,4b62a048f964a520454d2ae3,2018-08-11T18:52:00,6.7,26.6,0.023,7.7,rain,"Rain, Overcast",Tokyo
1332008,70515,poi_12,4b6c0307f964a5208c1f2ce3,2018-08-11T19:03:00,6.5,26.6,0.023,7.7,rain,"Rain, Overcast",Tokyo
1332008,70515,poi_13,4b55c9f9f964a52011f027e3,2018-08-11T19:12:00,6.3,26.6,0.023,7.7,rain,"Rain, Overcast",Tokyo
1332008,70515,poi_14,4b555591f964a520d7e127e3,2018-08-11T19:14:00,5.1,26.6,0.023,7.7,rain,"Rain, Overcast",Tokyo
1332008,70515,poi_15,4bab3456f964a5204d993ae3,2018-08-11T21:22:00,-1.0,26.3,0.0,3.8,,Overcast,Tokyo
1332008,70515,poi_16,4b6c0307f964a5208c1f2ce3,2018-08-12T04:39:00,6.5,29.1,0.0,5.4,,Partially cloudy,Tokyo
1332008,70515,poi_17,4b911bdbf964a52039a433e3,2018-08-12T04:52:00,4.9,29.1,0.0,5.4,,Partially cloudy,Tokyo
1332008,70515,poi_18,4b6e3e46f964a520e2b32ce3,2018-08-12T19:03:00,5.7,27.0,0.0,5.5,,Partially cloudy,Tokyo
1332008,70515,poi_19,4b678b3bf964a52090542be3,2018-08-12T19:12:00,6.4,27.0,0.0,5.5,,Partially cloudy,Tokyo
1332008,70515,poi_20,4b4fc05df964a520001427e3,2018-08-12T19:20:00,5.7,27.0,0.0,5.5,,Partially cloudy,Tokyo
1332008,70515,poi_21,52ba993e11d24f6abd6455ed,2018-08-12T20:07:00,7.0,26.3,0.0,3.7,,Partially cloudy,Tokyo
1332008,70515,poi_22,4b592a01f964a520be7f28e3,2018-08-13T00:40:00,-1.0,30.5,0.0,3.8,,Clear,Tokyo
1332008,70515,poi_23,4b678b3bf964a52090542be3,2018-08-13T14:31:00,6.4,24.9,0.0,7.6,,Clear,Tokyo
1332008,70515,poi_24,4b0587a6f964a5203e9e22e3,2018-08-13T15:00:00,7.9,24.9,0.0,7.6,,Clear,Tokyo
1332008,70515,poi_25,4b792714f964a52018ed2ee3,2018-08-13T15:39:00,7.6,25.1,0.0,5.5,,Clear,Tokyo
1332009,70515,poi_1,56962f6a498ec0def40b137d,2018-08-17T13:15:00,-1.0,23.1,0.0,11.4,,Clear,Tokyo
1332009,70515,poi_2,4b62a048f964a520454d2ae3,2018-08-17T13:53:00,6.7,22.8,0.0,9.5,,Clear,Tokyo
1332009,70515,poi_3,4b093eeff964a520e51423e3,2018-08-17T13:59:00,6.7,22.8,0.0,9.5,,Clear,Tokyo
1332009,70515,poi_4,50152740e4b09cb7e01366b1,2018-08-17T14:08:00,-1.0,22.8,0.0,9.5,,Clear,Tokyo
1332009,70515,poi_5,4b0587bbf964a5209ea122e3,2018-08-17T16:53:00,7.8,21.1,0.0,5.5,,Clear,Tokyo
1332009,70515,poi_6,4b604241f964a52054dc29e3,2018-08-17T21:26:00,-1.0,19.6,0.0,9.2,,Partially cloudy,Tokyo
1332009,70515,poi_7,4b7139d5f964a520413d2de3,2018-08-17T23:20:00,-1.0,22.3,0.0,5.5,,Clear,Tokyo
1332009,70515,poi_8,4b90a929f964a5208e9333e3,2018-08-18T00:01:00,-1.0,23.6,0.0,9.4,,Partially cloudy,Tokyo
1332009,70515,poi_9,4bfd3b024cf820a1b81cecf4,2018-08-18T03:29:00,5.4,25.6,0.0,12.8,,Partially cloudy,Tokyo
1332009,70515,poi_10,4d5c6961ff226a31e30b7769,2018-08-18T05:05:00,5.9,25.9,0.0,16.4,,Clear,Tokyo
1332009,70515,poi_11,4b62a048f964a520454d2ae3,2018-08-18T05:45:00,6.7,25.2,0.0,16.5,,Partially cloudy,Tokyo
1332009,70515,poi_12,4b3d8ca3f964a520689525e3,2018-08-18T14:51:00,5.5,20.1,0.0,3.8,,Clear,Tokyo
1332009,70515,poi_13,4b91d626f964a520afda33e3,2018-08-18T14:56:00,5.4,20.1,0.0,3.8,,Clear,Tokyo
1332009,70515,poi_14,4b652379f964a520ebe52ae3,2018-08-18T15:02:00,5.5,20.1,0.0,3.8,,Clear,Tokyo
1332009,70515,poi_15,4db655f4f7b121c29f710c35,2018-08-18T15:13:00,6.7,20.1,0.0,3.8,,Clear,Tokyo
1332009,70515,poi_16,4b765f02f964a520c4492ee3,2018-08-18T18:05:00,6.7,19.6,0.0,5.4,,Partially cloudy,Tokyo
1332009,70515,poi_17,5006bf0de4b0ecb4543dce5c,2018-08-18T21:05:00,8.5,20.0,0.0,5.6,,Clear,Tokyo
1332009,70515,poi_18,4b765f02f964a520c4492ee3,2018-08-18T22:39:00,6.7,23.6,0.0,5.4,,Clear,Tokyo
1332009,70515,poi_19,4cd36a3c9828b60ca59bd584,2018-08-19T02:22:00,-1.0,27.1,0.0,12.9,,Partially cloudy,Tokyo
1332009,70515,poi_20,4b652379f964a520ebe52ae3,2018-08-19T04:21:00,5.5,27.1,0.0,9.3,,Partially cloudy,Tokyo
1332009,70515,poi_21,4b91d626f964a520afda33e3,2018-08-19T04:32:00,5.4,27.6,0.0,11.0,,Clear,Tokyo
1332009,70515,poi_22,4b3d8ca3f964a520689525e3,2018-08-19T04:35:00,5.5,27.6,0.0,11.0,,Clear,Tokyo
1332021,70515,poi_1,4fa3574a121df8dabaf60d8b,2018-10-06T11:00:00,6.2,25.6,0.0,18.5,,Partially cloudy,Tokyo
1332021,70515,poi_2,4b19f917f964a520abe623e3,2018-10-06T15:51:00,7.8,25.8,0.0,26.1,,Clear,Tokyo
1332021,70515,poi_3,4b6c0307f964a5208c1f2ce3,2018-10-06T16:23:00,6.5,25.8,0.0,26.1,,Clear,Tokyo
1332021,70515,poi_4,4b0587bbf964a5209ea122e3,2018-10-06T16:54:00,7.8,25.8,0.0,25.9,,Clear,Tokyo
1332021,70515,poi_5,4ea4e84c722ec75adf589740,2018-10-06T18:12:00,5.6,25.8,0.0,16.9,,Clear,Tokyo
1332021,70515,poi_6,4bf50942e5eba5933e472090,2018-10-06T20:12:00,-1.0,25.5,0.0,18.8,,Clear,Tokyo
1332021,70515,poi_7,4b555591f964a520d7e127e3,2018-10-06T22:44:00,5.1,27.5,0.0,16.9,,Clear,Tokyo
1332021,70515,poi_8,4e81a9ee5c5c06691439adb9,2018-10-07T00:17:00,-1.0,28.6,0.0,15.0,,Partially cloudy,Tokyo
1332021,70515,poi_9,4b05879ff964a520369d22e3,2018-10-07T00:32:00,7.4,29.8,0.0,11.5,,Clear,Tokyo
1332021,70515,poi_10,4d63c0fbbd2537046ff9d0c5,2018-10-07T02:37:00,-1.0,31.6,0.0,13.1,,Partially cloudy,Tokyo
1332021,70515,poi_11,4b6c0307f964a5208c1f2ce3,2018-10-07T03:44:00,6.5,32.1,0.0,13.0,,Clear,Tokyo
1332021,70515,poi_12,4e936240d5fbb6eb8ebccbd6,2018-10-07T03:54:00,4.7,32.1,0.0,13.0,,Clear,Tokyo
13693,716,poi_1,4cd64f4b7da9a35dac1aefb9,2017-10-08T20:01:00,-1.0,16.4,0.0,5.4,,Partially cloudy,Tokyo
13693,716,poi_2,4bb95bce3db7b7139344229a,2017-10-08T20:20:00,6.8,16.4,0.0,5.4,,Partially cloudy,Tokyo
13693,716,poi_3,4b7cb1f2f964a520a3a12fe3,2017-10-08T20:48:00,6.5,16.6,0.0,3.7,,Clear,Tokyo
13693,716,poi_4,4d22d95dbdd7a09352c500cf,2017-10-08T21:49:00,-1.0,18.6,0.0,1.9,,Partially cloudy,Tokyo
13693,716,poi_5,4b556e1ef964a52016e427e3,2017-10-08T21:51:00,8.3,18.6,0.0,1.9,,Partially cloudy,Tokyo
13693,716,poi_6,4b871d7cf964a5206bb131e3,2017-10-08T21:57:00,7.1,18.6,0.0,1.9,,Partially cloudy,Tokyo
13693,716,poi_7,4ba71969f964a520ca8039e3,2017-10-08T22:13:00,5.8,18.6,0.0,1.9,,Partially cloudy,Tokyo
13693,716,poi_8,4b7a69a5f964a520292c2fe3,2017-10-08T22:25:00,8.0,18.6,0.0,1.9,,Partially cloudy,Tokyo
13693,716,poi_9,4dd0f72c22718eed7a746bce,2017-10-08T22:45:00,7.3,20.1,0.0,5.4,,Partially cloudy,Tokyo
13693,716,poi_10,4da823a704376c33688007d9,2017-10-09T02:22:00,6.6,23.8,0.0,3.7,,Clear,Tokyo
13693,716,poi_11,572577ab498e8d0ac2c25833,2017-10-09T05:25:00,-1.0,24.9,0.0,12.8,,Clear,Tokyo
13712,716,poi_1,4b6a9596f964a52050d92be3,2017-11-04T18:53:00,8.7,11.6,0.0,16.3,,Clear,Tokyo
13712,716,poi_2,57c28769498e382e5474504d,2017-11-04T19:09:00,-1.0,11.6,0.0,16.3,,Clear,Tokyo
13712,716,poi_3,4b267bacf964a520297c24e3,2017-11-04T19:32:00,9.3,11.3,0.0,14.4,,Clear,Tokyo
13712,716,poi_4,4b5fb61cf964a52075c929e3,2017-11-04T20:03:00,5.7,11.3,0.0,14.4,,Clear,Tokyo
13712,716,poi_5,4b55d735f964a52055f227e3,2017-11-04T20:43:00,8.1,10.3,0.0,10.8,,Clear,Tokyo
13712,716,poi_6,4bc9862968f976b0e1775d83,2017-11-05T00:00:00,7.9,14.1,0.0,14.8,,Clear,Tokyo
13712,716,poi_7,53db634d498e2c14887fa19e,2017-11-05T00:07:00,-1.0,14.1,0.0,14.8,,Clear,Tokyo
13712,716,poi_8,4b5690c8f964a520561528e3,2017-11-05T00:16:00,-1.0,14.1,0.0,14.8,,Clear,Tokyo
13712,716,poi_9,4b5be388f964a520c91b29e3,2017-11-05T00:36:00,-1.0,15.6,0.0,12.9,,Clear,Tokyo
13712,716,poi_10,55c5b5af498e78725f22c6e4,2017-11-05T00:57:00,-1.0,15.6,0.0,12.9,,Clear,Tokyo
13712,716,poi_11,4b5be302f964a520ab1b29e3,2017-11-05T02:45:00,7.2,17.1,0.0,9.5,,Clear,Tokyo
13874,716,poi_1,4b267bacf964a520297c24e3,2018-04-20T17:41:00,9.3,13.6,0.0,1.9,,Clear,Tokyo
13874,716,poi_2,4bb95bce3db7b7139344229a,2018-04-20T18:09:00,6.8,13.6,0.0,1.9,,Clear,Tokyo
13874,716,poi_3,4ca815cd97c8a1cd53a781a5,2018-04-20T18:45:00,-1.0,13.4,0.0,5.3,,Clear,Tokyo
13874,716,poi_4,4b5690c8f964a520561528e3,2018-04-20T18:53:00,-1.0,13.4,0.0,5.3,,Clear,Tokyo
13874,716,poi_5,4b5be302f964a520ab1b29e3,2018-04-20T19:41:00,7.2,12.9,0.0,3.6,,Clear,Tokyo
13874,716,poi_6,506ffbe5e4b0997e4b9af852,2018-04-20T19:53:00,-1.0,12.9,0.0,3.6,,Clear,Tokyo
13874,716,poi_7,55c5b5af498e78725f22c6e4,2018-04-20T20:30:00,-1.0,12.9,0.0,3.6,,Clear,Tokyo
13874,716,poi_8,4e9e44f129c244b4ef0d5f9c,2018-04-21T01:50:00,6.4,24.6,0.0,20.6,,Clear,Tokyo
13874,716,poi_9,4b63ea8ef964a520f9962ae3,2018-04-21T06:02:00,8.5,23.7,0.0,18.3,,Clear,Tokyo
13874,716,poi_10,4df609fe18386ecb4e38dfd2,2018-04-21T06:57:00,8.9,23.4,0.0,18.5,,Clear,Tokyo
13874,716,poi_11,5343c9a4498e2ebcbb7f250a,2018-04-21T07:42:00,-1.0,22.1,0.0,15.0,,Clear,Tokyo
13874,716,poi_12,4be2dcb5b02ec9b6bdd94dc0,2018-04-21T08:30:00,6.5,22.1,0.0,15.0,,Clear,Tokyo
13910,716,poi_1,4b589946f964a520796028e3,2018-05-25T17:36:00,7.9,21.1,0.0,7.4,,Partially cloudy,Tokyo
13910,716,poi_2,4b7a69a5f964a520292c2fe3,2018-05-25T18:36:00,8.0,20.8,0.0,5.5,,Clear,Tokyo
13910,716,poi_3,4b7cb1f2f964a520a3a12fe3,2018-05-25T18:51:00,6.5,20.8,0.0,5.5,,Clear,Tokyo
13910,716,poi_4,4e50db3152b1e893ad6f1424,2018-05-25T20:40:00,-1.0,20.6,0.0,11.1,,Partially cloudy,Tokyo
13910,716,poi_5,55c5b5af498e78725f22c6e4,2018-05-25T20:50:00,-1.0,20.6,0.0,11.1,,Partially cloudy,Tokyo
13910,716,poi_6,5affec6fc9a517002cb7697d,2018-05-25T21:22:00,-1.0,20.6,0.0,11.1,,Partially cloudy,Tokyo
13910,716,poi_7,4bda7d7963c5c9b69e3e2468,2018-05-25T21:42:00,-1.0,20.8,0.0,7.6,,Clear,Tokyo
13910,716,poi_8,4b6c1dd9f964a520ac242ce3,2018-05-25T22:15:00,-1.0,20.8,0.0,7.6,,Clear,Tokyo
13910,716,poi_9,4b5661b6f964a520050e28e3,2018-05-25T22:41:00,8.6,21.8,0.0,11.0,,Clear,Tokyo
13910,716,poi_10,4b5690c8f964a520561528e3,2018-05-25T23:48:00,-1.0,22.9,0.0,9.3,,Partially cloudy,Tokyo
13910,716,poi_11,4b9dc30df964a520c8bc36e3,2018-05-26T00:18:00,-1.0,22.9,0.0,9.3,,Partially cloudy,Tokyo
13910,716,poi_12,506ffbe5e4b0997e4b9af852,2018-05-26T01:56:00,-1.0,23.4,0.0,11.2,,Partially cloudy,Tokyo
13910,716,poi_13,4b5be302f964a520ab1b29e3,2018-05-26T04:29:00,7.2,24.2,0.0,13.1,,Partially cloudy,Tokyo
13910,716,poi_14,4b5db1d5f964a5202f6729e3,2018-05-26T07:17:00,5.9,22.9,0.0,11.3,,Clear,Tokyo
13924,716,poi_1,4b6c1dd9f964a520ac242ce3,2018-06-08T18:50:00,-1.0,21.9,0.0,5.5,,Partially cloudy,Tokyo
13924,716,poi_2,4b289b08f964a520329424e3,2018-06-08T19:43:00,8.4,21.4,0.0,9.3,,Clear,Tokyo
13924,716,poi_3,4b5bef4bf964a520ea1d29e3,2018-06-08T20:15:00,9.3,21.4,0.0,9.3,,Clear,Tokyo
13924,716,poi_4,5459d416498e71dcc37c0932,2018-06-08T20:57:00,6.3,22.5,0.0,3.8,,Partially cloudy,Tokyo
13924,716,poi_5,4bda7d7963c5c9b69e3e2468,2018-06-08T21:21:00,-1.0,22.5,0.0,3.8,,Partially cloudy,Tokyo
13924,716,poi_6,4b7a69a5f964a520292c2fe3,2018-06-08T22:04:00,8.0,23.8,0.0,3.7,,Clear,Tokyo
13924,716,poi_7,4e50db3152b1e893ad6f1424,2018-06-08T22:37:00,-1.0,25.3,0.0,3.7,,Partially cloudy,Tokyo
13924,716,poi_8,5ae57ba7d3cce8002ca76098,2018-06-08T22:50:00,7.2,25.3,0.0,3.7,,Partially cloudy,Tokyo
13924,716,poi_9,558243e8498e5fc3cbd0e6e5,2018-06-09T00:44:00,-1.0,29.1,0.0,5.7,,Partially cloudy,Tokyo
13924,716,poi_10,55c5b5af498e78725f22c6e4,2018-06-09T03:03:00,-1.0,31.1,0.0,5.7,,Partially cloudy,Tokyo
13924,716,poi_11,4b5be302f964a520ab1b29e3,2018-06-09T05:37:00,7.2,29.2,0.0,9.6,,Partially cloudy,Tokyo
14001,716,poi_1,4b267bacf964a520297c24e3,2018-08-25T18:40:00,9.3,27.2,0.0,5.5,,Clear,Tokyo
14001,716,poi_2,4b5987f9f964a520618b28e3,2018-08-25T18:57:00,8.3,27.2,0.0,5.5,,Clear,Tokyo
14001,716,poi_3,4bb95bce3db7b7139344229a,2018-08-25T20:16:00,6.8,26.6,0.0,3.6,,Clear,Tokyo
14001,716,poi_4,4b7cb1f2f964a520a3a12fe3,2018-08-25T20:44:00,6.5,27.2,0.0,5.3,,Partially cloudy,Tokyo
14001,716,poi_5,4e50db3152b1e893ad6f1424,2018-08-25T21:44:00,-1.0,29.5,0.0,1.9,,Clear,Tokyo
14001,716,poi_6,4bd4032977b29c744c0b9282,2018-08-25T22:03:00,-1.0,29.5,0.0,1.9,,Clear,Tokyo
14001,716,poi_7,53db634d498e2c14887fa19e,2018-08-25T22:06:00,-1.0,29.5,0.0,1.9,,Clear,Tokyo
14001,716,poi_8,4bc9862968f976b0e1775d83,2018-08-25T22:14:00,7.9,29.5,0.0,1.9,,Clear,Tokyo
14001,716,poi_9,4b5690c8f964a520561528e3,2018-08-25T22:23:00,-1.0,29.5,0.0,1.9,,Clear,Tokyo
14001,716,poi_10,55c5b5af498e78725f22c6e4,2018-08-25T22:48:00,-1.0,31.3,0.0,3.7,,Clear,Tokyo
14001,716,poi_11,4b5be302f964a520ab1b29e3,2018-08-26T02:23:00,7.2,33.8,0.0,9.4,,Clear,Tokyo
14008,716,poi_1,4b267bacf964a520297c24e3,2018-09-01T18:37:00,9.3,21.2,0.008,11.1,rain,"Rain, Partially cloudy",Tokyo
14008,716,poi_2,4b5987f9f964a520618b28e3,2018-09-01T18:54:00,8.3,21.2,0.008,11.1,rain,"Rain, Partially cloudy",Tokyo
14008,716,poi_3,4bb95bce3db7b7139344229a,2018-09-01T20:09:00,6.8,21.2,0.0,9.4,,Overcast,Tokyo
14008,716,poi_4,4b7cb1f2f964a520a3a12fe3,2018-09-01T20:32:00,6.5,21.1,0.0,3.9,,Overcast,Tokyo
14008,716,poi_5,53db634d498e2c14887fa19e,2018-09-01T22:36:00,-1.0,21.6,0.09,7.7,rain,"Rain, Overcast",Tokyo
14008,716,poi_6,4bc9862968f976b0e1775d83,2018-09-01T22:45:00,7.9,21.6,0.09,7.7,rain,"Rain, Overcast",Tokyo
14008,716,poi_7,4b5690c8f964a520561528e3,2018-09-01T23:23:00,-1.0,21.6,0.09,7.7,rain,"Rain, Overcast",Tokyo
14008,716,poi_8,4b9dc30df964a520c8bc36e3,2018-09-01T23:43:00,-1.0,21.3,2.446,5.7,rain,"Rain, Overcast",Tokyo
14008,716,poi_9,4b5be388f964a520c91b29e3,2018-09-02T00:35:00,-1.0,21.2,0.021,5.7,rain,"Rain, Overcast",Tokyo
14008,716,poi_10,55c5b5af498e78725f22c6e4,2018-09-02T00:39:00,-1.0,21.2,0.021,5.7,rain,"Rain, Overcast",Tokyo
14008,716,poi_11,4b5be302f964a520ab1b29e3,2018-09-02T05:07:00,7.2,22.6,0.0,5.5,,Overcast,Tokyo
14031,716,poi_1,4b267bacf964a520297c24e3,2018-09-28T18:22:00,9.3,19.0,0.0,7.4,,Partially cloudy,Tokyo
14031,716,poi_2,4d9ef0859bf0a35df1f3040b,2018-09-28T19:03:00,6.4,18.2,0.0,2.1,,Partially cloudy,Tokyo
14031,716,poi_3,4bb95bce3db7b7139344229a,2018-09-29T18:53:00,6.8,17.1,0.07,5.7,rain,"Rain, Overcast",Tokyo
14031,716,poi_4,4b5987f9f964a520618b28e3,2018-09-29T19:09:00,8.3,17.1,0.07,5.7,rain,"Rain, Overcast",Tokyo
14031,716,poi_5,4ca815cd97c8a1cd53a781a5,2018-09-29T19:48:00,-1.0,17.3,0.053,9.5,rain,"Rain, Overcast",Tokyo
14031,716,poi_6,4b5690c8f964a520561528e3,2018-09-29T20:10:00,-1.0,17.3,0.053,9.5,rain,"Rain, Overcast",Tokyo
14031,716,poi_7,4b7cb1f2f964a520a3a12fe3,2018-09-29T20:57:00,6.5,17.5,0.03,7.9,rain,"Rain, Overcast",Tokyo
14031,716,poi_8,4b9dc30df964a520c8bc36e3,2018-09-29T21:39:00,-1.0,17.6,0.015,15.0,rain,"Rain, Overcast",Tokyo
14031,716,poi_9,4b5be388f964a520c91b29e3,2018-09-29T23:31:00,-1.0,18.2,15.85,13.1,rain,"Rain, Overcast",Tokyo
14031,716,poi_10,55c5b5af498e78725f22c6e4,2018-09-29T23:48:00,-1.0,18.2,15.85,13.1,rain,"Rain, Overcast",Tokyo
14031,716,poi_11,4b5be302f964a520ab1b29e3,2018-09-29T23:55:00,7.2,18.2,15.85,13.1,rain,"Rain, Overcast",Tokyo
1361220,72430,poi_1,4fa3574a121df8dabaf60d8b,2017-10-06T02:39:00,6.2,17.9,0.0,5.7,,Overcast,Tokyo
1361220,72430,poi_2,4bbac8b753649c742f7249fb,2017-10-06T02:44:00,-1.0,17.9,0.0,5.7,,Overcast,Tokyo
1361220,72430,poi_3,4e917657e5e8e9a917d2f2d3,2017-10-07T18:58:00,-1.0,17.7,0.0,5.4,,Overcast,Tokyo
1361220,72430,poi_4,4d11d79e1483b1f74b46913e,2017-10-20T18:09:00,-1.0,15.4,6.771,9.4,rain,"Rain, Overcast",Tokyo
1361220,72430,poi_5,4fa3574a121df8dabaf60d8b,2017-10-21T19:15:00,6.2,17.2,0.026,8.0,rain,"Rain, Overcast",Tokyo
1361220,72430,poi_6,4cc1557e1da0a1cd235999c6,2017-10-21T19:33:00,-1.0,17.2,0.021,9.7,rain,"Rain, Overcast",Tokyo
1361220,72430,poi_7,4bcc3d4468f976b0963a6283,2017-10-21T21:31:00,8.6,17.7,0.031,8.0,rain,"Rain, Overcast",Tokyo
1361220,72430,poi_8,4bcd872fcc8cd13af2a4c2cf,2017-10-22T02:35:00,6.8,17.9,0.093,13.2,rain,"Rain, Overcast",Tokyo
1361220,72430,poi_9,4fa3574a121df8dabaf60d8b,2017-10-27T20:25:00,6.2,14.1,0.0,7.7,,Overcast,Tokyo
1361220,72430,poi_10,526c7f5c498eaebe66d296ac,2017-10-28T02:29:00,6.1,15.8,0.0,9.5,,Overcast,Tokyo
1361220,72430,poi_11,4fa3574a121df8dabaf60d8b,2017-11-08T23:32:00,6.2,16.6,0.0,20.7,,Clear,Tokyo
1361220,72430,poi_12,4b5e8743f964a520c39129e3,2017-11-08T23:45:00,6.7,16.6,0.0,20.7,,Clear,Tokyo
1361223,72430,poi_1,4fa3574a121df8dabaf60d8b,2017-11-18T19:53:00,6.2,7.4,0.0,15.0,,Clear,Tokyo
1361223,72430,poi_2,5029d3e28055bcd858f0aa89,2017-11-18T19:59:00,5.0,7.4,0.0,15.0,,Clear,Tokyo
1361223,72430,poi_3,4e6bfc50b61c739ba85c1453,2017-11-18T20:19:00,-1.0,7.4,0.0,15.0,,Clear,Tokyo
1361223,72430,poi_4,53edc476498e5c7f3c3baff9,2017-11-18T21:44:00,7.2,6.7,0.0,13.3,,Partially cloudy,Tokyo
1361223,72430,poi_5,5059b01be4b0f81bab713ef5,2017-11-18T22:41:00,-1.0,7.6,0.0,11.4,,Clear,Tokyo
1361223,72430,poi_6,4b0587a1f964a5209b9d22e3,2017-11-24T19:47:00,9.2,4.1,0.0,2.1,,Clear,Tokyo
1361223,72430,poi_7,4b8b948ef964a5205fa332e3,2017-11-24T21:02:00,8.7,3.9,0.0,3.7,,Clear,Tokyo
1361223,72430,poi_8,4b582bf5f964a520da4c28e3,2017-11-25T00:03:00,5.6,10.1,0.0,5.4,,Clear,Tokyo
1361223,72430,poi_9,4b6a97d2f964a520a6d92be3,2017-11-25T00:48:00,-1.0,11.2,0.0,9.1,,Clear,Tokyo
1361223,72430,poi_10,4fa3574a121df8dabaf60d8b,2017-12-08T20:22:00,6.2,2.7,0.0,9.3,,Clear,Tokyo
1361223,72430,poi_11,5763c073498e91e5126bbab9,2017-12-08T21:42:00,-1.0,2.8,0.0,5.5,,Clear,Tokyo
1361223,72430,poi_12,4fa3574a121df8dabaf60d8b,2017-12-08T22:11:00,6.2,2.8,0.0,5.5,,Clear,Tokyo
1361223,72430,poi_13,4b5ef219f964a520569f29e3,2017-12-08T22:19:00,5.8,2.8,0.0,5.5,,Clear,Tokyo
1361223,72430,poi_14,4c4bb11b42b4d13a33db027f,2017-12-08T22:36:00,5.5,4.8,0.0,9.4,,Clear,Tokyo
1361223,72430,poi_15,4b58f1a9f964a5209c7428e3,2017-12-09T01:29:00,4.7,7.5,0.0,13.0,,Clear,Tokyo
1361223,72430,poi_16,5485828d498e94b4fa5d6468,2017-12-09T01:59:00,6.2,8.4,0.0,9.4,,Clear,Tokyo
1361227,72430,poi_1,4cc1557e1da0a1cd235999c6,2017-12-23T01:13:00,-1.0,8.8,0.0,7.6,,Clear,Tokyo
1361227,72430,poi_2,4bcd872fcc8cd13af2a4c2cf,2017-12-23T02:23:00,6.8,10.6,0.0,7.5,,Clear,Tokyo
1361227,72430,poi_3,4fa3574a121df8dabaf60d8b,2017-12-27T20:41:00,6.2,2.1,0.0,11.1,,Clear,Tokyo
1361227,72430,poi_4,4b626ac4f964a520c4462ae3,2017-12-27T20:54:00,-1.0,2.1,0.0,11.1,,Clear,Tokyo
1361227,72430,poi_5,591d52c49ba3e51d3fbb8509,2017-12-27T21:05:00,6.2,2.1,0.0,11.1,,Clear,Tokyo
1361227,72430,poi_6,4b6a97d2f964a520a6d92be3,2017-12-27T21:46:00,-1.0,1.5,0.0,11.0,,Clear,Tokyo
1361227,72430,poi_7,5359cf4a498e5c4bed4b17bc,2017-12-27T22:00:00,-1.0,1.5,0.0,11.0,,Clear,Tokyo
1361227,72430,poi_8,558a7706498e1324bcfc3ae1,2017-12-27T22:10:00,-1.0,1.5,0.0,11.0,,Clear,Tokyo
1361227,72430,poi_9,4bcaae810687ef3ba792dccc,2017-12-27T22:29:00,-1.0,1.5,0.0,11.0,,Clear,Tokyo
1361227,72430,poi_10,4b57d0b0f964a5206d4228e3,2017-12-27T22:39:00,6.8,3.1,0.0,14.4,,Clear,Tokyo
1361227,72430,poi_11,4b727694f964a520917b2de3,2017-12-28T00:34:00,-1.0,6.6,0.0,7.7,,Clear,Tokyo
1361227,72430,poi_12,4b4ef864f964a520d5f726e3,2017-12-28T00:41:00,5.6,6.6,0.0,7.7,,Clear,Tokyo
1361227,72430,poi_13,4fa3574a121df8dabaf60d8b,2017-12-28T06:08:00,6.2,8.4,0.0,11.2,,Clear,Tokyo
1361228,72430,poi_1,591d52c49ba3e51d3fbb8509,2017-12-28T15:56:00,6.2,3.3,0.0,13.0,,Clear,Tokyo
1361228,72430,poi_2,4fa3574a121df8dabaf60d8b,2017-12-28T16:41:00,6.2,3.5,0.0,7.9,,Clear,Tokyo
1361228,72430,poi_3,4b58f1a9f964a5209c7428e3,2017-12-28T16:53:00,4.7,3.5,0.0,7.9,,Clear,Tokyo
1361228,72430,poi_4,4fa3574a121df8dabaf60d8b,2017-12-28T20:30:00,6.2,3.6,0.0,14.7,,Clear,Tokyo
1361228,72430,poi_5,4cc1557e1da0a1cd235999c6,2017-12-28T20:38:00,-1.0,4.1,0.0,13.1,,Partially cloudy,Tokyo
1361228,72430,poi_6,4fa3574a121df8dabaf60d8b,2017-12-31T19:27:00,6.2,0.7,0.0,3.7,,Clear,Tokyo
1361228,72430,poi_7,4cc1557e1da0a1cd235999c6,2017-12-31T23:31:00,-1.0,5.5,0.0,7.6,,Clear,Tokyo
1361228,72430,poi_8,4b5c4796f964a520742929e3,2018-01-01T00:44:00,5.2,8.1,0.0,5.5,,Clear,Tokyo
1361228,72430,poi_9,4fa3574a121df8dabaf60d8b,2018-01-13T19:37:00,6.2,2.3,0.0,16.2,,Clear,Tokyo
1361228,72430,poi_10,4b5b278df964a5200fe728e3,2018-01-13T20:06:00,7.2,2.3,0.0,16.2,,Clear,Tokyo
1361228,72430,poi_11,4b9ef7f0f964a5206e0d37e3,2018-01-13T20:34:00,6.3,1.1,0.0,5.9,,Clear,Tokyo
1361228,72430,poi_12,58fb4dd3237dee3cd89ab45f,2018-01-14T00:37:00,-1.0,5.6,0.0,27.1,,Clear,Tokyo
1361234,72430,poi_1,4b7544c3f964a520a8032ee3,2018-03-03T17:10:00,8.1,7.9,0.0,5.6,,Clear,Tokyo
1361234,72430,poi_2,53edc476498e5c7f3c3baff9,2018-03-03T17:32:00,7.2,7.1,0.0,3.8,,Clear,Tokyo
1361234,72430,poi_3,4b7544c3f964a520a8032ee3,2018-03-03T18:34:00,8.1,7.2,0.0,5.4,,Clear,Tokyo
1361234,72430,poi_4,4bbeb16682a2ef3b45d52bd2,2018-03-03T18:42:00,-1.0,7.2,0.0,5.4,,Clear,Tokyo
1361234,72430,poi_5,5059b01be4b0f81bab713ef5,2018-03-03T19:22:00,-1.0,7.2,0.0,5.4,,Clear,Tokyo
1361234,72430,poi_6,4bbeb16682a2ef3b45d52bd2,2018-03-03T23:00:00,-1.0,9.8,0.0,3.6,,Clear,Tokyo
1361234,72430,poi_7,4b60321ff964a5206dd929e3,2018-03-04T00:39:00,-1.0,15.2,0.0,14.8,,Clear,Tokyo
1361234,72430,poi_8,4b77b037f964a520f6a62ee3,2018-03-04T01:27:00,7.9,15.2,0.0,14.8,,Clear,Tokyo
1361234,72430,poi_9,4b55670ff964a52071e327e3,2018-03-04T02:23:00,8.5,19.5,0.0,15.2,,Clear,Tokyo
1361234,72430,poi_10,4fa3574a121df8dabaf60d8b,2018-03-04T02:25:00,6.2,19.5,0.0,15.2,,Clear,Tokyo
1361234,72430,poi_11,4c81b9b451ada1cdc2271610,2018-03-04T02:35:00,6.2,20.3,0.0,24.3,,Clear,Tokyo
1361234,72430,poi_12,4fa3574a121df8dabaf60d8b,2018-03-04T02:51:00,6.2,20.3,0.0,24.3,,Clear,Tokyo
1387631,74159,poi_1,4f090e3ee4b0596c8f60a020,2017-11-27T19:48:00,8.0,10.1,0.0,7.8,,Overcast,Tokyo
1387631,74159,poi_2,4b19f917f964a520abe623e3,2017-11-28T01:34:00,7.8,12.2,0.0,11.2,,Overcast,Tokyo
1387631,74159,poi_3,5254e144498efd3fc99fc336,2017-11-28T02:32:00,-1.0,13.1,0.0,5.6,,Overcast,Tokyo
1387631,74159,poi_4,4b55670ff964a52071e327e3,2017-11-28T03:25:00,8.5,13.1,0.0,5.6,,Overcast,Tokyo
1387631,74159,poi_5,4b19f917f964a520abe623e3,2017-11-28T03:49:00,7.8,14.3,0.0,9.4,,Clear,Tokyo
1387631,74159,poi_6,4b5dcff1f964a520196d29e3,2017-11-29T02:04:00,8.8,15.5,0.0,3.7,,Clear,Tokyo
1387631,74159,poi_7,4b55670ff964a52071e327e3,2017-11-29T02:40:00,8.5,17.8,0.0,5.5,,Partially cloudy,Tokyo
1387631,74159,poi_8,4b19f917f964a520abe623e3,2017-11-29T02:42:00,7.8,17.8,0.0,5.5,,Partially cloudy,Tokyo
1387631,74159,poi_9,4b55670ff964a52071e327e3,2017-12-06T01:47:00,8.5,9.2,0.0,7.8,,Clear,Tokyo
1387631,74159,poi_10,5254e144498efd3fc99fc336,2017-12-06T02:33:00,-1.0,10.2,0.0,9.4,,Clear,Tokyo
1387631,74159,poi_11,4fa3574a121df8dabaf60d8b,2017-12-06T03:47:00,6.2,10.2,0.0,9.2,,Clear,Tokyo
1387650,74159,poi_1,4b19f837f964a520a2e623e3,2018-01-29T18:55:00,6.9,1.6,0.0,9.5,,Clear,Tokyo
1387650,74159,poi_2,4bbeb3b685fbb713343f7167,2018-01-30T03:08:00,7.2,5.3,0.0,9.4,,Partially cloudy,Tokyo
1387650,74159,poi_3,4b19f917f964a520abe623e3,2018-01-30T04:07:00,7.8,5.8,0.0,12.8,,Clear,Tokyo
1387650,74159,poi_4,5254e144498efd3fc99fc336,2018-02-03T20:44:00,-1.0,2.7,0.0,3.7,,Partially cloudy,Tokyo
1387650,74159,poi_5,4b5dcff1f964a520196d29e3,2018-02-04T00:43:00,8.8,5.7,0.0,5.4,,Partially cloudy,Tokyo
1387650,74159,poi_6,4b19f917f964a520abe623e3,2018-02-04T01:00:00,7.8,5.7,0.0,5.4,,Partially cloudy,Tokyo
1387650,74159,poi_7,5254e144498efd3fc99fc336,2018-02-10T20:07:00,-1.0,5.6,0.0,7.4,,Partially cloudy,Tokyo
1387650,74159,poi_8,5a7cfee164c8e104235dc300,2018-02-11T00:07:00,-1.0,10.0,0.0,5.3,,Partially cloudy,Tokyo
1387650,74159,poi_9,4b19f917f964a520abe623e3,2018-02-11T00:33:00,7.8,11.0,0.0,10.8,,Partially cloudy,Tokyo
1387650,74159,poi_10,4c0e1a3a2466a5937d787821,2018-02-12T18:57:00,-1.0,-0.4,0.0,2.1,,Clear,Tokyo
1387650,74159,poi_11,4b19f917f964a520abe623e3,2018-02-12T19:14:00,7.8,-0.4,0.0,2.1,,Clear,Tokyo
1387657,74159,poi_1,4fa3574a121df8dabaf60d8b,2018-03-09T19:41:00,6.2,4.6,0.0,9.5,,Overcast,Tokyo
1387657,74159,poi_2,5254e144498efd3fc99fc336,2018-03-09T20:14:00,-1.0,4.6,0.0,9.5,,Overcast,Tokyo
1387657,74159,poi_3,4bc7df362f94d13a12d7127f,2018-03-10T00:42:00,-1.0,7.8,0.0,16.2,,Partially cloudy,Tokyo
1387657,74159,poi_4,4b19f917f964a520abe623e3,2018-03-10T02:13:00,7.8,8.7,0.0,14.4,,Partially cloudy,Tokyo
1387657,74159,poi_5,5864e334eef5da0d3af1facb,2018-03-14T01:45:00,-1.0,19.5,0.0,7.5,,Clear,Tokyo
1387657,74159,poi_6,4b741da5f964a520a5c82de3,2018-03-14T05:02:00,7.9,21.0,0.0,14.6,,Clear,Tokyo
1387657,74159,poi_7,4b19f917f964a520abe623e3,2018-03-14T06:02:00,7.8,20.7,0.0,16.5,,Clear,Tokyo
1387657,74159,poi_8,4b570b36f964a520282428e3,2018-03-16T20:46:00,8.1,3.5,0.0,7.9,,Clear,Tokyo
1387657,74159,poi_9,5254e144498efd3fc99fc336,2018-03-17T00:10:00,-1.0,6.6,0.0,7.7,,Clear,Tokyo
1387657,74159,poi_10,4b19f917f964a520abe623e3,2018-03-17T01:30:00,7.8,7.4,0.0,7.8,,Clear,Tokyo
1387657,74159,poi_11,5254e144498efd3fc99fc336,2018-03-24T20:43:00,-1.0,7.6,0.0,7.4,,Clear,Tokyo
1387657,74159,poi_12,4b52966cf964a520328327e3,2018-03-24T21:15:00,9.2,7.6,0.0,7.4,,Clear,Tokyo
1387657,74159,poi_13,4b641c68f964a520949f2ae3,2018-03-24T23:50:00,-1.0,13.3,0.0,7.5,,Clear,Tokyo
1387657,74159,poi_14,545cc145498e0c7060f76d9e,2018-03-25T01:43:00,8.5,17.1,0.0,7.6,,Clear,Tokyo
1387657,74159,poi_15,4b19f917f964a520abe623e3,2018-03-25T02:46:00,7.8,18.3,0.0,9.5,,Clear,Tokyo
1387657,74159,poi_16,5254e144498efd3fc99fc336,2018-03-30T19:28:00,-1.0,9.6,0.0,5.4,,Clear,Tokyo
1387657,74159,poi_17,59093cba9de23b6c42861aad,2018-03-30T20:49:00,8.3,9.3,0.0,5.4,,Partially cloudy,Tokyo
1387657,74159,poi_18,4b19f917f964a520abe623e3,2018-03-30T22:32:00,7.8,11.5,0.0,3.8,,Clear,Tokyo
1387657,74159,poi_19,4b243a7df964a520356424e3,2018-03-30T23:04:00,6.5,11.5,0.0,3.8,,Clear,Tokyo
1387657,74159,poi_20,4b63f1c5f964a52033982ae3,2018-03-30T23:07:00,7.8,11.5,0.0,3.8,,Clear,Tokyo
1387657,74159,poi_21,52fc89b9498e79749cb4bb8e,2018-03-31T01:11:00,-1.0,14.6,0.0,7.6,,Clear,Tokyo
1387657,74159,poi_22,4b243a7df964a520356424e3,2018-03-31T03:36:00,6.5,17.1,0.0,13.0,,Clear,Tokyo
1387660,74159,poi_1,4b0587a6f964a5203d9e22e3,2018-04-08T18:08:00,7.1,8.3,0.0,11.1,,Clear,Tokyo
1387660,74159,poi_2,5aaf9d54dee770732cab1393,2018-04-08T18:32:00,8.2,7.4,0.0,5.6,,Clear,Tokyo
1387660,74159,poi_3,4b4487c9f964a5201ef625e3,2018-04-08T19:24:00,-1.0,7.4,0.0,5.6,,Clear,Tokyo
1387660,74159,poi_4,4b85ea48f964a520447931e3,2018-04-08T19:28:00,-1.0,7.4,0.0,5.6,,Clear,Tokyo
1387660,74159,poi_5,5a9644d6588e36549901c130,2018-04-08T19:55:00,-1.0,6.4,0.0,5.4,,Clear,Tokyo
1387660,74159,poi_6,4b52c581f964a520c28727e3,2018-04-08T20:29:00,-1.0,6.4,0.0,5.4,,Clear,Tokyo
1387660,74159,poi_7,5254e144498efd3fc99fc336,2018-04-08T21:55:00,-1.0,9.8,0.0,7.6,,Clear,Tokyo
1387660,74159,poi_8,4c2ef59466e40f471d29c18b,2018-04-08T23:39:00,7.6,14.6,0.0,16.9,,Clear,Tokyo
1387660,74159,poi_9,4b19f917f964a520abe623e3,2018-04-09T01:12:00,7.8,16.1,0.0,22.6,,Clear,Tokyo
1387660,74159,poi_10,5254e144498efd3fc99fc336,2018-04-11T02:01:00,-1.0,17.2,0.0,29.5,,Overcast,Tokyo
1387660,74159,poi_11,4b19f917f964a520abe623e3,2018-04-11T03:24:00,7.8,20.8,0.002,35.2,rain,"Rain, Partially cloudy",Tokyo
1387668,74159,poi_1,4b19f917f964a520abe623e3,2018-05-04T22:31:00,7.8,17.3,0.0,10.9,,Clear,Tokyo
1387668,74159,poi_2,4b6d6533f964a520af742ce3,2018-05-05T01:14:00,8.5,20.1,0.0,9.6,,Clear,Tokyo
1387668,74159,poi_3,4b19f917f964a520abe623e3,2018-05-05T02:25:00,7.8,21.8,0.0,14.8,,Clear,Tokyo
1387668,74159,poi_4,4b5dcff1f964a520196d29e3,2018-05-05T17:40:00,8.8,15.6,0.0,5.4,,Partially cloudy,Tokyo
1387668,74159,poi_5,4b5d2e1bf964a520af5529e3,2018-05-05T20:38:00,7.2,16.1,0.0,5.5,,Partially cloudy,Tokyo
1387668,74159,poi_6,4b62ba11f964a52075502ae3,2018-05-05T23:52:00,6.9,23.0,0.0,5.5,,Partially cloudy,Tokyo
1387668,74159,poi_7,4b19f917f964a520abe623e3,2018-05-06T00:02:00,7.8,23.0,0.0,5.5,,Partially cloudy,Tokyo
1387668,74159,poi_8,4b5dcff1f964a520196d29e3,2018-05-10T02:09:00,8.8,11.1,0.005,5.7,rain,"Rain, Partially cloudy",Tokyo
1387668,74159,poi_9,4b19f917f964a520abe623e3,2018-05-10T03:49:00,7.8,12.6,0.0,3.7,,Partially cloudy,Tokyo
1387668,74159,poi_10,5254e144498efd3fc99fc336,2018-05-11T23:38:00,-1.0,21.3,0.0,3.9,,Partially cloudy,Tokyo
1387668,74159,poi_11,4b19f917f964a520abe623e3,2018-05-12T00:19:00,7.8,21.3,0.0,3.9,,Partially cloudy,Tokyo
1387672,74159,poi_1,4b19f917f964a520abe623e3,2018-05-25T19:44:00,7.8,20.5,0.0,7.5,,Clear,Tokyo
1387672,74159,poi_2,5254e144498efd3fc99fc336,2018-05-25T20:18:00,-1.0,20.5,0.0,7.5,,Clear,Tokyo
1387672,74159,poi_3,59093cba9de23b6c42861aad,2018-05-25T20:33:00,8.3,20.6,0.0,11.1,,Partially cloudy,Tokyo
1387672,74159,poi_4,4b8cc492f964a52091dc32e3,2018-05-25T21:24:00,-1.0,20.6,0.0,11.1,,Partially cloudy,Tokyo
1387672,74159,poi_5,4b6d6533f964a520af742ce3,2018-05-26T01:37:00,8.5,23.4,0.0,11.2,,Partially cloudy,Tokyo
1387672,74159,poi_6,545cc145498e0c7060f76d9e,2018-05-26T02:57:00,8.5,24.6,0.0,16.4,,Partially cloudy,Tokyo
1387672,74159,poi_7,4b19f917f964a520abe623e3,2018-05-26T03:08:00,7.8,24.6,0.0,16.4,,Partially cloudy,Tokyo
1387672,74159,poi_8,5254e144498efd3fc99fc336,2018-05-30T01:48:00,-1.0,23.6,0.0,11.1,,Overcast,Tokyo
1387672,74159,poi_9,4b19f917f964a520abe623e3,2018-05-30T02:36:00,7.8,23.8,0.0,9.4,,Overcast,Tokyo
1387672,74159,poi_10,5254e144498efd3fc99fc336,2018-06-04T20:41:00,-1.0,20.1,0.0,5.4,,Partially cloudy,Tokyo
1387672,74159,poi_11,4b19f917f964a520abe623e3,2018-06-04T22:07:00,7.8,21.6,0.0,5.4,,Partially cloudy,Tokyo
1387672,74159,poi_12,4b0b90e1f964a5204d3223e3,2018-06-04T22:16:00,5.7,21.6,0.0,5.4,,Partially cloudy,Tokyo
1387672,74159,poi_13,4b556e38f964a5201ae427e3,2018-06-04T22:26:00,7.2,21.6,0.0,5.4,,Partially cloudy,Tokyo
1387672,74159,poi_14,5a81c1ad0d173f267e15e63f,2018-06-04T22:48:00,-1.0,23.1,0.0,5.3,,Clear,Tokyo
1387672,74159,poi_15,4b0b90e1f964a5204d3223e3,2018-06-05T01:02:00,5.7,24.2,0.0,5.4,,Partially cloudy,Tokyo
1387677,74159,poi_1,4b19f917f964a520abe623e3,2018-06-15T19:44:00,7.8,14.6,0.0,7.9,,Overcast,Tokyo
1387677,74159,poi_2,5254e144498efd3fc99fc336,2018-06-15T20:08:00,-1.0,14.6,0.0,7.9,,Overcast,Tokyo
1387677,74159,poi_3,4b52c581f964a520c28727e3,2018-06-15T20:34:00,-1.0,14.7,0.002,9.5,rain,"Rain, Overcast",Tokyo
1387677,74159,poi_4,4b2dc086f964a52012db24e3,2018-06-15T20:43:00,-1.0,14.7,0.002,9.5,rain,"Rain, Overcast",Tokyo
1387677,74159,poi_5,4b2af373f964a520beb224e3,2018-06-15T20:50:00,-1.0,14.7,0.002,9.5,rain,"Rain, Overcast",Tokyo
1387677,74159,poi_6,57e608f5cd10347e47713626,2018-06-15T21:25:00,7.6,14.7,0.002,9.5,rain,"Rain, Overcast",Tokyo
1387677,74159,poi_7,4b556e38f964a5201ae427e3,2018-06-15T22:13:00,7.2,14.7,0.004,11.2,rain,"Rain, Overcast",Tokyo
1387677,74159,poi_8,4b19f917f964a520abe623e3,2018-06-15T23:12:00,7.8,14.9,0.0,12.9,,Overcast,Tokyo
1387677,74159,poi_9,4b6d6533f964a520af742ce3,2018-06-16T04:23:00,8.5,17.3,0.0,7.8,,Overcast,Tokyo
1387677,74159,poi_10,4b19f917f964a520abe623e3,2018-06-16T04:39:00,7.8,17.3,0.0,13.0,,Overcast,Tokyo
1387677,74159,poi_11,587f22ecc45ee34e4cd38836,2018-06-19T02:37:00,8.0,26.2,0.0,7.7,,Partially cloudy,Tokyo
1387681,74159,poi_1,4b19f917f964a520abe623e3,2018-06-27T00:46:00,7.8,29.7,0.0,29.9,,Partially cloudy,Tokyo
1387681,74159,poi_2,5254e144498efd3fc99fc336,2018-06-27T01:32:00,-1.0,29.3,0.0,29.8,,Partially cloudy,Tokyo
1387681,74159,poi_3,4b19f917f964a520abe623e3,2018-06-27T03:49:00,7.8,30.1,0.0,21.0,,Clear,Tokyo
1387681,74159,poi_4,5ad6f7a104d1ae4a2c603451,2018-06-29T02:42:00,6.9,31.6,0.0,26.2,,Partially cloudy,Tokyo
1387681,74159,poi_5,4b19f917f964a520abe623e3,2018-06-29T04:27:00,7.8,31.8,0.0,26.1,,Clear,Tokyo
1387681,74159,poi_6,5254e144498efd3fc99fc336,2018-06-30T19:07:00,-1.0,25.6,0.0,13.0,,Clear,Tokyo
1387681,74159,poi_7,5003c391e4b0a7c21378d0ad,2018-06-30T21:08:00,8.2,26.1,0.0,14.6,,Partially cloudy,Tokyo
1387681,74159,poi_8,4b616b95f964a520ec122ae3,2018-06-30T22:11:00,-1.0,27.6,0.0,20.2,,Partially cloudy,Tokyo
1387681,74159,poi_9,4f17f5c9e4b0d149712b74c2,2018-07-01T00:24:00,-1.0,29.2,0.0,14.8,,Partially cloudy,Tokyo
1387681,74159,poi_10,4b19f917f964a520abe623e3,2018-07-01T01:49:00,7.8,30.4,0.0,18.5,,Clear,Tokyo
1387681,74159,poi_11,5254e144498efd3fc99fc336,2018-07-03T01:26:00,-1.0,31.1,0.0,16.6,,Clear,Tokyo
1387681,74159,poi_12,4b19f917f964a520abe623e3,2018-07-03T03:41:00,7.8,31.6,0.0,25.8,,Partially cloudy,Tokyo
1387681,74159,poi_13,4e2cea6ab61cd010838541b9,2018-07-20T02:02:00,-1.0,33.1,0.0,16.8,,Clear,Tokyo
1387681,74159,poi_14,5254e144498efd3fc99fc336,2018-07-20T02:49:00,-1.0,33.2,0.0,18.4,,Partially cloudy,Tokyo
1387681,74159,poi_15,5003c391e4b0a7c21378d0ad,2018-07-20T03:30:00,8.2,33.2,0.0,18.4,,Partially cloudy,Tokyo
1387681,74159,poi_16,4b19f917f964a520abe623e3,2018-07-20T04:20:00,7.8,33.1,0.0,22.3,,Clear,Tokyo
175614,8271,poi_1,4b4fc05df964a520001427e3,2017-10-04T13:18:00,5.7,15.7,0.0,11.3,,Partially cloudy,Tokyo
175614,8271,poi_2,4f93f84cbe776df060b89c90,2017-10-04T13:52:00,-1.0,15.6,0.0,11.2,,Partially cloudy,Tokyo
175614,8271,poi_3,4cb139ed562d224bf38b1d88,2017-10-04T15:10:00,5.3,15.7,0.0,9.4,,Partially cloudy,Tokyo
175614,8271,poi_4,4c787811dbaa76b08854154b,2017-10-04T15:26:00,-1.0,15.7,0.0,9.4,,Partially cloudy,Tokyo
175614,8271,poi_5,4b555139f964a5207ae127e3,2017-10-04T17:50:00,-1.0,15.8,0.0,5.5,,Partially cloudy,Tokyo
175614,8271,poi_6,4b4fefe1f964a520db1927e3,2017-10-04T18:13:00,7.3,15.8,0.0,5.5,,Partially cloudy,Tokyo
175614,8271,poi_7,5698365e498ebc7d9b511ca8,2017-10-04T19:32:00,-1.0,14.9,0.0,12.8,,Partially cloudy,Tokyo
175614,8271,poi_8,4bf5d425004ed13aa27541a0,2017-10-04T23:43:00,5.5,16.4,0.0,9.4,,Partially cloudy,Tokyo
175614,8271,poi_9,4ba2f0b5f964a520eb2338e3,2017-10-05T00:42:00,5.7,17.9,0.0,11.1,,Partially cloudy,Tokyo
175614,8271,poi_10,4db4d9290cb6729b6a9ba04e,2017-10-05T00:55:00,6.2,17.9,0.0,11.1,,Partially cloudy,Tokyo
175614,8271,poi_11,4bc45e80abf4952138e4c493,2017-10-05T01:13:00,5.2,17.9,0.0,11.1,,Partially cloudy,Tokyo
175614,8271,poi_12,4ddaf5432271ac90476955d4,2017-10-05T01:31:00,5.7,19.1,0.0,14.8,,Partially cloudy,Tokyo
175614,8271,poi_13,4ba9d698f964a520153a3ae3,2017-10-05T01:41:00,6.5,19.1,0.0,14.8,,Partially cloudy,Tokyo
175614,8271,poi_14,54950c68498e23fac5bb3fed,2017-10-05T02:42:00,6.3,18.9,0.0,9.5,,Partially cloudy,Tokyo
175614,8271,poi_15,4b4fc05df964a520001427e3,2017-10-05T12:49:00,5.7,16.2,0.0,7.7,,Overcast,Tokyo
175614,8271,poi_16,4f93f84cbe776df060b89c90,2017-10-05T13:34:00,-1.0,16.2,0.0,5.6,,Overcast,Tokyo
175614,8271,poi_17,4bc45e80abf4952138e4c493,2017-10-05T13:44:00,5.2,16.2,0.0,5.6,,Overcast,Tokyo
175614,8271,poi_18,4cb139ed562d224bf38b1d88,2017-10-05T15:16:00,5.3,16.3,0.0,7.6,,Overcast,Tokyo
175614,8271,poi_19,4c787811dbaa76b08854154b,2017-10-05T15:52:00,-1.0,15.6,0.0,5.5,,Overcast,Tokyo
175614,8271,poi_20,4bc45e80abf4952138e4c493,2017-10-05T17:39:00,5.2,15.4,0.0,7.6,,Overcast,Tokyo
175614,8271,poi_21,4b555139f964a5207ae127e3,2017-10-05T17:54:00,-1.0,15.4,0.0,7.6,,Overcast,Tokyo
175614,8271,poi_22,4b558136f964a520ebe527e3,2017-10-06T00:17:00,5.9,16.6,0.0,9.5,,Overcast,Tokyo
175614,8271,poi_23,4bf5d425004ed13aa27541a0,2017-10-06T00:28:00,5.5,16.6,0.0,9.5,,Overcast,Tokyo
175614,8271,poi_24,4ba2f0b5f964a520eb2338e3,2017-10-06T00:38:00,5.7,17.6,0.0,9.5,,Overcast,Tokyo
175614,8271,poi_25,4dd7998845ddced8208a3627,2017-10-06T01:19:00,-1.0,17.6,0.0,9.5,,Overcast,Tokyo
175614,8271,poi_26,54950c68498e23fac5bb3fed,2017-10-06T02:18:00,6.3,17.7,0.0,13.0,,Overcast,Tokyo
175614,8271,poi_27,4b5c04b9f964a520652129e3,2017-10-06T02:32:00,5.4,17.9,0.0,5.7,,Overcast,Tokyo
175614,8271,poi_28,4b4fc05df964a520001427e3,2017-10-06T23:47:00,5.7,16.6,15.597,13.2,rain,"Rain, Overcast",Tokyo
175614,8271,poi_29,4f93f84cbe776df060b89c90,2017-10-07T00:15:00,-1.0,16.6,15.597,13.2,rain,"Rain, Overcast",Tokyo
175614,8271,poi_30,4b56df1df964a5209f1d28e3,2017-10-07T00:25:00,5.9,16.6,15.597,13.2,rain,"Rain, Overcast",Tokyo
175614,8271,poi_31,595616a8a0215b2593219719,2017-10-07T03:55:00,-1.0,20.1,0.0,11.4,,Overcast,Tokyo
175614,8271,poi_32,4e903e5b77c89cb921a453b2,2017-10-07T06:44:00,-1.0,21.7,0.0,11.2,,Partially cloudy,Tokyo
175614,8271,poi_33,530e06f8498e2bf96cae209b,2017-10-07T06:58:00,5.8,21.7,0.0,11.2,,Partially cloudy,Tokyo
175614,8271,poi_34,4b59bf5ff964a520f09528e3,2017-10-07T07:27:00,8.0,21.7,0.0,11.2,,Partially cloudy,Tokyo
175614,8271,poi_35,534bc319498e690ef82ad238,2017-10-07T08:13:00,-1.0,20.6,0.0,3.8,,Partially cloudy,Tokyo
175615,8271,poi_1,4b59bf5ff964a520f09528e3,2017-10-08T22:16:00,8.0,18.6,0.0,1.9,,Partially cloudy,Tokyo
175615,8271,poi_2,4b4fc05df964a520001427e3,2017-10-09T14:01:00,5.7,20.7,0.0,3.9,,Partially cloudy,Tokyo
175615,8271,poi_3,4f93f84cbe776df060b89c90,2017-10-09T14:39:00,-1.0,20.7,0.0,9.2,,Partially cloudy,Tokyo
175615,8271,poi_4,4c787811dbaa76b08854154b,2017-10-09T15:30:00,-1.0,20.7,0.0,9.2,,Partially cloudy,Tokyo
175615,8271,poi_5,4bc45e80abf4952138e4c493,2017-10-09T16:38:00,5.2,20.4,0.0,7.6,,Partially cloudy,Tokyo
175615,8271,poi_6,4b4fefe1f964a520db1927e3,2017-10-09T18:09:00,7.3,19.7,0.0,5.5,,Clear,Tokyo
175615,8271,poi_7,4b555139f964a5207ae127e3,2017-10-09T21:03:00,-1.0,18.4,0.0,5.4,,Partially cloudy,Tokyo
175615,8271,poi_8,5698365e498ebc7d9b511ca8,2017-10-09T21:44:00,-1.0,19.7,0.0,3.6,,Clear,Tokyo
175615,8271,poi_9,4ddaf5432271ac90476955d4,2017-10-09T23:02:00,5.7,22.2,0.0,3.7,,Clear,Tokyo
175615,8271,poi_10,4bf5d425004ed13aa27541a0,2017-10-09T23:22:00,5.5,22.2,0.0,3.7,,Clear,Tokyo
175615,8271,poi_11,4cb139ed562d224bf38b1d88,2017-10-10T01:47:00,5.3,25.8,0.0,3.8,,Clear,Tokyo
175615,8271,poi_12,54950c68498e23fac5bb3fed,2017-10-10T01:59:00,6.3,25.8,0.0,3.8,,Clear,Tokyo
175615,8271,poi_13,530e06f8498e2bf96cae209b,2017-10-10T03:26:00,5.8,27.6,0.0,5.5,,Partially cloudy,Tokyo
175615,8271,poi_14,4b59bf5ff964a520f09528e3,2017-10-10T03:42:00,8.0,28.0,0.0,3.8,,Clear,Tokyo
175615,8271,poi_15,4f93f84cbe776df060b89c90,2017-10-10T15:15:00,-1.0,20.7,0.0,3.6,,Clear,Tokyo
175615,8271,poi_16,4c787811dbaa76b08854154b,2017-10-10T16:21:00,-1.0,20.6,0.0,5.4,,Partially cloudy,Tokyo
175615,8271,poi_17,4bc45e80abf4952138e4c493,2017-10-10T17:45:00,5.2,20.1,0.0,5.4,,Clear,Tokyo
175615,8271,poi_18,4ba2f0b5f964a520eb2338e3,2017-10-10T17:57:00,5.7,20.1,0.0,5.4,,Clear,Tokyo
175615,8271,poi_19,4bf5d425004ed13aa27541a0,2017-10-10T19:32:00,5.5,20.1,0.0,9.2,,Overcast,Tokyo
175615,8271,poi_20,4b4fefe1f964a520db1927e3,2017-10-10T19:59:00,7.3,20.1,0.0,9.2,,Overcast,Tokyo
175615,8271,poi_21,4b555139f964a5207ae127e3,2017-10-10T23:09:00,-1.0,22.2,0.0,3.6,,Overcast,Tokyo
175615,8271,poi_22,5698365e498ebc7d9b511ca8,2017-10-10T23:47:00,-1.0,21.7,0.0,7.6,,Partially cloudy,Tokyo
175615,8271,poi_23,4ddaf5432271ac90476955d4,2017-10-11T01:08:00,5.7,22.6,0.0,5.6,,Overcast,Tokyo
175615,8271,poi_24,4ba2f0b5f964a520eb2338e3,2017-10-11T01:19:00,5.7,22.6,0.0,5.6,,Overcast,Tokyo
175615,8271,poi_25,4cb139ed562d224bf38b1d88,2017-10-11T02:04:00,5.3,22.4,0.0,13.0,,Overcast,Tokyo
175615,8271,poi_26,4b5c04b9f964a520652129e3,2017-10-11T02:18:00,5.4,22.4,0.0,13.0,,Overcast,Tokyo
175615,8271,poi_27,4b4fc05df964a520001427e3,2017-10-11T02:46:00,5.7,22.7,0.0,7.7,,Overcast,Tokyo
175615,8271,poi_28,530e06f8498e2bf96cae209b,2017-10-11T03:24:00,5.8,22.7,0.0,7.7,,Overcast,Tokyo
175615,8271,poi_29,4b5c55fdf964a520752b29e3,2017-10-11T03:36:00,5.8,22.9,0.0,11.2,,Overcast,Tokyo
175615,8271,poi_30,4f93f84cbe776df060b89c90,2017-10-11T15:13:00,-1.0,20.6,0.0,5.3,,Overcast,Tokyo
175615,8271,poi_31,4c787811dbaa76b08854154b,2017-10-11T15:39:00,-1.0,20.6,0.0,3.6,,Overcast,Tokyo
175615,8271,poi_32,4bc45e80abf4952138e4c493,2017-10-11T15:55:00,5.2,20.6,0.0,3.6,,Overcast,Tokyo
175615,8271,poi_33,4ba2f0b5f964a520eb2338e3,2017-10-11T17:36:00,5.7,20.4,0.0,5.4,,Overcast,Tokyo
175615,8271,poi_34,4bf5d425004ed13aa27541a0,2017-10-11T18:00:00,5.5,20.4,0.0,5.4,,Overcast,Tokyo
175615,8271,poi_35,4b555139f964a5207ae127e3,2017-10-11T19:19:00,-1.0,19.7,0.0,5.4,,Partially cloudy,Tokyo
175615,8271,poi_36,4b4fefe1f964a520db1927e3,2017-10-11T19:44:00,7.3,19.4,0.0,5.4,,Partially cloudy,Tokyo
175615,8271,poi_37,5698365e498ebc7d9b511ca8,2017-10-11T23:42:00,-1.0,23.9,0.0,3.8,,Partially cloudy,Tokyo
175615,8271,poi_38,4ddaf5432271ac90476955d4,2017-10-12T00:13:00,5.7,23.9,0.0,3.8,,Partially cloudy,Tokyo
175615,8271,poi_39,4b558136f964a520ebe527e3,2017-10-12T00:27:00,5.9,23.9,0.0,3.8,,Partially cloudy,Tokyo
175615,8271,poi_40,4dd7998845ddced8208a3627,2017-10-12T00:55:00,-1.0,26.1,0.0,5.5,,Clear,Tokyo
175615,8271,poi_41,4b5d73e1f964a520695d29e3,2017-10-12T01:15:00,-1.0,26.1,0.0,5.5,,Clear,Tokyo
175615,8271,poi_42,4c787720dbaa76b0144f154b,2017-10-12T03:13:00,-1.0,28.6,0.0,3.9,,Partially cloudy,Tokyo
175615,8271,poi_43,4b56df1df964a5209f1d28e3,2017-10-12T03:29:00,5.9,28.6,0.0,3.9,,Partially cloudy,Tokyo
175615,8271,poi_44,4c7b651f566db60ccbad4a0e,2017-10-12T03:39:00,5.6,27.4,0.0,9.4,,Clear,Tokyo
175615,8271,poi_45,4b5c04b9f964a520652129e3,2017-10-12T03:50:00,5.4,27.4,0.0,9.4,,Clear,Tokyo
175615,8271,poi_46,59536b743ba7677380c99f5b,2017-10-12T04:13:00,8.1,27.4,0.0,9.4,,Clear,Tokyo
175615,8271,poi_47,4b555139f964a5207ae127e3,2017-10-12T22:05:00,-1.0,15.2,0.0,20.5,,Overcast,Tokyo
175615,8271,poi_48,4ddaf5432271ac90476955d4,2017-10-12T23:00:00,5.7,14.9,0.0,11.3,,Overcast,Tokyo
175615,8271,poi_49,4b558136f964a520ebe527e3,2017-10-13T02:04:00,5.9,15.4,0.0,16.4,,Overcast,Tokyo
175615,8271,poi_50,4bf5d425004ed13aa27541a0,2017-10-13T02:19:00,5.5,15.4,0.0,16.4,,Overcast,Tokyo
175615,8271,poi_51,4ba2f0b5f964a520eb2338e3,2017-10-13T02:38:00,5.7,15.2,0.0,14.6,,Overcast,Tokyo
175615,8271,poi_52,4dd7998845ddced8208a3627,2017-10-13T02:49:00,-1.0,15.2,0.0,14.6,,Overcast,Tokyo
175615,8271,poi_53,4db4d9290cb6729b6a9ba04e,2017-10-13T03:03:00,6.2,15.2,0.0,14.6,,Overcast,Tokyo
175615,8271,poi_54,4b5d73e1f964a520695d29e3,2017-10-13T03:16:00,-1.0,15.2,0.0,14.6,,Overcast,Tokyo
175615,8271,poi_55,4bc45e80abf4952138e4c493,2017-10-13T03:36:00,5.2,15.2,0.0,9.3,,Overcast,Tokyo
175615,8271,poi_56,4c787811dbaa76b08854154b,2017-10-13T03:47:00,-1.0,15.2,0.0,9.3,,Overcast,Tokyo
175615,8271,poi_57,4b5584a9f964a52049e627e3,2017-10-13T04:45:00,-1.0,15.1,0.0,11.2,,Overcast,Tokyo
175615,8271,poi_58,4cb139ed562d224bf38b1d88,2017-10-13T05:53:00,5.3,15.4,2.108,9.4,rain,"Rain, Overcast",Tokyo
175615,8271,poi_59,4b6c0307f964a5208c1f2ce3,2017-10-13T06:14:00,6.5,15.4,2.108,9.4,rain,"Rain, Overcast",Tokyo
175615,8271,poi_60,4e903e5b77c89cb921a453b2,2017-10-13T06:34:00,-1.0,15.2,0.0,11.2,,Overcast,Tokyo
175617,8271,poi_1,4b558136f964a520ebe527e3,2017-10-16T01:19:00,5.9,12.9,0.0,9.4,,Overcast,Tokyo
175617,8271,poi_2,4bf5d425004ed13aa27541a0,2017-10-16T01:29:00,5.5,12.9,0.0,9.4,,Overcast,Tokyo
175617,8271,poi_3,4f93f84cbe776df060b89c90,2017-10-16T01:41:00,-1.0,13.4,0.0,7.8,,Overcast,Tokyo
175617,8271,poi_4,4bc45e80abf4952138e4c493,2017-10-16T02:44:00,5.2,13.4,0.0,5.8,,Overcast,Tokyo
175617,8271,poi_5,4ba2f0b5f964a520eb2338e3,2017-10-16T02:54:00,5.7,13.4,0.0,5.8,,Overcast,Tokyo
175617,8271,poi_6,4b4fc05df964a520001427e3,2017-10-16T03:46:00,5.7,13.1,0.0,13.0,,Overcast,Tokyo
175617,8271,poi_7,4e903e5b77c89cb921a453b2,2017-10-16T03:57:00,-1.0,13.1,0.0,13.0,,Overcast,Tokyo
175617,8271,poi_8,4b4fefe1f964a520db1927e3,2017-10-16T18:14:00,7.3,12.1,5.01,5.7,rain,"Rain, Overcast",Tokyo
175617,8271,poi_9,4b555139f964a5207ae127e3,2017-10-16T20:06:00,-1.0,12.4,0.0,11.2,,Overcast,Tokyo
175617,8271,poi_10,4db4d9290cb6729b6a9ba04e,2017-10-16T22:11:00,6.2,12.6,0.0,7.6,,Overcast,Tokyo
175617,8271,poi_11,4bc45e80abf4952138e4c493,2017-10-16T22:23:00,5.2,12.6,0.0,7.6,,Overcast,Tokyo
175617,8271,poi_12,4b558136f964a520ebe527e3,2017-10-16T23:43:00,5.9,12.9,2.511,7.6,rain,"Rain, Overcast",Tokyo
175617,8271,poi_13,4ba2f0b5f964a520eb2338e3,2017-10-16T23:56:00,5.7,12.9,2.511,7.6,rain,"Rain, Overcast",Tokyo
175617,8271,poi_14,4c787811dbaa76b08854154b,2017-10-17T00:15:00,-1.0,12.9,2.511,7.6,rain,"Rain, Overcast",Tokyo
175617,8271,poi_15,4cb139ed562d224bf38b1d88,2017-10-17T00:47:00,5.3,13.7,0.0,5.6,,Overcast,Tokyo
175617,8271,poi_16,4e903e5b77c89cb921a453b2,2017-10-17T02:14:00,-1.0,13.4,0.0,5.4,,Overcast,Tokyo
175617,8271,poi_17,4b4fefe1f964a520db1927e3,2017-10-17T18:01:00,7.3,12.2,0.0,7.6,,Partially cloudy,Tokyo
175617,8271,poi_18,4b555139f964a5207ae127e3,2017-10-17T19:55:00,-1.0,11.9,0.0,9.3,,Clear,Tokyo
175617,8271,poi_19,4ddaf5432271ac90476955d4,2017-10-17T21:04:00,5.7,11.9,0.0,7.7,,Partially cloudy,Tokyo
175617,8271,poi_20,4b95f90ff964a5200ab934e3,2017-10-17T21:38:00,6.4,12.6,0.0,5.6,,Partially cloudy,Tokyo
175617,8271,poi_21,4cb139ed562d224bf38b1d88,2017-10-17T21:49:00,5.3,12.6,0.0,5.6,,Partially cloudy,Tokyo
175617,8271,poi_22,4bc45e80abf4952138e4c493,2017-10-17T22:15:00,5.2,12.6,0.0,5.6,,Partially cloudy,Tokyo
175617,8271,poi_23,4ba2f0b5f964a520eb2338e3,2017-10-17T23:02:00,5.7,14.5,0.0,5.6,,Clear,Tokyo
175617,8271,poi_24,4bf5d425004ed13aa27541a0,2017-10-17T23:28:00,5.5,14.5,0.0,5.6,,Clear,Tokyo
175617,8271,poi_25,4b558136f964a520ebe527e3,2017-10-17T23:45:00,5.9,16.5,0.0,7.7,,Partially cloudy,Tokyo
175617,8271,poi_26,4e903e5b77c89cb921a453b2,2017-10-18T01:23:00,-1.0,16.7,0.0,14.7,,Clear,Tokyo
175617,8271,poi_27,4b4fc05df964a520001427e3,2017-10-18T13:07:00,5.7,13.8,0.0,11.1,,Overcast,Tokyo
175617,8271,poi_28,4bf5d425004ed13aa27541a0,2017-10-18T16:43:00,5.5,11.1,0.012,5.7,rain,"Rain, Overcast",Tokyo
175617,8271,poi_29,4ba2f0b5f964a520eb2338e3,2017-10-18T17:02:00,5.7,11.1,0.012,5.7,rain,"Rain, Overcast",Tokyo
175617,8271,poi_30,4b555139f964a5207ae127e3,2017-10-18T17:23:00,-1.0,11.1,0.012,5.7,rain,"Rain, Overcast",Tokyo
175617,8271,poi_31,4b4fefe1f964a520db1927e3,2017-10-18T18:05:00,7.3,10.6,3.932,7.8,rain,"Rain, Overcast",Tokyo
175617,8271,poi_32,5698365e498ebc7d9b511ca8,2017-10-18T19:39:00,-1.0,10.2,0.009,11.2,rain,"Rain, Overcast",Tokyo
175617,8271,poi_33,4b558136f964a520ebe527e3,2017-10-18T21:23:00,5.9,10.2,0.013,7.9,rain,"Rain, Overcast",Tokyo
175617,8271,poi_34,4ddaf5432271ac90476955d4,2017-10-18T22:35:00,5.7,10.4,0.02,9.6,rain,"Rain, Overcast",Tokyo
175617,8271,poi_35,4bc45e80abf4952138e4c493,2017-10-18T22:46:00,5.2,10.4,0.02,9.6,rain,"Rain, Overcast",Tokyo
175617,8271,poi_36,4c787811dbaa76b08854154b,2017-10-18T23:01:00,-1.0,10.4,0.02,9.6,rain,"Rain, Overcast",Tokyo
175617,8271,poi_37,4b62a048f964a520454d2ae3,2017-10-19T01:21:00,6.7,10.6,0.013,9.7,rain,"Rain, Overcast",Tokyo
175617,8271,poi_38,55990ad0498e300c1b04b3fb,2017-10-19T02:33:00,6.3,11.2,0.005,9.6,rain,"Rain, Overcast",Tokyo
175617,8271,poi_39,4f93f84cbe776df060b89c90,2017-10-19T16:34:00,-1.0,11.6,0.0,13.2,,Overcast,Tokyo
175617,8271,poi_40,4b555139f964a5207ae127e3,2017-10-19T19:11:00,-1.0,11.9,0.004,11.5,rain,"Rain, Overcast",Tokyo
175617,8271,poi_41,4b4fefe1f964a520db1927e3,2017-10-19T19:29:00,7.3,11.9,0.004,11.5,rain,"Rain, Overcast",Tokyo
175617,8271,poi_42,54950c68498e23fac5bb3fed,2017-10-19T23:25:00,6.3,12.7,0.012,11.4,rain,"Rain, Overcast",Tokyo
175617,8271,poi_43,4bc45e80abf4952138e4c493,2017-10-20T01:07:00,5.2,13.7,0.0,13.1,,Overcast,Tokyo
175617,8271,poi_44,4b558136f964a520ebe527e3,2017-10-20T02:28:00,5.9,14.4,0.0,11.4,,Overcast,Tokyo
175617,8271,poi_45,4bf5d425004ed13aa27541a0,2017-10-20T02:48:00,5.5,14.7,0.0,13.2,,Overcast,Tokyo
175617,8271,poi_46,4ba2f0b5f964a520eb2338e3,2017-10-20T03:13:00,5.7,14.7,0.0,13.2,,Overcast,Tokyo
175617,8271,poi_47,4c787811dbaa76b08854154b,2017-10-20T03:24:00,-1.0,14.7,0.0,13.2,,Overcast,Tokyo
175617,8271,poi_48,4b4fc05df964a520001427e3,2017-10-20T05:29:00,5.7,16.2,0.0,11.3,,Overcast,Tokyo
175617,8271,poi_49,4b4fc05df964a520001427e3,2017-10-20T23:11:00,5.7,15.9,0.004,7.7,rain,"Rain, Overcast",Tokyo
175617,8271,poi_50,4b08b4e5f964a520211123e3,2017-10-20T23:35:00,-1.0,16.1,5.785,9.4,rain,"Rain, Overcast",Tokyo
175617,8271,poi_51,4b752765f964a52068ff2de3,2017-10-20T23:46:00,-1.0,16.1,5.785,9.4,rain,"Rain, Overcast",Tokyo
175617,8271,poi_52,4b0a405ff964a520c22223e3,2017-10-20T23:58:00,-1.0,16.1,5.785,9.4,rain,"Rain, Overcast",Tokyo
175617,8271,poi_53,4d540921b3d9a35dbf1ec97b,2017-10-21T03:52:00,5.9,16.9,0.005,7.8,rain,"Rain, Overcast",Tokyo
175617,8271,poi_54,502a4ce2e4b06079cd60a0b3,2017-10-21T04:59:00,-1.0,17.1,0.009,7.7,rain,"Rain, Overcast",Tokyo
175617,8271,poi_55,4e903e5b77c89cb921a453b2,2017-10-21T05:33:00,-1.0,17.1,6.038,4.0,rain,"Rain, Overcast",Tokyo
175617,8271,poi_56,4b5c55fdf964a520752b29e3,2017-10-21T16:56:00,5.8,17.1,0.013,9.5,rain,"Rain, Overcast",Tokyo
175617,8271,poi_57,4b59bf5ff964a520f09528e3,2017-10-21T17:15:00,8.0,17.1,0.013,9.5,rain,"Rain, Overcast",Tokyo
175617,8271,poi_58,4c286e1d9eb1952191822959,2017-10-21T17:27:00,6.5,17.1,0.013,9.5,rain,"Rain, Overcast",Tokyo
175618,8271,poi_1,4b4fc05df964a520001427e3,2017-10-22T01:39:00,5.7,18.1,0.071,11.5,rain,"Rain, Overcast",Tokyo
175618,8271,poi_2,4f93f84cbe776df060b89c90,2017-10-22T15:00:00,-1.0,17.2,0.133,24.1,rain,"Rain, Overcast",Tokyo
175618,8271,poi_3,4b555139f964a5207ae127e3,2017-10-22T18:03:00,-1.0,21.7,33.177,40.8,rain,"Rain, Overcast",Tokyo
175618,8271,poi_4,4b4fefe1f964a520db1927e3,2017-10-22T20:05:00,7.3,21.8,0.004,42.7,rain,"Rain, Overcast",Tokyo
175618,8271,poi_5,5698365e498ebc7d9b511ca8,2017-10-22T22:11:00,-1.0,17.7,0.004,31.4,rain,"Rain, Overcast",Tokyo
175618,8271,poi_6,4ddaf5432271ac90476955d4,2017-10-22T23:38:00,5.7,20.6,20.54,18.3,rain,"Rain, Overcast",Tokyo
175618,8271,poi_7,4b558136f964a520ebe527e3,2017-10-23T00:00:00,5.9,20.6,20.54,18.3,rain,"Rain, Overcast",Tokyo
175618,8271,poi_8,4bf5d425004ed13aa27541a0,2017-10-23T00:11:00,5.5,20.6,20.54,18.3,rain,"Rain, Overcast",Tokyo
175618,8271,poi_9,4ba2f0b5f964a520eb2338e3,2017-10-23T00:29:00,5.7,20.6,20.54,18.3,rain,"Rain, Overcast",Tokyo
175618,8271,poi_10,4b72754af964a520727b2de3,2017-10-23T01:17:00,-1.0,20.6,0.0,31.1,,Overcast,Tokyo
175618,8271,poi_11,4b72722ef964a520237b2de3,2017-10-23T01:29:00,-1.0,20.6,0.0,31.1,,Overcast,Tokyo
175618,8271,poi_12,4b6fe241f964a520dcfe2ce3,2017-10-23T03:27:00,8.0,21.9,0.0,44.1,,Clear,Tokyo
175618,8271,poi_13,4b91e099f964a52021dd33e3,2017-10-23T03:52:00,8.2,21.7,0.0,36.9,,Clear,Tokyo
175618,8271,poi_14,4b0587a6f964a520529e22e3,2017-10-23T04:21:00,7.8,21.7,0.0,36.9,,Clear,Tokyo
175618,8271,poi_15,4b62b939f964a52057502ae3,2017-10-23T04:35:00,-1.0,21.4,0.0,29.5,,Clear,Tokyo
175618,8271,poi_16,4b4fc05df964a520001427e3,2017-10-23T06:32:00,5.7,19.4,0.0,27.6,,Clear,Tokyo
175618,8271,poi_17,4e903e5b77c89cb921a453b2,2017-10-23T06:43:00,-1.0,19.4,0.0,27.6,,Clear,Tokyo
175618,8271,poi_18,4b4fc05df964a520001427e3,2017-10-23T14:45:00,5.7,15.3,0.0,20.2,,Partially cloudy,Tokyo
175618,8271,poi_19,4f93f84cbe776df060b89c90,2017-10-23T15:15:00,-1.0,15.3,0.0,20.2,,Partially cloudy,Tokyo
175618,8271,poi_20,4b555139f964a5207ae127e3,2017-10-23T17:56:00,-1.0,14.2,0.0,9.4,,Partially cloudy,Tokyo
175618,8271,poi_21,4b4fefe1f964a520db1927e3,2017-10-23T18:11:00,7.3,14.2,0.0,9.4,,Partially cloudy,Tokyo
175618,8271,poi_22,4bf5d425004ed13aa27541a0,2017-10-23T21:05:00,5.5,13.6,0.0,7.5,,Partially cloudy,Tokyo
175618,8271,poi_23,4b558136f964a520ebe527e3,2017-10-23T21:48:00,5.9,14.3,0.0,7.5,,Overcast,Tokyo
175618,8271,poi_24,4ba2f0b5f964a520eb2338e3,2017-10-24T00:15:00,5.7,16.1,0.0,7.6,,Partially cloudy,Tokyo
175618,8271,poi_25,5698365e498ebc7d9b511ca8,2017-10-24T01:03:00,-1.0,16.2,0.0,11.1,,Partially cloudy,Tokyo
175618,8271,poi_26,4bc45e80abf4952138e4c493,2017-10-24T01:49:00,5.2,17.3,0.0,9.3,,Overcast,Tokyo
175618,8271,poi_27,4f93f84cbe776df060b89c90,2017-10-24T15:36:00,-1.0,13.8,0.0,9.5,,Partially cloudy,Tokyo
175618,8271,poi_28,4b4fefe1f964a520db1927e3,2017-10-24T18:18:00,7.3,13.2,0.0,9.4,,Overcast,Tokyo
175618,8271,poi_29,4b555139f964a5207ae127e3,2017-10-24T21:20:00,-1.0,12.6,0.002,7.8,rain,"Rain, Overcast",Tokyo
175618,8271,poi_30,5698365e498ebc7d9b511ca8,2017-10-24T22:59:00,-1.0,12.1,0.0,9.5,,Overcast,Tokyo
175618,8271,poi_31,4bf5d425004ed13aa27541a0,2017-10-24T23:51:00,5.5,12.4,0.036,9.5,rain,"Rain, Partially cloudy",Tokyo
175618,8271,poi_32,4b558136f964a520ebe527e3,2017-10-25T00:04:00,5.9,12.4,0.036,9.5,rain,"Rain, Partially cloudy",Tokyo
175618,8271,poi_33,53e1a519498e4f2d6c1ac1f0,2017-10-25T01:02:00,-1.0,12.4,0.002,9.6,rain,"Rain, Overcast",Tokyo
175618,8271,poi_34,57e613a3498e947107dc1d4d,2017-10-25T01:21:00,-1.0,12.4,0.002,9.6,rain,"Rain, Overcast",Tokyo
175618,8271,poi_35,578c7a40498eb4b2f81a2632,2017-10-25T01:37:00,6.8,13.1,0.008,11.3,rain,"Rain, Overcast",Tokyo
175618,8271,poi_36,4c7b8b672dc19521c68ab477,2017-10-25T01:55:00,-1.0,13.1,0.008,11.3,rain,"Rain, Overcast",Tokyo
175618,8271,poi_37,4b4fc05df964a520001427e3,2017-10-25T03:41:00,5.7,13.6,0.012,14.8,rain,"Rain, Partially cloudy",Tokyo
175618,8271,poi_38,4c787811dbaa76b08854154b,2017-10-25T14:19:00,-1.0,11.4,0.0,7.5,,Clear,Tokyo
175618,8271,poi_39,4bf5d425004ed13aa27541a0,2017-10-25T16:09:00,5.5,11.7,0.0,7.6,,Clear,Tokyo
175618,8271,poi_40,4db4d9290cb6729b6a9ba04e,2017-10-25T17:21:00,6.2,10.6,0.0,5.5,,Clear,Tokyo
175618,8271,poi_41,4b555139f964a5207ae127e3,2017-10-25T18:21:00,-1.0,11.7,0.0,7.6,,Clear,Tokyo
175618,8271,poi_42,5698365e498ebc7d9b511ca8,2017-10-25T23:13:00,-1.0,14.1,0.0,5.6,,Clear,Tokyo
175618,8271,poi_43,4b558136f964a520ebe527e3,2017-10-25T23:59:00,5.9,16.0,0.0,5.6,,Partially cloudy,Tokyo
175618,8271,poi_44,4b4fc05df964a520001427e3,2017-10-26T00:49:00,5.7,17.6,0.0,7.6,,Clear,Tokyo
175618,8271,poi_45,4d677730a88a6ea8458ae372,2017-10-26T02:39:00,6.9,19.3,0.0,11.2,,Clear,Tokyo
175618,8271,poi_46,4b4fc05df964a520001427e3,2017-10-26T12:45:00,5.7,11.4,0.0,5.4,,Clear,Tokyo
175618,8271,poi_47,4b62a048f964a520454d2ae3,2017-10-26T12:57:00,6.7,11.4,0.0,5.4,,Clear,Tokyo
175618,8271,poi_48,4b5ecbf5f964a520fd9829e3,2017-10-26T13:07:00,5.6,11.4,0.0,5.4,,Clear,Tokyo
175620,8271,poi_1,4f93f84cbe776df060b89c90,2017-10-29T14:44:00,-1.0,16.2,0.0,16.5,,Clear,Tokyo
175620,8271,poi_2,4c787811dbaa76b08854154b,2017-10-29T15:05:00,-1.0,16.2,0.0,16.5,,Clear,Tokyo
175620,8271,poi_3,4b555139f964a5207ae127e3,2017-10-29T18:09:00,-1.0,15.2,0.0,5.6,,Clear,Tokyo
175620,8271,poi_4,5698365e498ebc7d9b511ca8,2017-10-29T23:46:00,-1.0,18.4,0.0,25.7,,Clear,Tokyo
175620,8271,poi_5,4ba2f0b5f964a520eb2338e3,2017-10-30T00:21:00,5.7,18.4,0.0,25.7,,Clear,Tokyo
175620,8271,poi_6,4b558136f964a520ebe527e3,2017-10-30T00:34:00,5.9,18.9,0.0,22.6,,Clear,Tokyo
175620,8271,poi_7,4bf5d425004ed13aa27541a0,2017-10-30T01:20:00,5.5,18.9,0.0,22.6,,Clear,Tokyo
175620,8271,poi_8,4bc45e80abf4952138e4c493,2017-10-30T01:40:00,5.2,18.7,0.0,27.9,,Clear,Tokyo
175620,8271,poi_9,4b4fc05df964a520001427e3,2017-10-30T03:07:00,5.7,18.2,0.0,24.4,,Clear,Tokyo
175620,8271,poi_10,4e903e5b77c89cb921a453b2,2017-10-30T03:18:00,-1.0,18.2,0.0,24.4,,Clear,Tokyo
175620,8271,poi_11,4b4fc05df964a520001427e3,2017-10-30T13:04:00,5.7,11.4,0.0,13.4,,Clear,Tokyo
175620,8271,poi_12,4b555139f964a5207ae127e3,2017-10-30T17:59:00,-1.0,9.9,0.0,9.6,,Clear,Tokyo
175620,8271,poi_13,4b4fefe1f964a520db1927e3,2017-10-30T18:19:00,7.3,9.9,0.0,9.6,,Clear,Tokyo
175620,8271,poi_14,4b558136f964a520ebe527e3,2017-10-31T00:32:00,5.9,14.8,0.0,5.8,,Clear,Tokyo
175620,8271,poi_15,4bf5d425004ed13aa27541a0,2017-10-31T00:56:00,5.5,14.8,0.0,5.8,,Clear,Tokyo
175620,8271,poi_16,4ba2f0b5f964a520eb2338e3,2017-10-31T01:20:00,5.7,14.8,0.0,5.8,,Clear,Tokyo
175620,8271,poi_17,4cb139ed562d224bf38b1d88,2017-10-31T02:02:00,5.3,15.7,0.0,11.2,,Partially cloudy,Tokyo
175620,8271,poi_18,4b59bf5ff964a520f09528e3,2017-10-31T03:32:00,8.0,16.3,0.0,7.5,,Clear,Tokyo
175620,8271,poi_19,4c286e1d9eb1952191822959,2017-10-31T03:43:00,6.5,16.3,0.0,7.5,,Clear,Tokyo
175620,8271,poi_20,4b4fc05df964a520001427e3,2017-10-31T14:26:00,5.7,11.4,0.0,7.5,,Clear,Tokyo
175620,8271,poi_21,4f93f84cbe776df060b89c90,2017-10-31T15:05:00,-1.0,12.1,0.0,9.2,,Partially cloudy,Tokyo
175620,8271,poi_22,4b4fefe1f964a520db1927e3,2017-10-31T18:10:00,7.3,10.9,0.0,7.6,,Partially cloudy,Tokyo
175620,8271,poi_23,4b555139f964a5207ae127e3,2017-10-31T21:24:00,-1.0,10.1,0.0,7.6,,Partially cloudy,Tokyo
175620,8271,poi_24,5698365e498ebc7d9b511ca8,2017-10-31T23:30:00,-1.0,11.8,0.0,9.3,,Partially cloudy,Tokyo
175620,8271,poi_25,4b558136f964a520ebe527e3,2017-11-01T01:05:00,5.9,14.9,0.0,9.2,,Partially cloudy,Tokyo
175620,8271,poi_26,4bf5d425004ed13aa27541a0,2017-11-01T01:29:00,5.5,14.9,0.0,9.2,,Partially cloudy,Tokyo
175620,8271,poi_27,4ba2f0b5f964a520eb2338e3,2017-11-01T01:46:00,5.7,15.4,0.0,7.4,,Partially cloudy,Tokyo
175620,8271,poi_28,4b5d73e1f964a520695d29e3,2017-11-01T02:18:00,-1.0,15.4,0.0,7.4,,Partially cloudy,Tokyo
175620,8271,poi_29,4cb139ed562d224bf38b1d88,2017-11-01T03:07:00,5.3,16.6,0.0,7.5,,Partially cloudy,Tokyo
175620,8271,poi_30,4e903e5b77c89cb921a453b2,2017-11-01T03:52:00,-1.0,17.7,0.0,3.7,,Clear,Tokyo
175620,8271,poi_31,4b59bf5ff964a520f09528e3,2017-11-01T04:08:00,8.0,17.7,0.0,3.7,,Clear,Tokyo
175620,8271,poi_32,4b5c55fdf964a520752b29e3,2017-11-01T04:21:00,5.8,17.7,0.0,3.7,,Clear,Tokyo
175620,8271,poi_33,4b4fc05df964a520001427e3,2017-11-01T13:34:00,5.7,11.4,0.0,7.6,,Clear,Tokyo
175620,8271,poi_34,4f93f84cbe776df060b89c90,2017-11-01T14:13:00,-1.0,11.4,0.0,7.6,,Clear,Tokyo
175620,8271,poi_35,4c787811dbaa76b08854154b,2017-11-01T15:23:00,-1.0,11.2,0.0,7.6,,Clear,Tokyo
175620,8271,poi_36,4b555139f964a5207ae127e3,2017-11-01T17:49:00,-1.0,11.2,0.0,5.5,,Clear,Tokyo
175620,8271,poi_37,4b4fefe1f964a520db1927e3,2017-11-01T18:16:00,7.3,11.2,0.0,5.5,,Clear,Tokyo
175620,8271,poi_38,4bf5d425004ed13aa27541a0,2017-11-01T19:52:00,5.5,10.7,0.0,5.5,,Clear,Tokyo
175620,8271,poi_39,4b558136f964a520ebe527e3,2017-11-01T21:53:00,5.9,10.7,0.0,7.6,,Clear,Tokyo
175620,8271,poi_40,4bf5d425004ed13aa27541a0,2017-11-01T23:02:00,5.5,13.0,0.0,9.2,,Clear,Tokyo
175620,8271,poi_41,4ba2f0b5f964a520eb2338e3,2017-11-02T01:08:00,5.7,16.4,0.0,7.5,,Clear,Tokyo
175620,8271,poi_42,4bc45e80abf4952138e4c493,2017-11-02T03:24:00,5.2,19.7,0.0,11.2,,Partially cloudy,Tokyo
175620,8271,poi_43,4cb139ed562d224bf38b1d88,2017-11-02T04:15:00,5.3,20.4,0.0,7.6,,Clear,Tokyo
175620,8271,poi_44,4e903e5b77c89cb921a453b2,2017-11-02T04:48:00,-1.0,20.2,0.0,7.6,,Clear,Tokyo
175620,8271,poi_45,530e06f8498e2bf96cae209b,2017-11-02T05:03:00,5.8,20.2,0.0,7.6,,Clear,Tokyo
175620,8271,poi_46,4b5c55fdf964a520752b29e3,2017-11-02T05:16:00,5.8,20.2,0.0,7.6,,Clear,Tokyo
175620,8271,poi_47,4b4fc05df964a520001427e3,2017-11-03T01:08:00,5.7,17.9,0.0,12.9,,Clear,Tokyo
175620,8271,poi_48,530e06f8498e2bf96cae209b,2017-11-03T01:34:00,5.8,19.8,0.0,7.7,,Clear,Tokyo
175622,8271,poi_1,4b08b4e5f964a520211123e3,2017-11-03T21:13:00,-1.0,15.1,0.0,3.9,,Overcast,Tokyo
175622,8271,poi_2,4b752765f964a52068ff2de3,2017-11-03T21:21:00,-1.0,15.1,0.0,3.9,,Overcast,Tokyo
175622,8271,poi_3,4b9a188ef964a520a09e35e3,2017-11-03T21:35:00,-1.0,15.1,0.0,5.5,,Clear,Tokyo
175622,8271,poi_4,4b0587b2f964a5203fa022e3,2017-11-03T22:09:00,9.1,15.1,0.0,5.5,,Clear,Tokyo
175622,8271,poi_5,4b5a7c70f964a520ddc728e3,2017-11-04T02:55:00,-1.0,21.1,0.0,3.7,,Clear,Tokyo
175622,8271,poi_6,4bf2980782002d7fb0b5d0bb,2017-11-04T03:53:00,7.1,21.5,0.0,5.4,,Clear,Tokyo
175622,8271,poi_7,4b62b939f964a52057502ae3,2017-11-04T04:57:00,-1.0,20.7,0.0,11.0,,Clear,Tokyo
175622,8271,poi_8,502a4ce2e4b06079cd60a0b3,2017-11-04T05:07:00,-1.0,20.7,0.0,11.0,,Clear,Tokyo
175622,8271,poi_9,4b83e1e4f964a520101531e3,2017-11-04T05:17:00,-1.0,20.7,0.0,11.0,,Clear,Tokyo
175622,8271,poi_10,4b4fc05df964a520001427e3,2017-11-04T06:39:00,5.7,19.1,0.0,14.6,,Partially cloudy,Tokyo
175622,8271,poi_11,4b5c55fdf964a520752b29e3,2017-11-04T06:51:00,5.8,19.1,0.0,14.6,,Partially cloudy,Tokyo
175622,8271,poi_12,4b59bf5ff964a520f09528e3,2017-11-04T07:11:00,8.0,19.1,0.0,14.6,,Partially cloudy,Tokyo
175623,8271,poi_1,4b5c55fdf964a520752b29e3,2017-11-04T17:56:00,5.8,11.8,0.0,11.1,,Clear,Tokyo
175623,8271,poi_2,4b4fefe1f964a520db1927e3,2017-11-05T18:14:00,7.3,9.9,0.0,9.3,,Partially cloudy,Tokyo
175623,8271,poi_3,4b555139f964a5207ae127e3,2017-11-05T18:47:00,-1.0,9.7,0.0,7.6,,Clear,Tokyo
175623,8271,poi_4,4ddaf5432271ac90476955d4,2017-11-05T19:51:00,5.7,8.2,0.0,5.5,,Clear,Tokyo
175623,8271,poi_5,5698365e498ebc7d9b511ca8,2017-11-06T00:08:00,-1.0,12.6,0.0,7.4,,Clear,Tokyo
175623,8271,poi_6,4b558136f964a520ebe527e3,2017-11-06T01:44:00,5.9,15.6,0.0,3.6,,Clear,Tokyo
175623,8271,poi_7,4bf5d425004ed13aa27541a0,2017-11-06T01:54:00,5.5,15.6,0.0,3.6,,Clear,Tokyo
175623,8271,poi_8,4bc45e80abf4952138e4c493,2017-11-06T02:06:00,5.2,15.6,0.0,3.6,,Clear,Tokyo
175623,8271,poi_9,54950c68498e23fac5bb3fed,2017-11-06T02:16:00,6.3,15.6,0.0,3.6,,Clear,Tokyo
175623,8271,poi_10,4f93f84cbe776df060b89c90,2017-11-06T03:00:00,-1.0,17.2,0.0,2.0,,Clear,Tokyo
175623,8271,poi_11,4b4fc05df964a520001427e3,2017-11-06T03:35:00,5.7,19.5,0.0,5.6,,Clear,Tokyo
175623,8271,poi_12,4b59bf5ff964a520f09528e3,2017-11-06T04:09:00,8.0,19.5,0.0,5.6,,Clear,Tokyo
175623,8271,poi_13,4b4fc05df964a520001427e3,2017-11-06T14:00:00,5.7,12.6,0.0,7.5,,Clear,Tokyo
175623,8271,poi_14,4f93f84cbe776df060b89c90,2017-11-06T14:39:00,-1.0,11.5,0.0,3.6,,Clear,Tokyo
175623,8271,poi_15,4c787811dbaa76b08854154b,2017-11-06T15:54:00,-1.0,11.7,0.0,5.4,,Clear,Tokyo
175623,8271,poi_16,4b555139f964a5207ae127e3,2017-11-06T18:27:00,-1.0,10.9,0.0,3.7,,Clear,Tokyo
175623,8271,poi_17,4e903e5b77c89cb921a453b2,2017-11-07T00:57:00,-1.0,15.7,0.0,3.5,,Clear,Tokyo
175623,8271,poi_18,4b59bf5ff964a520f09528e3,2017-11-07T04:08:00,8.0,20.4,0.0,5.5,,Clear,Tokyo
175623,8271,poi_19,4b4fc05df964a520001427e3,2017-11-07T14:31:00,5.7,14.5,0.0,5.5,,Partially cloudy,Tokyo
175623,8271,poi_20,4f93f84cbe776df060b89c90,2017-11-07T15:13:00,-1.0,14.5,0.0,5.5,,Partially cloudy,Tokyo
175623,8271,poi_21,4b555139f964a5207ae127e3,2017-11-07T21:51:00,-1.0,14.2,0.0,5.4,,Overcast,Tokyo
175623,8271,poi_22,5698365e498ebc7d9b511ca8,2017-11-08T00:33:00,-1.0,16.4,0.0,18.5,,Overcast,Tokyo
175623,8271,poi_23,4b558136f964a520ebe527e3,2017-11-08T01:17:00,5.9,16.4,0.0,18.5,,Overcast,Tokyo
175623,8271,poi_24,4bf5d425004ed13aa27541a0,2017-11-08T01:27:00,5.5,16.4,0.0,18.5,,Overcast,Tokyo
175623,8271,poi_25,4ba2f0b5f964a520eb2338e3,2017-11-08T01:45:00,5.7,15.3,0.0,8.0,,Overcast,Tokyo
175623,8271,poi_26,54950c68498e23fac5bb3fed,2017-11-08T02:29:00,6.3,15.3,0.0,8.0,,Overcast,Tokyo
175623,8271,poi_27,4cb139ed562d224bf38b1d88,2017-11-08T02:42:00,5.3,15.3,0.0,13.3,,Overcast,Tokyo
175623,8271,poi_28,4b4fc05df964a520001427e3,2017-11-08T13:35:00,5.7,12.7,0.0,9.3,,Clear,Tokyo
175623,8271,poi_29,4f93f84cbe776df060b89c90,2017-11-08T14:14:00,-1.0,12.7,0.0,9.3,,Clear,Tokyo
175623,8271,poi_30,4c787811dbaa76b08854154b,2017-11-08T14:28:00,-1.0,12.7,0.0,9.3,,Clear,Tokyo
175623,8271,poi_31,4b555139f964a5207ae127e3,2017-11-08T18:11:00,-1.0,10.8,0.0,3.8,,Clear,Tokyo
175623,8271,poi_32,5698365e498ebc7d9b511ca8,2017-11-08T23:32:00,-1.0,16.6,0.0,20.7,,Clear,Tokyo
175623,8271,poi_33,4b558136f964a520ebe527e3,2017-11-09T01:02:00,5.9,17.4,0.0,21.1,,Clear,Tokyo
175623,8271,poi_34,4bf5d425004ed13aa27541a0,2017-11-09T01:25:00,5.5,17.4,0.0,21.1,,Clear,Tokyo
175623,8271,poi_35,4ba2f0b5f964a520eb2338e3,2017-11-09T02:02:00,5.7,18.2,0.0,22.6,,Clear,Tokyo
175623,8271,poi_36,4ddaf5432271ac90476955d4,2017-11-09T02:23:00,5.7,18.2,0.0,22.6,,Clear,Tokyo
175623,8271,poi_37,4cb139ed562d224bf38b1d88,2017-11-09T03:06:00,5.3,18.4,0.0,27.7,,Clear,Tokyo
175623,8271,poi_38,4e903e5b77c89cb921a453b2,2017-11-09T03:41:00,-1.0,17.9,0.0,17.1,,Clear,Tokyo
175623,8271,poi_39,4b59bf5ff964a520f09528e3,2017-11-09T04:31:00,8.0,17.4,0.0,29.3,,Clear,Tokyo
175623,8271,poi_40,4b4fc05df964a520001427e3,2017-11-09T13:07:00,5.7,12.2,0.0,9.3,,Clear,Tokyo
175623,8271,poi_41,4f93f84cbe776df060b89c90,2017-11-09T13:43:00,-1.0,12.3,0.0,12.7,,Clear,Tokyo
175623,8271,poi_42,4c787811dbaa76b08854154b,2017-11-09T15:34:00,-1.0,11.8,0.0,7.6,,Clear,Tokyo
175623,8271,poi_43,4b555139f964a5207ae127e3,2017-11-09T18:01:00,-1.0,10.6,0.0,3.8,,Partially cloudy,Tokyo
175623,8271,poi_44,5698365e498ebc7d9b511ca8,2017-11-10T00:26:00,-1.0,12.7,0.0,5.5,,Partially cloudy,Tokyo
175623,8271,poi_45,4b558136f964a520ebe527e3,2017-11-10T02:57:00,5.9,15.4,0.0,3.8,,Partially cloudy,Tokyo
175623,8271,poi_46,4bf5d425004ed13aa27541a0,2017-11-10T03:10:00,5.5,15.4,0.0,3.8,,Partially cloudy,Tokyo
175623,8271,poi_47,4ba2f0b5f964a520eb2338e3,2017-11-10T03:20:00,5.7,15.4,0.0,3.8,,Partially cloudy,Tokyo
175623,8271,poi_48,54950c68498e23fac5bb3fed,2017-11-10T04:08:00,6.3,16.9,0.0,11.1,,Clear,Tokyo
175623,8271,poi_49,4b4fc05df964a520001427e3,2017-11-10T16:46:00,5.7,17.2,0.0,18.9,,Overcast,Tokyo
175623,8271,poi_50,4b6c0307f964a5208c1f2ce3,2017-11-10T17:11:00,6.5,17.2,0.0,18.9,,Overcast,Tokyo
175623,8271,poi_51,4b95d823f964a52057b534e3,2017-11-10T17:21:00,6.1,17.2,0.0,18.9,,Overcast,Tokyo
175623,8271,poi_52,5451e999498e4fd387dadc87,2017-11-10T21:37:00,-1.0,18.8,0.0,18.7,,Partially cloudy,Tokyo
175623,8271,poi_53,4b5bbc29f964a520241329e3,2017-11-10T21:50:00,8.2,18.8,0.0,18.7,,Partially cloudy,Tokyo
175623,8271,poi_54,4b5bb903f964a5203f1229e3,2017-11-10T22:09:00,5.6,18.8,0.0,18.7,,Partially cloudy,Tokyo
175623,8271,poi_55,4e0be88e1495d7e1fa1fc2f9,2017-11-10T22:28:00,-1.0,18.8,0.0,18.7,,Partially cloudy,Tokyo
175623,8271,poi_56,590ea159603d2a2d85c27fc1,2017-11-10T22:57:00,-1.0,19.3,0.0,18.8,,Partially cloudy,Tokyo
175623,8271,poi_57,4e903e5b77c89cb921a453b2,2017-11-11T01:33:00,-1.0,20.0,0.0,14.8,,Partially cloudy,Tokyo
175623,8271,poi_58,4b59bf5ff964a520f09528e3,2017-11-11T02:05:00,8.0,20.0,0.0,14.8,,Partially cloudy,Tokyo
175623,8271,poi_59,4b4fc05df964a520001427e3,2017-11-11T23:37:00,5.7,13.1,0.0,14.8,,Clear,Tokyo
175623,8271,poi_60,4b59bf5ff964a520f09528e3,2017-11-12T00:55:00,8.0,14.3,0.0,16.3,,Clear,Tokyo
175623,8271,poi_61,58c6a03afc73d458339fcfbc,2017-11-12T01:17:00,6.6,14.3,0.0,16.3,,Clear,Tokyo
175623,8271,poi_62,4b64158af964a5204a9e2ae3,2017-11-12T02:41:00,7.9,15.3,0.0,12.8,,Partially cloudy,Tokyo
175623,8271,poi_63,4b8ceab4f964a520c4e032e3,2017-11-12T03:03:00,-1.0,15.3,0.0,12.8,,Partially cloudy,Tokyo
175623,8271,poi_64,4b4fc05df964a520001427e3,2017-11-12T13:52:00,5.7,11.2,0.0,9.3,,Partially cloudy,Tokyo
175623,8271,poi_65,4f93f84cbe776df060b89c90,2017-11-12T14:36:00,-1.0,9.2,0.0,5.7,,Partially cloudy,Tokyo
175623,8271,poi_66,4c787811dbaa76b08854154b,2017-11-12T15:02:00,-1.0,9.2,0.0,5.7,,Partially cloudy,Tokyo
175623,8271,poi_67,4b555139f964a5207ae127e3,2017-11-12T17:32:00,-1.0,8.7,0.0,9.4,,Partially cloudy,Tokyo
175623,8271,poi_68,4b4fefe1f964a520db1927e3,2017-11-12T18:09:00,7.3,8.7,0.0,9.4,,Partially cloudy,Tokyo
175623,8271,poi_69,5698365e498ebc7d9b511ca8,2017-11-12T20:29:00,-1.0,7.9,0.0,3.8,,Partially cloudy,Tokyo
175623,8271,poi_70,4ddaf5432271ac90476955d4,2017-11-12T22:43:00,5.7,8.9,0.0,9.4,,Partially cloudy,Tokyo
175623,8271,poi_71,4bf5d425004ed13aa27541a0,2017-11-12T22:58:00,5.5,8.9,0.0,9.4,,Partially cloudy,Tokyo
175623,8271,poi_72,4b558136f964a520ebe527e3,2017-11-12T23:37:00,5.9,11.1,0.0,9.5,,Partially cloudy,Tokyo
175623,8271,poi_73,4ba2f0b5f964a520eb2338e3,2017-11-12T23:47:00,5.7,11.1,0.0,9.5,,Partially cloudy,Tokyo
175623,8271,poi_74,4cb139ed562d224bf38b1d88,2017-11-13T03:14:00,5.3,14.4,0.0,5.4,,Partially cloudy,Tokyo
175623,8271,poi_75,4e903e5b77c89cb921a453b2,2017-11-13T03:52:00,-1.0,15.1,0.0,7.5,,Clear,Tokyo
175623,8271,poi_76,4b4fc05df964a520001427e3,2017-11-13T13:23:00,5.7,11.4,0.0,9.2,,Partially cloudy,Tokyo
175623,8271,poi_77,4f93f84cbe776df060b89c90,2017-11-13T14:00:00,-1.0,10.9,0.0,1.9,,Partially cloudy,Tokyo
175623,8271,poi_78,4c787811dbaa76b08854154b,2017-11-13T14:26:00,-1.0,10.9,0.0,1.9,,Partially cloudy,Tokyo
175623,8271,poi_79,4bf5d425004ed13aa27541a0,2017-11-13T17:53:00,5.5,10.7,0.131,7.6,rain,"Rain, Overcast",Tokyo
175623,8271,poi_80,4b555139f964a5207ae127e3,2017-11-13T18:05:00,-1.0,10.7,0.131,7.6,rain,"Rain, Overcast",Tokyo
175623,8271,poi_81,4b4fefe1f964a520db1927e3,2017-11-13T18:18:00,7.3,10.7,0.131,7.6,rain,"Rain, Overcast",Tokyo
175623,8271,poi_82,5698365e498ebc7d9b511ca8,2017-11-13T23:50:00,-1.0,12.1,0.106,11.0,rain,"Rain, Overcast",Tokyo
175623,8271,poi_83,4b0dc8dff964a520175023e3,2017-11-14T00:23:00,6.3,12.1,0.106,11.0,rain,"Rain, Overcast",Tokyo
175623,8271,poi_84,4b558136f964a520ebe527e3,2017-11-14T01:48:00,5.9,14.8,0.0,5.3,,Partially cloudy,Tokyo
175623,8271,poi_85,4ddaf5432271ac90476955d4,2017-11-14T02:05:00,5.7,14.8,0.0,5.3,,Partially cloudy,Tokyo
175623,8271,poi_86,4cb139ed562d224bf38b1d88,2017-11-14T02:46:00,5.3,14.8,0.0,5.4,,Overcast,Tokyo
175623,8271,poi_87,54950c68498e23fac5bb3fed,2017-11-14T02:56:00,6.3,14.8,0.0,5.4,,Overcast,Tokyo
175623,8271,poi_88,4b4fc05df964a520001427e3,2017-11-14T13:54:00,5.7,10.7,0.0,3.7,,Clear,Tokyo
175623,8271,poi_89,4f93f84cbe776df060b89c90,2017-11-14T14:33:00,-1.0,10.7,0.0,5.4,,Clear,Tokyo
175623,8271,poi_90,4c787811dbaa76b08854154b,2017-11-14T14:42:00,-1.0,10.7,0.0,5.4,,Clear,Tokyo
175623,8271,poi_91,4b555139f964a5207ae127e3,2017-11-14T18:03:00,-1.0,10.7,0.0,3.7,,Partially cloudy,Tokyo
175623,8271,poi_92,4b4fefe1f964a520db1927e3,2017-11-14T18:30:00,7.3,10.7,0.0,3.7,,Partially cloudy,Tokyo
175623,8271,poi_93,4bf5d425004ed13aa27541a0,2017-11-14T19:43:00,5.5,11.4,0.0,7.7,,Overcast,Tokyo
175623,8271,poi_94,4b558136f964a520ebe527e3,2017-11-14T21:15:00,5.9,10.9,0.0,9.3,,Partially cloudy,Tokyo
175623,8271,poi_95,5698365e498ebc7d9b511ca8,2017-11-14T21:54:00,-1.0,10.7,0.0,7.5,,Partially cloudy,Tokyo
175623,8271,poi_96,4ddaf5432271ac90476955d4,2017-11-14T23:31:00,5.7,12.5,0.0,12.9,,Partially cloudy,Tokyo
175623,8271,poi_97,4ba2f0b5f964a520eb2338e3,2017-11-15T01:34:00,5.7,14.6,0.0,5.6,,Partially cloudy,Tokyo
175623,8271,poi_98,4cb139ed562d224bf38b1d88,2017-11-15T03:33:00,5.3,16.5,0.0,11.2,,Partially cloudy,Tokyo
175623,8271,poi_99,4e903e5b77c89cb921a453b2,2017-11-15T04:15:00,-1.0,16.5,0.0,11.2,,Partially cloudy,Tokyo
175623,8271,poi_100,4b4fc05df964a520001427e3,2017-11-15T14:00:00,5.7,12.3,0.0,5.7,,Partially cloudy,Tokyo
175623,8271,poi_101,4f93f84cbe776df060b89c90,2017-11-15T14:32:00,-1.0,11.6,0.0,5.6,,Partially cloudy,Tokyo
175623,8271,poi_102,4c787811dbaa76b08854154b,2017-11-15T15:10:00,-1.0,11.6,0.0,5.6,,Partially cloudy,Tokyo
175623,8271,poi_103,4b555139f964a5207ae127e3,2017-11-15T18:00:00,-1.0,9.1,0.0,3.8,,Partially cloudy,Tokyo
175623,8271,poi_104,4bf5d425004ed13aa27541a0,2017-11-15T19:02:00,5.5,8.9,0.0,3.8,,Clear,Tokyo
175623,8271,poi_105,5698365e498ebc7d9b511ca8,2017-11-15T21:12:00,-1.0,8.7,0.0,9.3,,Clear,Tokyo
175623,8271,poi_106,4b558136f964a520ebe527e3,2017-11-15T23:25:00,5.9,10.9,0.0,12.9,,Clear,Tokyo
175623,8271,poi_107,4ba2f0b5f964a520eb2338e3,2017-11-16T00:34:00,5.7,14.0,0.0,14.9,,Clear,Tokyo
175623,8271,poi_108,4ddaf5432271ac90476955d4,2017-11-16T01:13:00,5.7,14.0,0.0,14.9,,Clear,Tokyo
175623,8271,poi_109,4cb139ed562d224bf38b1d88,2017-11-16T02:13:00,5.3,15.3,0.0,12.9,,Clear,Tokyo
175623,8271,poi_110,4e903e5b77c89cb921a453b2,2017-11-16T02:51:00,-1.0,15.6,0.0,12.8,,Clear,Tokyo
175623,8271,poi_111,4e871e1602d5bbe5a6fd1879,2017-11-16T03:05:00,-1.0,15.6,0.0,12.8,,Clear,Tokyo
175623,8271,poi_112,4b4fc05df964a520001427e3,2017-11-16T14:25:00,5.7,9.0,0.0,11.2,,Partially cloudy,Tokyo
175623,8271,poi_113,4f93f84cbe776df060b89c90,2017-11-16T15:01:00,-1.0,9.1,0.0,7.7,,Clear,Tokyo
175623,8271,poi_114,4c787811dbaa76b08854154b,2017-11-16T15:11:00,-1.0,9.1,0.0,7.7,,Clear,Tokyo
175623,8271,poi_115,4b555139f964a5207ae127e3,2017-11-16T18:15:00,-1.0,8.3,0.0,7.6,,Partially cloudy,Tokyo
175623,8271,poi_116,4b4fefe1f964a520db1927e3,2017-11-16T19:05:00,7.3,7.6,0.0,3.8,,Partially cloudy,Tokyo
175623,8271,poi_117,5698365e498ebc7d9b511ca8,2017-11-16T20:25:00,-1.0,7.0,0.0,5.5,,Clear,Tokyo
175623,8271,poi_118,4bf5d425004ed13aa27541a0,2017-11-16T22:32:00,5.5,6.9,0.0,7.6,,Partially cloudy,Tokyo
175623,8271,poi_119,4ddaf5432271ac90476955d4,2017-11-16T23:07:00,5.7,6.9,0.0,7.6,,Partially cloudy,Tokyo
175623,8271,poi_120,4ba2f0b5f964a520eb2338e3,2017-11-17T00:03:00,5.7,8.6,0.0,7.5,,Partially cloudy,Tokyo
175623,8271,poi_121,4cb139ed562d224bf38b1d88,2017-11-17T02:51:00,5.3,12.4,0.0,11.0,,Partially cloudy,Tokyo
175623,8271,poi_122,4e903e5b77c89cb921a453b2,2017-11-17T04:15:00,-1.0,13.0,0.0,5.5,,Clear,Tokyo
175623,8271,poi_123,4b59bf5ff964a520f09528e3,2017-11-17T04:34:00,8.0,13.0,0.0,5.5,,Clear,Tokyo
175624,8271,poi_1,4b4fc05df964a520001427e3,2017-11-17T20:18:00,5.7,8.4,0.0,5.4,,Partially cloudy,Tokyo
175624,8271,poi_2,4fe4fb82e4b0faa0b8c11baf,2017-11-17T20:44:00,-1.0,8.4,0.0,5.3,,Overcast,Tokyo
175624,8271,poi_3,4c65f9ef7abde21efb7d6268,2017-11-17T21:06:00,-1.0,8.4,0.0,5.3,,Overcast,Tokyo
175624,8271,poi_4,4b5bc476f964a520fe1429e3,2017-11-17T22:49:00,9.0,10.4,0.0,3.8,,Overcast,Tokyo
175624,8271,poi_5,5a0fe6828b98fd7084fa604b,2017-11-17T23:14:00,-1.0,10.4,0.0,3.8,,Overcast,Tokyo
175624,8271,poi_6,4c2674435c5ca593343646fe,2017-11-17T23:33:00,8.3,12.2,0.0,12.8,,Overcast,Tokyo
175624,8271,poi_7,4b5ad45ef964a5207cd628e3,2017-11-18T00:07:00,7.9,12.2,0.0,12.8,,Overcast,Tokyo
175624,8271,poi_8,4b0587a1f964a5209b9d22e3,2017-11-18T00:31:00,9.2,13.4,0.0,14.9,,Overcast,Tokyo
175624,8271,poi_9,59ec45d64ce0665bc880f046,2017-11-18T01:09:00,7.9,13.4,0.0,14.9,,Overcast,Tokyo
175624,8271,poi_10,4b19f87df964a520a4e623e3,2017-11-18T03:25:00,5.9,12.4,0.0,4.4,,Overcast,Tokyo
175624,8271,poi_11,4e903e5b77c89cb921a453b2,2017-11-18T05:11:00,-1.0,14.1,0.0,18.4,,Overcast,Tokyo
175624,8271,poi_12,4b47db98f964a520ce4126e3,2017-11-18T20:55:00,7.0,6.7,0.0,13.0,,Clear,Tokyo
175624,8271,poi_13,4b95c372f964a52062b234e3,2017-11-19T00:24:00,8.0,9.8,0.0,14.7,,Partially cloudy,Tokyo
175624,8271,poi_14,4b6f582ef964a52067ec2ce3,2017-11-19T02:38:00,5.3,10.6,0.0,9.3,,Partially cloudy,Tokyo
175624,8271,poi_15,4bc45e80abf4952138e4c493,2017-11-19T02:49:00,5.2,10.6,0.0,9.3,,Partially cloudy,Tokyo
175624,8271,poi_16,4e903e5b77c89cb921a453b2,2017-11-19T04:12:00,-1.0,10.6,0.0,5.6,,Partially cloudy,Tokyo
175624,8271,poi_17,4b4fc05df964a520001427e3,2017-11-19T12:27:00,5.7,8.2,0.0,7.9,,Clear,Tokyo
175624,8271,poi_18,4f93f84cbe776df060b89c90,2017-11-19T13:00:00,-1.0,7.1,0.0,9.6,,Clear,Tokyo
175624,8271,poi_19,4b555139f964a5207ae127e3,2017-11-19T18:22:00,-1.0,4.4,0.0,3.7,,Partially cloudy,Tokyo
175624,8271,poi_20,4b4fefe1f964a520db1927e3,2017-11-19T18:44:00,7.3,4.6,0.0,2.1,,Clear,Tokyo
175624,8271,poi_21,5698365e498ebc7d9b511ca8,2017-11-20T00:05:00,-1.0,6.5,0.0,3.7,,Overcast,Tokyo
175624,8271,poi_22,4ba2f0b5f964a520eb2338e3,2017-11-20T00:32:00,5.7,8.1,0.0,1.8,,Partially cloudy,Tokyo
175624,8271,poi_23,4bf5d425004ed13aa27541a0,2017-11-20T01:05:00,5.5,8.1,0.0,1.8,,Partially cloudy,Tokyo
175624,8271,poi_24,54950c68498e23fac5bb3fed,2017-11-20T01:46:00,6.3,8.0,0.0,7.4,,Overcast,Tokyo
175624,8271,poi_25,4e903e5b77c89cb921a453b2,2017-11-20T02:18:00,-1.0,8.0,0.0,7.4,,Overcast,Tokyo
175624,8271,poi_26,4b59bf5ff964a520f09528e3,2017-11-20T02:42:00,8.0,8.8,0.0,5.4,,Overcast,Tokyo
175625,8271,poi_1,4b4fc05df964a520001427e3,2017-11-20T13:28:00,5.7,4.1,0.0,9.2,,Clear,Tokyo
175625,8271,poi_2,4f93f84cbe776df060b89c90,2017-11-20T14:07:00,-1.0,4.7,0.0,9.3,,Clear,Tokyo
175625,8271,poi_3,4c787811dbaa76b08854154b,2017-11-20T15:02:00,-1.0,4.2,0.0,7.6,,Clear,Tokyo
175625,8271,poi_4,4b555139f964a5207ae127e3,2017-11-20T18:28:00,-1.0,6.6,0.0,18.7,,Clear,Tokyo
175625,8271,poi_5,4b4fefe1f964a520db1927e3,2017-11-20T18:41:00,7.3,6.6,0.0,20.6,,Clear,Tokyo
175625,8271,poi_6,5698365e498ebc7d9b511ca8,2017-11-20T19:13:00,-1.0,6.6,0.0,20.6,,Clear,Tokyo
175625,8271,poi_7,4ddaf5432271ac90476955d4,2017-11-20T20:12:00,5.7,5.9,0.0,18.2,,Clear,Tokyo
175625,8271,poi_8,4b558136f964a520ebe527e3,2017-11-21T02:57:00,5.9,11.1,0.0,9.5,,Clear,Tokyo
175625,8271,poi_9,4bf5d425004ed13aa27541a0,2017-11-21T03:15:00,5.5,11.1,0.0,9.5,,Clear,Tokyo
175625,8271,poi_10,4ba2f0b5f964a520eb2338e3,2017-11-21T03:32:00,5.7,11.5,0.0,9.5,,Clear,Tokyo
175625,8271,poi_11,4b4fc05df964a520001427e3,2017-11-21T13:11:00,5.7,7.0,0.0,9.3,,Clear,Tokyo
175625,8271,poi_12,4f93f84cbe776df060b89c90,2017-11-21T13:42:00,-1.0,5.1,0.0,3.8,,Clear,Tokyo
175625,8271,poi_13,4c787811dbaa76b08854154b,2017-11-21T13:55:00,-1.0,5.1,0.0,3.8,,Clear,Tokyo
175625,8271,poi_14,4b555139f964a5207ae127e3,2017-11-21T18:43:00,-1.0,4.3,0.0,7.7,,Partially cloudy,Tokyo
175625,8271,poi_15,4b4fefe1f964a520db1927e3,2017-11-21T18:59:00,7.3,4.3,0.0,7.7,,Partially cloudy,Tokyo
175625,8271,poi_16,5698365e498ebc7d9b511ca8,2017-11-21T22:48:00,-1.0,4.9,0.0,7.6,,Partially cloudy,Tokyo
175625,8271,poi_17,4b558136f964a520ebe527e3,2017-11-21T23:05:00,5.9,4.9,0.0,7.6,,Partially cloudy,Tokyo
175625,8271,poi_18,4bf5d425004ed13aa27541a0,2017-11-21T23:32:00,5.5,6.4,0.0,7.7,,Partially cloudy,Tokyo
175625,8271,poi_19,4b5583def964a52032e627e3,2017-11-22T01:11:00,5.6,7.6,0.0,5.5,,Overcast,Tokyo
175625,8271,poi_20,54950c68498e23fac5bb3fed,2017-11-22T02:19:00,6.3,9.5,0.0,5.4,,Overcast,Tokyo
175625,8271,poi_21,4e903e5b77c89cb921a453b2,2017-11-22T02:50:00,-1.0,9.7,0.0,3.7,,Partially cloudy,Tokyo
175626,8271,poi_1,4b12f8a8f964a520e19123e3,2017-11-22T19:49:00,5.4,6.4,0.005,3.8,rain,"Rain, Overcast",Tokyo
175626,8271,poi_2,4b62b939f964a52057502ae3,2017-11-22T23:55:00,-1.0,7.4,14.312,5.5,rain,"Rain, Overcast",Tokyo
175626,8271,poi_3,4be7fb02a117b7139d5a81c8,2017-11-23T00:32:00,-1.0,7.9,0.031,7.7,rain,"Rain, Overcast",Tokyo
175626,8271,poi_4,592f5999dec1d67900d59eaa,2017-11-23T02:16:00,6.7,9.1,0.009,7.6,rain,"Rain, Overcast",Tokyo
175626,8271,poi_5,502a4ce2e4b06079cd60a0b3,2017-11-23T02:30:00,-1.0,9.1,0.009,7.6,rain,"Rain, Overcast",Tokyo
175626,8271,poi_6,4f93f84cbe776df060b89c90,2017-11-23T03:17:00,-1.0,9.7,0.002,11.1,rain,"Rain, Overcast",Tokyo
175626,8271,poi_7,4c787811dbaa76b08854154b,2017-11-23T03:27:00,-1.0,9.7,0.002,11.1,rain,"Rain, Overcast",Tokyo
175626,8271,poi_8,4e903e5b77c89cb921a453b2,2017-11-23T04:39:00,-1.0,13.4,0.0,9.5,,Clear,Tokyo
175626,8271,poi_9,4e1c669f6284ae9cf27ac2b1,2017-11-23T04:49:00,6.0,13.4,0.0,9.5,,Clear,Tokyo
175626,8271,poi_10,4b63dccbf964a520c8942ae3,2017-11-23T04:59:00,4.8,13.4,0.0,9.5,,Clear,Tokyo
175626,8271,poi_11,4b4fc05df964a520001427e3,2017-11-23T13:26:00,5.7,9.9,0.0,7.7,,Partially cloudy,Tokyo
175626,8271,poi_12,4f93f84cbe776df060b89c90,2017-11-23T14:02:00,-1.0,8.9,0.0,9.5,,Clear,Tokyo
175626,8271,poi_13,4c787811dbaa76b08854154b,2017-11-23T14:16:00,-1.0,8.9,0.0,9.5,,Clear,Tokyo
175626,8271,poi_14,4b555139f964a5207ae127e3,2017-11-23T17:40:00,-1.0,8.4,0.0,5.5,,Overcast,Tokyo
175626,8271,poi_15,4b62743af964a5203f482ae3,2017-11-23T18:07:00,5.4,8.4,0.0,5.5,,Overcast,Tokyo
175626,8271,poi_16,5698365e498ebc7d9b511ca8,2017-11-23T19:06:00,-1.0,8.2,0.0,3.7,,Partially cloudy,Tokyo
175626,8271,poi_17,4db4d9290cb6729b6a9ba04e,2017-11-23T20:46:00,6.2,7.4,0.0,3.7,,Partially cloudy,Tokyo
175626,8271,poi_18,4b558136f964a520ebe527e3,2017-11-23T21:01:00,5.9,7.4,0.0,3.7,,Partially cloudy,Tokyo
175626,8271,poi_19,4b976c32f964a520190335e3,2017-11-23T23:13:00,6.3,9.1,0.0,5.4,,Partially cloudy,Tokyo
175626,8271,poi_20,4bf5d425004ed13aa27541a0,2017-11-24T00:10:00,5.5,10.8,0.0,3.7,,Partially cloudy,Tokyo
175626,8271,poi_21,4ba2f0b5f964a520eb2338e3,2017-11-24T00:38:00,5.7,12.3,0.0,5.5,,Clear,Tokyo
175626,8271,poi_22,4cb139ed562d224bf38b1d88,2017-11-24T00:47:00,5.3,12.3,0.0,5.5,,Clear,Tokyo
175626,8271,poi_23,4b568200f964a520561328e3,2017-11-24T02:56:00,9.1,13.6,0.0,7.9,,Clear,Tokyo
175627,8271,poi_1,4deeb952887754a6af8296fe,2017-11-24T19:11:00,6.2,4.3,0.0,3.8,,Clear,Tokyo
175627,8271,poi_2,4e99bbd6e5e8dffcaeb36897,2017-11-24T19:34:00,5.4,4.1,0.0,2.1,,Clear,Tokyo
175627,8271,poi_3,4b5be785f964a5209b1c29e3,2017-11-24T20:51:00,8.9,3.9,0.0,3.7,,Clear,Tokyo
175627,8271,poi_4,5a1905675ba0461ea2732a87,2017-11-24T21:16:00,-1.0,3.9,0.0,3.7,,Clear,Tokyo
175627,8271,poi_5,4c80e15cd34ca14371b41c80,2017-11-24T21:50:00,-1.0,4.1,0.0,3.7,,Clear,Tokyo
175627,8271,poi_6,4bc96cc2511f95210fc4adc7,2017-11-24T22:06:00,-1.0,4.1,0.0,3.7,,Clear,Tokyo
175627,8271,poi_7,57e4e531498ef91338cfea00,2017-11-24T22:17:00,6.3,4.1,0.0,3.7,,Clear,Tokyo
175627,8271,poi_8,593b71810f013c66ea986081,2017-11-24T22:34:00,-1.0,7.5,0.0,5.4,,Clear,Tokyo
175627,8271,poi_9,4b0587a6f964a520529e22e3,2017-11-24T23:21:00,7.8,7.5,0.0,5.4,,Clear,Tokyo
175627,8271,poi_10,502a4ce2e4b06079cd60a0b3,2017-11-24T23:31:00,-1.0,10.1,0.0,5.4,,Clear,Tokyo
175627,8271,poi_11,4f93f84cbe776df060b89c90,2017-11-25T00:17:00,-1.0,10.1,0.0,5.4,,Clear,Tokyo
175627,8271,poi_12,4b4fc05df964a520001427e3,2017-11-25T01:42:00,5.7,13.0,0.0,5.4,,Clear,Tokyo
175627,8271,poi_13,4e903e5b77c89cb921a453b2,2017-11-25T01:55:00,-1.0,13.0,0.0,5.4,,Clear,Tokyo
175627,8271,poi_14,4b63dccbf964a520c8942ae3,2017-11-25T02:12:00,4.8,13.0,0.0,5.4,,Clear,Tokyo
175627,8271,poi_15,4b5d8827f964a520606029e3,2017-11-25T19:04:00,-1.0,6.0,0.0,7.7,,Clear,Tokyo
175627,8271,poi_16,4baaf530f964a5209a8f3ae3,2017-11-25T19:24:00,8.4,6.0,0.0,7.7,,Clear,Tokyo
175627,8271,poi_17,4b8355d5f964a520e20231e3,2017-11-25T23:02:00,-1.0,7.6,0.0,1.9,,Partially cloudy,Tokyo
175627,8271,poi_18,4b59bf5ff964a520f09528e3,2017-11-26T04:49:00,8.0,17.6,0.0,17.1,,Clear,Tokyo
175627,8271,poi_19,4b4fc05df964a520001427e3,2017-11-26T12:51:00,5.7,14.6,0.0,13.5,,Clear,Tokyo
175627,8271,poi_20,4f93f84cbe776df060b89c90,2017-11-26T13:30:00,-1.0,14.6,0.0,13.5,,Clear,Tokyo
175627,8271,poi_21,4c787811dbaa76b08854154b,2017-11-26T13:40:00,-1.0,12.7,0.0,7.9,,Clear,Tokyo
175627,8271,poi_22,4db4d9290cb6729b6a9ba04e,2017-11-26T18:01:00,6.2,10.4,0.0,11.3,,Partially cloudy,Tokyo
175627,8271,poi_23,4b555139f964a5207ae127e3,2017-11-26T18:11:00,-1.0,10.4,0.0,11.3,,Partially cloudy,Tokyo
175627,8271,poi_24,4b4fefe1f964a520db1927e3,2017-11-26T18:25:00,7.3,10.4,0.0,11.3,,Partially cloudy,Tokyo
175627,8271,poi_25,4cb139ed562d224bf38b1d88,2017-11-27T02:56:00,5.3,13.7,0.0,11.2,,Partially cloudy,Tokyo
175627,8271,poi_26,4ec641652c5b532d05227532,2017-11-27T03:09:00,-1.0,13.7,0.0,11.2,,Partially cloudy,Tokyo
175627,8271,poi_27,54950c68498e23fac5bb3fed,2017-11-27T04:11:00,6.3,13.4,0.0,11.1,,Clear,Tokyo
175627,8271,poi_28,4b4fc05df964a520001427e3,2017-11-27T12:56:00,5.7,11.4,0.0,5.5,,Overcast,Tokyo
175627,8271,poi_29,4f93f84cbe776df060b89c90,2017-11-27T13:31:00,-1.0,11.2,0.0,5.5,,Overcast,Tokyo
175627,8271,poi_30,4c787811dbaa76b08854154b,2017-11-27T13:47:00,-1.0,11.2,0.0,5.5,,Overcast,Tokyo
175627,8271,poi_31,4b4fefe1f964a520db1927e3,2017-11-27T17:13:00,7.3,10.4,0.0,5.7,,Overcast,Tokyo
175627,8271,poi_32,4b555139f964a5207ae127e3,2017-11-27T17:45:00,-1.0,10.2,0.0,4.0,,Overcast,Tokyo
175627,8271,poi_33,5698365e498ebc7d9b511ca8,2017-11-27T22:23:00,-1.0,10.3,0.0,9.5,,Overcast,Tokyo
175627,8271,poi_34,4ddaf5432271ac90476955d4,2017-11-27T23:45:00,5.7,10.9,0.0,7.7,,Overcast,Tokyo
175627,8271,poi_35,4ba2f0b5f964a520eb2338e3,2017-11-28T01:59:00,5.7,12.2,0.0,11.2,,Overcast,Tokyo
175627,8271,poi_36,4b558136f964a520ebe527e3,2017-11-28T02:12:00,5.9,12.2,0.0,11.2,,Overcast,Tokyo
175627,8271,poi_37,4bf5d425004ed13aa27541a0,2017-11-28T02:25:00,5.5,12.2,0.0,11.2,,Overcast,Tokyo
175627,8271,poi_38,54950c68498e23fac5bb3fed,2017-11-28T03:10:00,6.3,13.1,0.0,5.6,,Overcast,Tokyo
175627,8271,poi_39,4b4fc05df964a520001427e3,2017-11-28T13:21:00,5.7,11.1,0.0,7.5,,Clear,Tokyo
175627,8271,poi_40,4f93f84cbe776df060b89c90,2017-11-28T13:57:00,-1.0,10.2,0.0,7.5,,Clear,Tokyo
175627,8271,poi_41,4c787811dbaa76b08854154b,2017-11-28T14:10:00,-1.0,10.2,0.0,7.5,,Clear,Tokyo
175627,8271,poi_42,4b555139f964a5207ae127e3,2017-11-28T17:41:00,-1.0,8.2,0.0,1.9,,Clear,Tokyo
175627,8271,poi_43,4b4fefe1f964a520db1927e3,2017-11-28T18:17:00,7.3,8.2,0.0,1.9,,Clear,Tokyo
175627,8271,poi_44,5698365e498ebc7d9b511ca8,2017-11-28T19:27:00,-1.0,7.9,0.0,3.6,,Clear,Tokyo
175627,8271,poi_45,4bf5d425004ed13aa27541a0,2017-11-29T00:51:00,5.5,13.8,0.0,1.8,,Clear,Tokyo
175627,8271,poi_46,4b558136f964a520ebe527e3,2017-11-29T01:14:00,5.9,13.8,0.0,1.8,,Clear,Tokyo
175627,8271,poi_47,4ba2f0b5f964a520eb2338e3,2017-11-29T01:26:00,5.7,13.8,0.0,1.8,,Clear,Tokyo
175627,8271,poi_48,54950c68498e23fac5bb3fed,2017-11-29T02:17:00,6.3,15.5,0.0,3.7,,Clear,Tokyo
175627,8271,poi_49,4e903e5b77c89cb921a453b2,2017-11-29T02:48:00,-1.0,17.8,0.0,5.5,,Partially cloudy,Tokyo
175628,8271,poi_1,4b4fc05df964a520001427e3,2017-11-29T13:19:00,5.7,13.2,0.0,9.3,,Partially cloudy,Tokyo
175628,8271,poi_2,4f93f84cbe776df060b89c90,2017-11-29T13:57:00,-1.0,13.6,0.0,7.4,,Overcast,Tokyo
175628,8271,poi_3,4c787811dbaa76b08854154b,2017-11-29T15:00:00,-1.0,13.2,0.0,3.7,,Partially cloudy,Tokyo
175628,8271,poi_4,4db4d9290cb6729b6a9ba04e,2017-11-29T17:20:00,6.2,13.1,0.0,5.5,,Partially cloudy,Tokyo
175628,8271,poi_5,4bf5d425004ed13aa27541a0,2017-11-29T17:40:00,5.5,13.7,0.0,7.5,,Partially cloudy,Tokyo
175628,8271,poi_6,4b558136f964a520ebe527e3,2017-11-29T17:55:00,5.9,13.7,0.0,7.5,,Partially cloudy,Tokyo
175628,8271,poi_7,4b555139f964a5207ae127e3,2017-11-29T18:06:00,-1.0,13.7,0.0,7.5,,Partially cloudy,Tokyo
175628,8271,poi_8,5698365e498ebc7d9b511ca8,2017-11-29T19:01:00,-1.0,13.1,0.0,5.5,,Overcast,Tokyo
175628,8271,poi_9,4ddaf5432271ac90476955d4,2017-11-29T23:04:00,5.7,12.2,0.0,9.3,,Overcast,Tokyo
175628,8271,poi_10,4ba2f0b5f964a520eb2338e3,2017-11-29T23:39:00,5.7,12.2,0.0,9.4,,Overcast,Tokyo
175628,8271,poi_11,54950c68498e23fac5bb3fed,2017-11-30T00:55:00,6.3,12.9,0.0,5.6,,Overcast,Tokyo
175628,8271,poi_12,4b4fc05df964a520001427e3,2017-11-30T12:42:00,5.7,8.1,0.002,11.2,rain,"Rain, Overcast",Tokyo
175628,8271,poi_13,4f93f84cbe776df060b89c90,2017-11-30T13:16:00,-1.0,8.1,0.002,11.2,rain,"Rain, Overcast",Tokyo
175628,8271,poi_14,4c787811dbaa76b08854154b,2017-11-30T13:30:00,-1.0,8.1,0.002,11.2,rain,"Rain, Overcast",Tokyo
175628,8271,poi_15,4b555139f964a5207ae127e3,2017-11-30T17:52:00,-1.0,7.9,0.479,5.7,rain,"Rain, Overcast",Tokyo
175628,8271,poi_16,4b4fefe1f964a520db1927e3,2017-11-30T18:15:00,7.3,7.9,0.479,5.7,rain,"Rain, Overcast",Tokyo
175628,8271,poi_17,5698365e498ebc7d9b511ca8,2017-11-30T21:17:00,-1.0,7.9,0.0,5.6,,Overcast,Tokyo
175628,8271,poi_18,4b380ad7f964a520bc4a25e3,2017-12-01T00:20:00,-1.0,8.1,0.002,9.3,rain,"Rain, Overcast",Tokyo
175628,8271,poi_19,4b6bf6ccf964a5208f1d2ce3,2017-12-01T00:53:00,5.1,8.4,0.0,7.7,,Overcast,Tokyo
175628,8271,poi_20,53968542498e1437ff74029b,2017-12-01T01:21:00,-1.0,8.4,0.0,7.7,,Overcast,Tokyo
175628,8271,poi_21,4b0587a1f964a5208e9d22e3,2017-12-01T20:13:00,8.1,5.2,0.0,5.6,,Clear,Tokyo
175628,8271,poi_22,4b59bc55f964a5204d9528e3,2017-12-01T20:56:00,8.6,4.7,0.0,5.7,,Partially cloudy,Tokyo
175628,8271,poi_23,4bdd36fcf219c9b656391210,2017-12-01T21:11:00,-1.0,4.7,0.0,5.7,,Partially cloudy,Tokyo
175628,8271,poi_24,57dcb889498e856bf8a8797b,2017-12-01T23:20:00,-1.0,5.7,0.0,7.7,,Partially cloudy,Tokyo
175628,8271,poi_25,57f5d78d498eff502efd81ab,2017-12-01T23:31:00,-1.0,7.1,0.0,7.6,,Partially cloudy,Tokyo
175628,8271,poi_26,4b91cbbbf964a52008d833e3,2017-12-02T00:52:00,5.6,8.1,0.0,7.7,,Clear,Tokyo
175628,8271,poi_27,4b5fe476f964a520d9cf29e3,2017-12-02T01:12:00,8.2,8.1,0.0,7.7,,Clear,Tokyo
175628,8271,poi_28,4f93f84cbe776df060b89c90,2017-12-02T02:13:00,-1.0,8.9,0.0,7.6,,Clear,Tokyo
175628,8271,poi_29,4ec641652c5b532d05227532,2017-12-02T02:28:00,-1.0,8.9,0.0,7.6,,Clear,Tokyo
175628,8271,poi_30,4c7b8b672dc19521c68ab477,2017-12-02T02:39:00,-1.0,10.4,0.0,5.5,,Partially cloudy,Tokyo
175628,8271,poi_31,4cb139ed562d224bf38b1d88,2017-12-02T03:10:00,5.3,10.4,0.0,5.5,,Partially cloudy,Tokyo
175628,8271,poi_32,4e903e5b77c89cb921a453b2,2017-12-02T04:16:00,-1.0,10.4,0.0,5.5,,Partially cloudy,Tokyo
175628,8271,poi_33,4bb3346f4019a5938b9d37b8,2017-12-02T04:36:00,5.8,10.6,0.0,5.5,,Clear,Tokyo
175628,8271,poi_34,4b4fc05df964a520001427e3,2017-12-02T23:19:00,5.7,6.3,0.0,7.6,,Clear,Tokyo
175628,8271,poi_35,4b4fc05df964a520001427e3,2017-12-03T12:20:00,5.7,9.1,0.0,9.3,,Partially cloudy,Tokyo
175628,8271,poi_36,4f93f84cbe776df060b89c90,2017-12-03T12:55:00,-1.0,8.4,0.0,3.7,,Clear,Tokyo
175628,8271,poi_37,4c787811dbaa76b08854154b,2017-12-03T13:11:00,-1.0,8.4,0.0,3.7,,Clear,Tokyo
175628,8271,poi_38,4b555139f964a5207ae127e3,2017-12-03T17:03:00,-1.0,6.2,0.0,5.6,,Clear,Tokyo
175628,8271,poi_39,5698365e498ebc7d9b511ca8,2017-12-03T17:40:00,-1.0,5.9,0.0,5.5,,Clear,Tokyo
175628,8271,poi_40,4b4fefe1f964a520db1927e3,2017-12-03T18:03:00,7.3,5.9,0.0,5.5,,Clear,Tokyo
175628,8271,poi_41,4bf5d425004ed13aa27541a0,2017-12-03T21:16:00,5.5,5.6,0.0,7.6,,Partially cloudy,Tokyo
175628,8271,poi_42,4ddaf5432271ac90476955d4,2017-12-03T21:39:00,5.7,5.2,0.0,9.4,,Clear,Tokyo
175628,8271,poi_43,4b558136f964a520ebe527e3,2017-12-03T23:51:00,5.9,8.6,0.0,9.4,,Partially cloudy,Tokyo
175628,8271,poi_44,4ba2f0b5f964a520eb2338e3,2017-12-04T00:03:00,5.7,8.6,0.0,9.4,,Partially cloudy,Tokyo
175628,8271,poi_45,4cb139ed562d224bf38b1d88,2017-12-04T00:15:00,5.3,8.6,0.0,9.4,,Partially cloudy,Tokyo
175629,8271,poi_1,4b4fc05df964a520001427e3,2017-12-04T13:00:00,5.7,9.4,0.0,5.4,,Partially cloudy,Tokyo
175629,8271,poi_2,4f93f84cbe776df060b89c90,2017-12-04T13:37:00,-1.0,8.4,0.0,3.6,,Partially cloudy,Tokyo
175629,8271,poi_3,4c787811dbaa76b08854154b,2017-12-04T13:48:00,-1.0,8.4,0.0,3.6,,Partially cloudy,Tokyo
175629,8271,poi_4,4bf5d425004ed13aa27541a0,2017-12-04T15:50:00,5.5,8.4,0.0,7.5,,Partially cloudy,Tokyo
175629,8271,poi_5,4b558136f964a520ebe527e3,2017-12-04T16:30:00,5.9,8.4,0.0,7.5,,Partially cloudy,Tokyo
175629,8271,poi_6,4b555139f964a5207ae127e3,2017-12-04T17:29:00,-1.0,7.2,0.0,7.5,,Clear,Tokyo
175629,8271,poi_7,5698365e498ebc7d9b511ca8,2017-12-04T17:50:00,-1.0,6.7,0.0,7.5,,Clear,Tokyo
175629,8271,poi_8,4b4fefe1f964a520db1927e3,2017-12-04T18:15:00,7.3,6.7,0.0,7.5,,Clear,Tokyo
175629,8271,poi_9,4ba2f0b5f964a520eb2338e3,2017-12-04T20:14:00,5.7,5.4,0.0,5.5,,Clear,Tokyo
175629,8271,poi_10,4b55dc56f964a5205bf327e3,2017-12-05T01:03:00,8.0,12.2,0.0,11.0,,Clear,Tokyo
175629,8271,poi_11,4b66235cf964a520cb152be3,2017-12-05T03:09:00,-1.0,13.7,0.0,7.7,,Partially cloudy,Tokyo
175629,8271,poi_12,55503df2498e4393b7bed81d,2017-12-05T03:24:00,-1.0,13.7,0.0,7.7,,Partially cloudy,Tokyo
175629,8271,poi_13,4b4fc05df964a520001427e3,2017-12-05T13:00:00,5.7,7.4,0.0,7.8,,Clear,Tokyo
175629,8271,poi_14,4f93f84cbe776df060b89c90,2017-12-05T13:37:00,-1.0,6.5,0.0,7.8,,Clear,Tokyo
175629,8271,poi_15,4b555139f964a5207ae127e3,2017-12-05T18:47:00,-1.0,5.6,0.0,12.8,,Clear,Tokyo
175629,8271,poi_16,4b4fefe1f964a520db1927e3,2017-12-05T19:23:00,7.3,5.6,0.0,12.8,,Clear,Tokyo
175629,8271,poi_17,4bf5d425004ed13aa27541a0,2017-12-05T20:14:00,5.5,5.2,0.0,5.5,,Clear,Tokyo
175629,8271,poi_18,4b558136f964a520ebe527e3,2017-12-05T23:00:00,5.9,4.4,0.0,9.3,,Clear,Tokyo
175629,8271,poi_19,54950c68498e23fac5bb3fed,2017-12-06T00:47:00,6.3,8.0,0.0,9.5,,Clear,Tokyo
175629,8271,poi_20,4b4fc05df964a520001427e3,2017-12-06T13:02:00,5.7,6.2,0.0,5.6,,Clear,Tokyo
175629,8271,poi_21,4f93f84cbe776df060b89c90,2017-12-06T13:37:00,-1.0,6.0,0.0,7.6,,Clear,Tokyo
175629,8271,poi_22,4c787811dbaa76b08854154b,2017-12-06T13:54:00,-1.0,6.0,0.0,7.6,,Clear,Tokyo
175629,8271,poi_23,4bf5d425004ed13aa27541a0,2017-12-06T15:01:00,5.5,4.8,0.0,12.8,,Clear,Tokyo
175629,8271,poi_24,4b558136f964a520ebe527e3,2017-12-06T16:49:00,5.9,3.9,0.0,9.5,,Clear,Tokyo
175629,8271,poi_25,4b555139f964a5207ae127e3,2017-12-06T17:35:00,-1.0,3.7,0.0,9.5,,Clear,Tokyo
175629,8271,poi_26,4b4fefe1f964a520db1927e3,2017-12-06T18:23:00,7.3,3.7,0.0,9.5,,Clear,Tokyo
175629,8271,poi_27,5698365e498ebc7d9b511ca8,2017-12-06T21:01:00,-1.0,3.4,0.0,7.8,,Clear,Tokyo
175629,8271,poi_28,4b380ad7f964a520bc4a25e3,2017-12-07T00:44:00,-1.0,8.1,0.0,9.2,,Clear,Tokyo
175629,8271,poi_29,4ccf850af6378cfa9a50afd6,2017-12-07T00:57:00,6.8,8.1,0.0,9.2,,Clear,Tokyo
175629,8271,poi_30,54d5d1ac498ea0e079c0e124,2017-12-07T03:32:00,8.8,11.2,0.0,5.4,,Clear,Tokyo
175629,8271,poi_31,4d872cb299b78cfa9ec7f21f,2017-12-07T05:10:00,-1.0,10.9,0.0,7.6,,Clear,Tokyo
175629,8271,poi_32,4e903e5b77c89cb921a453b2,2017-12-07T05:49:00,-1.0,10.4,0.0,10.9,,Partially cloudy,Tokyo
175629,8271,poi_33,4b4fc05df964a520001427e3,2017-12-07T13:12:00,5.7,5.9,0.0,3.8,,Clear,Tokyo
175629,8271,poi_34,4f93f84cbe776df060b89c90,2017-12-07T13:49:00,-1.0,6.2,0.0,12.6,,Clear,Tokyo
175629,8271,poi_35,4c787811dbaa76b08854154b,2017-12-07T14:26:00,-1.0,6.2,0.0,12.6,,Clear,Tokyo
175629,8271,poi_36,4bf5d425004ed13aa27541a0,2017-12-07T17:06:00,5.5,4.1,0.0,9.2,,Clear,Tokyo
175629,8271,poi_37,4b558136f964a520ebe527e3,2017-12-07T17:32:00,5.9,3.7,0.0,7.5,,Partially cloudy,Tokyo
175629,8271,poi_38,4b555139f964a5207ae127e3,2017-12-07T17:50:00,-1.0,3.7,0.0,7.5,,Partially cloudy,Tokyo
175629,8271,poi_39,4b4fefe1f964a520db1927e3,2017-12-07T19:28:00,7.3,4.2,0.0,9.2,,Clear,Tokyo
175629,8271,poi_40,5698365e498ebc7d9b511ca8,2017-12-07T21:10:00,-1.0,2.9,0.0,2.0,,Partially cloudy,Tokyo
175629,8271,poi_41,4ba2f0b5f964a520eb2338e3,2017-12-07T22:13:00,5.7,3.9,0.0,3.8,,Clear,Tokyo
175629,8271,poi_42,4b59bf5ff964a520f09528e3,2017-12-08T03:29:00,8.0,8.8,0.0,1.9,,Overcast,Tokyo
175629,8271,poi_43,58c6a03afc73d458339fcfbc,2017-12-08T03:39:00,6.6,9.0,0.0,1.9,,Partially cloudy,Tokyo
175632,8271,poi_1,4b4fc05df964a520001427e3,2017-12-10T12:57:00,5.7,6.4,0.0,8.3,,Clear,Tokyo
175632,8271,poi_2,4f93f84cbe776df060b89c90,2017-12-10T13:35:00,-1.0,5.6,0.0,4.1,,Clear,Tokyo
175632,8271,poi_3,4c787811dbaa76b08854154b,2017-12-10T13:48:00,-1.0,5.6,0.0,4.1,,Clear,Tokyo
175632,8271,poi_4,4bf5d425004ed13aa27541a0,2017-12-10T14:31:00,5.5,5.6,0.0,4.4,,Partially cloudy,Tokyo
175632,8271,poi_5,4b555139f964a5207ae127e3,2017-12-10T15:23:00,-1.0,5.6,0.0,4.4,,Partially cloudy,Tokyo
175632,8271,poi_6,5698365e498ebc7d9b511ca8,2017-12-10T16:13:00,-1.0,7.1,0.0,4.6,,Partially cloudy,Tokyo
175632,8271,poi_7,4b4fefe1f964a520db1927e3,2017-12-10T18:04:00,7.3,6.4,0.0,6.4,,Partially cloudy,Tokyo
175632,8271,poi_8,4ddaf5432271ac90476955d4,2017-12-10T21:35:00,5.7,5.6,0.0,7.8,,Partially cloudy,Tokyo
175632,8271,poi_9,4ba2f0b5f964a520eb2338e3,2017-12-10T22:57:00,5.7,5.8,0.0,11.2,,Clear,Tokyo
175632,8271,poi_10,4b59bf5ff964a520f09528e3,2017-12-11T02:18:00,8.0,12.7,0.0,3.9,,Clear,Tokyo
175632,8271,poi_11,58c6a03afc73d458339fcfbc,2017-12-11T02:28:00,6.6,12.7,0.0,3.9,,Clear,Tokyo
175633,8271,poi_1,4b4fc05df964a520001427e3,2017-12-11T12:16:00,5.7,10.1,0.0,21.2,,Clear,Tokyo
175633,8271,poi_2,4f93f84cbe776df060b89c90,2017-12-11T12:49:00,-1.0,9.1,0.0,17.4,,Clear,Tokyo
175633,8271,poi_3,4c787811dbaa76b08854154b,2017-12-11T13:02:00,-1.0,9.1,0.0,17.4,,Clear,Tokyo
175633,8271,poi_4,4bc45e80abf4952138e4c493,2017-12-11T13:27:00,5.2,9.1,0.0,17.4,,Clear,Tokyo
175633,8271,poi_5,4b558136f964a520ebe527e3,2017-12-11T14:34:00,5.9,7.7,0.0,15.1,,Clear,Tokyo
175633,8271,poi_6,4ddaf5432271ac90476955d4,2017-12-11T16:25:00,5.7,7.4,0.0,11.7,,Clear,Tokyo
175633,8271,poi_7,5698365e498ebc7d9b511ca8,2017-12-11T17:30:00,-1.0,6.1,0.0,18.9,,Clear,Tokyo
175633,8271,poi_8,4b4fefe1f964a520db1927e3,2017-12-11T18:12:00,7.3,5.4,0.0,17.0,,Clear,Tokyo
175633,8271,poi_9,4db4d9290cb6729b6a9ba04e,2017-12-11T20:35:00,6.2,4.4,0.0,9.9,,Clear,Tokyo
175633,8271,poi_10,4ba2f0b5f964a520eb2338e3,2017-12-12T00:20:00,5.7,7.3,0.0,11.7,,Clear,Tokyo
175633,8271,poi_11,4b59bf5ff964a520f09528e3,2017-12-12T02:29:00,8.0,9.0,0.0,11.4,,Clear,Tokyo
175633,8271,poi_12,4b4fc05df964a520001427e3,2017-12-12T12:37:00,5.7,4.9,0.0,7.6,,Clear,Tokyo
175633,8271,poi_13,4f93f84cbe776df060b89c90,2017-12-12T13:15:00,-1.0,4.9,0.0,7.6,,Clear,Tokyo
175633,8271,poi_14,4c787811dbaa76b08854154b,2017-12-12T13:27:00,-1.0,4.9,0.0,7.6,,Clear,Tokyo
175633,8271,poi_15,4bc45e80abf4952138e4c493,2017-12-12T13:40:00,5.2,4.9,0.0,7.6,,Clear,Tokyo
175633,8271,poi_16,4ba2f0b5f964a520eb2338e3,2017-12-12T13:50:00,5.7,4.9,0.0,7.6,,Clear,Tokyo
175633,8271,poi_17,4bf5d425004ed13aa27541a0,2017-12-12T14:11:00,5.5,4.9,0.0,7.6,,Clear,Tokyo
175633,8271,poi_18,4b558136f964a520ebe527e3,2017-12-12T14:28:00,5.9,4.9,0.0,7.6,,Clear,Tokyo
175633,8271,poi_19,5698365e498ebc7d9b511ca8,2017-12-12T15:49:00,-1.0,3.9,0.0,9.3,,Clear,Tokyo
175633,8271,poi_20,4db4d9290cb6729b6a9ba04e,2017-12-12T16:41:00,6.2,4.3,0.0,12.9,,Clear,Tokyo
175633,8271,poi_21,4b976c32f964a520190335e3,2017-12-12T16:52:00,6.3,4.3,0.0,12.9,,Clear,Tokyo
175633,8271,poi_22,4b70c1ebf964a520552d2de3,2017-12-12T18:32:00,5.6,3.8,0.0,12.9,,Clear,Tokyo
175633,8271,poi_23,4b62743af964a5203f482ae3,2017-12-12T19:29:00,5.4,3.8,0.0,12.9,,Clear,Tokyo
175633,8271,poi_24,4ddaf5432271ac90476955d4,2017-12-12T20:50:00,5.7,3.6,0.0,12.9,,Clear,Tokyo
175633,8271,poi_25,4b59bf5ff964a520f09528e3,2017-12-13T03:03:00,8.0,9.2,0.0,7.7,,Clear,Tokyo
175633,8271,poi_26,4b4fc05df964a520001427e3,2017-12-13T12:28:00,5.7,5.5,0.0,12.9,,Partially cloudy,Tokyo
175633,8271,poi_27,4f93f84cbe776df060b89c90,2017-12-13T12:56:00,-1.0,4.3,0.0,9.4,,Clear,Tokyo
175633,8271,poi_28,4c787811dbaa76b08854154b,2017-12-13T13:12:00,-1.0,4.3,0.0,9.4,,Clear,Tokyo
175633,8271,poi_29,4bc45e80abf4952138e4c493,2017-12-13T13:29:00,5.2,4.3,0.0,9.4,,Clear,Tokyo
175633,8271,poi_30,4ba2f0b5f964a520eb2338e3,2017-12-13T13:43:00,5.7,3.6,0.0,9.5,,Clear,Tokyo
175633,8271,poi_31,4bf5d425004ed13aa27541a0,2017-12-13T13:54:00,5.5,3.6,0.0,9.5,,Clear,Tokyo
175633,8271,poi_32,5698365e498ebc7d9b511ca8,2017-12-13T15:07:00,-1.0,3.6,0.0,11.2,,Clear,Tokyo
175633,8271,poi_33,53968542498e1437ff74029b,2017-12-13T18:07:00,-1.0,3.1,0.0,9.9,,Clear,Tokyo
175633,8271,poi_34,4fe6a06c0cd6b174c49c19f5,2017-12-13T18:30:00,-1.0,3.1,0.0,9.9,,Clear,Tokyo
175633,8271,poi_35,54950c68498e23fac5bb3fed,2017-12-13T18:45:00,6.3,3.3,0.0,9.7,,Clear,Tokyo
175633,8271,poi_36,4ddaf5432271ac90476955d4,2017-12-14T00:01:00,5.7,5.6,0.0,11.3,,Clear,Tokyo
175633,8271,poi_37,4e903e5b77c89cb921a453b2,2017-12-14T02:42:00,-1.0,9.2,0.0,22.5,,Clear,Tokyo
175633,8271,poi_38,4b59bf5ff964a520f09528e3,2017-12-14T02:54:00,8.0,9.2,0.0,22.5,,Clear,Tokyo
175633,8271,poi_39,4b4fc05df964a520001427e3,2017-12-14T13:00:00,5.7,4.9,0.0,3.8,,Clear,Tokyo
175633,8271,poi_40,4f93f84cbe776df060b89c90,2017-12-14T13:37:00,-1.0,4.4,0.0,5.5,,Clear,Tokyo
175633,8271,poi_41,4c787811dbaa76b08854154b,2017-12-14T14:01:00,-1.0,4.4,0.0,5.5,,Clear,Tokyo
175633,8271,poi_42,4bc45e80abf4952138e4c493,2017-12-14T14:11:00,5.2,4.4,0.0,5.5,,Clear,Tokyo
175633,8271,poi_43,4b558136f964a520ebe527e3,2017-12-14T14:27:00,5.9,4.4,0.0,5.5,,Clear,Tokyo
175633,8271,poi_44,4bf5d425004ed13aa27541a0,2017-12-14T15:48:00,5.5,3.6,0.0,5.5,,Clear,Tokyo
175633,8271,poi_45,4db4d9290cb6729b6a9ba04e,2017-12-14T16:26:00,6.2,3.6,0.0,5.5,,Clear,Tokyo
175633,8271,poi_46,4b976c32f964a520190335e3,2017-12-14T16:45:00,6.3,4.4,0.0,7.7,,Clear,Tokyo
175633,8271,poi_47,4b555139f964a5207ae127e3,2017-12-14T16:58:00,-1.0,4.4,0.0,7.7,,Clear,Tokyo
175633,8271,poi_48,4b4fefe1f964a520db1927e3,2017-12-14T18:12:00,7.3,3.9,0.0,9.4,,Partially cloudy,Tokyo
175633,8271,poi_49,5698365e498ebc7d9b511ca8,2017-12-14T18:54:00,-1.0,4.0,0.0,9.3,,Clear,Tokyo
175633,8271,poi_50,4ddaf5432271ac90476955d4,2017-12-14T22:24:00,5.7,4.0,0.0,5.6,,Partially cloudy,Tokyo
175633,8271,poi_51,4ba2f0b5f964a520eb2338e3,2017-12-14T23:16:00,5.7,3.9,0.0,7.5,,Partially cloudy,Tokyo
175633,8271,poi_52,4b5e7b17f964a520569029e3,2017-12-15T01:32:00,-1.0,6.1,0.0,7.6,,Partially cloudy,Tokyo
175633,8271,poi_53,4b56df1df964a5209f1d28e3,2017-12-15T01:51:00,5.9,6.1,0.0,7.6,,Partially cloudy,Tokyo
175633,8271,poi_54,4d678f4a052ea1cd19729b49,2017-12-15T02:02:00,7.8,6.1,0.0,7.6,,Partially cloudy,Tokyo
175633,8271,poi_55,54950c68498e23fac5bb3fed,2017-12-15T02:47:00,6.3,6.4,0.0,5.4,,Partially cloudy,Tokyo
175633,8271,poi_56,4b4fc05df964a520001427e3,2017-12-15T17:55:00,5.7,3.9,0.0,7.5,,Partially cloudy,Tokyo
175633,8271,poi_57,4f93f84cbe776df060b89c90,2017-12-15T18:25:00,-1.0,3.9,0.0,7.5,,Partially cloudy,Tokyo
175633,8271,poi_58,4b5a5190f964a520cfbc28e3,2017-12-15T19:10:00,8.6,4.1,0.0,9.3,,Clear,Tokyo
175633,8271,poi_59,582f999c65e7c7635dd64bf2,2017-12-15T19:35:00,7.6,3.7,0.0,9.3,,Partially cloudy,Tokyo
175633,8271,poi_60,59e586dd4186866c222b358a,2017-12-15T20:06:00,7.2,3.7,0.0,9.3,,Partially cloudy,Tokyo
175633,8271,poi_61,4ba877f5f964a5203adc39e3,2017-12-15T20:21:00,-1.0,3.7,0.0,9.3,,Partially cloudy,Tokyo
175633,8271,poi_62,4b5fdbd8f964a520face29e3,2017-12-15T21:34:00,5.4,2.7,0.0,5.4,,Clear,Tokyo
175633,8271,poi_63,4b093eeff964a520e51423e3,2017-12-16T00:37:00,6.7,8.6,0.0,3.6,,Clear,Tokyo
175633,8271,poi_64,4b9476c5f964a5207f7a34e3,2017-12-16T00:56:00,8.1,8.6,0.0,3.6,,Clear,Tokyo
175633,8271,poi_65,5a3505c68173cb2382764275,2017-12-16T02:40:00,-1.0,11.7,0.0,3.7,,Partially cloudy,Tokyo
175633,8271,poi_66,4b0587b4f964a520a8a022e3,2017-12-16T02:58:00,6.8,11.7,0.0,3.7,,Partially cloudy,Tokyo
175633,8271,poi_67,4e903e5b77c89cb921a453b2,2017-12-16T03:51:00,-1.0,12.9,0.0,5.5,,Clear,Tokyo
175633,8271,poi_68,4b59bf5ff964a520f09528e3,2017-12-16T04:11:00,8.0,12.9,0.0,5.5,,Clear,Tokyo
175633,8271,poi_69,4b08b4e5f964a520211123e3,2017-12-16T16:01:00,-1.0,6.3,0.0,5.6,,Clear,Tokyo
175633,8271,poi_70,4bbc53e2afe1b713c141304b,2017-12-16T16:17:00,-1.0,6.3,0.0,5.6,,Clear,Tokyo
175633,8271,poi_71,4b0a405ff964a520c22223e3,2017-12-16T16:30:00,-1.0,6.3,0.0,5.6,,Clear,Tokyo
175633,8271,poi_72,4b17b2e4f964a52040c723e3,2017-12-16T20:09:00,6.0,6.4,0.0,18.3,,Clear,Tokyo
175633,8271,poi_73,562a2859498eddb596a34491,2017-12-16T20:26:00,-1.0,6.4,0.0,18.3,,Clear,Tokyo
175633,8271,poi_74,4bd8461709ecb7132069487c,2017-12-17T01:27:00,-1.0,7.9,0.0,24.3,,Clear,Tokyo
175633,8271,poi_75,4b62a048f964a520454d2ae3,2017-12-17T01:37:00,6.7,8.5,0.0,18.8,,Clear,Tokyo
175633,8271,poi_76,4b4fc05df964a520001427e3,2017-12-17T01:47:00,5.7,8.5,0.0,18.8,,Clear,Tokyo
175634,8271,poi_1,4b4fc05df964a520001427e3,2017-12-17T12:45:00,5.7,3.9,0.0,11.2,,Clear,Tokyo
175634,8271,poi_2,4f93f84cbe776df060b89c90,2017-12-17T13:21:00,-1.0,3.9,0.0,11.2,,Clear,Tokyo
175634,8271,poi_3,4c787811dbaa76b08854154b,2017-12-17T13:33:00,-1.0,3.6,0.0,9.4,,Clear,Tokyo
175634,8271,poi_4,4bc45e80abf4952138e4c493,2017-12-17T13:52:00,5.2,3.6,0.0,9.4,,Clear,Tokyo
175634,8271,poi_5,4b558136f964a520ebe527e3,2017-12-17T14:58:00,5.9,3.5,0.0,5.5,,Clear,Tokyo
175634,8271,poi_6,4b555139f964a5207ae127e3,2017-12-17T15:15:00,-1.0,3.5,0.0,5.5,,Clear,Tokyo
175634,8271,poi_7,4b4fefe1f964a520db1927e3,2017-12-17T19:02:00,7.3,1.8,0.0,5.5,,Partially cloudy,Tokyo
175634,8271,poi_8,5698365e498ebc7d9b511ca8,2017-12-17T19:33:00,-1.0,1.5,0.0,11.0,,Clear,Tokyo
175634,8271,poi_9,4e903e5b77c89cb921a453b2,2017-12-18T02:48:00,-1.0,8.3,0.0,3.7,,Clear,Tokyo
175634,8271,poi_10,4b59bf5ff964a520f09528e3,2017-12-18T03:00:00,8.0,8.3,0.0,3.7,,Clear,Tokyo
175634,8271,poi_11,4b4fc05df964a520001427e3,2017-12-18T12:21:00,5.7,4.4,0.0,7.5,,Partially cloudy,Tokyo
175634,8271,poi_12,4f93f84cbe776df060b89c90,2017-12-18T12:55:00,-1.0,4.7,0.0,7.7,,Clear,Tokyo
175634,8271,poi_13,4c787811dbaa76b08854154b,2017-12-18T13:06:00,-1.0,4.7,0.0,7.7,,Clear,Tokyo
175634,8271,poi_14,4bc45e80abf4952138e4c493,2017-12-18T13:21:00,5.2,4.7,0.0,7.7,,Clear,Tokyo
175634,8271,poi_15,4ba2f0b5f964a520eb2338e3,2017-12-18T13:44:00,5.7,4.2,0.0,9.4,,Clear,Tokyo
175634,8271,poi_16,4b558136f964a520ebe527e3,2017-12-18T14:46:00,5.9,2.7,0.0,9.4,,Partially cloudy,Tokyo
175634,8271,poi_17,5698365e498ebc7d9b511ca8,2017-12-18T17:19:00,-1.0,0.7,0.0,3.7,,Clear,Tokyo
175634,8271,poi_18,4b4fefe1f964a520db1927e3,2017-12-18T18:07:00,7.3,0.7,0.0,3.7,,Clear,Tokyo
175634,8271,poi_19,4ddaf5432271ac90476955d4,2017-12-18T21:22:00,5.7,0.4,0.0,3.7,,Clear,Tokyo
175634,8271,poi_20,4b59bf5ff964a520f09528e3,2017-12-19T03:08:00,8.0,10.8,0.0,9.4,,Clear,Tokyo
175634,8271,poi_21,4b4fc05df964a520001427e3,2017-12-19T11:41:00,5.7,6.7,0.0,14.8,,Clear,Tokyo
175634,8271,poi_22,4e903e5b77c89cb921a453b2,2017-12-19T11:51:00,-1.0,6.7,0.0,14.8,,Clear,Tokyo
175634,8271,poi_23,4f93f84cbe776df060b89c90,2017-12-19T12:25:00,-1.0,6.7,0.0,14.8,,Clear,Tokyo
175634,8271,poi_24,4c787811dbaa76b08854154b,2017-12-19T12:37:00,-1.0,6.2,0.0,11.5,,Clear,Tokyo
175634,8271,poi_25,4ba2f0b5f964a520eb2338e3,2017-12-19T12:54:00,5.7,6.2,0.0,11.5,,Clear,Tokyo
175634,8271,poi_26,4bf5d425004ed13aa27541a0,2017-12-19T13:10:00,5.5,6.2,0.0,11.5,,Clear,Tokyo
175634,8271,poi_27,4b555139f964a5207ae127e3,2017-12-19T17:58:00,-1.0,4.1,0.0,5.5,,Partially cloudy,Tokyo
175634,8271,poi_28,4b4fefe1f964a520db1927e3,2017-12-19T18:17:00,7.3,4.1,0.0,5.5,,Partially cloudy,Tokyo
175634,8271,poi_29,4b59bf5ff964a520f09528e3,2017-12-20T03:49:00,8.0,9.0,0.0,5.4,,Partially cloudy,Tokyo
175634,8271,poi_30,58c6a03afc73d458339fcfbc,2017-12-20T04:01:00,6.6,9.0,0.0,5.4,,Partially cloudy,Tokyo
175634,8271,poi_31,4b4fc05df964a520001427e3,2017-12-20T12:28:00,5.7,4.9,0.0,5.5,,Clear,Tokyo
175634,8271,poi_32,4f93f84cbe776df060b89c90,2017-12-20T13:05:00,-1.0,5.8,0.0,7.6,,Clear,Tokyo
175634,8271,poi_33,4c787811dbaa76b08854154b,2017-12-20T13:26:00,-1.0,5.8,0.0,7.6,,Clear,Tokyo
175634,8271,poi_34,4bc45e80abf4952138e4c493,2017-12-20T13:38:00,5.2,5.1,0.0,7.6,,Clear,Tokyo
175634,8271,poi_35,4ba2f0b5f964a520eb2338e3,2017-12-20T14:05:00,5.7,5.1,0.0,7.6,,Clear,Tokyo
175634,8271,poi_36,4bf5d425004ed13aa27541a0,2017-12-20T14:13:00,5.5,5.1,0.0,7.6,,Clear,Tokyo
175634,8271,poi_37,4b4fefe1f964a520db1927e3,2017-12-20T18:15:00,7.3,2.8,0.0,5.6,,Clear,Tokyo
175634,8271,poi_38,5698365e498ebc7d9b511ca8,2017-12-20T19:19:00,-1.0,1.9,0.0,7.6,,Clear,Tokyo
175637,8271,poi_1,4b4fc05df964a520001427e3,2017-12-24T12:26:00,5.7,8.3,0.0,5.7,,Partially cloudy,Tokyo
175637,8271,poi_2,4f93f84cbe776df060b89c90,2017-12-24T13:05:00,-1.0,9.7,0.0,3.8,,Partially cloudy,Tokyo
175637,8271,poi_3,4c787811dbaa76b08854154b,2017-12-24T13:23:00,-1.0,9.7,0.0,3.8,,Partially cloudy,Tokyo
175637,8271,poi_4,4bc45e80abf4952138e4c493,2017-12-24T13:52:00,5.2,9.9,0.0,3.8,,Partially cloudy,Tokyo
175637,8271,poi_5,4ba2f0b5f964a520eb2338e3,2017-12-24T14:09:00,5.7,9.9,0.0,3.8,,Partially cloudy,Tokyo
175637,8271,poi_6,4bf5d425004ed13aa27541a0,2017-12-24T14:25:00,5.5,9.9,0.0,3.8,,Partially cloudy,Tokyo
175637,8271,poi_7,4b555139f964a5207ae127e3,2017-12-24T17:04:00,-1.0,10.2,0.0,3.7,,Overcast,Tokyo
175637,8271,poi_8,5698365e498ebc7d9b511ca8,2017-12-24T17:31:00,-1.0,5.8,8.032,14.7,rain,"Rain, Overcast",Tokyo
175637,8271,poi_9,4bd66f64cfa7b713ceaa27da,2017-12-24T18:22:00,7.3,5.8,8.032,14.7,rain,"Rain, Overcast",Tokyo
175637,8271,poi_10,4ddaf5432271ac90476955d4,2017-12-24T20:50:00,5.7,6.7,0.0,11.4,,Partially cloudy,Tokyo
175637,8271,poi_11,54950c68498e23fac5bb3fed,2017-12-25T00:59:00,6.3,13.6,0.0,11.5,,Clear,Tokyo
175637,8271,poi_12,4b59bf5ff964a520f09528e3,2017-12-25T01:56:00,8.0,14.7,0.0,14.8,,Clear,Tokyo
175637,8271,poi_13,4b4fc05df964a520001427e3,2017-12-25T12:13:00,5.7,7.7,0.0,14.9,,Partially cloudy,Tokyo
175637,8271,poi_14,4f93f84cbe776df060b89c90,2017-12-25T12:48:00,-1.0,7.4,0.0,16.7,,Partially cloudy,Tokyo
175637,8271,poi_15,4c787811dbaa76b08854154b,2017-12-25T13:17:00,-1.0,7.4,0.0,16.7,,Partially cloudy,Tokyo
175637,8271,poi_16,4bc45e80abf4952138e4c493,2017-12-25T13:33:00,5.2,6.9,0.0,16.5,,Partially cloudy,Tokyo
175637,8271,poi_17,4ba2f0b5f964a520eb2338e3,2017-12-25T13:51:00,5.7,6.9,0.0,16.5,,Partially cloudy,Tokyo
175637,8271,poi_18,4bf5d425004ed13aa27541a0,2017-12-25T14:35:00,5.5,6.4,0.0,16.5,,Partially cloudy,Tokyo
175637,8271,poi_19,4b555139f964a5207ae127e3,2017-12-25T17:43:00,-1.0,5.8,0.0,12.8,,Partially cloudy,Tokyo
175637,8271,poi_20,4b4fefe1f964a520db1927e3,2017-12-25T17:56:00,7.3,5.8,0.0,12.8,,Partially cloudy,Tokyo
175637,8271,poi_21,5698365e498ebc7d9b511ca8,2017-12-25T20:47:00,-1.0,4.8,0.0,16.1,,Partially cloudy,Tokyo
175637,8271,poi_22,4ddaf5432271ac90476955d4,2017-12-26T00:40:00,5.7,8.8,0.0,5.5,,Clear,Tokyo
175637,8271,poi_23,54950c68498e23fac5bb3fed,2017-12-26T01:22:00,6.3,8.8,0.0,5.5,,Clear,Tokyo
175637,8271,poi_24,4b59bf5ff964a520f09528e3,2017-12-26T02:18:00,8.0,10.4,0.0,14.7,,Clear,Tokyo
175637,8271,poi_25,4b4fc05df964a520001427e3,2017-12-26T12:32:00,5.7,5.6,0.0,13.0,,Clear,Tokyo
175637,8271,poi_26,4b678b3bf964a52090542be3,2017-12-26T12:42:00,6.4,5.6,0.0,13.0,,Clear,Tokyo
175637,8271,poi_27,4f93f84cbe776df060b89c90,2017-12-26T13:10:00,-1.0,5.6,0.0,13.0,,Clear,Tokyo
175637,8271,poi_28,4c787811dbaa76b08854154b,2017-12-26T13:24:00,-1.0,5.6,0.0,13.0,,Clear,Tokyo
175637,8271,poi_29,4bc45e80abf4952138e4c493,2017-12-26T13:41:00,5.2,4.9,0.0,9.5,,Clear,Tokyo
175637,8271,poi_30,4ba2f0b5f964a520eb2338e3,2017-12-26T14:21:00,5.7,4.9,0.0,9.5,,Clear,Tokyo
175637,8271,poi_31,4b558136f964a520ebe527e3,2017-12-26T15:42:00,5.9,3.7,0.0,5.7,,Clear,Tokyo
175637,8271,poi_32,4b555139f964a5207ae127e3,2017-12-26T17:10:00,-1.0,2.7,0.0,5.6,,Clear,Tokyo
175637,8271,poi_33,4b62743af964a5203f482ae3,2017-12-26T18:33:00,5.4,3.3,0.0,14.7,,Clear,Tokyo
175637,8271,poi_34,4ddaf5432271ac90476955d4,2017-12-26T19:56:00,5.7,2.8,0.0,7.6,,Clear,Tokyo
175637,8271,poi_35,4b4fc05df964a520001427e3,2017-12-27T12:29:00,5.7,3.3,0.0,12.8,,Clear,Tokyo
175637,8271,poi_36,4f93f84cbe776df060b89c90,2017-12-27T13:04:00,-1.0,3.0,0.0,9.4,,Clear,Tokyo
175637,8271,poi_37,4c787811dbaa76b08854154b,2017-12-27T13:17:00,-1.0,3.0,0.0,9.4,,Clear,Tokyo
175637,8271,poi_38,4bc45e80abf4952138e4c493,2017-12-27T13:37:00,5.2,2.8,0.0,11.1,,Clear,Tokyo
175637,8271,poi_39,4ba2f0b5f964a520eb2338e3,2017-12-27T14:23:00,5.7,2.8,0.0,11.1,,Clear,Tokyo
175637,8271,poi_40,4b558136f964a520ebe527e3,2017-12-27T15:27:00,5.9,2.6,0.0,11.1,,Clear,Tokyo
175641,8271,poi_1,4b4fc05df964a520001427e3,2018-01-01T00:40:00,5.7,8.1,0.0,5.5,,Clear,Tokyo
175641,8271,poi_2,519fb6be498e69927865dc18,2018-01-01T03:01:00,5.8,12.1,0.0,9.4,,Clear,Tokyo
175641,8271,poi_3,4b7fc1aaf964a520723c30e3,2018-01-01T03:18:00,-1.0,12.1,0.0,9.4,,Clear,Tokyo
175641,8271,poi_4,534bc319498e690ef82ad238,2018-01-01T06:00:00,-1.0,11.7,0.0,9.5,,Partially cloudy,Tokyo
175641,8271,poi_5,4b64158af964a5204a9e2ae3,2018-01-01T06:36:00,7.9,10.6,0.0,9.4,,Partially cloudy,Tokyo
175641,8271,poi_6,58c6a03afc73d458339fcfbc,2018-01-01T06:58:00,6.6,10.6,0.0,9.4,,Partially cloudy,Tokyo
175641,8271,poi_7,4c10b3e581e976b035850feb,2018-01-01T23:06:00,-1.0,5.7,0.0,14.8,,Clear,Tokyo
175641,8271,poi_8,4b4fc05df964a520001427e3,2018-01-01T23:19:00,5.7,5.7,0.0,14.8,,Clear,Tokyo
175641,8271,poi_9,4e903e5b77c89cb921a453b2,2018-01-01T23:29:00,-1.0,5.7,0.0,14.8,,Clear,Tokyo
175641,8271,poi_10,4e871e1602d5bbe5a6fd1879,2018-01-02T00:02:00,-1.0,7.3,0.0,18.3,,Clear,Tokyo
175641,8271,poi_11,4b59bf5ff964a520f09528e3,2018-01-02T00:12:00,8.0,7.3,0.0,18.3,,Clear,Tokyo
175641,8271,poi_12,519fb6be498e69927865dc18,2018-01-02T00:22:00,5.8,7.3,0.0,18.3,,Clear,Tokyo
175641,8271,poi_13,4b4fc05df964a520001427e3,2018-01-02T13:26:00,5.7,4.4,0.0,11.0,,Clear,Tokyo
175641,8271,poi_14,4b12f8a8f964a520e19123e3,2018-01-02T16:09:00,5.4,5.1,0.0,11.2,,Partially cloudy,Tokyo
175641,8271,poi_15,4b8ceab4f964a520c4e032e3,2018-01-02T16:22:00,-1.0,5.1,0.0,11.2,,Partially cloudy,Tokyo
175642,8271,poi_1,4b59bf5ff964a520f09528e3,2018-01-03T03:48:00,8.0,7.9,0.0,26.2,,Clear,Tokyo
175642,8271,poi_2,4b4fc05df964a520001427e3,2018-01-03T12:00:00,5.7,3.4,0.0,16.6,,Clear,Tokyo
175642,8271,poi_3,4f93f84cbe776df060b89c90,2018-01-03T12:38:00,-1.0,3.1,0.0,18.2,,Clear,Tokyo
175642,8271,poi_4,4c787811dbaa76b08854154b,2018-01-03T12:48:00,-1.0,3.1,0.0,18.2,,Clear,Tokyo
175642,8271,poi_5,4bc45e80abf4952138e4c493,2018-01-03T13:05:00,5.2,3.1,0.0,18.2,,Clear,Tokyo
175642,8271,poi_6,4ba2f0b5f964a520eb2338e3,2018-01-03T13:51:00,5.7,3.7,0.0,16.2,,Clear,Tokyo
175642,8271,poi_7,4bf5d425004ed13aa27541a0,2018-01-03T14:04:00,5.5,3.7,0.0,16.2,,Clear,Tokyo
175642,8271,poi_8,4b555139f964a5207ae127e3,2018-01-03T15:56:00,-1.0,4.0,0.0,12.7,,Clear,Tokyo
175642,8271,poi_9,5698365e498ebc7d9b511ca8,2018-01-03T16:28:00,-1.0,4.0,0.0,12.7,,Clear,Tokyo
175642,8271,poi_10,4b4fefe1f964a520db1927e3,2018-01-03T18:26:00,7.3,1.2,0.0,7.5,,Clear,Tokyo
175642,8271,poi_11,4ddaf5432271ac90476955d4,2018-01-03T22:22:00,5.7,0.6,0.0,9.2,,Clear,Tokyo
175642,8271,poi_12,4b59bf5ff964a520f09528e3,2018-01-04T00:57:00,8.0,7.3,0.0,11.2,,Clear,Tokyo
175642,8271,poi_13,4b5c55fdf964a520752b29e3,2018-01-04T01:36:00,5.8,8.3,0.0,9.7,,Clear,Tokyo
175643,8271,poi_1,4b4fc05df964a520001427e3,2018-01-04T12:04:00,5.7,4.3,0.0,11.1,,Partially cloudy,Tokyo
175643,8271,poi_2,4f93f84cbe776df060b89c90,2018-01-04T12:43:00,-1.0,3.0,0.0,7.7,,Clear,Tokyo
175643,8271,poi_3,4c787811dbaa76b08854154b,2018-01-04T12:55:00,-1.0,3.0,0.0,7.7,,Clear,Tokyo
175643,8271,poi_4,4bc45e80abf4952138e4c493,2018-01-04T13:28:00,5.2,3.0,0.0,7.7,,Clear,Tokyo
175643,8271,poi_5,4ba2f0b5f964a520eb2338e3,2018-01-04T14:38:00,5.7,2.8,0.0,11.1,,Clear,Tokyo
175643,8271,poi_6,4bf5d425004ed13aa27541a0,2018-01-04T15:10:00,5.5,2.8,0.0,11.1,,Clear,Tokyo
175643,8271,poi_7,4b558136f964a520ebe527e3,2018-01-04T16:04:00,5.9,3.0,0.0,11.1,,Partially cloudy,Tokyo
175643,8271,poi_8,4ba9d698f964a520153a3ae3,2018-01-04T18:04:00,6.5,2.3,0.0,11.1,,Overcast,Tokyo
175643,8271,poi_9,4bd66f64cfa7b713ceaa27da,2018-01-04T18:26:00,7.3,2.3,0.0,11.1,,Overcast,Tokyo
175643,8271,poi_10,4b4fefe1f964a520db1927e3,2018-01-04T19:31:00,7.3,2.3,0.0,3.8,,Overcast,Tokyo
175643,8271,poi_11,4db4d9290cb6729b6a9ba04e,2018-01-04T23:24:00,6.2,2.8,0.0,5.5,,Clear,Tokyo
175643,8271,poi_12,4b555139f964a5207ae127e3,2018-01-05T00:00:00,-1.0,3.5,0.0,5.5,,Partially cloudy,Tokyo
175643,8271,poi_13,5698365e498ebc7d9b511ca8,2018-01-05T00:33:00,-1.0,4.1,0.0,5.5,,Partially cloudy,Tokyo
175643,8271,poi_14,4b600990f964a520e3d329e3,2018-01-05T00:51:00,6.1,4.1,0.0,5.5,,Partially cloudy,Tokyo
175643,8271,poi_15,4c9d71e52fb1a143e2f7e040,2018-01-05T01:18:00,6.0,4.1,0.0,5.5,,Partially cloudy,Tokyo
175643,8271,poi_16,4d5e23d0338bb60c16110cbd,2018-01-05T20:29:00,6.7,-0.6,0.0,3.8,,Clear,Tokyo
175643,8271,poi_17,4b0587a8f964a520ca9e22e3,2018-01-05T22:58:00,8.5,0.2,0.0,5.4,,Clear,Tokyo
175643,8271,poi_18,4bf7ab0fabdaef3b1588a184,2018-01-06T01:05:00,6.6,7.1,0.0,7.4,,Clear,Tokyo
175643,8271,poi_19,4b0587a6f964a520529e22e3,2018-01-06T01:43:00,7.8,8.1,0.0,9.3,,Clear,Tokyo
175643,8271,poi_20,4b62b939f964a52057502ae3,2018-01-06T02:01:00,-1.0,8.1,0.0,9.3,,Clear,Tokyo
175643,8271,poi_21,4b83e1e4f964a520101531e3,2018-01-06T02:13:00,-1.0,8.1,0.0,9.3,,Clear,Tokyo
175643,8271,poi_22,4b91cbbbf964a52008d833e3,2018-01-06T02:29:00,5.6,8.1,0.0,9.3,,Clear,Tokyo
175643,8271,poi_23,4f93f84cbe776df060b89c90,2018-01-06T02:51:00,-1.0,8.8,0.0,3.8,,Clear,Tokyo
175643,8271,poi_24,4b56df1df964a5209f1d28e3,2018-01-06T03:02:00,5.9,8.8,0.0,3.8,,Clear,Tokyo
175643,8271,poi_25,4cb139ed562d224bf38b1d88,2018-01-06T03:44:00,5.3,9.8,0.0,5.5,,Clear,Tokyo
175643,8271,poi_26,4e903e5b77c89cb921a453b2,2018-01-06T04:15:00,-1.0,9.8,0.0,5.5,,Clear,Tokyo
175643,8271,poi_27,4b4fc05df964a520001427e3,2018-01-06T23:41:00,5.7,6.6,0.0,11.4,,Partially cloudy,Tokyo
175643,8271,poi_28,4b4fc05df964a520001427e3,2018-01-07T23:53:00,5.7,5.0,0.0,5.3,,Partially cloudy,Tokyo
175643,8271,poi_29,4becf86c91380f4702549f18,2018-01-08T17:51:00,6.8,4.8,5.181,3.5,rain,"Rain, Overcast",Tokyo
175643,8271,poi_30,4b4fc05df964a520001427e3,2018-01-08T22:10:00,5.7,5.7,0.0,7.3,,Partially cloudy,Tokyo
175643,8271,poi_31,4e1b24997d8b8db612594b00,2018-01-09T00:13:00,6.5,9.4,0.0,9.5,,Partially cloudy,Tokyo
175644,8271,poi_1,4b59bf5ff964a520f09528e3,2018-01-09T20:24:00,8.0,4.8,0.0,16.5,,Clear,Tokyo
175644,8271,poi_2,4becf86c91380f4702549f18,2018-01-09T20:35:00,6.8,4.2,0.0,18.4,,Clear,Tokyo
175644,8271,poi_3,4becf86c91380f4702549f18,2018-01-10T17:05:00,6.8,4.7,0.0,11.3,,Clear,Tokyo
175644,8271,poi_4,4ed8791b0e61d46ad5a90d56,2018-01-10T17:13:00,-1.0,4.7,0.0,11.3,,Clear,Tokyo
175644,8271,poi_5,4b4fc05df964a520001427e3,2018-01-10T23:16:00,5.7,3.6,0.0,3.6,,Clear,Tokyo
175644,8271,poi_6,4b59bf5ff964a520f09528e3,2018-01-11T00:14:00,8.0,5.5,0.0,3.6,,Clear,Tokyo
175644,8271,poi_7,4e1b24997d8b8db612594b00,2018-01-11T01:51:00,6.5,8.6,0.0,13.0,,Clear,Tokyo
175644,8271,poi_8,552361b7498e88eeab7c8f93,2018-01-11T01:57:00,6.1,8.6,0.0,13.0,,Clear,Tokyo
175644,8271,poi_9,4e903e5b77c89cb921a453b2,2018-01-11T03:11:00,-1.0,8.7,0.0,11.4,,Partially cloudy,Tokyo
175644,8271,poi_10,4becf86c91380f4702549f18,2018-01-11T17:43:00,6.8,0.6,0.0,3.7,,Clear,Tokyo
175644,8271,poi_11,4ed8791b0e61d46ad5a90d56,2018-01-11T18:34:00,-1.0,-0.2,0.0,5.4,,Clear,Tokyo
175644,8271,poi_12,4b598022f964a5204f8a28e3,2018-01-11T22:05:00,5.2,-0.7,0.0,9.1,,Clear,Tokyo
175644,8271,poi_13,4b67c58ef964a5204d5d2be3,2018-01-11T22:23:00,5.4,-0.7,0.0,9.1,,Clear,Tokyo
175644,8271,poi_14,4b5aa9d9f964a520edcf28e3,2018-01-11T22:39:00,8.4,0.3,0.0,5.3,,Clear,Tokyo
175644,8271,poi_15,564ad57a498e2499d5617af2,2018-01-12T00:08:00,6.6,2.6,0.0,7.4,,Clear,Tokyo
175644,8271,poi_16,4b555daaf964a52080e227e3,2018-01-12T01:46:00,-1.0,5.0,0.0,7.6,,Clear,Tokyo
175644,8271,poi_17,4b093eeff964a520e51423e3,2018-01-12T03:42:00,6.7,6.2,0.0,7.6,,Clear,Tokyo
175644,8271,poi_18,4e903e5b77c89cb921a453b2,2018-01-12T03:50:00,-1.0,6.2,0.0,7.6,,Clear,Tokyo
175644,8271,poi_19,4becf86c91380f4702549f18,2018-01-12T18:26:00,6.8,0.5,0.0,7.6,,Partially cloudy,Tokyo
175644,8271,poi_20,4ed8791b0e61d46ad5a90d56,2018-01-12T20:10:00,-1.0,-0.4,0.0,7.6,,Clear,Tokyo
175644,8271,poi_21,4b4fc05df964a520001427e3,2018-01-12T20:24:00,5.7,-0.4,0.0,7.6,,Clear,Tokyo
175644,8271,poi_22,5a59b15afd9d732fd5fd1f67,2018-01-12T22:14:00,-1.0,-0.5,0.0,9.4,,Clear,Tokyo
175644,8271,poi_23,4cd2c74421d946881961ec90,2018-01-12T22:53:00,7.6,-0.2,0.0,9.4,,Clear,Tokyo
175644,8271,poi_24,4ec5ff467bebb084a39b6de4,2018-01-12T23:22:00,8.1,-0.2,0.0,9.4,,Clear,Tokyo
175644,8271,poi_25,564eeabf498ee5b6a28ed216,2018-01-13T00:57:00,-1.0,3.1,0.0,9.3,,Clear,Tokyo
175644,8271,poi_26,4c9d71e52fb1a143e2f7e040,2018-01-13T01:08:00,6.0,3.1,0.0,9.3,,Clear,Tokyo
175644,8271,poi_27,4e903e5b77c89cb921a453b2,2018-01-13T02:59:00,-1.0,5.7,0.0,3.7,,Clear,Tokyo
175644,8271,poi_28,4b59bf5ff964a520f09528e3,2018-01-13T03:13:00,8.0,5.7,0.0,3.7,,Clear,Tokyo
175644,8271,poi_29,4becf86c91380f4702549f18,2018-01-13T20:35:00,6.8,1.1,0.0,5.9,,Clear,Tokyo
175644,8271,poi_30,4ed8791b0e61d46ad5a90d56,2018-01-13T21:59:00,-1.0,2.0,0.0,18.1,,Clear,Tokyo
175644,8271,poi_31,4b6f582ef964a52067ec2ce3,2018-01-13T22:49:00,5.3,2.8,0.0,11.3,,Clear,Tokyo
175644,8271,poi_32,4c7b8b672dc19521c68ab477,2018-01-13T22:58:00,-1.0,2.8,0.0,11.3,,Clear,Tokyo
175644,8271,poi_33,57e62df6cd10e2694cc2b812,2018-01-14T00:53:00,-1.0,5.6,0.0,27.1,,Clear,Tokyo
175644,8271,poi_34,53e1a519498e4f2d6c1ac1f0,2018-01-14T01:09:00,-1.0,5.6,0.0,27.1,,Clear,Tokyo
175644,8271,poi_35,4b5bb41df964a520111129e3,2018-01-14T03:14:00,8.1,7.1,0.0,11.4,,Clear,Tokyo
175644,8271,poi_36,4b9c9f76f964a520427336e3,2018-01-14T03:24:00,8.1,7.1,0.0,11.4,,Clear,Tokyo
175644,8271,poi_37,4b57c8a4f964a520ed4028e3,2018-01-14T03:34:00,-1.0,7.6,0.0,14.6,,Clear,Tokyo
175644,8271,poi_38,4e903e5b77c89cb921a453b2,2018-01-14T05:22:00,-1.0,7.7,0.0,11.0,,Clear,Tokyo
175644,8271,poi_39,4ed8791b0e61d46ad5a90d56,2018-01-14T20:03:00,-1.0,-0.3,0.0,4.0,,Clear,Tokyo
175644,8271,poi_40,4becf86c91380f4702549f18,2018-01-14T20:22:00,6.8,-0.3,0.0,4.0,,Clear,Tokyo
175644,8271,poi_41,4b4fc05df964a520001427e3,2018-01-15T01:10:00,5.7,4.9,0.0,9.4,,Clear,Tokyo
175644,8271,poi_42,4b59bf5ff964a520f09528e3,2018-01-15T03:21:00,8.0,7.5,0.0,8.4,,Partially cloudy,Tokyo
175644,8271,poi_43,4e1b24997d8b8db612594b00,2018-01-15T03:43:00,6.5,8.9,0.0,4.5,,Clear,Tokyo
175647,8271,poi_1,4ba0b2abf964a5202a7837e3,2018-01-18T14:31:00,-1.0,7.2,0.0,9.4,,Clear,Tokyo
175647,8271,poi_2,4c136a46a5eb76b09ddfbfb7,2018-01-18T14:41:00,-1.0,7.2,0.0,9.4,,Clear,Tokyo
175647,8271,poi_3,4b6fbe15f964a5205bfb2ce3,2018-01-18T15:06:00,-1.0,7.2,0.0,9.4,,Clear,Tokyo
175647,8271,poi_4,4df06ef4e4cdfec0ed2d8db2,2018-01-18T16:22:00,6.3,6.7,0.0,11.1,,Clear,Tokyo
175647,8271,poi_5,4ec74a53722e14379623f907,2018-01-18T16:38:00,-1.0,6.9,0.0,9.6,,Clear,Tokyo
175647,8271,poi_6,4cd88169a99d370488c305ce,2018-01-18T16:49:00,5.5,6.9,0.0,9.6,,Clear,Tokyo
175647,8271,poi_7,5282fd2d11d2267ec0303633,2018-01-18T17:00:00,6.8,6.9,0.0,9.6,,Clear,Tokyo
175647,8271,poi_8,4c088080340720a127578393,2018-01-18T17:10:00,5.8,6.9,0.0,9.6,,Clear,Tokyo
175647,8271,poi_9,4becf86c91380f4702549f18,2018-01-18T17:51:00,6.8,7.8,0.0,9.6,,Partially cloudy,Tokyo
175647,8271,poi_10,4ed8791b0e61d46ad5a90d56,2018-01-18T18:58:00,-1.0,8.1,0.0,11.3,,Clear,Tokyo
175647,8271,poi_11,4b6c0307f964a5208c1f2ce3,2018-01-18T20:56:00,6.5,6.6,0.0,11.3,,Partially cloudy,Tokyo
175647,8271,poi_12,564ad57a498e2499d5617af2,2018-01-19T02:03:00,6.6,10.1,0.0,5.6,,Clear,Tokyo
175647,8271,poi_13,58c6a03afc73d458339fcfbc,2018-01-19T12:07:00,6.6,7.8,0.0,14.6,,Partially cloudy,Tokyo
175647,8271,poi_14,4ed8791b0e61d46ad5a90d56,2018-01-19T22:30:00,-1.0,5.1,0.0,5.6,,Overcast,Tokyo
175647,8271,poi_15,4becf86c91380f4702549f18,2018-01-19T22:41:00,6.8,5.3,0.0,5.5,,Overcast,Tokyo
175647,8271,poi_16,4c43f435f0bdd13a92f5c8cc,2018-01-19T22:55:00,7.6,5.3,0.0,5.5,,Overcast,Tokyo
175647,8271,poi_17,4b4fc05df964a520001427e3,2018-01-20T04:28:00,5.7,8.3,0.0,5.5,,Clear,Tokyo
175652,8271,poi_1,4b6c0307f964a5208c1f2ce3,2018-01-30T03:37:00,6.5,5.8,0.0,12.8,,Clear,Tokyo
175652,8271,poi_2,559670e7498eb21cdade8a3a,2018-01-31T01:46:00,-1.0,6.2,0.0,7.4,,Clear,Tokyo
175652,8271,poi_3,4b6c0307f964a5208c1f2ce3,2018-01-31T02:18:00,6.5,6.2,0.0,7.4,,Clear,Tokyo
175652,8271,poi_4,4becf86c91380f4702549f18,2018-01-31T15:23:00,6.8,3.4,0.0,12.6,,Partially cloudy,Tokyo
175652,8271,poi_5,559670e7498eb21cdade8a3a,2018-01-31T18:06:00,-1.0,3.1,0.0,9.2,,Partially cloudy,Tokyo
175652,8271,poi_6,4b6c0307f964a5208c1f2ce3,2018-02-01T01:35:00,6.5,5.7,0.0,7.8,,Partially cloudy,Tokyo
175652,8271,poi_7,4becf86c91380f4702549f18,2018-02-01T15:29:00,6.8,0.7,0.017,5.8,"rain,snow","Snow, Rain, Overcast",Tokyo
175652,8271,poi_8,559670e7498eb21cdade8a3a,2018-02-01T19:05:00,-1.0,0.7,0.004,11.3,"rain,snow","Snow, Rain, Overcast",Tokyo
175652,8271,poi_9,4b6c0307f964a5208c1f2ce3,2018-02-02T02:00:00,6.5,1.6,0.0,13.1,,Overcast,Tokyo
175652,8271,poi_10,4b4fc05df964a520001427e3,2018-02-02T21:59:00,5.7,2.1,0.0,5.6,,Partially cloudy,Tokyo
175652,8271,poi_11,4becf86c91380f4702549f18,2018-02-02T23:26:00,6.8,2.6,0.0,5.4,,Clear,Tokyo
175652,8271,poi_12,58c6a03afc73d458339fcfbc,2018-02-03T05:55:00,6.6,7.1,0.0,3.8,,Partially cloudy,Tokyo
175652,8271,poi_13,4becf86c91380f4702549f18,2018-02-03T06:07:00,6.8,7.1,0.0,3.8,,Partially cloudy,Tokyo
175652,8271,poi_14,4b4fc05df964a520001427e3,2018-02-03T23:21:00,5.7,4.6,0.0,9.1,,Partially cloudy,Tokyo
175652,8271,poi_15,4b59bf5ff964a520f09528e3,2018-02-04T05:17:00,8.0,9.4,0.0,11.2,,Partially cloudy,Tokyo
175652,8271,poi_16,559670e7498eb21cdade8a3a,2018-02-04T22:39:00,-1.0,2.2,0.0,9.3,,Clear,Tokyo
175652,8271,poi_17,4b6c0307f964a5208c1f2ce3,2018-02-05T01:21:00,6.5,4.4,0.0,9.2,,Clear,Tokyo
175652,8271,poi_18,4c9d71e52fb1a143e2f7e040,2018-02-05T01:32:00,6.0,6.2,0.0,5.6,,Clear,Tokyo
175652,8271,poi_19,4e903e5b77c89cb921a453b2,2018-02-05T03:36:00,-1.0,7.6,0.0,16.3,,Partially cloudy,Tokyo
175652,8271,poi_20,4b59bf5ff964a520f09528e3,2018-02-05T03:52:00,8.0,7.6,0.0,16.3,,Partially cloudy,Tokyo
175652,8271,poi_21,4ed8791b0e61d46ad5a90d56,2018-02-05T15:13:00,-1.0,1.9,0.0,3.9,,Clear,Tokyo
175652,8271,poi_22,4becf86c91380f4702549f18,2018-02-05T15:33:00,6.8,0.9,0.0,5.4,,Clear,Tokyo
175652,8271,poi_23,559670e7498eb21cdade8a3a,2018-02-05T19:00:00,-1.0,-0.1,0.0,7.3,,Clear,Tokyo
175652,8271,poi_24,4ea65f5e77c831bd19338d47,2018-02-05T22:50:00,6.1,1.6,0.0,3.7,,Clear,Tokyo
175652,8271,poi_25,4b6c0307f964a5208c1f2ce3,2018-02-06T03:05:00,6.5,6.5,0.0,5.6,,Clear,Tokyo
175652,8271,poi_26,4e903e5b77c89cb921a453b2,2018-02-06T04:32:00,-1.0,6.6,0.0,12.8,,Partially cloudy,Tokyo
175652,8271,poi_27,4becf86c91380f4702549f18,2018-02-06T15:30:00,6.8,1.1,0.0,11.1,,Clear,Tokyo
175652,8271,poi_28,4d2e85aed9d8a1438092fad7,2018-02-06T18:52:00,8.3,-1.6,0.0,5.5,,Clear,Tokyo
175652,8271,poi_29,559670e7498eb21cdade8a3a,2018-02-07T01:57:00,-1.0,6.6,0.0,5.7,,Clear,Tokyo
175652,8271,poi_30,4b6c0307f964a5208c1f2ce3,2018-02-07T02:08:00,6.5,6.6,0.0,5.7,,Clear,Tokyo
175652,8271,poi_31,4b6c0307f964a5208c1f2ce3,2018-02-08T01:23:00,6.5,5.1,0.0,10.9,,Clear,Tokyo
175652,8271,poi_32,4c9d71e52fb1a143e2f7e040,2018-02-08T01:33:00,6.0,5.7,0.0,10.9,,Clear,Tokyo
175652,8271,poi_33,4e903e5b77c89cb921a453b2,2018-02-08T03:25:00,-1.0,7.1,0.0,7.6,,Clear,Tokyo
175652,8271,poi_34,4e4271a252b18686a81f2f2c,2018-02-08T14:48:00,-1.0,1.6,0.0,7.5,,Clear,Tokyo
175652,8271,poi_35,559670e7498eb21cdade8a3a,2018-02-08T16:10:00,-1.0,1.6,0.0,9.3,,Clear,Tokyo
175652,8271,poi_36,4be24c2e660ec9289f53c93b,2018-02-09T02:14:00,5.4,6.4,0.0,3.8,,Clear,Tokyo
175652,8271,poi_37,4b6c0307f964a5208c1f2ce3,2018-02-09T02:28:00,6.5,6.4,0.0,3.8,,Clear,Tokyo
175652,8271,poi_38,4c9d71e52fb1a143e2f7e040,2018-02-09T02:38:00,6.0,8.6,0.0,5.6,,Clear,Tokyo
175652,8271,poi_39,4e903e5b77c89cb921a453b2,2018-02-09T05:24:00,-1.0,8.8,0.0,9.5,,Clear,Tokyo
175652,8271,poi_40,4bb3346f4019a5938b9d37b8,2018-02-09T05:32:00,5.8,9.0,0.0,11.1,,Clear,Tokyo
175652,8271,poi_41,4becf86c91380f4702549f18,2018-02-09T18:03:00,6.8,2.5,0.0,5.4,,Partially cloudy,Tokyo
175652,8271,poi_42,4b4bc3b1f964a520e3a626e3,2018-02-09T21:12:00,6.3,1.4,0.0,7.4,,Partially cloudy,Tokyo
175652,8271,poi_43,4b2c905cf964a520d3c724e3,2018-02-10T01:18:00,5.7,6.2,0.0,10.7,,Partially cloudy,Tokyo
175652,8271,poi_44,59853e0ec9a51745b684cab9,2018-02-10T04:21:00,-1.0,10.0,0.0,11.2,,Clear,Tokyo
175652,8271,poi_45,4b2c905cf964a520d3c724e3,2018-02-10T04:59:00,5.7,10.7,0.0,9.5,,Clear,Tokyo
175652,8271,poi_46,4b5fe9c2f964a5207ed029e3,2018-02-10T05:06:00,6.0,10.7,0.0,9.5,,Clear,Tokyo
175652,8271,poi_47,4ed8791b0e61d46ad5a90d56,2018-02-10T22:18:00,-1.0,6.6,0.0,5.4,,Partially cloudy,Tokyo
175652,8271,poi_48,4c9d71e52fb1a143e2f7e040,2018-02-10T22:55:00,6.0,8.1,0.0,10.9,,Clear,Tokyo
175652,8271,poi_49,4bd557cc6798ef3b4735638d,2018-02-10T23:06:00,6.1,8.1,0.0,10.9,,Clear,Tokyo
175652,8271,poi_50,5a80015b64c8e10423dd2ca8,2018-02-10T23:47:00,-1.0,10.0,0.0,5.3,,Partially cloudy,Tokyo
175652,8271,poi_51,4b5960e0f964a520838628e3,2018-02-11T00:22:00,8.5,10.0,0.0,5.3,,Partially cloudy,Tokyo
175652,8271,poi_52,4b6c0307f964a5208c1f2ce3,2018-02-11T05:41:00,6.5,12.7,0.0,9.4,,Partially cloudy,Tokyo
175652,8271,poi_53,4e903e5b77c89cb921a453b2,2018-02-11T05:49:00,-1.0,12.7,0.0,9.4,,Partially cloudy,Tokyo
175652,8271,poi_54,4ed8791b0e61d46ad5a90d56,2018-02-11T19:18:00,-1.0,1.8,0.0,16.1,,Clear,Tokyo
175652,8271,poi_55,4becf86c91380f4702549f18,2018-02-11T19:30:00,6.8,1.8,0.0,16.1,,Clear,Tokyo
175652,8271,poi_56,4b4fc05df964a520001427e3,2018-02-12T00:42:00,5.7,5.8,0.0,18.7,,Clear,Tokyo
175657,8271,poi_1,4b598022f964a5204f8a28e3,2018-02-20T00:59:00,5.2,8.8,0.0,5.5,,Clear,Tokyo
175657,8271,poi_2,4b6c0307f964a5208c1f2ce3,2018-02-20T01:10:00,6.5,8.8,0.0,5.5,,Clear,Tokyo
175657,8271,poi_3,4c9d71e52fb1a143e2f7e040,2018-02-20T01:21:00,6.0,8.8,0.0,5.5,,Clear,Tokyo
175657,8271,poi_4,4b0587baf964a5205aa122e3,2018-02-20T03:39:00,6.1,11.6,0.0,9.4,,Clear,Tokyo
175657,8271,poi_5,4b4fc05df964a520001427e3,2018-02-20T15:52:00,5.7,5.0,0.0,9.5,,Clear,Tokyo
175657,8271,poi_6,4b6c0307f964a5208c1f2ce3,2018-02-21T03:15:00,6.5,7.6,0.0,5.5,,Overcast,Tokyo
175657,8271,poi_7,4c9d71e52fb1a143e2f7e040,2018-02-21T03:25:00,6.0,7.6,0.0,5.5,,Overcast,Tokyo
175657,8271,poi_8,4e903e5b77c89cb921a453b2,2018-02-21T04:28:00,-1.0,7.3,0.0,7.5,,Partially cloudy,Tokyo
175657,8271,poi_9,4becf86c91380f4702549f18,2018-02-21T04:48:00,6.8,7.6,0.0,7.5,,Partially cloudy,Tokyo
175657,8271,poi_10,4becf86c91380f4702549f18,2018-02-21T15:07:00,6.8,5.3,0.0,7.7,,Partially cloudy,Tokyo
175657,8271,poi_11,4b6c0307f964a5208c1f2ce3,2018-02-22T01:39:00,6.5,1.9,0.0,9.5,,Overcast,Tokyo
175657,8271,poi_12,4c9d71e52fb1a143e2f7e040,2018-02-22T01:49:00,6.0,1.9,0.0,9.5,,Overcast,Tokyo
175657,8271,poi_13,559670e7498eb21cdade8a3a,2018-02-22T16:23:00,-1.0,2.2,0.0,11.3,,Overcast,Tokyo
175657,8271,poi_14,4be24c2e660ec9289f53c93b,2018-02-23T02:04:00,5.4,4.6,0.0,5.8,,Overcast,Tokyo
175657,8271,poi_15,4b6c0307f964a5208c1f2ce3,2018-02-23T02:16:00,6.5,4.6,0.0,5.8,,Overcast,Tokyo
175657,8271,poi_16,4c9d71e52fb1a143e2f7e040,2018-02-23T02:26:00,6.0,4.6,0.0,5.8,,Overcast,Tokyo
175657,8271,poi_17,4b62a048f964a520454d2ae3,2018-02-23T06:43:00,6.7,7.4,0.0,5.4,,Partially cloudy,Tokyo
175657,8271,poi_18,4e903e5b77c89cb921a453b2,2018-02-23T06:53:00,-1.0,7.4,0.0,5.4,,Partially cloudy,Tokyo
175657,8271,poi_19,4becf86c91380f4702549f18,2018-02-23T07:13:00,6.8,7.4,0.0,5.4,,Partially cloudy,Tokyo
175657,8271,poi_20,4ed8791b0e61d46ad5a90d56,2018-02-23T20:29:00,-1.0,1.4,0.0,9.2,,Clear,Tokyo
175657,8271,poi_21,4b4fc05df964a520001427e3,2018-02-23T20:43:00,5.7,1.1,0.0,3.6,,Clear,Tokyo
175657,8271,poi_22,4fe4fb82e4b0faa0b8c11baf,2018-02-23T21:07:00,-1.0,1.1,0.0,3.6,,Clear,Tokyo
175657,8271,poi_23,5a9116fc0ff4f913fd551646,2018-02-23T22:45:00,-1.0,4.8,0.0,5.4,,Clear,Tokyo
175657,8271,poi_24,4da117519935a0938b79996f,2018-02-24T00:03:00,6.2,5.8,0.0,5.3,,Partially cloudy,Tokyo
175657,8271,poi_25,4dc4fbdd18387d1bd531ca19,2018-02-24T02:07:00,8.6,9.8,0.0,12.9,,Clear,Tokyo
175657,8271,poi_26,4c65f9ef7abde21efb7d6268,2018-02-24T02:15:00,-1.0,9.8,0.0,12.9,,Clear,Tokyo
175657,8271,poi_27,4b4fc05df964a520001427e3,2018-02-24T02:45:00,5.7,12.3,0.0,14.8,,Clear,Tokyo
175657,8271,poi_28,4e903e5b77c89cb921a453b2,2018-02-24T02:56:00,-1.0,12.3,0.0,14.8,,Clear,Tokyo
175659,8271,poi_1,4ef014efb8f7eb2370b0924d,2018-02-26T19:49:00,-1.0,4.1,0.0,5.4,,Partially cloudy,Tokyo
175659,8271,poi_2,559670e7498eb21cdade8a3a,2018-02-27T01:41:00,-1.0,8.9,0.0,9.3,,Partially cloudy,Tokyo
175659,8271,poi_3,4b6c0307f964a5208c1f2ce3,2018-02-27T02:34:00,6.5,10.5,0.0,11.1,,Clear,Tokyo
175659,8271,poi_4,4c9d71e52fb1a143e2f7e040,2018-02-27T02:44:00,6.0,10.5,0.0,11.1,,Clear,Tokyo
175659,8271,poi_5,4b62a048f964a520454d2ae3,2018-02-27T04:58:00,6.7,12.3,0.0,16.3,,Partially cloudy,Tokyo
175659,8271,poi_6,4b59bf5ff964a520f09528e3,2018-02-27T05:31:00,8.0,11.2,0.0,14.9,,Partially cloudy,Tokyo
175659,8271,poi_7,4b551f76f964a520f2db27e3,2018-02-27T18:53:00,7.6,3.7,0.0,5.4,,Partially cloudy,Tokyo
175659,8271,poi_8,559670e7498eb21cdade8a3a,2018-02-27T21:22:00,-1.0,4.1,0.0,7.5,,Clear,Tokyo
175659,8271,poi_9,4ea65f5e77c831bd19338d47,2018-02-27T23:01:00,6.1,7.3,0.0,9.3,,Clear,Tokyo
175659,8271,poi_10,4b6c0307f964a5208c1f2ce3,2018-02-28T02:04:00,6.5,12.3,0.0,7.6,,Partially cloudy,Tokyo
175659,8271,poi_11,4c9d71e52fb1a143e2f7e040,2018-02-28T02:18:00,6.0,12.3,0.0,7.6,,Partially cloudy,Tokyo
175659,8271,poi_12,52776f95498e76b8ac78ddfb,2018-02-28T03:31:00,-1.0,14.3,0.0,7.7,,Partially cloudy,Tokyo
175659,8271,poi_13,59156e2ad7627e2b6b071cbc,2018-02-28T03:47:00,8.3,14.3,0.0,7.7,,Partially cloudy,Tokyo
175659,8271,poi_14,4b0587a6f964a5203d9e22e3,2018-02-28T05:58:00,7.1,13.6,0.0,14.8,,Overcast,Tokyo
175659,8271,poi_15,4ed8791b0e61d46ad5a90d56,2018-02-28T15:37:00,-1.0,7.9,0.03,7.8,rain,"Rain, Overcast",Tokyo
175659,8271,poi_16,58f063b0c5b11c653f127dc6,2018-02-28T18:59:00,6.1,7.7,0.0,9.6,,Overcast,Tokyo
175659,8271,poi_17,5a97801e149946079114e2dd,2018-02-28T19:23:00,-1.0,7.7,0.0,9.6,,Overcast,Tokyo
175659,8271,poi_18,4b6c0307f964a5208c1f2ce3,2018-03-01T02:13:00,6.5,12.9,0.0,14.5,,Clear,Tokyo
175659,8271,poi_19,4c9d71e52fb1a143e2f7e040,2018-03-01T02:26:00,6.0,12.9,0.0,14.5,,Clear,Tokyo
175659,8271,poi_20,4da800dccda119a2c8f3750a,2018-03-01T03:44:00,-1.0,17.8,0.0,8.0,,Clear,Tokyo
175659,8271,poi_21,59156e2ad7627e2b6b071cbc,2018-03-01T04:12:00,8.3,17.8,0.0,8.0,,Clear,Tokyo
175659,8271,poi_22,4ed8791b0e61d46ad5a90d56,2018-03-01T15:29:00,-1.0,10.6,0.0,11.1,,Clear,Tokyo
175659,8271,poi_23,559670e7498eb21cdade8a3a,2018-03-01T18:33:00,-1.0,7.6,0.0,7.7,,Clear,Tokyo
175659,8271,poi_24,4ef014efb8f7eb2370b0924d,2018-03-01T18:58:00,-1.0,7.6,0.0,7.7,,Clear,Tokyo
175659,8271,poi_25,4b598022f964a5204f8a28e3,2018-03-02T00:06:00,5.2,10.8,0.0,11.4,,Partially cloudy,Tokyo
175661,8271,poi_1,4ed8791b0e61d46ad5a90d56,2018-03-04T04:54:00,-1.0,19.2,0.0,27.9,,Clear,Tokyo
175661,8271,poi_2,4ed8791b0e61d46ad5a90d56,2018-03-04T15:27:00,-1.0,15.3,0.0,22.0,,Clear,Tokyo
175661,8271,poi_3,559670e7498eb21cdade8a3a,2018-03-04T17:22:00,-1.0,14.8,0.0,14.7,,Clear,Tokyo
175661,8271,poi_4,4be24c2e660ec9289f53c93b,2018-03-04T18:28:00,5.4,15.0,0.0,14.7,,Partially cloudy,Tokyo
175661,8271,poi_5,4c9d71e52fb1a143e2f7e040,2018-03-04T18:39:00,6.0,15.5,0.0,9.6,,Partially cloudy,Tokyo
175661,8271,poi_6,4b5c07eef964a520c72129e3,2018-03-04T18:58:00,5.8,15.5,0.0,9.6,,Partially cloudy,Tokyo
175661,8271,poi_7,4e4a0147d4c0dae7bfc70308,2018-03-04T19:06:00,-1.0,15.5,0.0,9.6,,Partially cloudy,Tokyo
175661,8271,poi_8,4b6c0307f964a5208c1f2ce3,2018-03-05T02:07:00,6.5,18.3,0.0,20.6,,Overcast,Tokyo
175661,8271,poi_9,4b6c0f00f964a520c6212ce3,2018-03-05T02:22:00,7.6,18.3,0.0,20.6,,Overcast,Tokyo
175661,8271,poi_10,4b6c0307f964a5208c1f2ce3,2018-03-05T15:51:00,6.5,8.4,0.009,18.5,rain,"Rain, Overcast",Tokyo
175661,8271,poi_11,559670e7498eb21cdade8a3a,2018-03-05T16:53:00,-1.0,7.9,0.005,9.9,rain,"Rain, Overcast",Tokyo
175661,8271,poi_12,4c9d71e52fb1a143e2f7e040,2018-03-05T18:19:00,6.0,7.7,9.705,13.4,rain,"Rain, Overcast",Tokyo
175661,8271,poi_13,59156e2ad7627e2b6b071cbc,2018-03-06T03:13:00,8.3,11.1,0.0,11.5,,Partially cloudy,Tokyo
175661,8271,poi_14,4b641949f964a520ef9e2ae3,2018-03-06T05:36:00,6.1,11.4,0.0,9.7,,Clear,Tokyo
175661,8271,poi_15,4b90dd9df964a5202f9a33e3,2018-03-06T05:47:00,6.7,11.4,0.0,9.7,,Clear,Tokyo
175661,8271,poi_16,4e903e5b77c89cb921a453b2,2018-03-06T06:21:00,-1.0,11.4,0.0,9.7,,Clear,Tokyo
175661,8271,poi_17,4b59bf5ff964a520f09528e3,2018-03-06T06:35:00,8.0,10.7,0.0,11.5,,Clear,Tokyo
175661,8271,poi_18,559670e7498eb21cdade8a3a,2018-03-06T18:23:00,-1.0,3.2,0.0,5.7,,Partially cloudy,Tokyo
175661,8271,poi_19,4ef014efb8f7eb2370b0924d,2018-03-06T18:57:00,-1.0,3.1,0.0,13.0,,Clear,Tokyo
175661,8271,poi_20,4b6c0307f964a5208c1f2ce3,2018-03-07T01:47:00,6.5,6.8,0.0,12.9,,Partially cloudy,Tokyo
175661,8271,poi_21,4c9d71e52fb1a143e2f7e040,2018-03-07T02:01:00,6.0,6.8,0.0,12.9,,Partially cloudy,Tokyo
175661,8271,poi_22,4b6c0f00f964a520c6212ce3,2018-03-07T02:15:00,7.6,6.8,0.0,12.9,,Partially cloudy,Tokyo
175661,8271,poi_23,4b5680f8f964a520331328e3,2018-03-07T02:27:00,6.7,6.8,0.0,12.9,,Partially cloudy,Tokyo
175662,8271,poi_1,4ec0d5979911a2ec5c6cdda6,2018-03-08T16:17:00,6.1,13.3,0.186,13.6,rain,"Rain, Partially cloudy",Tokyo
175662,8271,poi_2,4ba0b2abf964a5202a7837e3,2018-03-08T16:28:00,-1.0,13.3,0.186,13.6,rain,"Rain, Partially cloudy",Tokyo
175662,8271,poi_3,4df06ef4e4cdfec0ed2d8db2,2018-03-08T16:39:00,6.3,14.2,0.193,15.2,rain,"Rain, Overcast",Tokyo
175662,8271,poi_4,4b6fbe15f964a5205bfb2ce3,2018-03-08T17:11:00,-1.0,14.2,0.193,15.2,rain,"Rain, Overcast",Tokyo
175662,8271,poi_5,4d852dad5091370435f2905b,2018-03-08T17:42:00,-1.0,14.6,29.518,8.5,rain,"Rain, Overcast",Tokyo
175662,8271,poi_6,4ba0b2abf964a5202a7837e3,2018-03-08T17:54:00,-1.0,14.6,29.518,8.5,rain,"Rain, Overcast",Tokyo
175662,8271,poi_7,5282fd2d11d2267ec0303633,2018-03-08T17:58:00,6.8,14.6,29.518,8.5,rain,"Rain, Overcast",Tokyo
175662,8271,poi_8,4c9d71e52fb1a143e2f7e040,2018-03-08T18:37:00,6.0,15.1,0.258,8.8,rain,"Rain, Overcast",Tokyo
175662,8271,poi_9,4ef014efb8f7eb2370b0924d,2018-03-08T19:24:00,-1.0,15.1,0.258,8.8,rain,"Rain, Overcast",Tokyo
175662,8271,poi_10,559670e7498eb21cdade8a3a,2018-03-08T23:54:00,-1.0,16.8,31.331,13.3,rain,"Rain, Overcast",Tokyo
175662,8271,poi_11,4be24c2e660ec9289f53c93b,2018-03-09T02:09:00,5.4,13.2,0.0,4.1,,Overcast,Tokyo
175662,8271,poi_12,4b6c0307f964a5208c1f2ce3,2018-03-09T02:19:00,6.5,13.2,0.0,4.1,,Overcast,Tokyo
175662,8271,poi_13,4b5680f8f964a520331328e3,2018-03-09T02:30:00,6.7,13.2,0.0,4.1,,Overcast,Tokyo
175662,8271,poi_14,4da800dccda119a2c8f3750a,2018-03-09T03:47:00,-1.0,11.9,0.0,7.7,,Overcast,Tokyo
175662,8271,poi_15,4e903e5b77c89cb921a453b2,2018-03-09T06:26:00,-1.0,11.2,2.099,14.7,rain,"Rain, Overcast",Tokyo
175662,8271,poi_16,4b59bf5ff964a520f09528e3,2018-03-09T06:43:00,8.0,11.1,0.0,16.6,,Overcast,Tokyo
175663,8271,poi_1,58c6a03afc73d458339fcfbc,2018-03-09T20:06:00,6.6,4.6,0.0,9.5,,Overcast,Tokyo
175663,8271,poi_2,4b08b4e5f964a520211123e3,2018-03-09T21:37:00,-1.0,5.3,0.0,7.6,,Partially cloudy,Tokyo
175663,8271,poi_3,4b0a405ff964a520c22223e3,2018-03-09T22:07:00,-1.0,5.3,0.0,7.6,,Partially cloudy,Tokyo
175663,8271,poi_4,4b0b3091f964a5205e2e23e3,2018-03-09T22:16:00,7.9,5.3,0.0,7.6,,Partially cloudy,Tokyo
175663,8271,poi_5,4b5bef4bf964a520ea1d29e3,2018-03-09T23:42:00,9.3,7.3,0.0,9.4,,Partially cloudy,Tokyo
175663,8271,poi_6,4be7fb02a117b7139d5a81c8,2018-03-10T00:16:00,-1.0,7.3,0.0,9.4,,Partially cloudy,Tokyo
175663,8271,poi_7,4b64fbc9f964a520b0dd2ae3,2018-03-10T03:01:00,-1.0,8.7,0.0,7.6,,Overcast,Tokyo
175663,8271,poi_8,4c9d71e52fb1a143e2f7e040,2018-03-10T03:13:00,6.0,8.7,0.0,7.6,,Overcast,Tokyo
175663,8271,poi_9,4b5680f8f964a520331328e3,2018-03-10T04:27:00,6.7,9.2,0.0,9.4,,Clear,Tokyo
175663,8271,poi_10,4b4fc05df964a520001427e3,2018-03-10T04:55:00,5.7,10.6,0.0,5.6,,Partially cloudy,Tokyo
175663,8271,poi_11,4e903e5b77c89cb921a453b2,2018-03-10T05:06:00,-1.0,10.6,0.0,5.6,,Partially cloudy,Tokyo
175664,8271,poi_1,4e903e5b77c89cb921a453b2,2018-03-11T02:41:00,-1.0,11.4,0.0,7.6,,Partially cloudy,Tokyo
175664,8271,poi_2,4b4fc05df964a520001427e3,2018-03-11T02:47:00,5.7,11.4,0.0,7.6,,Partially cloudy,Tokyo
175664,8271,poi_3,4b39cbf8f964a520045f25e3,2018-03-11T02:57:00,6.6,11.4,0.0,7.6,,Partially cloudy,Tokyo
175664,8271,poi_4,4b9f587cf964a520b01d37e3,2018-03-11T03:32:00,5.4,13.8,0.0,11.3,,Partially cloudy,Tokyo
175664,8271,poi_5,4b5a9fd5f964a5204bce28e3,2018-03-11T03:44:00,-1.0,13.8,0.0,11.3,,Partially cloudy,Tokyo
175664,8271,poi_6,4e97f1e7a17cc126ecf557e1,2018-03-11T04:00:00,-1.0,13.8,0.0,11.3,,Partially cloudy,Tokyo
175664,8271,poi_7,4ed8791b0e61d46ad5a90d56,2018-03-11T15:21:00,-1.0,7.6,0.0,14.9,,Clear,Tokyo
175664,8271,poi_8,4b6c0307f964a5208c1f2ce3,2018-03-12T02:17:00,6.5,12.8,0.0,11.2,,Clear,Tokyo
175664,8271,poi_9,4c9d71e52fb1a143e2f7e040,2018-03-12T02:29:00,6.0,12.8,0.0,11.2,,Clear,Tokyo
175664,8271,poi_10,59156e2ad7627e2b6b071cbc,2018-03-12T03:31:00,8.3,15.0,0.0,7.6,,Clear,Tokyo
175664,8271,poi_11,4b62d4abf964a5207b542ae3,2018-03-12T03:56:00,5.4,15.0,0.0,7.6,,Clear,Tokyo
175664,8271,poi_12,4da800dccda119a2c8f3750a,2018-03-12T04:23:00,-1.0,15.0,0.0,7.6,,Clear,Tokyo
175664,8271,poi_13,4e903e5b77c89cb921a453b2,2018-03-12T05:16:00,-1.0,14.5,0.0,9.5,,Clear,Tokyo
175664,8271,poi_14,4ef014efb8f7eb2370b0924d,2018-03-12T19:14:00,-1.0,6.7,0.0,5.6,,Clear,Tokyo
175664,8271,poi_15,559670e7498eb21cdade8a3a,2018-03-13T00:53:00,-1.0,12.1,0.0,7.4,,Clear,Tokyo
175664,8271,poi_16,4b6c0307f964a5208c1f2ce3,2018-03-13T01:03:00,6.5,12.1,0.0,7.4,,Clear,Tokyo
175664,8271,poi_17,4d5e0050b6b9a1cd69b25d51,2018-03-13T04:17:00,7.0,15.0,0.0,11.3,,Clear,Tokyo
175664,8271,poi_18,4b641949f964a520ef9e2ae3,2018-03-13T04:31:00,6.1,16.3,0.0,14.9,,Clear,Tokyo
175664,8271,poi_19,4c9d71e52fb1a143e2f7e040,2018-03-13T05:34:00,6.0,17.0,0.0,16.6,,Clear,Tokyo
175664,8271,poi_20,4e903e5b77c89cb921a453b2,2018-03-13T06:12:00,-1.0,17.0,0.0,16.6,,Clear,Tokyo
175664,8271,poi_21,4d528dcec5ff6ea8a94eaf07,2018-03-13T06:22:00,6.4,17.0,0.0,16.6,,Clear,Tokyo
175664,8271,poi_22,559670e7498eb21cdade8a3a,2018-03-13T17:35:00,-1.0,9.1,0.0,7.6,,Clear,Tokyo
175664,8271,poi_23,571ef99c498e10fa30db4105,2018-03-13T18:26:00,-1.0,9.1,0.0,7.6,,Clear,Tokyo
175664,8271,poi_24,4be24c2e660ec9289f53c93b,2018-03-14T01:35:00,5.4,19.5,0.0,7.5,,Clear,Tokyo
175664,8271,poi_25,4b598022f964a5204f8a28e3,2018-03-14T02:04:00,5.2,19.5,0.0,7.5,,Clear,Tokyo
175664,8271,poi_26,4c9d71e52fb1a143e2f7e040,2018-03-14T02:49:00,6.0,19.4,0.0,11.1,,Clear,Tokyo
175664,8271,poi_27,4b62d4abf964a5207b542ae3,2018-03-14T04:10:00,5.4,20.6,0.0,11.1,,Clear,Tokyo
175664,8271,poi_28,4e903e5b77c89cb921a453b2,2018-03-14T05:53:00,-1.0,20.7,0.0,16.5,,Clear,Tokyo
175664,8271,poi_29,559670e7498eb21cdade8a3a,2018-03-14T18:13:00,-1.0,11.4,0.0,9.1,,Clear,Tokyo
175664,8271,poi_30,4ef014efb8f7eb2370b0924d,2018-03-14T19:07:00,-1.0,10.9,0.0,7.4,,Clear,Tokyo
175664,8271,poi_31,4be24c2e660ec9289f53c93b,2018-03-15T00:33:00,5.4,17.8,0.0,11.1,,Clear,Tokyo
175664,8271,poi_32,54c8bf5e498e7b7b0f7d73af,2018-03-15T01:51:00,5.3,18.8,0.0,11.4,,Clear,Tokyo
175664,8271,poi_33,4c9d71e52fb1a143e2f7e040,2018-03-15T02:51:00,6.0,21.0,0.0,15.2,,Partially cloudy,Tokyo
175664,8271,poi_34,4b59d6f1f964a520399b28e3,2018-03-15T03:45:00,6.0,21.0,0.0,20.7,,Partially cloudy,Tokyo
175664,8271,poi_35,59156e2ad7627e2b6b071cbc,2018-03-15T04:06:00,8.3,21.0,0.0,20.7,,Partially cloudy,Tokyo
175664,8271,poi_36,4b5680f8f964a520331328e3,2018-03-15T05:14:00,6.7,20.6,0.0,17.2,,Clear,Tokyo
1527706,82817,poi_1,4b6e434af964a520f7b42ce3,2017-10-08T17:34:00,-1.0,17.6,0.0,5.4,,Partially cloudy,Tokyo
1527706,82817,poi_2,566e0938498ef09a2bfed06a,2017-10-08T20:32:00,6.0,16.6,0.0,3.7,,Clear,Tokyo
1527706,82817,poi_3,4c00a5419cf52d7f422e14e7,2017-10-08T22:06:00,5.7,18.6,0.0,1.9,,Partially cloudy,Tokyo
1527706,82817,poi_4,4b19f917f964a520abe623e3,2017-10-08T22:43:00,7.8,20.1,0.0,5.4,,Partially cloudy,Tokyo
1527706,82817,poi_5,4b7e831ff964a5204ff02fe3,2017-10-08T23:23:00,7.1,20.1,0.0,5.4,,Partially cloudy,Tokyo
1527706,82817,poi_6,537707f6498e8181c019835d,2017-10-09T00:22:00,5.6,22.0,0.0,5.4,,Partially cloudy,Tokyo
1527706,82817,poi_7,4b19f837f964a520a2e623e3,2017-10-09T22:33:00,6.9,22.2,0.0,3.7,,Clear,Tokyo
1527706,82817,poi_8,4b19f917f964a520abe623e3,2017-10-13T00:44:00,7.8,15.2,0.0,14.7,,Overcast,Tokyo
1527706,82817,poi_9,4b0587a6f964a5203d9e22e3,2017-10-13T17:45:00,7.1,14.2,8.948,9.4,rain,"Rain, Overcast",Tokyo
1527706,82817,poi_10,4b580199f964a520644828e3,2017-10-13T17:54:00,5.9,14.2,8.948,9.4,rain,"Rain, Overcast",Tokyo
1527706,82817,poi_11,4b5bab10f964a520e00e29e3,2017-10-13T18:09:00,5.9,14.2,8.948,9.4,rain,"Rain, Overcast",Tokyo
1527706,82817,poi_12,4b3d8ca3f964a520689525e3,2017-10-13T18:23:00,5.5,14.2,8.948,9.4,rain,"Rain, Overcast",Tokyo
1527715,82817,poi_1,4b19f837f964a520a2e623e3,2017-11-20T20:31:00,6.9,6.1,0.0,9.8,,Clear,Tokyo
1527715,82817,poi_2,4b1211bcf964a520cb8823e3,2017-11-20T20:45:00,8.4,6.1,0.0,9.8,,Clear,Tokyo
1527715,82817,poi_3,4b73785bf964a52022b02de3,2017-11-20T21:16:00,8.2,6.1,0.0,9.8,,Clear,Tokyo
1527715,82817,poi_4,4b19f837f964a520a2e623e3,2017-11-21T03:10:00,6.9,11.1,0.0,9.5,,Clear,Tokyo
1527715,82817,poi_5,4b641794f964a5209e9e2ae3,2017-11-21T03:17:00,7.0,11.1,0.0,9.5,,Clear,Tokyo
1527715,82817,poi_6,4b19f837f964a520a2e623e3,2017-11-21T03:55:00,6.9,11.5,0.0,9.5,,Clear,Tokyo
1527715,82817,poi_7,4b62a048f964a520454d2ae3,2017-11-22T03:52:00,6.7,10.4,0.0,5.3,,Overcast,Tokyo
1527715,82817,poi_8,4b54ea63f964a520efd227e3,2017-11-22T04:01:00,8.3,10.4,0.0,5.3,,Overcast,Tokyo
1527715,82817,poi_9,4b2dc086f964a52012db24e3,2017-11-22T11:31:00,-1.0,6.7,1.002,5.5,rain,"Rain, Overcast",Tokyo
1527715,82817,poi_10,4b19f917f964a520abe623e3,2017-11-22T12:00:00,7.8,6.7,1.002,5.5,rain,"Rain, Overcast",Tokyo
1527715,82817,poi_11,4b593c7ef964a520828228e3,2017-11-22T12:06:00,5.8,6.7,1.002,5.5,rain,"Rain, Overcast",Tokyo
1527715,82817,poi_12,4b600990f964a520e3d329e3,2017-11-22T15:48:00,6.1,7.3,0.012,5.5,rain,"Rain, Overcast",Tokyo
1527715,82817,poi_13,4b5e3de5f964a520b58529e3,2017-11-22T19:12:00,-1.0,6.4,0.009,5.7,rain,"Rain, Overcast",Tokyo
1527715,82817,poi_14,4b600990f964a520e3d329e3,2017-11-22T19:38:00,6.1,6.4,0.005,3.8,rain,"Rain, Overcast",Tokyo
1527715,82817,poi_15,4b19f837f964a520a2e623e3,2017-11-23T19:30:00,6.9,8.2,0.0,3.7,,Partially cloudy,Tokyo
1527715,82817,poi_16,4b493c33f964a520fc6a26e3,2017-11-23T21:24:00,5.0,7.4,0.0,3.7,,Partially cloudy,Tokyo
1527715,82817,poi_17,4b4122c2f964a520d6c125e3,2017-11-23T21:37:00,-1.0,7.4,0.0,1.9,,Partially cloudy,Tokyo
1527715,82817,poi_18,4b5a5e9ef964a52095c028e3,2017-11-23T21:54:00,6.1,7.4,0.0,1.9,,Partially cloudy,Tokyo
1527715,82817,poi_19,4b88eb38f964a5206f1332e3,2017-11-24T00:01:00,-1.0,10.8,0.0,3.7,,Partially cloudy,Tokyo
1527715,82817,poi_20,4b57e8bdf964a520eb4528e3,2017-11-24T00:08:00,8.5,10.8,0.0,3.7,,Partially cloudy,Tokyo
1527715,82817,poi_21,4b3883cff964a520624e25e3,2017-11-24T01:09:00,-1.0,12.3,0.0,5.5,,Clear,Tokyo
1527715,82817,poi_22,4b19f837f964a520a2e623e3,2017-11-24T01:45:00,6.9,13.6,0.0,11.1,,Clear,Tokyo
1527715,82817,poi_23,4b19f917f964a520abe623e3,2017-11-27T23:50:00,7.8,10.9,0.0,7.7,,Overcast,Tokyo
1527715,82817,poi_24,59bb77c0112c6c5070e9e080,2017-11-28T03:36:00,-1.0,14.3,0.0,9.4,,Clear,Tokyo
1527717,82817,poi_1,4b19f837f964a520a2e623e3,2017-12-07T19:39:00,6.9,3.4,0.0,1.9,,Overcast,Tokyo
1527717,82817,poi_2,4b493c33f964a520fc6a26e3,2017-12-07T21:48:00,5.0,3.9,0.0,3.8,,Clear,Tokyo
1527717,82817,poi_3,4b22ebb2f964a5205c5024e3,2017-12-07T22:00:00,-1.0,3.9,0.0,3.8,,Clear,Tokyo
1527717,82817,poi_4,4b093eeff964a520e51423e3,2017-12-07T22:14:00,6.7,3.9,0.0,3.8,,Clear,Tokyo
1527717,82817,poi_5,4b6cddaff964a520235a2ce3,2017-12-07T23:30:00,5.6,5.5,0.0,5.5,,Clear,Tokyo
1527717,82817,poi_6,4b652379f964a520ebe52ae3,2017-12-07T23:33:00,5.5,6.8,0.0,3.7,,Partially cloudy,Tokyo
1527717,82817,poi_7,5a1e088d0a464d5ae439304b,2017-12-08T00:02:00,-1.0,6.8,0.0,3.7,,Partially cloudy,Tokyo
1527717,82817,poi_8,4b0587a6f964a5203d9e22e3,2017-12-08T00:48:00,7.1,7.6,0.0,5.4,,Clear,Tokyo
1527717,82817,poi_9,4b19f917f964a520abe623e3,2017-12-08T01:05:00,7.8,7.6,0.0,5.4,,Clear,Tokyo
1527717,82817,poi_10,4b5bf176f964a520471e29e3,2017-12-08T01:07:00,8.1,7.6,0.0,5.4,,Clear,Tokyo
1527717,82817,poi_11,4b19f837f964a520a2e623e3,2017-12-11T22:51:00,6.9,5.4,0.0,15.0,,Clear,Tokyo
1527717,82817,poi_12,4b19f917f964a520abe623e3,2017-12-11T22:57:00,7.8,5.4,0.0,15.0,,Clear,Tokyo
1527717,82817,poi_13,4b19f917f964a520abe623e3,2017-12-12T02:14:00,7.8,9.0,0.0,11.4,,Clear,Tokyo
1527717,82817,poi_14,4b59d729f964a520449b28e3,2017-12-12T02:28:00,7.1,9.0,0.0,11.4,,Clear,Tokyo
1527717,82817,poi_15,4b19f917f964a520abe623e3,2017-12-12T02:51:00,7.8,9.6,0.0,7.9,,Clear,Tokyo
1527717,82817,poi_16,4b19f837f964a520a2e623e3,2017-12-12T02:58:00,6.9,9.6,0.0,7.9,,Clear,Tokyo
1527717,82817,poi_17,4b19f917f964a520abe623e3,2017-12-18T21:18:00,7.8,0.4,0.0,3.7,,Clear,Tokyo
1527717,82817,poi_18,59bb77c0112c6c5070e9e080,2017-12-19T02:16:00,-1.0,10.1,0.0,12.8,,Clear,Tokyo
1527725,82817,poi_1,4b19f837f964a520a2e623e3,2018-01-09T20:32:00,6.9,4.2,0.0,18.4,,Clear,Tokyo
1527725,82817,poi_2,4b19f917f964a520abe623e3,2018-01-09T20:36:00,7.8,4.2,0.0,18.4,,Clear,Tokyo
1527725,82817,poi_3,54366c62498ed4670f9ea340,2018-01-09T21:11:00,5.9,4.2,0.0,18.4,,Clear,Tokyo
1527725,82817,poi_4,4b493c33f964a520fc6a26e3,2018-01-09T22:14:00,5.0,3.9,0.0,13.3,,Clear,Tokyo
1527725,82817,poi_5,4b243a7df964a520356424e3,2018-01-09T22:31:00,6.5,5.2,0.0,13.5,,Clear,Tokyo
1527725,82817,poi_6,4b557b9ff964a52072e527e3,2018-01-09T22:51:00,7.9,5.2,0.0,13.5,,Clear,Tokyo
1527725,82817,poi_7,4b19f837f964a520a2e623e3,2018-01-11T19:30:00,6.9,-0.2,0.0,5.4,,Clear,Tokyo
1527725,82817,poi_8,4b19f917f964a520abe623e3,2018-01-11T19:36:00,7.8,0.3,0.0,5.6,,Clear,Tokyo
1527725,82817,poi_9,4b493c33f964a520fc6a26e3,2018-01-11T21:06:00,5.0,0.0,0.0,10.8,,Clear,Tokyo
1527725,82817,poi_10,4b093eeff964a520e51423e3,2018-01-11T21:29:00,6.7,0.0,0.0,10.8,,Clear,Tokyo
1527725,82817,poi_11,4b243a7df964a520356424e3,2018-01-11T23:50:00,6.5,2.6,0.0,7.4,,Clear,Tokyo
1527725,82817,poi_12,4b557b9ff964a52072e527e3,2018-01-11T23:52:00,7.9,2.6,0.0,7.4,,Clear,Tokyo
1527725,82817,poi_13,4b166583f964a520acb823e3,2018-01-12T00:31:00,8.0,3.8,0.0,11.0,,Clear,Tokyo
1527725,82817,poi_14,4b5542c8f964a52027e027e3,2018-01-12T01:06:00,5.6,3.8,0.0,11.0,,Clear,Tokyo
1527725,82817,poi_15,4b0587a6f964a5203d9e22e3,2018-01-12T01:26:00,7.1,3.8,0.0,11.0,,Clear,Tokyo
1527732,82817,poi_1,4b19f837f964a520a2e623e3,2018-02-01T17:32:00,6.9,0.6,5.91,9.7,"rain,snow","Snow, Rain, Overcast",Tokyo
1527732,82817,poi_2,4b493c33f964a520fc6a26e3,2018-02-01T19:08:00,5.0,0.7,0.004,11.3,"rain,snow","Snow, Rain, Overcast",Tokyo
1527732,82817,poi_3,52030860498efb28d8af211d,2018-02-01T19:29:00,5.0,0.7,0.004,11.3,"rain,snow","Snow, Rain, Overcast",Tokyo
1527732,82817,poi_4,4b093eeff964a520e51423e3,2018-02-01T20:08:00,6.7,0.7,0.013,8.0,"rain,snow","Snow, Rain, Overcast",Tokyo
1527732,82817,poi_5,4b19f837f964a520a2e623e3,2018-02-05T18:31:00,6.9,-0.1,0.0,7.3,,Clear,Tokyo
1527732,82817,poi_6,4bb57163f562ef3bf4052f97,2018-02-05T21:55:00,-1.0,-1.1,0.0,7.4,,Clear,Tokyo
1527732,82817,poi_7,4b46d0ebf964a520982826e3,2018-02-05T22:03:00,-1.0,-1.1,0.0,7.4,,Clear,Tokyo
1527732,82817,poi_8,4b53bc1af964a520aba927e3,2018-02-05T22:19:00,-1.0,-1.1,0.0,7.4,,Clear,Tokyo
1527732,82817,poi_9,4b19f917f964a520abe623e3,2018-02-05T22:56:00,7.8,1.6,0.0,3.7,,Clear,Tokyo
1527732,82817,poi_10,4b19f837f964a520a2e623e3,2018-02-05T23:08:00,6.9,1.6,0.0,3.7,,Clear,Tokyo
1527732,82817,poi_11,4b600990f964a520e3d329e3,2018-02-10T16:09:00,6.1,7.4,0.0,3.8,,Overcast,Tokyo
1527732,82817,poi_12,4b972d57f964a5201ffb34e3,2018-02-10T20:57:00,6.1,6.3,0.0,7.6,,Overcast,Tokyo
1527732,82817,poi_13,4b4426d1f964a52018f225e3,2018-02-10T21:47:00,-1.0,6.6,0.0,5.4,,Partially cloudy,Tokyo
1527732,82817,poi_14,4b73785bf964a52022b02de3,2018-02-10T22:05:00,8.2,6.6,0.0,5.4,,Partially cloudy,Tokyo
1527732,82817,poi_15,4b19f917f964a520abe623e3,2018-02-10T22:07:00,7.8,6.6,0.0,5.4,,Partially cloudy,Tokyo
1527732,82817,poi_16,4b19f837f964a520a2e623e3,2018-02-10T22:21:00,6.9,6.6,0.0,5.4,,Partially cloudy,Tokyo
1534805,83214,poi_1,4b243a7df964a520356424e3,2017-11-22T18:55:00,6.5,6.4,0.009,5.7,rain,"Rain, Overcast",Tokyo
1534805,83214,poi_2,4b093eeff964a520e51423e3,2017-11-22T19:12:00,6.7,6.4,0.009,5.7,rain,"Rain, Overcast",Tokyo
1534805,83214,poi_3,4b926e26f964a52002f933e3,2017-11-22T19:26:00,5.7,6.4,0.009,5.7,rain,"Rain, Overcast",Tokyo
1534805,83214,poi_4,4b64fbc9f964a520b0dd2ae3,2017-11-22T21:32:00,-1.0,6.7,0.017,5.7,rain,"Rain, Overcast",Tokyo
1534805,83214,poi_5,4b52c581f964a520c28727e3,2017-11-22T22:00:00,-1.0,6.7,0.017,5.7,rain,"Rain, Overcast",Tokyo
1534805,83214,poi_6,542554cf498ef4a58b759191,2017-11-22T22:19:00,6.4,6.7,0.017,5.7,rain,"Rain, Overcast",Tokyo
1534805,83214,poi_7,4f196946e4b0aed171c01b69,2017-11-22T22:57:00,-1.0,7.1,0.0,9.4,,Overcast,Tokyo
1534805,83214,poi_8,553b5fd2498eb49be0fffa1f,2017-11-22T23:14:00,-1.0,7.1,0.0,9.4,,Overcast,Tokyo
1534805,83214,poi_9,4b5d821cf964a520605f29e3,2017-11-22T23:55:00,7.2,7.4,14.312,5.5,rain,"Rain, Overcast",Tokyo
1534805,83214,poi_10,4b62b1dbf964a5204f4f2ae3,2017-11-23T00:05:00,8.3,7.4,14.312,5.5,rain,"Rain, Overcast",Tokyo
1534805,83214,poi_11,553b5fd2498eb49be0fffa1f,2017-11-23T00:15:00,-1.0,7.4,14.312,5.5,rain,"Rain, Overcast",Tokyo
1534805,83214,poi_12,542554cf498ef4a58b759191,2017-11-23T01:34:00,6.4,9.1,0.009,7.6,rain,"Rain, Overcast",Tokyo
1534805,83214,poi_13,553b5fd2498eb49be0fffa1f,2017-11-23T02:35:00,-1.0,9.7,0.002,11.1,rain,"Rain, Overcast",Tokyo
1534826,83214,poi_1,4b84c06cf964a520334331e3,2017-12-15T16:45:00,-1.0,4.2,0.0,7.6,,Clear,Tokyo
1534826,83214,poi_2,553b5fd2498eb49be0fffa1f,2017-12-15T17:03:00,-1.0,4.2,0.0,7.6,,Clear,Tokyo
1534826,83214,poi_3,4b52c581f964a520c28727e3,2017-12-15T17:54:00,-1.0,3.9,0.0,7.5,,Partially cloudy,Tokyo
1534826,83214,poi_4,4b4487c9f964a5201ef625e3,2017-12-15T18:13:00,-1.0,3.9,0.0,7.5,,Partially cloudy,Tokyo
1534826,83214,poi_5,4b4fe7a7f964a520301927e3,2017-12-15T18:27:00,-1.0,3.9,0.0,7.5,,Partially cloudy,Tokyo
1534826,83214,poi_6,5385ace4498eec2ff9eebba6,2017-12-15T18:37:00,8.1,4.1,0.0,9.3,,Clear,Tokyo
1534826,83214,poi_7,4b4487c9f964a5201ef625e3,2017-12-15T21:35:00,-1.0,2.7,0.0,5.4,,Clear,Tokyo
1534826,83214,poi_8,4b52c581f964a520c28727e3,2017-12-15T21:54:00,-1.0,2.7,0.0,5.4,,Clear,Tokyo
1534826,83214,poi_9,4f196946e4b0aed171c01b69,2017-12-15T21:58:00,-1.0,2.7,0.0,5.4,,Clear,Tokyo
1534826,83214,poi_10,4b38b418f964a520914f25e3,2017-12-15T23:09:00,5.6,5.3,0.0,5.4,,Clear,Tokyo
1534826,83214,poi_11,4b0587a6f964a5203d9e22e3,2017-12-15T23:26:00,7.1,5.3,0.0,5.4,,Clear,Tokyo
1534826,83214,poi_12,5385ace4498eec2ff9eebba6,2017-12-15T23:47:00,8.1,7.1,0.0,3.5,,Partially cloudy,Tokyo
1534826,83214,poi_13,4b4487c9f964a5201ef625e3,2017-12-16T02:41:00,-1.0,11.7,0.0,3.7,,Partially cloudy,Tokyo
1534826,83214,poi_14,4b52c581f964a520c28727e3,2017-12-16T02:58:00,-1.0,11.7,0.0,3.7,,Partially cloudy,Tokyo
1534826,83214,poi_15,553b5fd2498eb49be0fffa1f,2017-12-16T03:05:00,-1.0,11.7,0.0,3.7,,Partially cloudy,Tokyo
1534826,83214,poi_16,4b19f837f964a520a2e623e3,2017-12-16T05:45:00,6.9,12.1,0.0,8.2,,Partially cloudy,Tokyo
1534832,83214,poi_1,4b243a7df964a520356424e3,2017-12-23T11:30:00,6.5,8.7,0.0,9.2,,Clear,Tokyo
1534832,83214,poi_2,4b08b4e5f964a520211123e3,2017-12-23T11:41:00,-1.0,7.9,0.0,3.7,,Partially cloudy,Tokyo
1534832,83214,poi_3,518ef8c1498e40cf21d730bc,2017-12-23T11:50:00,6.6,7.9,0.0,3.7,,Partially cloudy,Tokyo
1534832,83214,poi_4,4b243a7df964a520356424e3,2017-12-23T16:31:00,6.5,5.6,0.0,7.5,,Clear,Tokyo
1534832,83214,poi_5,5963523cb1ec13252903bcc7,2017-12-23T16:38:00,-1.0,5.6,0.0,7.5,,Clear,Tokyo
1534832,83214,poi_6,4b6929aaf964a520ad9a2be3,2017-12-23T20:08:00,5.7,4.6,0.0,5.5,,Partially cloudy,Tokyo
1534832,83214,poi_7,4c53bb3bfd2ea5938b18ed28,2017-12-23T20:21:00,-1.0,4.6,0.0,5.5,,Partially cloudy,Tokyo
1534832,83214,poi_8,5963523cb1ec13252903bcc7,2017-12-23T20:50:00,-1.0,5.6,0.0,5.5,,Partially cloudy,Tokyo
1534832,83214,poi_9,4b243a7df964a520356424e3,2017-12-23T23:47:00,6.5,6.1,0.0,5.5,,Overcast,Tokyo
1534832,83214,poi_10,4b84c06cf964a520334331e3,2017-12-25T02:23:00,-1.0,14.7,0.0,14.8,,Clear,Tokyo
1534832,83214,poi_11,59c74f6bf5e9d70dc12da704,2017-12-25T02:29:00,6.9,14.7,0.0,14.8,,Clear,Tokyo
1534832,83214,poi_12,4b767a5af964a520084e2ee3,2017-12-25T04:04:00,8.6,14.9,0.0,18.2,,Clear,Tokyo
1534835,83214,poi_1,4b243a7df964a520356424e3,2017-12-29T15:21:00,6.5,5.2,0.0,16.4,,Clear,Tokyo
1534835,83214,poi_2,4b84c06cf964a520334331e3,2017-12-29T15:37:00,-1.0,4.6,0.0,16.8,,Clear,Tokyo
1534835,83214,poi_3,4b5db202f964a5203e6729e3,2017-12-29T15:56:00,5.3,4.6,0.0,16.8,,Clear,Tokyo
1534835,83214,poi_4,508a5ac1e4b0cc3702c2c970,2017-12-29T16:30:00,7.3,4.6,0.0,16.8,,Clear,Tokyo
1534835,83214,poi_5,4b19f917f964a520abe623e3,2017-12-29T17:48:00,7.8,3.4,0.0,7.6,,Clear,Tokyo
1534835,83214,poi_6,4b5ccea3f964a520044529e3,2017-12-29T17:58:00,5.9,3.4,0.0,7.6,,Clear,Tokyo
1534835,83214,poi_7,5903fbe3acc5f543b15dd57a,2017-12-29T18:12:00,8.0,3.4,0.0,7.6,,Clear,Tokyo
1534835,83214,poi_8,4bc96cc2511f95210fc4adc7,2017-12-29T20:04:00,-1.0,1.4,0.0,3.9,,Clear,Tokyo
1534835,83214,poi_9,4b68d4dbf964a5201b8f2be3,2017-12-29T20:09:00,-1.0,1.4,0.0,3.9,,Clear,Tokyo
1534835,83214,poi_10,4bcaae810687ef3ba792dccc,2017-12-29T20:18:00,-1.0,1.4,0.0,3.9,,Clear,Tokyo
1534835,83214,poi_11,4b30b5b8f964a52015fb24e3,2017-12-29T21:34:00,-1.0,1.9,0.0,5.7,,Clear,Tokyo
1534909,83214,poi_1,4b1b7b31f964a5209efb23e3,2018-04-13T13:58:00,-1.0,12.8,0.0,9.3,,Clear,Tokyo
1534909,83214,poi_2,4b792714f964a52018ed2ee3,2018-04-13T14:20:00,7.6,12.8,0.0,9.3,,Clear,Tokyo
1534909,83214,poi_3,4b0587a6f964a5203e9e22e3,2018-04-14T20:23:00,7.9,17.6,0.0,24.7,,Overcast,Tokyo
1534909,83214,poi_4,4b19f917f964a520abe623e3,2018-04-14T20:34:00,7.8,18.1,0.002,31.7,rain,"Rain, Overcast",Tokyo
1534909,83214,poi_5,5a8417f81de76562b8d73cc9,2018-04-14T21:23:00,-1.0,18.1,0.002,31.7,rain,"Rain, Overcast",Tokyo
1534909,83214,poi_6,4b52c581f964a520c28727e3,2018-04-14T22:01:00,-1.0,18.6,0.027,22.8,rain,"Rain, Overcast",Tokyo
1534909,83214,poi_7,4b5589b1f964a520d6e627e3,2018-04-14T22:09:00,-1.0,18.6,0.027,22.8,rain,"Rain, Overcast",Tokyo
1534909,83214,poi_8,4bbc53e2afe1b713c141304b,2018-04-14T22:25:00,-1.0,18.6,0.027,22.8,rain,"Rain, Overcast",Tokyo
1534909,83214,poi_9,4c3d6d237c1ee21ee4ee8d71,2018-04-14T22:32:00,-1.0,18.8,0.03,24.6,rain,"Rain, Overcast",Tokyo
1534909,83214,poi_10,4b98ad4df964a520154b35e3,2018-04-15T00:48:00,6.4,20.8,0.0,19.4,,Partially cloudy,Tokyo
1534909,83214,poi_11,4c3d6d237c1ee21ee4ee8d71,2018-04-15T02:09:00,-1.0,21.8,0.0,17.4,,Partially cloudy,Tokyo
1534924,83214,poi_1,4b243a7df964a520356424e3,2018-05-04T15:24:00,6.5,13.9,0.0,5.5,,Clear,Tokyo
1534924,83214,poi_2,4b19f917f964a520abe623e3,2018-05-04T15:46:00,7.8,13.8,0.0,9.1,,Clear,Tokyo
1534924,83214,poi_3,53b3d314498e0ee63f869e0b,2018-05-04T16:25:00,-1.0,13.8,0.0,9.1,,Clear,Tokyo
1534924,83214,poi_4,4b19f917f964a520abe623e3,2018-05-04T18:39:00,7.8,12.7,0.0,7.3,,Clear,Tokyo
1534924,83214,poi_5,4b5ccea3f964a520044529e3,2018-05-04T18:53:00,5.9,12.7,0.0,7.3,,Clear,Tokyo
1534924,83214,poi_6,5903fbe3acc5f543b15dd57a,2018-05-04T19:06:00,8.0,12.7,0.0,7.3,,Clear,Tokyo
1534924,83214,poi_7,4b54fe62f964a52000d727e3,2018-05-04T22:12:00,-1.0,15.8,0.0,9.1,,Clear,Tokyo
1534924,83214,poi_8,4b19f917f964a520abe623e3,2018-05-04T22:47:00,7.8,17.3,0.0,10.9,,Clear,Tokyo
1534924,83214,poi_9,542554cf498ef4a58b759191,2018-05-04T23:13:00,6.4,17.3,0.0,10.9,,Clear,Tokyo
1534924,83214,poi_10,4f196946e4b0aed171c01b69,2018-05-05T01:08:00,-1.0,20.1,0.0,9.6,,Clear,Tokyo
1534924,83214,poi_11,4b52c581f964a520c28727e3,2018-05-05T01:42:00,-1.0,21.8,0.0,14.8,,Clear,Tokyo
1535927,83254,poi_1,4b0e60adf964a520305723e3,2017-10-13T16:25:00,6.6,14.7,0.0,11.1,,Overcast,Tokyo
1535927,83254,poi_2,4fa3574a121df8dabaf60d8b,2017-10-13T16:46:00,6.2,14.2,0.0,5.5,,Overcast,Tokyo
1535927,83254,poi_3,57ef0055498ea3b117cb9a06,2017-10-13T16:51:00,6.8,14.2,0.0,5.5,,Overcast,Tokyo
1535927,83254,poi_4,4e0db092cc3fffc1d3a2bf4c,2017-10-13T16:59:00,7.3,14.2,0.0,5.5,,Overcast,Tokyo
1535927,83254,poi_5,53eaced6498e82ed086e4d4f,2017-10-13T17:33:00,8.2,14.2,8.948,9.4,rain,"Rain, Overcast",Tokyo
1535927,83254,poi_6,4b88d6d3f964a520de0f32e3,2017-10-13T18:06:00,7.9,14.2,8.948,9.4,rain,"Rain, Overcast",Tokyo
1535927,83254,poi_7,4bbac8b753649c742f7249fb,2017-10-13T18:30:00,-1.0,14.2,8.948,9.4,rain,"Rain, Overcast",Tokyo
1535927,83254,poi_8,54ed4124498e59d211f248db,2017-10-13T18:52:00,8.7,14.2,0.0,7.6,,Overcast,Tokyo
1535927,83254,poi_9,598d5562c4df1d322feebc94,2017-10-13T19:11:00,-1.0,14.2,0.0,7.6,,Overcast,Tokyo
1535927,83254,poi_10,52a2602911d2996c332cb9a0,2017-10-13T22:49:00,6.2,14.1,0.0,5.6,,Overcast,Tokyo
1535927,83254,poi_11,4bcd872fcc8cd13af2a4c2cf,2017-10-14T00:11:00,6.8,14.2,10.819,9.5,rain,"Rain, Overcast",Tokyo
1535927,83254,poi_12,4fa3574a121df8dabaf60d8b,2017-10-14T01:04:00,6.2,14.4,0.0,11.1,,Overcast,Tokyo
1535927,83254,poi_13,4b6265b9f964a520db452ae3,2017-10-14T01:25:00,5.2,14.4,0.0,11.1,,Overcast,Tokyo
1535929,83254,poi_1,4fa3574a121df8dabaf60d8b,2017-10-27T15:28:00,6.2,15.0,0.0,7.8,,Overcast,Tokyo
1535929,83254,poi_2,4b59843ff964a520da8a28e3,2017-10-27T15:34:00,7.5,14.6,0.0,9.5,,Partially cloudy,Tokyo
1535929,83254,poi_3,4e0db092cc3fffc1d3a2bf4c,2017-10-27T16:02:00,7.3,14.6,0.0,9.5,,Partially cloudy,Tokyo
1535929,83254,poi_4,4b8371cff964a5207a0631e3,2017-10-27T17:47:00,-1.0,14.2,0.0,9.4,,Overcast,Tokyo
1535929,83254,poi_5,53eaced6498e82ed086e4d4f,2017-10-27T18:35:00,8.2,14.0,0.0,9.5,,Overcast,Tokyo
1535929,83254,poi_6,598d5562c4df1d322feebc94,2017-10-27T19:04:00,-1.0,14.0,0.0,9.5,,Overcast,Tokyo
1535929,83254,poi_7,4e0db092cc3fffc1d3a2bf4c,2017-10-27T19:37:00,7.3,14.1,0.0,7.7,,Overcast,Tokyo
1535929,83254,poi_8,570fb375498edc8943101c02,2017-10-27T22:58:00,7.4,14.6,0.0,9.4,,Clear,Tokyo
1535929,83254,poi_9,53eaced6498e82ed086e4d4f,2017-10-27T23:17:00,8.2,14.6,0.0,9.4,,Clear,Tokyo
1535929,83254,poi_10,4e0db092cc3fffc1d3a2bf4c,2017-10-27T23:38:00,7.3,14.9,0.0,12.9,,Overcast,Tokyo
1535929,83254,poi_11,57ef0055498ea3b117cb9a06,2017-10-27T23:59:00,6.8,14.9,0.0,12.9,,Overcast,Tokyo
1535929,83254,poi_12,52a2602911d2996c332cb9a0,2017-10-28T00:16:00,6.2,14.9,0.0,12.9,,Overcast,Tokyo
1535945,83254,poi_1,4b8df580f964a5208a1433e3,2017-12-31T16:01:00,-1.0,1.6,0.0,5.5,,Partially cloudy,Tokyo
1535945,83254,poi_2,53eaced6498e82ed086e4d4f,2017-12-31T17:01:00,8.2,1.1,0.0,5.5,,Clear,Tokyo
1535945,83254,poi_3,598d5562c4df1d322feebc94,2017-12-31T17:19:00,-1.0,1.1,0.0,5.5,,Clear,Tokyo
1535945,83254,poi_4,4b6c19ecf964a520e8232ce3,2017-12-31T21:26:00,6.4,1.7,0.0,9.4,,Clear,Tokyo
1535945,83254,poi_5,4b73785bf964a52022b02de3,2017-12-31T22:51:00,8.2,2.6,0.0,9.3,,Partially cloudy,Tokyo
1535945,83254,poi_6,4e599ba5aeb7d78d9f7a6906,2017-12-31T22:58:00,-1.0,2.6,0.0,9.3,,Partially cloudy,Tokyo
1535945,83254,poi_7,4b5dcff1f964a520196d29e3,2017-12-31T23:38:00,8.8,5.5,0.0,7.6,,Clear,Tokyo
1535945,83254,poi_8,598d5562c4df1d322feebc94,2018-01-01T00:10:00,-1.0,5.5,0.0,7.6,,Clear,Tokyo
1535945,83254,poi_9,53eaced6498e82ed086e4d4f,2018-01-01T00:26:00,8.2,5.5,0.0,7.6,,Clear,Tokyo
1535945,83254,poi_10,4e0db092cc3fffc1d3a2bf4c,2018-01-01T00:42:00,7.3,8.1,0.0,5.5,,Clear,Tokyo
1535945,83254,poi_11,4bc4068f920eb7139e4d1e2c,2018-01-01T01:06:00,-1.0,8.1,0.0,5.5,,Clear,Tokyo
1535945,83254,poi_12,4b5be43ef964a520f21b29e3,2018-01-01T01:09:00,-1.0,8.1,0.0,5.5,,Clear,Tokyo
1535945,83254,poi_13,4e0c70f11f6e9300e4e6376f,2018-01-01T01:11:00,8.5,8.1,0.0,5.5,,Clear,Tokyo
1535957,83254,poi_1,4fa3574a121df8dabaf60d8b,2018-02-23T17:55:00,6.2,1.2,0.0,3.8,,Clear,Tokyo
1535957,83254,poi_2,52a2602911d2996c332cb9a0,2018-02-23T18:07:00,6.2,1.2,0.0,3.8,,Clear,Tokyo
1535957,83254,poi_3,4ba5404bf964a520bcf138e3,2018-02-23T19:54:00,6.1,1.4,0.0,9.2,,Clear,Tokyo
1535957,83254,poi_4,53eaced6498e82ed086e4d4f,2018-02-23T20:16:00,8.2,1.4,0.0,9.2,,Clear,Tokyo
1535957,83254,poi_5,52a2602911d2996c332cb9a0,2018-02-23T20:37:00,6.2,1.1,0.0,3.6,,Clear,Tokyo
1535957,83254,poi_6,598d5562c4df1d322feebc94,2018-02-23T23:55:00,-1.0,5.8,0.0,5.3,,Partially cloudy,Tokyo
1535957,83254,poi_7,53eaced6498e82ed086e4d4f,2018-02-24T00:05:00,8.2,5.8,0.0,5.3,,Partially cloudy,Tokyo
1535957,83254,poi_8,51494c9ce4b072d7d84d26de,2018-02-24T00:20:00,-1.0,5.8,0.0,5.3,,Partially cloudy,Tokyo
1535957,83254,poi_9,4e0db092cc3fffc1d3a2bf4c,2018-02-24T00:36:00,7.3,8.5,0.0,5.5,,Clear,Tokyo
1535957,83254,poi_10,4bc4068f920eb7139e4d1e2c,2018-02-24T00:54:00,-1.0,8.5,0.0,5.5,,Clear,Tokyo
1535957,83254,poi_11,4bcd872fcc8cd13af2a4c2cf,2018-02-24T01:09:00,6.8,8.5,0.0,5.5,,Clear,Tokyo
1535957,83254,poi_12,570fb375498edc8943101c02,2018-02-24T02:04:00,7.4,9.8,0.0,12.9,,Clear,Tokyo
1535962,83254,poi_1,4b92005ef964a520ebe233e3,2018-03-09T18:05:00,6.6,4.7,2.984,13.1,rain,"Rain, Overcast",Tokyo
1535962,83254,poi_2,4fa3574a121df8dabaf60d8b,2018-03-09T18:26:00,6.2,4.7,2.984,13.1,rain,"Rain, Overcast",Tokyo
1535962,83254,poi_3,598d5562c4df1d322feebc94,2018-03-09T19:20:00,-1.0,4.7,0.002,13.1,rain,Rain,Tokyo
1535962,83254,poi_4,53eaced6498e82ed086e4d4f,2018-03-09T19:46:00,8.2,4.6,0.0,9.5,,Overcast,Tokyo
1535962,83254,poi_5,4e0db092cc3fffc1d3a2bf4c,2018-03-09T20:03:00,7.3,4.6,0.0,9.5,,Overcast,Tokyo
1535962,83254,poi_6,4bbac8b753649c742f7249fb,2018-03-09T20:39:00,-1.0,4.9,0.0,9.4,,Partially cloudy,Tokyo
1535962,83254,poi_7,4e0c70f11f6e9300e4e6376f,2018-03-09T22:36:00,8.5,6.6,0.0,7.7,,Partially cloudy,Tokyo
1535962,83254,poi_8,4fa3574a121df8dabaf60d8b,2018-03-10T00:31:00,6.2,7.8,0.0,16.2,,Partially cloudy,Tokyo
1535962,83254,poi_9,53eaced6498e82ed086e4d4f,2018-03-10T00:39:00,8.2,7.8,0.0,16.2,,Partially cloudy,Tokyo
1535962,83254,poi_10,598d5562c4df1d322feebc94,2018-03-10T00:55:00,-1.0,7.8,0.0,16.2,,Partially cloudy,Tokyo
1535962,83254,poi_11,4e0db092cc3fffc1d3a2bf4c,2018-03-10T01:22:00,7.3,7.8,0.0,16.2,,Partially cloudy,Tokyo
1535962,83254,poi_12,4bd01f4477b29c74032d8a82,2018-03-10T01:45:00,-1.0,8.7,0.0,14.4,,Partially cloudy,Tokyo
1535962,83254,poi_13,4b56e3c7f964a520491e28e3,2018-03-10T02:23:00,-1.0,8.7,0.0,14.4,,Partially cloudy,Tokyo
1535962,83254,poi_14,4e0c70f11f6e9300e4e6376f,2018-03-10T03:26:00,8.5,8.7,0.0,7.6,,Overcast,Tokyo
1535966,83254,poi_1,4b92005ef964a520ebe233e3,2018-03-23T17:13:00,6.6,8.1,0.0,10.9,,Partially cloudy,Tokyo
1535966,83254,poi_2,4fa3574a121df8dabaf60d8b,2018-03-23T17:30:00,6.2,8.1,0.0,10.9,,Partially cloudy,Tokyo
1535966,83254,poi_3,4e0db092cc3fffc1d3a2bf4c,2018-03-23T17:34:00,7.3,7.4,1.964,5.5,rain,"Rain, Partially cloudy",Tokyo
1535966,83254,poi_4,57ef0055498ea3b117cb9a06,2018-03-23T17:47:00,6.8,7.4,1.964,5.5,rain,"Rain, Partially cloudy",Tokyo
1535966,83254,poi_5,53eaced6498e82ed086e4d4f,2018-03-23T18:14:00,8.2,7.4,1.964,5.5,rain,"Rain, Partially cloudy",Tokyo
1535966,83254,poi_6,4bbac8b753649c742f7249fb,2018-03-23T18:38:00,-1.0,7.7,0.0,5.5,,Partially cloudy,Tokyo
1535966,83254,poi_7,4e0db092cc3fffc1d3a2bf4c,2018-03-23T19:08:00,7.3,7.7,0.0,5.5,,Partially cloudy,Tokyo
1535966,83254,poi_8,4bcd872fcc8cd13af2a4c2cf,2018-03-23T19:43:00,6.8,7.6,0.0,3.6,,Partially cloudy,Tokyo
1535966,83254,poi_9,598d5562c4df1d322feebc94,2018-03-23T20:27:00,-1.0,7.6,0.0,3.6,,Partially cloudy,Tokyo
1535966,83254,poi_10,53eaced6498e82ed086e4d4f,2018-03-23T21:10:00,8.2,8.6,0.0,5.4,,Partially cloudy,Tokyo
1535966,83254,poi_11,4e0db092cc3fffc1d3a2bf4c,2018-03-23T21:32:00,7.3,9.1,0.0,5.5,,Partially cloudy,Tokyo
1535966,83254,poi_12,53eaced6498e82ed086e4d4f,2018-03-23T22:16:00,8.2,9.1,0.0,5.5,,Partially cloudy,Tokyo
1535966,83254,poi_13,4fa3574a121df8dabaf60d8b,2018-03-23T23:02:00,6.2,9.8,0.0,5.3,,Clear,Tokyo
1535979,83254,poi_1,4b92005ef964a520ebe233e3,2018-04-28T14:19:00,6.6,18.3,0.0,14.8,,Clear,Tokyo
1535979,83254,poi_2,4fa3574a121df8dabaf60d8b,2018-04-28T14:37:00,6.2,18.1,0.0,16.4,,Clear,Tokyo
1535979,83254,poi_3,4bbac8b753649c742f7249fb,2018-04-28T14:41:00,-1.0,18.1,0.0,16.4,,Clear,Tokyo
1535979,83254,poi_4,4c67a796b80abe9a87c6d0e5,2018-04-28T18:44:00,-1.0,15.2,0.0,7.5,,Clear,Tokyo
1535979,83254,poi_5,598d5562c4df1d322feebc94,2018-04-28T20:00:00,-1.0,14.2,0.0,5.6,,Clear,Tokyo
1535979,83254,poi_6,4b5b278df964a5200fe728e3,2018-04-28T20:31:00,7.2,15.6,0.0,5.5,,Clear,Tokyo
1535979,83254,poi_7,53eaced6498e82ed086e4d4f,2018-04-28T20:43:00,8.2,15.6,0.0,5.5,,Clear,Tokyo
1535979,83254,poi_8,4bbac8b753649c742f7249fb,2018-04-28T21:02:00,-1.0,15.6,0.0,5.5,,Clear,Tokyo
1535979,83254,poi_9,4c2d832de760c9b6ec164549,2018-04-29T01:16:00,5.9,22.1,0.0,14.8,,Clear,Tokyo
1535979,83254,poi_10,4bc4068f920eb7139e4d1e2c,2018-04-29T02:04:00,-1.0,24.1,0.0,23.8,,Clear,Tokyo
1535979,83254,poi_11,4b6265b9f964a520db452ae3,2018-04-29T02:37:00,5.2,24.5,0.0,22.3,,Clear,Tokyo
1535979,83254,poi_12,4b6267cdf964a52036462ae3,2018-04-29T22:25:00,5.3,20.6,0.0,14.6,,Clear,Tokyo
1535979,83254,poi_13,4fa3574a121df8dabaf60d8b,2018-04-29T22:53:00,6.2,21.8,0.0,20.2,,Clear,Tokyo
1535979,83254,poi_14,4e0c70f11f6e9300e4e6376f,2018-04-29T23:09:00,8.5,21.8,0.0,20.2,,Clear,Tokyo
1535979,83254,poi_15,4e0db092cc3fffc1d3a2bf4c,2018-04-29T23:16:00,7.3,21.8,0.0,20.2,,Clear,Tokyo
1535979,83254,poi_16,4bbac8b753649c742f7249fb,2018-04-29T23:34:00,-1.0,23.7,0.0,23.6,,Partially cloudy,Tokyo
1535979,83254,poi_17,53eaced6498e82ed086e4d4f,2018-04-29T23:50:00,8.2,23.7,0.0,23.6,,Partially cloudy,Tokyo
1535979,83254,poi_18,4bcd872fcc8cd13af2a4c2cf,2018-04-30T00:14:00,6.8,23.7,0.0,23.6,,Partially cloudy,Tokyo
1535979,83254,poi_19,4bc4068f920eb7139e4d1e2c,2018-04-30T01:23:00,-1.0,23.8,0.0,20.2,,Clear,Tokyo
1535979,83254,poi_20,57ef0055498ea3b117cb9a06,2018-04-30T01:31:00,6.8,23.3,0.0,22.0,,Partially cloudy,Tokyo
1535979,83254,poi_21,4b5be43ef964a520f21b29e3,2018-04-30T01:36:00,-1.0,23.3,0.0,22.0,,Partially cloudy,Tokyo
1535979,83254,poi_22,4e0c70f11f6e9300e4e6376f,2018-04-30T02:20:00,8.5,23.3,0.0,22.0,,Partially cloudy,Tokyo
1535995,83254,poi_1,4b92005ef964a520ebe233e3,2018-06-01T16:42:00,6.6,18.2,0.0,5.5,,Partially cloudy,Tokyo
1535995,83254,poi_2,4fa3574a121df8dabaf60d8b,2018-06-01T17:00:00,6.2,18.2,0.0,5.5,,Partially cloudy,Tokyo
1535995,83254,poi_3,4e0db092cc3fffc1d3a2bf4c,2018-06-01T17:04:00,7.3,18.2,0.0,5.5,,Partially cloudy,Tokyo
1535995,83254,poi_4,53eaced6498e82ed086e4d4f,2018-06-01T17:22:00,8.2,18.2,0.0,5.5,,Partially cloudy,Tokyo
1535995,83254,poi_5,4c67a796b80abe9a87c6d0e5,2018-06-01T17:58:00,-1.0,17.1,0.0,5.3,,Partially cloudy,Tokyo
1535995,83254,poi_6,598d5562c4df1d322feebc94,2018-06-01T18:52:00,-1.0,17.9,0.0,5.3,,Partially cloudy,Tokyo
1535995,83254,poi_7,4e0c70f11f6e9300e4e6376f,2018-06-02T00:29:00,8.5,21.9,0.0,3.7,,Partially cloudy,Tokyo
1535995,83254,poi_8,4bbac8b753649c742f7249fb,2018-06-02T00:38:00,-1.0,24.8,0.0,5.5,,Partially cloudy,Tokyo
1535995,83254,poi_9,53678f0811d2d609c0d9dde4,2018-06-02T01:09:00,-1.0,24.8,0.0,5.5,,Partially cloudy,Tokyo
1535995,83254,poi_10,4bc4068f920eb7139e4d1e2c,2018-06-02T03:20:00,-1.0,24.9,0.0,11.1,,Partially cloudy,Tokyo
1535995,83254,poi_11,4b5be43ef964a520f21b29e3,2018-06-02T03:24:00,-1.0,24.9,0.0,11.1,,Partially cloudy,Tokyo
17821,895,poi_1,4b380ad7f964a520bc4a25e3,2017-10-20T17:59:00,-1.0,15.4,6.771,9.4,rain,"Rain, Overcast",Tokyo
17821,895,poi_2,4e15032845ddafda4bf9844f,2017-10-20T18:24:00,-1.0,15.4,6.771,9.4,rain,"Rain, Overcast",Tokyo
17821,895,poi_3,56a99a0e498ead151cb0c32a,2017-10-20T21:57:00,-1.0,15.7,0.004,9.5,rain,"Rain, Overcast",Tokyo
17821,895,poi_4,4e15032845ddafda4bf9844f,2017-10-20T23:14:00,-1.0,15.9,0.004,7.7,rain,"Rain, Overcast",Tokyo
17821,895,poi_5,4bf667329abec9b668b125e8,2017-10-21T03:42:00,5.5,16.9,0.005,7.8,rain,"Rain, Overcast",Tokyo
17821,895,poi_6,4b19f837f964a520a2e623e3,2017-10-21T17:35:00,6.9,17.2,5.024,9.7,rain,"Rain, Overcast",Tokyo
17821,895,poi_7,4b4fc05df964a520001427e3,2017-10-21T17:56:00,5.7,17.2,5.024,9.7,rain,"Rain, Overcast",Tokyo
17821,895,poi_8,562782a6498eb1144b9dd679,2017-10-21T18:37:00,-1.0,17.2,0.026,8.0,rain,"Rain, Overcast",Tokyo
17821,895,poi_9,4bda8914ffafd13aef0b9b85,2017-10-21T20:32:00,-1.0,17.4,0.034,13.2,rain,"Rain, Overcast",Tokyo
17821,895,poi_10,543b4db4498e97d631ed0170,2017-10-21T21:40:00,6.1,17.7,0.031,8.0,rain,"Rain, Overcast",Tokyo
17821,895,poi_11,52eb84c7498e6416b4b60ac9,2017-10-22T01:28:00,-1.0,17.7,0.031,11.5,rain,"Rain, Overcast",Tokyo
17821,895,poi_12,4b19f837f964a520a2e623e3,2017-10-22T05:48:00,6.9,17.7,61.238,13.3,rain,"Rain, Overcast",Tokyo
17829,895,poi_1,4b0587a6f964a5203d9e22e3,2017-11-24T16:20:00,7.1,4.7,0.0,5.5,,Clear,Tokyo
17829,895,poi_2,4f9d30f6e4b0609169624923,2017-11-24T23:39:00,5.6,10.1,0.0,5.4,,Clear,Tokyo
17829,895,poi_3,54e999c4498e12af6589b650,2017-11-25T02:36:00,6.6,13.8,0.0,9.2,,Clear,Tokyo
17829,895,poi_4,4b0587a6f964a5203d9e22e3,2017-11-25T16:56:00,7.1,6.7,0.0,7.6,,Clear,Tokyo
17829,895,poi_5,57c6aee8498ef46c54d9fb10,2017-11-26T00:19:00,6.4,10.6,0.0,5.4,,Partially cloudy,Tokyo
17829,895,poi_6,54e999c4498e12af6589b650,2017-11-26T03:08:00,6.6,15.2,0.0,4.7,,Partially cloudy,Tokyo
17829,895,poi_7,4b19f917f964a520abe623e3,2017-11-26T05:52:00,7.8,16.6,0.0,15.4,,Partially cloudy,Tokyo
17829,895,poi_8,4b19f837f964a520a2e623e3,2017-11-26T06:11:00,6.9,16.6,0.0,15.4,,Partially cloudy,Tokyo
17829,895,poi_9,4b243a7df964a520356424e3,2017-12-01T17:02:00,6.5,7.1,0.0,5.7,,Partially cloudy,Tokyo
17829,895,poi_10,4b67a5c4f964a52069592be3,2017-12-01T21:49:00,7.0,4.9,0.0,3.9,,Clear,Tokyo
17829,895,poi_11,56a99a0e498ead151cb0c32a,2017-12-02T02:03:00,-1.0,8.9,0.0,7.6,,Clear,Tokyo
17838,895,poi_1,4b67a5c4f964a52069592be3,2018-01-12T22:40:00,7.0,-0.2,0.0,9.4,,Clear,Tokyo
17838,895,poi_2,4c0a114effb8c9b693ff6a61,2018-01-12T23:47:00,-1.0,1.5,0.0,7.6,,Clear,Tokyo
17838,895,poi_3,4d92ab2af10ea09312e4181e,2018-01-13T02:24:00,-1.0,4.6,0.0,3.7,,Clear,Tokyo
17838,895,poi_4,4e58678dd22d61e8f3492755,2018-01-13T17:52:00,6.3,2.1,0.0,14.6,,Clear,Tokyo
17838,895,poi_5,524a9a5011d25873e74a6cb5,2018-01-13T18:20:00,6.8,2.1,0.0,14.6,,Clear,Tokyo
17838,895,poi_6,4b63a34df964a520e4882ae3,2018-01-14T00:07:00,6.1,4.3,0.0,11.4,,Clear,Tokyo
17838,895,poi_7,542554cf498ef4a58b759191,2018-01-14T00:39:00,6.4,5.6,0.0,27.1,,Clear,Tokyo
17838,895,poi_8,4b19f917f964a520abe623e3,2018-01-14T05:21:00,7.8,7.7,0.0,11.0,,Clear,Tokyo
17838,895,poi_9,4b380ad7f964a520bc4a25e3,2018-01-19T17:44:00,-1.0,5.9,0.0,5.4,,Overcast,Tokyo
17838,895,poi_10,54350454498e2c3c204bd810,2018-01-19T22:14:00,-1.0,5.1,0.0,5.6,,Overcast,Tokyo
17838,895,poi_11,4e15032845ddafda4bf9844f,2018-01-19T23:27:00,-1.0,5.3,0.0,5.5,,Overcast,Tokyo
17838,895,poi_12,5475c156498e321ddd679448,2018-01-20T04:23:00,-1.0,8.3,0.0,5.5,,Clear,Tokyo
17838,895,poi_13,4cf2c0de7e0da1cd39439997,2018-01-20T07:16:00,5.4,8.6,0.0,7.4,,Clear,Tokyo
17838,895,poi_14,4b093eeff964a520e51423e3,2018-01-20T12:12:00,6.7,4.9,0.0,2.0,,Partially cloudy,Tokyo
17838,895,poi_15,4b1b7b31f964a5209efb23e3,2018-01-20T21:27:00,-1.0,3.0,0.0,5.5,,Partially cloudy,Tokyo
17838,895,poi_16,4b545885f964a5202eb827e3,2018-01-20T21:36:00,6.6,3.6,0.0,5.5,,Clear,Tokyo
17838,895,poi_17,4b19f837f964a520a2e623e3,2018-01-21T02:37:00,6.9,10.8,0.0,7.4,,Partially cloudy,Tokyo
17840,895,poi_1,4b243a7df964a520356424e3,2018-01-26T14:04:00,6.5,-0.4,0.0,18.2,,Clear,Tokyo
17840,895,poi_2,59d8a49a46e1b61072478299,2018-01-26T14:14:00,7.3,-0.4,0.0,18.2,,Clear,Tokyo
17840,895,poi_3,4b5ebe4ff964a520609729e3,2018-01-26T17:32:00,7.0,-1.2,0.0,9.5,,Clear,Tokyo
17840,895,poi_4,59d8a49a46e1b61072478299,2018-01-26T18:45:00,7.3,-1.5,0.0,12.9,,Clear,Tokyo
17840,895,poi_5,4b62cb1ff964a520ed522ae3,2018-01-26T20:38:00,7.0,-0.4,0.0,12.9,,Clear,Tokyo
17840,895,poi_6,4e5e3644814d9e0233e0151e,2018-01-27T02:07:00,6.9,5.5,0.0,13.3,,Clear,Tokyo
17840,895,poi_7,4bf615375e800f475fdae6d4,2018-01-27T03:38:00,5.9,6.4,0.0,22.3,,Clear,Tokyo
17840,895,poi_8,4b243a7df964a520356424e3,2018-01-27T06:09:00,6.5,6.4,0.0,16.4,,Clear,Tokyo
17840,895,poi_9,4b5ef219f964a520569f29e3,2018-01-27T06:25:00,5.8,6.4,0.0,16.4,,Clear,Tokyo
17840,895,poi_10,4b243a7df964a520356424e3,2018-01-27T16:54:00,6.5,0.6,0.0,2.4,,Clear,Tokyo
17840,895,poi_11,4bd6b42f6f649521243371ec,2018-01-27T18:10:00,5.7,1.0,0.0,11.3,,Clear,Tokyo
17840,895,poi_12,4bc143bcf8219c74b638b310,2018-01-27T22:37:00,5.8,0.6,0.0,7.5,,Clear,Tokyo
17840,895,poi_13,4bcd061bcc8cd13a5417c2cf,2018-01-28T04:02:00,5.1,3.6,0.0,2.1,,Partially cloudy,Tokyo
17840,895,poi_14,4b243a7df964a520356424e3,2018-01-28T05:12:00,6.5,4.1,0.0,5.4,,Partially cloudy,Tokyo
17840,895,poi_15,4b19f837f964a520a2e623e3,2018-02-03T16:11:00,6.9,4.3,0.0,9.2,,Partially cloudy,Tokyo
17840,895,poi_16,4b0e60adf964a520305723e3,2018-02-04T04:55:00,6.6,9.4,0.0,11.2,,Partially cloudy,Tokyo
17842,895,poi_1,4e15032845ddafda4bf9844f,2018-02-11T23:30:00,-1.0,3.1,0.0,13.4,,Clear,Tokyo
17842,895,poi_2,4b5ef219f964a520569f29e3,2018-02-12T06:31:00,5.8,7.3,0.0,15.4,,Clear,Tokyo
17842,895,poi_3,4b545885f964a5202eb827e3,2018-02-16T17:55:00,6.6,5.3,0.0,9.4,,Partially cloudy,Tokyo
17842,895,poi_4,54157f51498e79ad23fd49ff,2018-02-16T23:29:00,5.3,5.6,0.0,5.3,,Clear,Tokyo
17842,895,poi_5,4d6a0925c165548104c1f381,2018-02-17T02:13:00,6.0,10.5,0.0,7.5,,Clear,Tokyo
17842,895,poi_6,53a95467498e3beb4cfcbaa1,2018-02-17T03:58:00,-1.0,10.4,0.0,4.0,,Clear,Tokyo
17842,895,poi_7,4b243a7df964a520356424e3,2018-02-17T05:27:00,6.5,9.9,0.0,11.3,,Partially cloudy,Tokyo
17842,895,poi_8,53fd67fb498e8e5181fd1640,2018-02-17T17:22:00,7.2,0.4,0.0,15.1,,Clear,Tokyo
17842,895,poi_9,4b653baff964a520ebe92ae3,2018-02-17T18:40:00,6.8,-0.3,0.0,11.5,,Clear,Tokyo
17842,895,poi_10,4b243a7df964a520356424e3,2018-02-17T20:01:00,6.5,-1.3,0.0,9.8,,Clear,Tokyo
17842,895,poi_11,4b093eeff964a520e51423e3,2018-02-17T20:18:00,6.7,-1.3,0.0,9.8,,Clear,Tokyo
17842,895,poi_12,4e15032845ddafda4bf9844f,2018-02-17T21:57:00,-1.0,0.6,0.0,16.6,,Clear,Tokyo
17842,895,poi_13,4b19f837f964a520a2e623e3,2018-02-18T04:36:00,6.9,8.1,0.0,16.3,,Partially cloudy,Tokyo
17842,895,poi_14,4b380ad7f964a520bc4a25e3,2018-02-23T16:56:00,-1.0,1.7,0.0,5.3,,Clear,Tokyo
17842,895,poi_15,5475c156498e321ddd679448,2018-02-23T23:24:00,-1.0,4.8,0.0,5.4,,Clear,Tokyo
17842,895,poi_16,4b093eeff964a520e51423e3,2018-02-24T01:57:00,6.7,9.8,0.0,12.9,,Clear,Tokyo
17842,895,poi_17,4b243a7df964a520356424e3,2018-02-24T02:12:00,6.5,9.8,0.0,12.9,,Clear,Tokyo
17842,895,poi_18,4b590b7ef964a520ef7928e3,2018-02-24T02:50:00,-1.0,12.3,0.0,14.8,,Clear,Tokyo
17842,895,poi_19,4b19f837f964a520a2e623e3,2018-02-24T03:28:00,6.9,12.3,0.0,14.8,,Clear,Tokyo
17843,895,poi_1,4b62a048f964a520454d2ae3,2018-02-24T16:32:00,6.7,4.8,0.0,11.2,,Clear,Tokyo
17843,895,poi_2,4b0587a6f964a5203d9e22e3,2018-02-24T23:18:00,7.1,5.3,0.0,5.5,,Clear,Tokyo
17843,895,poi_3,4b6c0307f964a5208c1f2ce3,2018-02-24T23:28:00,6.5,5.3,0.0,5.5,,Clear,Tokyo
17843,895,poi_4,576d1310498e5cbc55bfb0c2,2018-02-25T02:02:00,7.6,7.1,0.0,7.7,,Clear,Tokyo
17843,895,poi_5,4b5ef219f964a520569f29e3,2018-02-25T06:26:00,5.8,6.7,0.0,9.5,,Partially cloudy,Tokyo
17843,895,poi_6,4b243a7df964a520356424e3,2018-03-02T15:35:00,6.5,4.9,0.0,3.7,,Clear,Tokyo
17843,895,poi_7,591bff507269fe09507ae621,2018-03-02T18:07:00,6.0,4.8,0.0,5.4,,Clear,Tokyo
17843,895,poi_8,59d8a49a46e1b61072478299,2018-03-02T18:41:00,7.3,4.5,0.0,5.3,,Clear,Tokyo
17843,895,poi_9,52357ef211d2bbb2edf9dcc0,2018-03-02T23:58:00,5.9,8.6,0.0,5.3,,Clear,Tokyo
17843,895,poi_10,4b243a7df964a520356424e3,2018-03-03T04:58:00,6.5,15.0,0.0,14.4,,Clear,Tokyo
17843,895,poi_11,4b19f837f964a520a2e623e3,2018-03-03T05:32:00,6.9,15.7,0.0,16.2,,Partially cloudy,Tokyo
17843,895,poi_12,4b380ad7f964a520bc4a25e3,2018-03-03T15:42:00,-1.0,8.6,0.0,5.5,,Clear,Tokyo
17843,895,poi_13,4e15032845ddafda4bf9844f,2018-03-03T17:41:00,-1.0,7.1,0.0,3.8,,Clear,Tokyo
17843,895,poi_14,5006bf0de4b0ecb4543dce5c,2018-03-03T20:33:00,8.5,6.2,0.0,2.0,,Clear,Tokyo
17843,895,poi_15,4b8fc190f964a520926033e3,2018-03-03T21:37:00,6.4,7.1,0.0,3.7,,Clear,Tokyo
17843,895,poi_16,4e15032845ddafda4bf9844f,2018-03-04T00:59:00,-1.0,15.2,0.0,14.8,,Clear,Tokyo
17843,895,poi_17,4bd18f899854d13a5db4f94d,2018-03-04T03:09:00,-1.0,20.3,0.0,24.3,,Clear,Tokyo
17843,895,poi_18,4b5ef219f964a520569f29e3,2018-03-04T06:10:00,5.8,19.6,0.0,20.8,,Clear,Tokyo
17843,895,poi_19,4b093eeff964a520e51423e3,2018-03-09T16:44:00,6.7,5.1,0.012,13.2,rain,Rain,Tokyo
